order_id,order_date,order_month,customer_id,customer_type,sales_channel,location,financial_status,fulfillment_status,currency,subtotal,discount_code,discount_amount,shipping,taxes,gross_order_total,refund_amount,net_sales,units,line_count
#NW10001,2025-01-26 19:51:00,2025-01,CUST-02192,Identified,Online,Online Store,paid,fulfilled,CAD,214.0,,0.0,0.0,27.82,241.82,0.0,241.82,3,2
#NW10002,2025-01-19 14:08:00,2025-01,CUST-00045,Identified,Online,Online Store,paid,fulfilled,CAD,158.0,,0.0,0.0,20.54,178.54,0.0,178.54,1,1
#NW10003,2025-01-25 14:54:00,2025-01,CUST-01921,Identified,Online,Online Store,paid,fulfilled,CAD,248.0,,0.0,0.0,32.24,280.24,0.0,280.24,1,1
#NW10004,2025-01-08 19:28:00,2025-01,CUST-01860,Identified,POS,Northwood Toronto,voided,unfulfilled,CAD,374.0,,0.0,0.0,48.62,422.62,0.0,0.0,4,3
#NW10005,2025-01-07 15:08:00,2025-01,CUST-01860,Identified,Online,Online Store,paid,fulfilled,CAD,248.0,,0.0,0.0,32.24,280.24,0.0,280.24,1,1
#NW10006,2025-01-29 16:34:00,2025-01,CUST-01921,Identified,Online,Online Store,paid,fulfilled,CAD,32.0,,0.0,12.0,5.72,49.72,0.0,49.72,1,1
#NW10007,2025-01-20 10:50:00,2025-01,CUST-01725,Identified,Online,Online Store,paid,fulfilled,CAD,314.0,,0.0,0.0,40.82,354.82,0.0,354.82,3,3
#NW10008,2025-01-10 09:34:00,2025-01,CUST-01446,Identified,Online,Online Store,paid,fulfilled,CAD,128.0,,0.0,0.0,16.64,144.64,0.0,144.64,1,1
#NW10009,2025-01-01 14:03:00,2025-01,CUST-01207,Identified,Online,Online Store,paid,fulfilled,CAD,216.0,,0.0,0.0,28.08,244.08,0.0,244.08,2,1
#NW10010,2025-01-29 13:32:00,2025-01,CUST-01921,Identified,Online,Online Store,paid,fulfilled,CAD,112.0,HOLIDAY15,16.8,12.0,13.94,121.14,0.0,121.14,1,1
#NW10011,2025-01-29 20:28:00,2025-01,CUST-00045,Identified,Online,Online Store,paid,fulfilled,CAD,128.0,,0.0,0.0,16.64,144.64,0.0,144.64,1,1
#NW10012,2025-01-04 20:21:00,2025-01,CUST-02192,Identified,Online,Online Store,paid,fulfilled,CAD,316.0,,0.0,0.0,41.08,357.08,0.0,357.08,2,1
#NW10013,2025-01-10 12:52:00,2025-01,CUST-01446,Identified,Online,Online Store,paid,fulfilled,CAD,112.0,WELCOME10,11.2,12.0,14.66,127.46,0.0,127.46,1,1
#NW10014,2025-01-12 21:36:00,2025-01,CUST-01725,Identified,Online,Online Store,partially_refunded,fulfilled,CAD,580.0,,0.0,0.0,75.4,655.4,123.98,531.42,4,2
#NW10015,2025-01-14 09:25:00,2025-01,CUST-01446,Identified,Online,Online Store,paid,fulfilled,CAD,290.0,,0.0,0.0,37.7,327.7,0.0,327.7,2,2
#NW10016,2025-01-28 18:42:00,2025-01,CUST-01246,Identified,Online,Online Store,paid,fulfilled,CAD,214.0,,0.0,0.0,27.82,241.82,0.0,241.82,3,2
#NW10017,2025-01-25 11:38:00,2025-01,CUST-02309,Identified,Online,Online Store,paid,fulfilled,CAD,316.0,,0.0,0.0,41.08,357.08,0.0,357.08,2,1
#NW10018,2025-01-18 18:06:00,2025-01,CUST-01067,Identified,Online,Online Store,paid,fulfilled,CAD,358.0,,0.0,0.0,46.54,404.54,0.0,404.54,3,2
#NW10019,2025-01-08 19:26:00,2025-01,CUST-02192,Identified,Online,Online Store,paid,fulfilled,CAD,310.0,,0.0,0.0,40.3,350.3,0.0,350.3,2,2
#NW10020,2025-01-18 11:51:00,2025-01,CUST-01939,Identified,Online,Online Store,paid,fulfilled,CAD,220.0,,0.0,0.0,28.6,248.6,0.0,248.6,2,2
#NW10021,2025-01-09 10:59:00,2025-01,CUST-01067,Identified,Online,Online Store,paid,fulfilled,CAD,96.0,,0.0,12.0,14.04,122.04,0.0,122.04,2,1
#NW10022,2025-01-07 17:17:00,2025-01,CUST-00693,Identified,Online,Online Store,paid,fulfilled,CAD,306.0,FALL15,45.9,0.0,33.81,293.91,0.0,293.91,2,2
#NW10023,2025-01-04 21:39:00,2025-01,CUST-02347,Identified,Online,Online Store,paid,fulfilled,CAD,112.0,,0.0,12.0,16.12,140.12,0.0,140.12,1,1
#NW10024,2025-01-29 21:20:00,2025-01,CUST-02192,Identified,Online,Online Store,paid,fulfilled,CAD,98.0,,0.0,12.0,14.3,124.3,0.0,124.3,1,1
#NW10025,2025-01-17 17:29:00,2025-01,CUST-01939,Identified,Online,Online Store,refunded,fulfilled,CAD,128.0,,0.0,0.0,16.64,144.64,144.64,0.0,1,1
#NW10026,2025-01-10 09:09:00,2025-01,CUST-01196,Identified,Online,Online Store,paid,fulfilled,CAD,328.0,,0.0,0.0,42.64,370.64,0.0,370.64,3,3
#NW10027,2025-01-03 12:08:00,2025-01,CUST-00112,Identified,Online,Online Store,paid,fulfilled,CAD,276.0,,0.0,0.0,35.88,311.88,0.0,311.88,2,2
#NW10028,2025-01-17 19:56:00,2025-01,CUST-01175,Identified,Online,Online Store,refunded,fulfilled,CAD,166.0,,0.0,0.0,21.58,187.58,187.58,0.0,2,2
#NW10029,2025-01-24 19:26:00,2025-01,CUST-01986,Identified,Online,Online Store,paid,fulfilled,CAD,336.0,,0.0,0.0,43.68,379.68,0.0,379.68,2,2
#NW10030,2025-01-23 09:16:00,2025-01,CUST-01921,Identified,Online,Online Store,paid,fulfilled,CAD,108.0,,0.0,12.0,15.6,135.6,0.0,135.6,1,1
#NW10031,2025-01-05 14:40:00,2025-01,,Guest / Unidentified,POS,Northwood Toronto,paid,fulfilled,CAD,246.0,,0.0,0.0,31.98,277.98,0.0,277.98,2,2
#NW10032,2025-01-18 17:28:00,2025-01,CUST-01986,Identified,Online,Online Store,voided,unfulfilled,CAD,144.0,,0.0,0.0,18.72,162.72,0.0,0.0,2,1
#NW10033,2025-01-05 21:08:00,2025-01,CUST-00315,Identified,Online,Online Store,paid,fulfilled,CAD,496.0,,0.0,0.0,64.48,560.48,0.0,560.48,4,3
#NW10034,2025-01-27 15:08:00,2025-01,CUST-01139,Identified,Online,Online Store,paid,fulfilled,CAD,28.0,,0.0,12.0,5.2,45.2,0.0,45.2,1,1
#NW10035,2025-01-28 10:32:00,2025-01,CUST-01033,Identified,POS,Northwood Toronto,paid,fulfilled,CAD,88.0,,0.0,0.0,11.44,99.44,0.0,99.44,1,1
#NW10036,2025-01-21 15:32:00,2025-01,CUST-00543,Identified,Online,Online Store,paid,fulfilled,CAD,38.0,,0.0,12.0,6.5,56.5,0.0,56.5,1,1
#NW10037,2025-01-13 15:55:00,2025-01,CUST-01151,Identified,Online,Online Store,paid,fulfilled,CAD,68.0,,0.0,12.0,10.4,90.4,0.0,90.4,1,1
#NW10038,2025-01-11 13:33:00,2025-01,CUST-01128,Identified,Online,Online Store,paid,fulfilled,CAD,32.0,,0.0,12.0,5.72,49.72,0.0,49.72,1,1
#NW10039,2025-01-22 09:36:00,2025-01,CUST-01053,Identified,Online,Online Store,paid,fulfilled,CAD,332.0,,0.0,0.0,43.16,375.16,0.0,375.16,4,2
#NW10040,2025-01-06 19:10:00,2025-01,CUST-02192,Identified,Online,Online Store,paid,fulfilled,CAD,28.0,,0.0,12.0,5.2,45.2,0.0,45.2,1,1
#NW10041,2025-01-20 21:45:00,2025-01,CUST-00457,Identified,POS,Northwood Toronto,paid,fulfilled,CAD,576.0,,0.0,0.0,74.88,650.88,0.0,650.88,4,3
#NW10042,2025-01-09 14:29:00,2025-01,CUST-00716,Identified,POS,Northwood Toronto,paid,fulfilled,CAD,344.0,FALL15,51.6,0.0,38.01,330.41,0.0,330.41,3,3
#NW10043,2025-01-16 13:05:00,2025-01,CUST-00620,Identified,Online,Online Store,paid,fulfilled,CAD,88.0,,0.0,12.0,13.0,113.0,0.0,113.0,1,1
#NW10044,2025-01-02 21:28:00,2025-01,CUST-01830,Identified,Online,Online Store,paid,fulfilled,CAD,128.0,WELCOME10,12.8,0.0,14.98,130.18,0.0,130.18,1,1
#NW10045,2025-01-27 14:43:00,2025-01,CUST-01515,Identified,POS,Northwood Toronto,paid,fulfilled,CAD,226.0,SPRING10,22.6,0.0,26.44,229.84,0.0,229.84,2,2
#NW10046,2025-01-08 16:17:00,2025-01,,Guest / Unidentified,POS,Northwood Toronto,paid,fulfilled,CAD,504.0,,0.0,0.0,65.52,569.52,0.0,569.52,3,2
#NW10047,2025-01-03 21:11:00,2025-01,CUST-01071,Identified,Online,Online Store,paid,fulfilled,CAD,276.0,,0.0,0.0,35.88,311.88,0.0,311.88,2,2
#NW10048,2025-01-06 13:46:00,2025-01,CUST-01175,Identified,Online,Online Store,paid,fulfilled,CAD,236.0,,0.0,0.0,30.68,266.68,0.0,266.68,2,1
#NW10049,2025-01-27 20:26:00,2025-01,CUST-01071,Identified,Online,Online Store,paid,fulfilled,CAD,274.0,,0.0,0.0,35.62,309.62,0.0,309.62,3,3
#NW10050,2025-01-06 16:29:00,2025-01,CUST-00741,Identified,Online,Online Store,paid,fulfilled,CAD,58.0,,0.0,12.0,9.1,79.1,0.0,79.1,1,1
#NW10051,2025-01-13 18:42:00,2025-01,CUST-02161,Identified,POS,Northwood Toronto,paid,fulfilled,CAD,146.0,,0.0,0.0,18.98,164.98,0.0,164.98,2,2
#NW10052,2025-01-19 14:59:00,2025-01,CUST-00136,Identified,POS,Northwood Toronto,paid,fulfilled,CAD,184.0,,0.0,0.0,23.92,207.92,0.0,207.92,3,2
#NW10053,2025-01-09 15:32:00,2025-01,CUST-01405,Identified,Online,Online Store,paid,fulfilled,CAD,216.0,,0.0,0.0,28.08,244.08,0.0,244.08,3,2
#NW10054,2025-01-05 11:12:00,2025-01,CUST-00346,Identified,Online,Online Store,paid,fulfilled,CAD,286.0,,0.0,0.0,37.18,323.18,0.0,323.18,2,2
#NW10055,2025-01-18 17:05:00,2025-01,CUST-00595,Identified,Online,Online Store,paid,fulfilled,CAD,700.0,,0.0,0.0,91.0,791.0,0.0,791.0,5,3
#NW10056,2025-01-11 20:57:00,2025-01,CUST-00632,Identified,Online,Online Store,paid,fulfilled,CAD,96.0,,0.0,12.0,14.04,122.04,0.0,122.04,2,2
#NW10057,2025-01-05 16:47:00,2025-01,CUST-02032,Identified,Online,Online Store,paid,fulfilled,CAD,240.0,,0.0,0.0,31.2,271.2,0.0,271.2,2,2
#NW10058,2025-01-24 18:10:00,2025-01,CUST-01692,Identified,Online,Online Store,refunded,fulfilled,CAD,128.0,,0.0,0.0,16.64,144.64,144.64,0.0,1,1
#NW10059,2025-01-15 10:41:00,2025-01,CUST-01570,Identified,Online,Online Store,paid,fulfilled,CAD,128.0,,0.0,0.0,16.64,144.64,0.0,144.64,1,1
#NW10060,2025-01-02 09:24:00,2025-01,CUST-00975,Identified,POS,Northwood Toronto,paid,fulfilled,CAD,128.0,,0.0,0.0,16.64,144.64,0.0,144.64,1,1
#NW10061,2025-01-27 09:14:00,2025-01,CUST-01803,Identified,POS,Northwood Toronto,paid,fulfilled,CAD,38.0,,0.0,0.0,4.94,42.94,0.0,42.94,1,1
#NW10062,2025-01-23 19:07:00,2025-01,CUST-00686,Identified,Online,Online Store,paid,fulfilled,CAD,212.0,,0.0,0.0,27.56,239.56,0.0,239.56,3,2
#NW10063,2025-01-22 21:48:00,2025-01,,Guest / Unidentified,POS,Northwood Toronto,paid,fulfilled,CAD,48.0,,0.0,0.0,6.24,54.24,0.0,54.24,1,1
#NW10064,2025-01-28 12:59:00,2025-01,CUST-01414,Identified,POS,Northwood Toronto,paid,fulfilled,CAD,118.0,HOLIDAY15,17.7,0.0,13.04,113.34,0.0,113.34,1,1
#NW10065,2025-01-01 18:54:00,2025-01,CUST-01860,Identified,POS,Northwood Toronto,paid,fulfilled,CAD,158.0,,0.0,0.0,20.54,178.54,0.0,178.54,1,1
#NW10066,2025-01-12 16:34:00,2025-01,,Guest / Unidentified,POS,Northwood Toronto,paid,fulfilled,CAD,450.0,,0.0,0.0,58.5,508.5,0.0,508.5,4,4
#NW10067,2025-01-13 12:44:00,2025-01,CUST-00476,Identified,POS,Northwood Toronto,paid,fulfilled,CAD,128.0,,0.0,0.0,16.64,144.64,0.0,144.64,1,1
#NW10068,2025-01-12 17:39:00,2025-01,CUST-00216,Identified,Online,Online Store,paid,fulfilled,CAD,78.0,,0.0,12.0,11.7,101.7,0.0,101.7,1,1
#NW10069,2025-01-10 09:58:00,2025-01,CUST-00687,Identified,Online,Online Store,partially_refunded,fulfilled,CAD,88.0,,0.0,12.0,13.0,113.0,21.61,91.39,1,1
#NW10070,2025-01-17 16:27:00,2025-01,CUST-01515,Identified,Online,Online Store,paid,fulfilled,CAD,344.0,,0.0,0.0,44.72,388.72,0.0,388.72,3,3
#NW10071,2025-01-01 18:30:00,2025-01,CUST-01634,Identified,Online,Online Store,paid,fulfilled,CAD,560.0,FALL15,84.0,0.0,61.88,537.88,0.0,537.88,5,3
#NW10072,2025-01-04 17:46:00,2025-01,CUST-00719,Identified,Online,Online Store,paid,fulfilled,CAD,284.0,,0.0,0.0,36.92,320.92,0.0,320.92,3,3
#NW10073,2025-01-03 14:24:00,2025-01,CUST-01235,Identified,Online,Online Store,paid,fulfilled,CAD,158.0,,0.0,0.0,20.54,178.54,0.0,178.54,1,1
#NW10074,2025-01-10 13:43:00,2025-01,CUST-01951,Identified,POS,Northwood Toronto,paid,fulfilled,CAD,664.0,,0.0,0.0,86.32,750.32,0.0,750.32,3,3
#NW10075,2025-01-01 19:47:00,2025-01,CUST-02182,Identified,Online,Online Store,partially_refunded,fulfilled,CAD,296.0,,0.0,0.0,38.48,334.48,151.96,182.52,2,2
#NW10076,2025-01-12 19:13:00,2025-01,,Guest / Unidentified,POS,Northwood Toronto,refunded,fulfilled,CAD,158.0,WELCOME10,15.8,0.0,18.49,160.69,160.69,0.0,1,1
#NW10077,2025-01-25 15:34:00,2025-01,CUST-01053,Identified,POS,Northwood Toronto,paid,fulfilled,CAD,158.0,,0.0,0.0,20.54,178.54,0.0,178.54,1,1
#NW10078,2025-01-30 18:31:00,2025-01,CUST-01803,Identified,Online,Online Store,paid,fulfilled,CAD,218.0,,0.0,0.0,28.34,246.34,0.0,246.34,1,1
#NW10079,2025-01-27 21:30:00,2025-01,CUST-01598,Identified,Online,Online Store,paid,fulfilled,CAD,496.0,,0.0,0.0,64.48,560.48,0.0,560.48,2,1
#NW10080,2025-01-21 16:07:00,2025-01,CUST-01944,Identified,Online,Online Store,paid,fulfilled,CAD,112.0,SPRING10,11.2,12.0,14.66,127.46,0.0,127.46,1,1
#NW10081,2025-01-16 21:35:00,2025-01,CUST-01076,Identified,POS,Northwood Toronto,paid,fulfilled,CAD,430.0,,0.0,0.0,55.9,485.9,0.0,485.9,4,3
#NW10082,2025-01-16 11:49:00,2025-01,CUST-01067,Identified,Online,Online Store,paid,fulfilled,CAD,196.0,,0.0,0.0,25.48,221.48,0.0,221.48,2,2
#NW10083,2025-01-14 13:09:00,2025-01,CUST-02173,Identified,Online,Online Store,paid,fulfilled,CAD,160.0,,0.0,0.0,20.8,180.8,0.0,180.8,2,2
#NW10084,2025-01-12 20:45:00,2025-01,CUST-01598,Identified,Online,Online Store,voided,unfulfilled,CAD,534.0,FALL15,80.1,0.0,59.01,512.91,0.0,0.0,3,2
#NW10085,2025-01-22 15:17:00,2025-01,CUST-01781,Identified,POS,Northwood Toronto,paid,fulfilled,CAD,146.0,WELCOME10,14.6,0.0,17.08,148.48,0.0,148.48,2,2
#NW10086,2025-01-25 20:48:00,2025-01,CUST-00049,Identified,Online,Online Store,paid,fulfilled,CAD,246.0,SPRING10,24.6,0.0,28.78,250.18,0.0,250.18,2,2
#NW10087,2025-01-05 20:40:00,2025-01,CUST-01183,Identified,POS,Northwood Toronto,paid,fulfilled,CAD,158.0,,0.0,0.0,20.54,178.54,0.0,178.54,1,1
#NW10088,2025-01-01 16:39:00,2025-01,CUST-01839,Identified,Online,Online Store,paid,fulfilled,CAD,72.0,FALL15,10.8,12.0,9.52,82.72,0.0,82.72,1,1
#NW10089,2025-01-26 17:24:00,2025-01,CUST-01565,Identified,Online,Online Store,paid,fulfilled,CAD,72.0,,0.0,12.0,10.92,94.92,0.0,94.92,1,1
#NW10090,2025-01-28 12:05:00,2025-01,CUST-01294,Identified,Online,Online Store,paid,fulfilled,CAD,88.0,,0.0,12.0,13.0,113.0,0.0,113.0,1,1
#NW10091,2025-01-21 17:49:00,2025-01,CUST-02172,Identified,Online,Online Store,paid,fulfilled,CAD,286.0,,0.0,0.0,37.18,323.18,0.0,323.18,2,2
#NW10092,2025-01-24 12:45:00,2025-01,CUST-00169,Identified,Online,Online Store,paid,fulfilled,CAD,574.0,,0.0,0.0,74.62,648.62,0.0,648.62,5,4
#NW10093,2025-01-01 19:27:00,2025-01,CUST-00399,Identified,POS,Northwood Toronto,paid,fulfilled,CAD,198.0,,0.0,0.0,25.74,223.74,0.0,223.74,1,1
#NW10094,2025-01-27 20:58:00,2025-01,CUST-01414,Identified,POS,Northwood Toronto,paid,fulfilled,CAD,396.0,WELCOME10,39.6,0.0,46.33,402.73,0.0,402.73,2,1
#NW10095,2025-01-30 19:55:00,2025-01,CUST-01769,Identified,Online,Online Store,paid,fulfilled,CAD,514.0,,0.0,0.0,66.82,580.82,0.0,580.82,3,2
#NW10096,2025-01-24 20:28:00,2025-01,CUST-00136,Identified,Online,Online Store,paid,fulfilled,CAD,160.0,SPRING10,16.0,0.0,18.72,162.72,0.0,162.72,2,2
#NW10097,2025-01-31 10:21:00,2025-01,CUST-01373,Identified,Online,Online Store,voided,unfulfilled,CAD,248.0,SPRING10,24.8,0.0,29.02,252.22,0.0,0.0,1,1
#NW10098,2025-01-22 15:40:00,2025-01,CUST-01108,Identified,Online,Online Store,paid,fulfilled,CAD,684.0,,0.0,0.0,88.92,772.92,0.0,772.92,3,2
#NW10099,2025-01-28 19:05:00,2025-01,CUST-01094,Identified,Online,Online Store,paid,fulfilled,CAD,396.0,,0.0,0.0,51.48,447.48,0.0,447.48,2,1
#NW10100,2025-01-18 19:09:00,2025-01,CUST-00403,Identified,Online,Online Store,paid,fulfilled,CAD,158.0,,0.0,0.0,20.54,178.54,0.0,178.54,1,1
#NW10101,2025-01-22 17:39:00,2025-01,CUST-01046,Identified,Online,Online Store,paid,fulfilled,CAD,226.0,,0.0,0.0,29.38,255.38,0.0,255.38,2,2
#NW10102,2025-01-20 20:29:00,2025-01,CUST-01634,Identified,Online,Online Store,paid,fulfilled,CAD,28.0,,0.0,12.0,5.2,45.2,0.0,45.2,1,1
#NW10103,2025-01-01 14:27:00,2025-01,CUST-01889,Identified,Online,Online Store,paid,fulfilled,CAD,294.0,WELCOME10,29.4,0.0,34.4,299.0,0.0,299.0,3,2
#NW10104,2025-01-05 20:25:00,2025-01,CUST-00991,Identified,Online,Online Store,paid,fulfilled,CAD,108.0,,0.0,12.0,15.6,135.6,0.0,135.6,1,1
#NW10105,2025-01-05 17:30:00,2025-01,CUST-00799,Identified,Online,Online Store,paid,fulfilled,CAD,564.0,,0.0,0.0,73.32,637.32,0.0,637.32,3,2
#NW10106,2025-01-06 12:21:00,2025-01,CUST-00169,Identified,Online,Online Store,paid,fulfilled,CAD,496.0,,0.0,0.0,64.48,560.48,0.0,560.48,2,1
#NW10107,2025-01-02 11:10:00,2025-01,CUST-01803,Identified,Online,Online Store,paid,fulfilled,CAD,128.0,,0.0,0.0,16.64,144.64,0.0,144.64,1,1
#NW10108,2025-01-22 20:11:00,2025-01,CUST-00737,Identified,Online,Online Store,paid,fulfilled,CAD,236.0,,0.0,0.0,30.68,266.68,0.0,266.68,2,2
#NW10109,2025-01-13 10:06:00,2025-01,CUST-01692,Identified,Online,Online Store,paid,fulfilled,CAD,106.0,,0.0,12.0,15.34,133.34,0.0,133.34,2,2
#NW10110,2025-01-30 13:23:00,2025-01,CUST-01108,Identified,Online,Online Store,paid,fulfilled,CAD,196.0,,0.0,0.0,25.48,221.48,0.0,221.48,2,1
#NW10111,2025-01-09 09:06:00,2025-01,CUST-00045,Identified,POS,Northwood Toronto,paid,fulfilled,CAD,500.0,,0.0,0.0,65.0,565.0,0.0,565.0,5,3
#NW10112,2025-01-24 18:00:00,2025-01,CUST-00035,Identified,Online,Online Store,paid,fulfilled,CAD,226.0,,0.0,0.0,29.38,255.38,0.0,255.38,2,2
#NW10113,2025-01-15 15:58:00,2025-01,CUST-00279,Identified,Online,Online Store,paid,fulfilled,CAD,98.0,FALL15,14.7,12.0,12.39,107.69,0.0,107.69,1,1
#NW10114,2025-01-14 09:20:00,2025-01,CUST-00045,Identified,Online,Online Store,paid,fulfilled,CAD,186.0,,0.0,0.0,24.18,210.18,0.0,210.18,2,2
#NW10115,2025-01-11 10:25:00,2025-01,CUST-01951,Identified,Online,Online Store,paid,fulfilled,CAD,344.0,,0.0,0.0,44.72,388.72,0.0,388.72,3,2
#NW10116,2025-01-09 11:18:00,2025-01,CUST-00401,Identified,Online,Online Store,partially_refunded,fulfilled,CAD,58.0,,0.0,12.0,9.1,79.1,18.08,61.019999999999996,1,1
#NW10117,2025-01-10 17:35:00,2025-01,CUST-02152,Identified,Online,Online Store,paid,fulfilled,CAD,38.0,,0.0,12.0,6.5,56.5,0.0,56.5,1,1
#NW10118,2025-01-02 14:52:00,2025-01,CUST-01196,Identified,POS,Northwood Toronto,paid,fulfilled,CAD,176.0,,0.0,0.0,22.88,198.88,0.0,198.88,2,1
#NW10119,2025-01-20 21:24:00,2025-01,CUST-01827,Identified,Online,Online Store,paid,fulfilled,CAD,84.0,,0.0,12.0,12.48,108.48,0.0,108.48,2,1
#NW10120,2025-01-16 15:39:00,2025-01,CUST-00686,Identified,Online,Online Store,paid,fulfilled,CAD,286.0,HOLIDAY15,42.9,0.0,31.6,274.7,0.0,274.7,2,2
#NW10121,2025-01-03 15:04:00,2025-01,CUST-00899,Identified,Online,Online Store,paid,fulfilled,CAD,56.0,,0.0,12.0,8.84,76.84,0.0,76.84,2,1
#NW10122,2025-01-30 20:09:00,2025-01,CUST-00346,Identified,Online,Online Store,paid,fulfilled,CAD,432.0,,0.0,0.0,56.16,488.16,0.0,488.16,4,2
#NW10123,2025-01-30 21:11:00,2025-01,CUST-01032,Identified,Online,Online Store,paid,fulfilled,CAD,160.0,,0.0,0.0,20.8,180.8,0.0,180.8,2,2
#NW10124,2025-01-03 14:43:00,2025-01,CUST-00791,Identified,Online,Online Store,paid,fulfilled,CAD,436.0,,0.0,0.0,56.68,492.68,0.0,492.68,2,1
#NW10125,2025-01-16 09:00:00,2025-01,CUST-00140,Identified,Online,Online Store,paid,fulfilled,CAD,248.0,,0.0,0.0,32.24,280.24,0.0,280.24,1,1
#NW10126,2025-01-12 18:58:00,2025-01,CUST-01860,Identified,Online,Online Store,paid,fulfilled,CAD,496.0,,0.0,0.0,64.48,560.48,0.0,560.48,2,1
#NW10127,2025-01-29 09:40:00,2025-01,CUST-00279,Identified,Online,Online Store,paid,fulfilled,CAD,146.0,,0.0,0.0,18.98,164.98,0.0,164.98,2,2
#NW10128,2025-01-21 12:41:00,2025-01,CUST-00693,Identified,Online,Online Store,paid,fulfilled,CAD,248.0,,0.0,0.0,32.24,280.24,0.0,280.24,1,1
#NW10129,2025-01-05 13:43:00,2025-01,CUST-01246,Identified,Online,Online Store,refunded,fulfilled,CAD,68.0,,0.0,12.0,10.4,90.4,90.4,0.0,1,1
#NW10130,2025-01-18 12:48:00,2025-01,CUST-00799,Identified,Online,Online Store,paid,fulfilled,CAD,524.0,,0.0,0.0,68.12,592.12,0.0,592.12,3,2
#NW10131,2025-01-08 13:26:00,2025-01,CUST-00889,Identified,Online,Online Store,paid,fulfilled,CAD,246.0,,0.0,0.0,31.98,277.98,0.0,277.98,2,2
#NW10132,2025-01-19 10:55:00,2025-01,CUST-00499,Identified,Online,Online Store,paid,fulfilled,CAD,832.0,,0.0,0.0,108.16,940.16,0.0,940.16,4,2
#NW10133,2025-01-13 21:16:00,2025-01,CUST-01175,Identified,Online,Online Store,paid,fulfilled,CAD,268.0,,0.0,0.0,34.84,302.84,0.0,302.84,3,2
#NW10134,2025-01-20 12:53:00,2025-01,CUST-00354,Identified,Online,Online Store,paid,fulfilled,CAD,236.0,WELCOME10,23.6,0.0,27.61,240.01,0.0,240.01,2,2
#NW10135,2025-01-02 14:54:00,2025-01,CUST-00533,Identified,Online,Online Store,paid,fulfilled,CAD,414.0,,0.0,0.0,53.82,467.82,0.0,467.82,3,2
#NW10136,2025-01-13 16:52:00,2025-01,CUST-01540,Identified,Online,Online Store,paid,fulfilled,CAD,128.0,,0.0,0.0,16.64,144.64,0.0,144.64,1,1
#NW10137,2025-01-27 17:39:00,2025-01,CUST-02319,Identified,Online,Online Store,paid,fulfilled,CAD,256.0,,0.0,0.0,33.28,289.28,0.0,289.28,2,1
#NW10138,2025-01-23 14:51:00,2025-01,CUST-00757,Identified,POS,Northwood Toronto,paid,fulfilled,CAD,198.0,,0.0,0.0,25.74,223.74,0.0,223.74,1,1
#NW10139,2025-01-21 17:34:00,2025-01,CUST-00112,Identified,Online,Online Store,paid,fulfilled,CAD,374.0,,0.0,0.0,48.62,422.62,0.0,422.62,5,4
#NW10140,2025-01-05 11:14:00,2025-01,CUST-00755,Identified,POS,Northwood Toronto,paid,fulfilled,CAD,218.0,WELCOME10,21.8,0.0,25.51,221.71,0.0,221.71,1,1
#NW10141,2025-01-10 20:34:00,2025-01,CUST-01038,Identified,Online,Online Store,paid,fulfilled,CAD,496.0,,0.0,0.0,64.48,560.48,0.0,560.48,2,1
#NW10142,2025-01-21 13:47:00,2025-01,CUST-00595,Identified,Online,Online Store,paid,fulfilled,CAD,186.0,,0.0,0.0,24.18,210.18,0.0,210.18,2,2
#NW10143,2025-01-01 15:21:00,2025-01,CUST-01781,Identified,Online,Online Store,paid,fulfilled,CAD,88.0,,0.0,12.0,13.0,113.0,0.0,113.0,1,1
#NW10144,2025-01-17 17:15:00,2025-01,CUST-01032,Identified,POS,Northwood Toronto,paid,fulfilled,CAD,434.0,,0.0,0.0,56.42,490.42,0.0,490.42,3,2
#NW10145,2025-01-08 21:43:00,2025-01,CUST-01067,Identified,POS,Northwood Toronto,paid,fulfilled,CAD,158.0,,0.0,0.0,20.54,178.54,0.0,178.54,1,1
#NW10146,2025-01-17 20:28:00,2025-01,CUST-01858,Identified,Online,Online Store,voided,unfulfilled,CAD,118.0,FALL15,17.7,12.0,14.6,126.9,0.0,0.0,1,1
#NW10147,2025-01-27 20:04:00,2025-01,CUST-01133,Identified,Online,Online Store,paid,fulfilled,CAD,84.0,,0.0,12.0,12.48,108.48,0.0,108.48,2,1
#NW10148,2025-01-06 10:14:00,2025-01,CUST-00958,Identified,POS,Northwood Toronto,paid,fulfilled,CAD,68.0,,0.0,0.0,8.84,76.84,0.0,76.84,1,1
#NW10149,2025-01-20 21:48:00,2025-01,CUST-01325,Identified,Online,Online Store,paid,fulfilled,CAD,198.0,,0.0,0.0,25.74,223.74,0.0,223.74,1,1
#NW10150,2025-01-09 21:36:00,2025-01,CUST-00741,Identified,POS,Northwood Toronto,paid,fulfilled,CAD,76.0,,0.0,0.0,9.88,85.88,0.0,85.88,2,1
#NW10151,2025-01-02 13:23:00,2025-01,CUST-01033,Identified,Online,Online Store,paid,fulfilled,CAD,256.0,,0.0,0.0,33.28,289.28,0.0,289.28,2,1
#NW10152,2025-01-16 14:29:00,2025-01,CUST-00304,Identified,POS,Northwood Toronto,paid,fulfilled,CAD,248.0,HOLIDAY15,37.2,0.0,27.4,238.2,0.0,238.2,1,1
#NW10153,2025-01-29 15:47:00,2025-01,CUST-01136,Identified,Online,Online Store,paid,fulfilled,CAD,224.0,,0.0,0.0,29.12,253.12,0.0,253.12,2,1
#NW10154,2025-01-04 21:01:00,2025-01,CUST-00256,Identified,Online,Online Store,paid,fulfilled,CAD,186.0,,0.0,0.0,24.18,210.18,0.0,210.18,2,2
#NW10155,2025-01-01 11:27:00,2025-01,CUST-00216,Identified,POS,Northwood Toronto,paid,fulfilled,CAD,604.0,WELCOME10,60.4,0.0,70.67,614.27,0.0,614.27,3,2
#NW10156,2025-01-29 19:46:00,2025-01,CUST-01592,Identified,POS,Northwood Toronto,refunded,fulfilled,CAD,128.0,,0.0,0.0,16.64,144.64,144.64,0.0,1,1
#NW10157,2025-01-20 14:07:00,2025-01,CUST-01363,Identified,Online,Online Store,paid,fulfilled,CAD,88.0,,0.0,12.0,13.0,113.0,0.0,113.0,1,1
#NW10158,2025-01-07 21:30:00,2025-01,CUST-01246,Identified,POS,Northwood Toronto,paid,fulfilled,CAD,434.0,,0.0,0.0,56.42,490.42,0.0,490.42,3,2
#NW10159,2025-01-03 20:46:00,2025-01,CUST-02161,Identified,Online,Online Store,paid,fulfilled,CAD,204.0,WELCOME10,20.4,0.0,23.87,207.47,0.0,207.47,3,2
#NW10160,2025-01-17 16:18:00,2025-01,CUST-01085,Identified,Online,Online Store,paid,fulfilled,CAD,462.0,FALL15,69.3,0.0,51.05,443.75,0.0,443.75,4,3
#NW10161,2025-01-20 18:50:00,2025-01,CUST-01151,Identified,Online,Online Store,paid,fulfilled,CAD,72.0,WELCOME10,7.2,12.0,9.98,86.78,0.0,86.78,1,1
#NW10162,2025-01-31 15:26:00,2025-01,CUST-01944,Identified,Online,Online Store,paid,fulfilled,CAD,170.0,,0.0,0.0,22.1,192.1,0.0,192.1,2,2
#NW10163,2025-01-17 18:36:00,2025-01,CUST-02309,Identified,Online,Online Store,paid,fulfilled,CAD,212.0,,0.0,0.0,27.56,239.56,0.0,239.56,3,2
#NW10164,2025-01-31 12:41:00,2025-01,CUST-02015,Identified,POS,Northwood Toronto,paid,fulfilled,CAD,38.0,HOLIDAY15,5.7,0.0,4.2,36.5,0.0,36.5,1,1
#NW10165,2025-01-28 14:52:00,2025-01,CUST-00822,Identified,Online,Online Store,paid,fulfilled,CAD,112.0,SPRING10,11.2,12.0,14.66,127.46,0.0,127.46,1,1
#NW10166,2025-01-03 10:29:00,2025-01,CUST-00035,Identified,Online,Online Store,voided,unfulfilled,CAD,224.0,SPRING10,22.4,0.0,26.21,227.81,0.0,0.0,2,1
#NW10167,2025-01-12 11:05:00,2025-01,CUST-01609,Identified,Online,Online Store,paid,fulfilled,CAD,176.0,,0.0,0.0,22.88,198.88,0.0,198.88,2,1
#NW10168,2025-01-23 14:06:00,2025-01,CUST-00731,Identified,Online,Online Store,paid,fulfilled,CAD,88.0,,0.0,12.0,13.0,113.0,0.0,113.0,1,1
#NW10169,2025-01-27 17:02:00,2025-01,CUST-01827,Identified,Online,Online Store,paid,fulfilled,CAD,166.0,,0.0,0.0,21.58,187.58,0.0,187.58,2,2
#NW10170,2025-01-25 21:36:00,2025-01,CUST-02016,Identified,Online,Online Store,paid,fulfilled,CAD,248.0,HOLIDAY15,37.2,0.0,27.4,238.2,0.0,238.2,1,1
#NW10171,2025-01-28 12:02:00,2025-01,CUST-00445,Identified,Online,Online Store,paid,fulfilled,CAD,450.0,,0.0,0.0,58.5,508.5,0.0,508.5,5,3
#NW10172,2025-01-29 18:44:00,2025-01,CUST-00590,Identified,Online,Online Store,paid,fulfilled,CAD,38.0,,0.0,12.0,6.5,56.5,0.0,56.5,1,1
#NW10173,2025-01-12 11:47:00,2025-01,CUST-01373,Identified,Online,Online Store,paid,fulfilled,CAD,176.0,,0.0,0.0,22.88,198.88,0.0,198.88,2,2
#NW10174,2025-01-09 21:38:00,2025-01,CUST-01325,Identified,Online,Online Store,voided,unfulfilled,CAD,396.0,,0.0,0.0,51.48,447.48,0.0,0.0,2,1
#NW10175,2025-01-23 13:37:00,2025-01,CUST-01598,Identified,Online,Online Store,paid,fulfilled,CAD,108.0,,0.0,12.0,15.6,135.6,0.0,135.6,1,1
#NW10176,2025-01-09 17:41:00,2025-01,CUST-00620,Identified,Online,Online Store,paid,fulfilled,CAD,380.0,WELCOME10,38.0,0.0,44.46,386.46,0.0,386.46,5,3
#NW10177,2025-01-29 16:15:00,2025-01,CUST-00436,Identified,Online,Online Store,paid,fulfilled,CAD,196.0,,0.0,0.0,25.48,221.48,0.0,221.48,2,2
#NW10178,2025-01-12 18:39:00,2025-01,CUST-01944,Identified,Online,Online Store,paid,fulfilled,CAD,144.0,,0.0,0.0,18.72,162.72,0.0,162.72,2,1
#NW10179,2025-01-12 09:41:00,2025-01,CUST-01061,Identified,Online,Online Store,paid,fulfilled,CAD,32.0,,0.0,12.0,5.72,49.72,0.0,49.72,1,1
#NW10180,2025-01-24 19:54:00,2025-01,CUST-00424,Identified,Online,Online Store,paid,fulfilled,CAD,216.0,,0.0,0.0,28.08,244.08,0.0,244.08,2,1
#NW10181,2025-01-27 10:47:00,2025-01,CUST-00143,Identified,Online,Online Store,paid,fulfilled,CAD,158.0,,0.0,0.0,20.54,178.54,0.0,178.54,1,1
#NW10182,2025-01-26 15:59:00,2025-01,CUST-00299,Identified,POS,Northwood Toronto,paid,fulfilled,CAD,354.0,,0.0,0.0,46.02,400.02,0.0,400.02,3,2
#NW10183,2025-01-28 19:57:00,2025-01,CUST-00289,Identified,Online,Online Store,paid,fulfilled,CAD,88.0,,0.0,12.0,13.0,113.0,0.0,113.0,1,1
#NW10184,2025-01-15 14:23:00,2025-01,CUST-02341,Identified,Online,Online Store,paid,fulfilled,CAD,128.0,,0.0,0.0,16.64,144.64,0.0,144.64,1,1
#NW10185,2025-01-03 09:31:00,2025-01,CUST-01027,Identified,Online,Online Store,paid,fulfilled,CAD,218.0,,0.0,0.0,28.34,246.34,0.0,246.34,1,1
#NW10186,2025-01-23 18:13:00,2025-01,CUST-00304,Identified,Online,Online Store,paid,fulfilled,CAD,366.0,WELCOME10,36.6,0.0,42.82,372.22,0.0,372.22,2,2
#NW10187,2025-01-30 09:21:00,2025-01,CUST-01827,Identified,Online,Online Store,paid,fulfilled,CAD,512.0,,0.0,0.0,66.56,578.56,0.0,578.56,4,2
#NW10188,2025-01-05 16:01:00,2025-01,CUST-00077,Identified,Online,Online Store,paid,fulfilled,CAD,248.0,,0.0,0.0,32.24,280.24,0.0,280.24,1,1
#NW10189,2025-01-03 09:56:00,2025-01,CUST-00424,Identified,POS,Northwood Toronto,paid,fulfilled,CAD,672.0,,0.0,0.0,87.36,759.36,0.0,759.36,4,2
#NW10190,2025-01-21 14:03:00,2025-01,CUST-02039,Identified,Online,Online Store,paid,fulfilled,CAD,42.0,,0.0,12.0,7.02,61.02,0.0,61.02,1,1
#NW10191,2025-01-17 14:11:00,2025-01,CUST-00610,Identified,POS,Northwood Toronto,paid,fulfilled,CAD,248.0,,0.0,0.0,32.24,280.24,0.0,280.24,1,1
#NW10192,2025-01-15 10:56:00,2025-01,,Guest / Unidentified,POS,Northwood Toronto,refunded,fulfilled,CAD,492.0,,0.0,0.0,63.96,555.96,555.96,0.0,5,3
#NW10193,2025-01-18 10:00:00,2025-01,CUST-00155,Identified,Online,Online Store,paid,fulfilled,CAD,346.0,,0.0,0.0,44.98,390.98,0.0,390.98,4,3
#NW10194,2025-01-26 13:27:00,2025-01,CUST-01600,Identified,Online,Online Store,paid,fulfilled,CAD,98.0,,0.0,12.0,14.3,124.3,0.0,124.3,1,1
#NW10195,2025-01-08 16:06:00,2025-01,CUST-01092,Identified,Online,Online Store,paid,fulfilled,CAD,48.0,,0.0,12.0,7.8,67.8,0.0,67.8,1,1
#NW10196,2025-01-15 10:39:00,2025-01,CUST-01139,Identified,Online,Online Store,paid,fulfilled,CAD,68.0,,0.0,12.0,10.4,90.4,0.0,90.4,1,1
#NW10197,2025-01-06 17:34:00,2025-01,CUST-00354,Identified,Online,Online Store,paid,fulfilled,CAD,198.0,,0.0,0.0,25.74,223.74,0.0,223.74,1,1
#NW10198,2025-01-05 11:07:00,2025-01,CUST-01351,Identified,Online,Online Store,paid,fulfilled,CAD,424.0,,0.0,0.0,55.12,479.12,0.0,479.12,3,2
#NW10199,2025-01-24 15:22:00,2025-01,CUST-01603,Identified,POS,Northwood Toronto,paid,fulfilled,CAD,374.0,,0.0,0.0,48.62,422.62,0.0,422.62,3,2
#NW10200,2025-01-05 14:53:00,2025-01,CUST-00016,Identified,POS,Northwood Toronto,paid,fulfilled,CAD,184.0,FALL15,27.6,0.0,20.33,176.73,0.0,176.73,3,2
#NW10201,2025-01-09 13:37:00,2025-01,CUST-02112,Identified,POS,Northwood Toronto,paid,fulfilled,CAD,76.0,WELCOME10,7.6,0.0,8.89,77.29,0.0,77.29,2,2
#NW10202,2025-01-11 20:50:00,2025-01,CUST-02010,Identified,POS,Northwood Toronto,paid,fulfilled,CAD,366.0,,0.0,0.0,47.58,413.58,0.0,413.58,2,2
#NW10203,2025-01-11 14:57:00,2025-01,CUST-00610,Identified,Online,Online Store,paid,fulfilled,CAD,248.0,,0.0,0.0,32.24,280.24,0.0,280.24,1,1
#NW10204,2025-01-18 09:54:00,2025-01,CUST-01787,Identified,Online,Online Store,partially_refunded,fulfilled,CAD,218.0,,0.0,0.0,28.34,246.34,126.12,120.22,1,1
#NW10205,2025-01-15 14:54:00,2025-01,CUST-01655,Identified,Online,Online Store,partially_refunded,fulfilled,CAD,218.0,,0.0,0.0,28.34,246.34,109.14,137.2,1,1
#NW10206,2025-01-25 12:55:00,2025-01,CUST-00520,Identified,Online,Online Store,paid,fulfilled,CAD,436.0,FALL15,65.4,0.0,48.18,418.78,0.0,418.78,2,1
#NW10207,2025-01-09 13:32:00,2025-01,CUST-01076,Identified,Online,Online Store,paid,fulfilled,CAD,316.0,,0.0,0.0,41.08,357.08,0.0,357.08,2,2
#NW10208,2025-01-10 21:25:00,2025-01,CUST-02192,Identified,POS,Northwood Toronto,paid,fulfilled,CAD,248.0,,0.0,0.0,32.24,280.24,0.0,280.24,1,1
#NW10209,2025-01-04 19:37:00,2025-01,CUST-01575,Identified,Online,Online Store,paid,fulfilled,CAD,316.0,,0.0,0.0,41.08,357.08,0.0,357.08,2,1
#NW10210,2025-01-03 21:53:00,2025-01,CUST-01975,Identified,Online,Online Store,paid,fulfilled,CAD,128.0,,0.0,0.0,16.64,144.64,0.0,144.64,1,1
#NW10211,2025-01-05 10:46:00,2025-01,CUST-01071,Identified,Online,Online Store,paid,fulfilled,CAD,72.0,,0.0,12.0,10.92,94.92,0.0,94.92,1,1
#NW10212,2025-01-07 16:53:00,2025-01,CUST-02324,Identified,Online,Online Store,paid,fulfilled,CAD,230.0,,0.0,0.0,29.9,259.9,0.0,259.9,2,2
#NW10213,2025-01-31 16:17:00,2025-01,CUST-02193,Identified,Online,Online Store,voided,unfulfilled,CAD,128.0,,0.0,0.0,16.64,144.64,0.0,0.0,1,1
#NW10214,2025-01-19 18:04:00,2025-01,CUST-01471,Identified,POS,Northwood Toronto,paid,fulfilled,CAD,38.0,,0.0,0.0,4.94,42.94,0.0,42.94,1,1
#NW10215,2025-01-01 12:10:00,2025-01,CUST-01366,Identified,Online,Online Store,paid,fulfilled,CAD,198.0,WELCOME10,19.8,0.0,23.17,201.37,0.0,201.37,1,1
#NW10216,2025-01-21 15:05:00,2025-01,CUST-01241,Identified,Online,Online Store,paid,fulfilled,CAD,248.0,,0.0,0.0,32.24,280.24,0.0,280.24,1,1
#NW10217,2025-01-24 21:41:00,2025-01,CUST-01592,Identified,POS,Northwood Toronto,paid,fulfilled,CAD,806.0,,0.0,0.0,104.78,910.78,0.0,910.78,6,4
#NW10218,2025-01-13 20:18:00,2025-01,CUST-00227,Identified,Online,Online Store,paid,fulfilled,CAD,160.0,,0.0,0.0,20.8,180.8,0.0,180.8,4,2
#NW10219,2025-01-19 11:22:00,2025-01,CUST-00372,Identified,Online,Online Store,paid,fulfilled,CAD,96.0,,0.0,12.0,14.04,122.04,0.0,122.04,2,2
#NW10220,2025-01-02 21:13:00,2025-01,CUST-01497,Identified,Online,Online Store,partially_refunded,fulfilled,CAD,110.0,,0.0,12.0,15.86,137.86,28.9,108.96000000000001,2,2
#NW10221,2025-01-16 12:54:00,2025-01,CUST-02190,Identified,Online,Online Store,paid,fulfilled,CAD,88.0,,0.0,12.0,13.0,113.0,0.0,113.0,1,1
#NW10222,2025-01-26 18:48:00,2025-01,CUST-00889,Identified,Online,Online Store,paid,fulfilled,CAD,128.0,,0.0,0.0,16.64,144.64,0.0,144.64,1,1
#NW10223,2025-01-02 13:43:00,2025-01,CUST-00330,Identified,POS,Northwood Toronto,paid,fulfilled,CAD,68.0,,0.0,0.0,8.84,76.84,0.0,76.84,1,1
#NW10224,2025-01-31 19:47:00,2025-01,CUST-01883,Identified,Online,Online Store,paid,fulfilled,CAD,296.0,,0.0,0.0,38.48,334.48,0.0,334.48,2,2
#NW10225,2025-01-20 15:39:00,2025-01,CUST-01188,Identified,Online,Online Store,paid,fulfilled,CAD,346.0,,0.0,0.0,44.98,390.98,0.0,390.98,2,2
#NW10226,2025-01-12 09:20:00,2025-01,CUST-01235,Identified,Online,Online Store,paid,fulfilled,CAD,376.0,,0.0,0.0,48.88,424.88,0.0,424.88,2,2
#NW10227,2025-01-10 13:24:00,2025-01,CUST-00724,Identified,Online,Online Store,paid,fulfilled,CAD,156.0,,0.0,0.0,20.28,176.28,0.0,176.28,2,2
#NW10228,2025-01-17 19:23:00,2025-01,CUST-00227,Identified,Online,Online Store,paid,fulfilled,CAD,302.0,,0.0,0.0,39.26,341.26,0.0,341.26,3,2
#NW10229,2025-01-16 12:22:00,2025-01,CUST-01939,Identified,Online,Online Store,paid,fulfilled,CAD,252.0,HOLIDAY15,37.8,0.0,27.85,242.05,0.0,242.05,3,2
#NW10230,2025-01-25 20:51:00,2025-01,,Guest / Unidentified,POS,Northwood Toronto,refunded,fulfilled,CAD,376.0,,0.0,0.0,48.88,424.88,424.88,0.0,2,2
#NW10231,2025-01-09 17:41:00,2025-01,CUST-00216,Identified,Online,Online Store,paid,fulfilled,CAD,306.0,,0.0,0.0,39.78,345.78,0.0,345.78,2,2
#NW10232,2025-01-20 15:09:00,2025-01,CUST-01225,Identified,POS,Northwood Toronto,paid,fulfilled,CAD,158.0,,0.0,0.0,20.54,178.54,0.0,178.54,1,1
#NW10233,2025-01-16 19:42:00,2025-01,CUST-00304,Identified,Online,Online Store,paid,fulfilled,CAD,98.0,HOLIDAY15,14.7,12.0,12.39,107.69,0.0,107.69,1,1
#NW10234,2025-01-27 16:19:00,2025-01,CUST-00620,Identified,Online,Online Store,refunded,fulfilled,CAD,248.0,,0.0,0.0,32.24,280.24,280.24,0.0,3,2
#NW10235,2025-01-02 18:08:00,2025-01,CUST-01472,Identified,Online,Online Store,paid,fulfilled,CAD,394.0,,0.0,0.0,51.22,445.22,0.0,445.22,3,3
#NW10236,2025-01-20 12:33:00,2025-01,CUST-01993,Identified,Online,Online Store,paid,fulfilled,CAD,284.0,,0.0,0.0,36.92,320.92,0.0,320.92,3,3
#NW10237,2025-01-18 18:49:00,2025-01,CUST-00543,Identified,Online,Online Store,paid,fulfilled,CAD,532.0,,0.0,0.0,69.16,601.16,0.0,601.16,4,4
#NW10238,2025-01-20 16:47:00,2025-01,CUST-00436,Identified,Online,Online Store,paid,fulfilled,CAD,38.0,,0.0,12.0,6.5,56.5,0.0,56.5,1,1
#NW10239,2025-01-21 20:20:00,2025-01,CUST-00777,Identified,Online,Online Store,paid,fulfilled,CAD,112.0,,0.0,12.0,16.12,140.12,0.0,140.12,1,1
#NW10240,2025-01-14 17:18:00,2025-01,CUST-01405,Identified,POS,Northwood Toronto,paid,fulfilled,CAD,248.0,,0.0,0.0,32.24,280.24,0.0,280.24,1,1
#NW10241,2025-01-08 13:37:00,2025-01,CUST-00147,Identified,Online,Online Store,paid,fulfilled,CAD,256.0,,0.0,0.0,33.28,289.28,0.0,289.28,2,1
#NW10242,2025-01-22 18:21:00,2025-01,CUST-00791,Identified,POS,Northwood Toronto,paid,fulfilled,CAD,248.0,,0.0,0.0,32.24,280.24,0.0,280.24,1,1
#NW10243,2025-01-11 16:02:00,2025-01,CUST-00104,Identified,Online,Online Store,paid,fulfilled,CAD,48.0,,0.0,12.0,7.8,67.8,0.0,67.8,1,1
#NW10244,2025-01-31 16:05:00,2025-01,CUST-00977,Identified,Online,Online Store,paid,fulfilled,CAD,368.0,,0.0,0.0,47.84,415.84,0.0,415.84,3,3
#NW10245,2025-01-02 21:51:00,2025-01,CUST-02004,Identified,Online,Online Store,paid,fulfilled,CAD,376.0,HOLIDAY15,56.4,0.0,41.55,361.15,0.0,361.15,2,2
#NW10246,2025-01-05 15:44:00,2025-01,CUST-01593,Identified,Online,Online Store,paid,fulfilled,CAD,612.0,,0.0,0.0,79.56,691.56,0.0,691.56,5,3
#NW10247,2025-01-14 13:02:00,2025-01,CUST-01986,Identified,POS,Northwood Toronto,paid,fulfilled,CAD,530.0,,0.0,0.0,68.9,598.9,0.0,598.9,5,3
#NW10248,2025-01-01 19:31:00,2025-01,CUST-02215,Identified,Online,Online Store,paid,fulfilled,CAD,108.0,,0.0,12.0,15.6,135.6,0.0,135.6,1,1
#NW10249,2025-01-02 20:46:00,2025-01,CUST-00035,Identified,POS,Northwood Toronto,paid,fulfilled,CAD,514.0,SPRING10,51.4,0.0,60.14,522.74,0.0,522.74,3,2
#NW10250,2025-01-26 13:57:00,2025-01,CUST-01351,Identified,Online,Online Store,voided,unfulfilled,CAD,98.0,HOLIDAY15,14.7,12.0,12.39,107.69,0.0,0.0,1,1
#NW10251,2025-01-01 11:06:00,2025-01,CUST-02188,Identified,Online,Online Store,refunded,fulfilled,CAD,98.0,,0.0,12.0,14.3,124.3,124.3,0.0,1,1
#NW10252,2025-01-27 10:34:00,2025-01,CUST-00143,Identified,POS,Northwood Toronto,partially_refunded,fulfilled,CAD,128.0,,0.0,0.0,16.64,144.64,32.27,112.36999999999998,1,1
#NW10253,2025-01-02 17:07:00,2025-01,CUST-00068,Identified,Online,Online Store,paid,fulfilled,CAD,78.0,FALL15,11.7,12.0,10.18,88.48,0.0,88.48,1,1
#NW10254,2025-01-24 11:32:00,2025-01,CUST-00152,Identified,Online,Online Store,paid,fulfilled,CAD,276.0,,0.0,0.0,35.88,311.88,0.0,311.88,4,3
#NW10255,2025-01-12 16:24:00,2025-01,CUST-01390,Identified,Online,Online Store,paid,fulfilled,CAD,58.0,FALL15,8.7,12.0,7.97,69.27,0.0,69.27,1,1
#NW10256,2025-01-12 11:20:00,2025-01,CUST-00112,Identified,POS,Northwood Toronto,paid,fulfilled,CAD,112.0,,0.0,0.0,14.56,126.56,0.0,126.56,1,1
#NW10257,2025-01-10 18:17:00,2025-01,CUST-00140,Identified,Online,Online Store,paid,fulfilled,CAD,404.0,,0.0,0.0,52.52,456.52,0.0,456.52,5,3
#NW10258,2025-01-03 17:39:00,2025-01,CUST-01939,Identified,Online,Online Store,refunded,fulfilled,CAD,642.0,FALL15,96.3,0.0,70.94,616.64,616.6500000000001,-0.010000000000104592,4,3
#NW10259,2025-01-14 12:00:00,2025-01,CUST-01661,Identified,Online,Online Store,paid,fulfilled,CAD,116.0,,0.0,12.0,16.64,144.64,0.0,144.64,2,2
#NW10260,2025-01-31 13:00:00,2025-01,CUST-00485,Identified,Online,Online Store,paid,fulfilled,CAD,156.0,,0.0,0.0,20.28,176.28,0.0,176.28,2,1
#NW10261,2025-01-14 16:21:00,2025-01,CUST-00868,Identified,Online,Online Store,paid,fulfilled,CAD,256.0,,0.0,0.0,33.28,289.28,0.0,289.28,2,1
#NW10262,2025-01-03 18:01:00,2025-01,CUST-02143,Identified,Online,Online Store,paid,fulfilled,CAD,306.0,SPRING10,30.6,0.0,35.8,311.2,0.0,311.2,2,2
#NW10263,2025-01-15 19:36:00,2025-01,CUST-01878,Identified,Online,Online Store,paid,fulfilled,CAD,112.0,,0.0,12.0,16.12,140.12,0.0,140.12,1,1
#NW10264,2025-01-18 19:40:00,2025-01,CUST-02193,Identified,Online,Online Store,paid,fulfilled,CAD,218.0,,0.0,0.0,28.34,246.34,0.0,246.34,1,1
#NW10265,2025-01-20 16:54:00,2025-01,CUST-00611,Identified,POS,Northwood Toronto,paid,fulfilled,CAD,112.0,,0.0,0.0,14.56,126.56,0.0,126.56,1,1
#NW10266,2025-01-14 09:08:00,2025-01,CUST-00724,Identified,Online,Online Store,paid,fulfilled,CAD,88.0,,0.0,12.0,13.0,113.0,0.0,113.0,1,1
#NW10267,2025-01-30 15:57:00,2025-01,CUST-00955,Identified,Online,Online Store,paid,fulfilled,CAD,176.0,,0.0,0.0,22.88,198.88,0.0,198.88,2,1
#NW10268,2025-01-21 21:38:00,2025-01,CUST-00315,Identified,POS,Northwood Toronto,paid,fulfilled,CAD,96.0,,0.0,0.0,12.48,108.48,0.0,108.48,2,1
#NW10269,2025-01-08 13:10:00,2025-01,CUST-00152,Identified,Online,Online Store,paid,fulfilled,CAD,28.0,,0.0,12.0,5.2,45.2,0.0,45.2,1,1
#NW10270,2025-01-29 21:28:00,2025-01,CUST-00580,Identified,Online,Online Store,paid,fulfilled,CAD,48.0,,0.0,12.0,7.8,67.8,0.0,67.8,1,1
#NW10271,2025-01-06 09:09:00,2025-01,CUST-01600,Identified,POS,Northwood Toronto,paid,fulfilled,CAD,316.0,WELCOME10,31.6,0.0,36.97,321.37,0.0,321.37,2,1
#NW10272,2025-01-21 11:39:00,2025-01,CUST-01878,Identified,Online,Online Store,paid,fulfilled,CAD,332.0,,0.0,0.0,43.16,375.16,0.0,375.16,4,2
#NW10273,2025-01-26 11:58:00,2025-01,CUST-00079,Identified,Online,Online Store,paid,fulfilled,CAD,124.0,,0.0,12.0,17.68,153.68,0.0,153.68,3,2
#NW10274,2025-01-29 17:45:00,2025-01,CUST-00077,Identified,Online,Online Store,paid,fulfilled,CAD,128.0,,0.0,0.0,16.64,144.64,0.0,144.64,1,1
#NW10275,2025-01-06 09:41:00,2025-01,CUST-00188,Identified,Online,Online Store,paid,fulfilled,CAD,124.0,,0.0,12.0,17.68,153.68,0.0,153.68,3,2
#NW10276,2025-01-03 15:21:00,2025-01,CUST-00995,Identified,Online,Online Store,paid,fulfilled,CAD,118.0,HOLIDAY15,17.7,12.0,14.6,126.9,0.0,126.9,1,1
#NW10277,2025-01-12 11:50:00,2025-01,CUST-00535,Identified,Online,Online Store,paid,fulfilled,CAD,88.0,,0.0,12.0,13.0,113.0,0.0,113.0,1,1
#NW10278,2025-01-30 19:44:00,2025-01,CUST-00059,Identified,Online,Online Store,paid,fulfilled,CAD,72.0,,0.0,12.0,10.92,94.92,0.0,94.92,1,1
#NW10279,2025-01-03 20:20:00,2025-01,CUST-00706,Identified,Online,Online Store,paid,fulfilled,CAD,772.0,,0.0,0.0,100.36,872.36,0.0,872.36,4,3
#NW10280,2025-01-24 20:29:00,2025-01,CUST-00205,Identified,Online,Online Store,paid,fulfilled,CAD,78.0,,0.0,12.0,11.7,101.7,0.0,101.7,1,1
#NW10281,2025-01-14 10:56:00,2025-01,CUST-01259,Identified,Online,Online Store,partially_refunded,fulfilled,CAD,158.0,,0.0,0.0,20.54,178.54,96.44,82.1,1,1
#NW10282,2025-01-22 13:42:00,2025-01,CUST-01053,Identified,Online,Online Store,paid,fulfilled,CAD,38.0,,0.0,12.0,6.5,56.5,0.0,56.5,1,1
#NW10283,2025-01-05 20:21:00,2025-01,CUST-00299,Identified,Online,Online Store,paid,fulfilled,CAD,198.0,,0.0,0.0,25.74,223.74,0.0,223.74,3,3
#NW10284,2025-01-20 13:36:00,2025-01,CUST-00700,Identified,Online,Online Store,paid,fulfilled,CAD,436.0,,0.0,0.0,56.68,492.68,0.0,492.68,2,1
#NW10285,2025-01-04 09:04:00,2025-01,CUST-00262,Identified,POS,Northwood Toronto,paid,fulfilled,CAD,218.0,WELCOME10,21.8,0.0,25.51,221.71,0.0,221.71,1,1
#NW10286,2025-01-17 14:29:00,2025-01,CUST-00620,Identified,Online,Online Store,paid,fulfilled,CAD,128.0,,0.0,0.0,16.64,144.64,0.0,144.64,1,1
#NW10287,2025-01-28 17:31:00,2025-01,CUST-00468,Identified,Online,Online Store,paid,fulfilled,CAD,48.0,,0.0,12.0,7.8,67.8,0.0,67.8,1,1
#NW10288,2025-01-29 10:55:00,2025-01,CUST-01351,Identified,Online,Online Store,paid,fulfilled,CAD,542.0,,0.0,0.0,70.46,612.46,0.0,612.46,4,3
#NW10289,2025-01-18 17:50:00,2025-01,CUST-00777,Identified,Online,Online Store,paid,fulfilled,CAD,218.0,,0.0,0.0,28.34,246.34,0.0,246.34,1,1
#NW10290,2025-01-04 12:03:00,2025-01,CUST-01593,Identified,Online,Online Store,paid,fulfilled,CAD,744.0,,0.0,0.0,96.72,840.72,0.0,840.72,3,2
#NW10291,2025-01-16 11:44:00,2025-01,CUST-01944,Identified,Online,Online Store,paid,fulfilled,CAD,58.0,,0.0,12.0,9.1,79.1,0.0,79.1,1,1
#NW10292,2025-01-25 20:47:00,2025-01,CUST-00259,Identified,Online,Online Store,paid,fulfilled,CAD,246.0,,0.0,0.0,31.98,277.98,0.0,277.98,2,2
#NW10293,2025-01-14 18:45:00,2025-01,CUST-00831,Identified,Online,Online Store,paid,fulfilled,CAD,152.0,SPRING10,15.2,0.0,17.78,154.58,0.0,154.58,3,2
#NW10294,2025-01-31 17:39:00,2025-01,CUST-02016,Identified,Online,Online Store,paid,fulfilled,CAD,184.0,,0.0,0.0,23.92,207.92,0.0,207.92,2,2
#NW10295,2025-01-03 13:15:00,2025-01,CUST-01382,Identified,Online,Online Store,paid,fulfilled,CAD,68.0,,0.0,12.0,10.4,90.4,0.0,90.4,1,1
#NW10296,2025-01-02 18:47:00,2025-01,CUST-00995,Identified,POS,Northwood Toronto,paid,fulfilled,CAD,78.0,,0.0,0.0,10.14,88.14,0.0,88.14,1,1
#NW10297,2025-01-11 12:03:00,2025-01,CUST-01592,Identified,Online,Online Store,refunded,fulfilled,CAD,128.0,,0.0,0.0,16.64,144.64,144.64,0.0,1,1
#NW10298,2025-01-31 09:30:00,2025-01,CUST-00899,Identified,POS,Northwood Toronto,paid,fulfilled,CAD,180.0,,0.0,0.0,23.4,203.4,0.0,203.4,2,2
#NW10299,2025-01-29 18:16:00,2025-01,CUST-00495,Identified,Online,Online Store,paid,fulfilled,CAD,128.0,HOLIDAY15,19.2,0.0,14.14,122.94,0.0,122.94,1,1
#NW10300,2025-01-02 18:56:00,2025-01,CUST-00059,Identified,Online,Online Store,paid,fulfilled,CAD,184.0,HOLIDAY15,27.6,0.0,20.33,176.73,0.0,176.73,3,2
#NW10301,2025-01-21 11:07:00,2025-01,CUST-01188,Identified,Online,Online Store,paid,fulfilled,CAD,1128.0,,0.0,0.0,146.64,1274.64,0.0,1274.64,6,3
#NW10302,2025-01-28 20:38:00,2025-01,CUST-02236,Identified,Online,Online Store,paid,fulfilled,CAD,260.0,,0.0,0.0,33.8,293.8,0.0,293.8,4,2
#NW10303,2025-01-19 18:14:00,2025-01,CUST-01405,Identified,Online,Online Store,paid,fulfilled,CAD,76.0,,0.0,12.0,11.44,99.44,0.0,99.44,2,1
#NW10304,2025-01-27 18:41:00,2025-01,CUST-01318,Identified,Online,Online Store,paid,fulfilled,CAD,452.0,HOLIDAY15,67.8,0.0,49.95,434.15,0.0,434.15,4,4
#NW10305,2025-01-23 16:51:00,2025-01,CUST-00958,Identified,Online,Online Store,paid,fulfilled,CAD,248.0,,0.0,0.0,32.24,280.24,0.0,280.24,1,1
#NW10306,2025-01-06 21:43:00,2025-01,CUST-00187,Identified,Online,Online Store,voided,unfulfilled,CAD,88.0,,0.0,12.0,13.0,113.0,0.0,0.0,1,1
#NW10307,2025-01-26 09:25:00,2025-01,CUST-00711,Identified,POS,Northwood Toronto,paid,fulfilled,CAD,326.0,,0.0,0.0,42.38,368.38,0.0,368.38,2,2
#NW10308,2025-01-07 19:27:00,2025-01,CUST-01375,Identified,POS,Northwood Toronto,paid,fulfilled,CAD,48.0,,0.0,0.0,6.24,54.24,0.0,54.24,1,1
#NW10309,2025-01-26 18:37:00,2025-01,,Guest / Unidentified,POS,Northwood Toronto,paid,fulfilled,CAD,314.0,,0.0,0.0,40.82,354.82,0.0,354.82,3,3
#NW10310,2025-01-25 21:32:00,2025-01,CUST-00719,Identified,Online,Online Store,paid,fulfilled,CAD,760.0,,0.0,0.0,98.8,858.8,0.0,858.8,5,3
#NW10311,2025-01-15 09:22:00,2025-01,CUST-01122,Identified,Online,Online Store,paid,fulfilled,CAD,198.0,,0.0,0.0,25.74,223.74,0.0,223.74,1,1
#NW10312,2025-01-21 09:06:00,2025-01,CUST-00579,Identified,Online,Online Store,paid,fulfilled,CAD,336.0,,0.0,0.0,43.68,379.68,0.0,379.68,2,2
#NW10313,2025-01-30 14:28:00,2025-01,CUST-00822,Identified,Online,Online Store,paid,fulfilled,CAD,414.0,,0.0,0.0,53.82,467.82,0.0,467.82,3,3
#NW10314,2025-01-10 17:28:00,2025-01,CUST-00689,Identified,POS,Northwood Toronto,paid,fulfilled,CAD,88.0,FALL15,13.2,0.0,9.72,84.52,0.0,84.52,1,1
#NW10315,2025-01-20 20:52:00,2025-01,CUST-01516,Identified,Online,Online Store,paid,fulfilled,CAD,406.0,,0.0,0.0,52.78,458.78,0.0,458.78,2,2
#NW10316,2025-01-14 14:25:00,2025-01,CUST-02267,Identified,POS,Northwood Toronto,paid,fulfilled,CAD,176.0,,0.0,0.0,22.88,198.88,0.0,198.88,2,1
#NW10317,2025-01-17 16:45:00,2025-01,CUST-00975,Identified,Online,Online Store,paid,fulfilled,CAD,758.0,WELCOME10,75.8,0.0,88.69,770.89,0.0,770.89,6,4
#NW10318,2025-01-12 16:05:00,2025-01,CUST-01797,Identified,Online,Online Store,paid,fulfilled,CAD,118.0,,0.0,12.0,16.9,146.9,0.0,146.9,1,1
#NW10319,2025-01-25 19:04:00,2025-01,CUST-00998,Identified,Online,Online Store,paid,fulfilled,CAD,128.0,,0.0,0.0,16.64,144.64,0.0,144.64,1,1
#NW10320,2025-01-30 17:39:00,2025-01,CUST-00167,Identified,Online,Online Store,paid,fulfilled,CAD,248.0,,0.0,0.0,32.24,280.24,0.0,280.24,1,1
#NW10321,2025-01-13 20:27:00,2025-01,CUST-00547,Identified,Online,Online Store,paid,fulfilled,CAD,88.0,,0.0,12.0,13.0,113.0,0.0,113.0,1,1
#NW10322,2025-01-09 13:04:00,2025-01,CUST-00457,Identified,Online,Online Store,paid,fulfilled,CAD,376.0,,0.0,0.0,48.88,424.88,0.0,424.88,2,2
#NW10323,2025-01-24 19:19:00,2025-01,CUST-01541,Identified,Online,Online Store,paid,fulfilled,CAD,524.0,SPRING10,52.4,0.0,61.31,532.91,0.0,532.91,3,2
#NW10324,2025-01-13 12:29:00,2025-01,CUST-00647,Identified,Online,Online Store,paid,fulfilled,CAD,400.0,,0.0,0.0,52.0,452.0,0.0,452.0,4,2
#NW10325,2025-01-03 13:06:00,2025-01,CUST-01725,Identified,Online,Online Store,paid,fulfilled,CAD,130.0,,0.0,0.0,16.9,146.9,0.0,146.9,2,2
#NW10326,2025-01-21 15:02:00,2025-01,CUST-01995,Identified,Online,Online Store,paid,fulfilled,CAD,32.0,,0.0,12.0,5.72,49.72,0.0,49.72,1,1
#NW10327,2025-01-19 17:07:00,2025-01,CUST-00331,Identified,Online,Online Store,paid,fulfilled,CAD,48.0,,0.0,12.0,7.8,67.8,0.0,67.8,1,1
#NW10328,2025-01-20 18:42:00,2025-01,CUST-00027,Identified,Online,Online Store,paid,fulfilled,CAD,158.0,,0.0,0.0,20.54,178.54,0.0,178.54,1,1
#NW10329,2025-01-19 11:23:00,2025-01,CUST-00030,Identified,Online,Online Store,paid,fulfilled,CAD,304.0,,0.0,0.0,39.52,343.52,0.0,343.52,3,2
#NW10330,2025-01-08 11:06:00,2025-01,CUST-00735,Identified,Online,Online Store,paid,fulfilled,CAD,108.0,,0.0,12.0,15.6,135.6,0.0,135.6,1,1
#NW10331,2025-01-22 09:28:00,2025-01,CUST-00366,Identified,Online,Online Store,paid,fulfilled,CAD,186.0,FALL15,27.9,0.0,20.55,178.65,0.0,178.65,2,2
#NW10332,2025-01-23 17:58:00,2025-01,CUST-01163,Identified,POS,Northwood Toronto,paid,fulfilled,CAD,130.0,,0.0,0.0,16.9,146.9,0.0,146.9,2,2
#NW10333,2025-01-09 12:37:00,2025-01,CUST-00822,Identified,Online,Online Store,voided,unfulfilled,CAD,38.0,,0.0,12.0,6.5,56.5,0.0,0.0,1,1
#NW10334,2025-01-27 16:31:00,2025-01,CUST-01950,Identified,Online,Online Store,paid,fulfilled,CAD,376.0,,0.0,0.0,48.88,424.88,0.0,424.88,2,2
#NW10335,2025-01-24 17:22:00,2025-01,CUST-00520,Identified,Online,Online Store,paid,fulfilled,CAD,226.0,,0.0,0.0,29.38,255.38,0.0,255.38,2,2
#NW10336,2025-01-22 16:36:00,2025-01,CUST-00845,Identified,Online,Online Store,paid,fulfilled,CAD,128.0,,0.0,0.0,16.64,144.64,0.0,144.64,1,1
#NW10337,2025-01-06 10:18:00,2025-01,CUST-00346,Identified,Online,Online Store,paid,fulfilled,CAD,446.0,,0.0,0.0,57.98,503.98,0.0,503.98,2,2
#NW10338,2025-01-21 09:52:00,2025-01,CUST-01110,Identified,Online,Online Store,paid,fulfilled,CAD,496.0,,0.0,0.0,64.48,560.48,0.0,560.48,2,1
#NW10339,2025-01-12 20:42:00,2025-01,CUST-02143,Identified,Online,Online Store,paid,fulfilled,CAD,306.0,,0.0,0.0,39.78,345.78,0.0,345.78,2,2
#NW10340,2025-01-31 16:08:00,2025-01,CUST-01845,Identified,Online,Online Store,paid,fulfilled,CAD,248.0,SPRING10,24.8,0.0,29.02,252.22,0.0,252.22,1,1
#NW10341,2025-01-08 15:51:00,2025-01,CUST-01688,Identified,Online,Online Store,paid,fulfilled,CAD,126.0,FALL15,18.9,0.0,13.92,121.02,0.0,121.02,2,2
#NW10342,2025-01-28 11:45:00,2025-01,CUST-00980,Identified,Online,Online Store,partially_refunded,fulfilled,CAD,820.0,WELCOME10,82.0,0.0,95.94,833.94,189.60000000000002,644.34,5,3
#NW10343,2025-01-03 12:45:00,2025-01,CUST-00715,Identified,Online,Online Store,paid,fulfilled,CAD,216.0,,0.0,0.0,28.08,244.08,0.0,244.08,2,2
#NW10344,2025-01-24 15:35:00,2025-01,CUST-00155,Identified,Online,Online Store,paid,fulfilled,CAD,198.0,FALL15,29.7,0.0,21.88,190.18,0.0,190.18,1,1
#NW10345,2025-01-17 20:58:00,2025-01,CUST-00738,Identified,POS,Northwood Toronto,paid,fulfilled,CAD,292.0,,0.0,0.0,37.96,329.96,0.0,329.96,4,3
#NW10346,2025-01-19 10:12:00,2025-01,CUST-00831,Identified,Online,Online Store,paid,fulfilled,CAD,224.0,WELCOME10,22.4,0.0,26.21,227.81,0.0,227.81,3,2
#NW10347,2025-01-16 17:10:00,2025-01,CUST-02048,Identified,Online,Online Store,paid,fulfilled,CAD,312.0,,0.0,0.0,40.56,352.56,0.0,352.56,4,3
#NW10348,2025-01-30 14:30:00,2025-01,CUST-00361,Identified,Online,Online Store,paid,fulfilled,CAD,128.0,WELCOME10,12.8,0.0,14.98,130.18,0.0,130.18,1,1
#NW10349,2025-01-12 20:08:00,2025-01,CUST-01234,Identified,Online,Online Store,paid,fulfilled,CAD,38.0,SPRING10,3.8,12.0,6.01,52.21,0.0,52.21,1,1
#NW10350,2025-01-12 20:43:00,2025-01,CUST-01425,Identified,Online,Online Store,paid,fulfilled,CAD,266.0,,0.0,0.0,34.58,300.58,0.0,300.58,2,2
#NW10351,2025-01-26 11:27:00,2025-01,CUST-01716,Identified,POS,Northwood Toronto,paid,fulfilled,CAD,514.0,,0.0,0.0,66.82,580.82,0.0,580.82,3,2
#NW10352,2025-01-24 10:10:00,2025-01,CUST-00019,Identified,Online,Online Store,paid,fulfilled,CAD,694.0,,0.0,0.0,90.22,784.22,0.0,784.22,3,2
#NW10353,2025-01-03 12:46:00,2025-01,CUST-00372,Identified,Online,Online Store,paid,fulfilled,CAD,172.0,,0.0,0.0,22.36,194.36,0.0,194.36,4,2
#NW10354,2025-01-20 14:08:00,2025-01,CUST-00966,Identified,Online,Online Store,paid,fulfilled,CAD,244.0,,0.0,0.0,31.72,275.72,0.0,275.72,3,2
#NW10355,2025-01-10 17:45:00,2025-01,CUST-00787,Identified,POS,Northwood Toronto,paid,fulfilled,CAD,116.0,,0.0,0.0,15.08,131.08,0.0,131.08,2,1
#NW10356,2025-01-10 14:18:00,2025-01,CUST-00482,Identified,Online,Online Store,paid,fulfilled,CAD,112.0,,0.0,12.0,16.12,140.12,0.0,140.12,1,1
#NW10357,2025-01-16 12:16:00,2025-01,CUST-02172,Identified,POS,Northwood Toronto,paid,fulfilled,CAD,302.0,,0.0,0.0,39.26,341.26,0.0,341.26,3,2
#NW10358,2025-01-11 12:36:00,2025-01,CUST-00392,Identified,Online,Online Store,paid,fulfilled,CAD,968.0,,0.0,0.0,125.84,1093.84,0.0,1093.84,6,4
#NW10359,2025-01-14 19:01:00,2025-01,CUST-01483,Identified,Online,Online Store,paid,fulfilled,CAD,88.0,,0.0,12.0,13.0,113.0,0.0,113.0,1,1
#NW10360,2025-01-01 11:44:00,2025-01,CUST-02211,Identified,Online,Online Store,paid,fulfilled,CAD,196.0,,0.0,0.0,25.48,221.48,0.0,221.48,2,1
#NW10361,2025-01-14 12:50:00,2025-01,CUST-02079,Identified,Online,Online Store,paid,fulfilled,CAD,216.0,,0.0,0.0,28.08,244.08,0.0,244.08,2,1
#NW10362,2025-01-09 16:39:00,2025-01,CUST-01944,Identified,Online,Online Store,paid,fulfilled,CAD,256.0,,0.0,0.0,33.28,289.28,0.0,289.28,2,1
#NW10363,2025-01-13 20:15:00,2025-01,CUST-01902,Identified,Online,Online Store,paid,fulfilled,CAD,72.0,,0.0,12.0,10.92,94.92,0.0,94.92,1,1
#NW10364,2025-01-31 16:32:00,2025-01,CUST-00998,Identified,POS,Northwood Toronto,paid,fulfilled,CAD,158.0,,0.0,0.0,20.54,178.54,0.0,178.54,1,1
#NW10365,2025-01-27 09:54:00,2025-01,CUST-00068,Identified,Online,Online Store,paid,fulfilled,CAD,118.0,,0.0,12.0,16.9,146.9,0.0,146.9,1,1
#NW10366,2025-01-07 15:39:00,2025-01,CUST-00611,Identified,POS,Northwood Toronto,paid,fulfilled,CAD,28.0,,0.0,0.0,3.64,31.64,0.0,31.64,1,1
#NW10367,2025-01-21 13:46:00,2025-01,CUST-00853,Identified,Online,Online Store,paid,fulfilled,CAD,236.0,,0.0,0.0,30.68,266.68,0.0,266.68,2,2
#NW10368,2025-01-09 09:27:00,2025-01,CUST-01133,Identified,Online,Online Store,paid,fulfilled,CAD,158.0,,0.0,0.0,20.54,178.54,0.0,178.54,1,1
#NW10369,2025-01-10 20:21:00,2025-01,CUST-01196,Identified,Online,Online Store,paid,fulfilled,CAD,136.0,FALL15,20.4,0.0,15.03,130.63,0.0,130.63,2,1
#NW10370,2025-01-16 19:55:00,2025-01,,Guest / Unidentified,POS,Northwood Toronto,paid,fulfilled,CAD,218.0,,0.0,0.0,28.34,246.34,0.0,246.34,1,1
#NW10371,2025-01-29 16:55:00,2025-01,CUST-01830,Identified,POS,Northwood Toronto,paid,fulfilled,CAD,356.0,,0.0,0.0,46.28,402.28,0.0,402.28,2,2
#NW10372,2025-01-23 11:46:00,2025-01,CUST-00612,Identified,Online,Online Store,paid,fulfilled,CAD,156.0,,0.0,0.0,20.28,176.28,0.0,176.28,2,2
#NW10373,2025-01-12 19:08:00,2025-01,CUST-01944,Identified,Online,Online Store,paid,fulfilled,CAD,342.0,,0.0,0.0,44.46,386.46,0.0,386.46,3,2
#NW10374,2025-01-29 15:20:00,2025-01,CUST-01351,Identified,Online,Online Store,paid,fulfilled,CAD,180.0,,0.0,0.0,23.4,203.4,0.0,203.4,2,2
#NW10375,2025-01-09 13:18:00,2025-01,CUST-00723,Identified,POS,Northwood Toronto,paid,fulfilled,CAD,88.0,SPRING10,8.8,0.0,10.3,89.5,0.0,89.5,1,1
#NW10376,2025-01-13 19:43:00,2025-01,CUST-00655,Identified,Online,Online Store,paid,fulfilled,CAD,118.0,,0.0,12.0,16.9,146.9,0.0,146.9,1,1
#NW10377,2025-01-14 13:17:00,2025-01,CUST-00177,Identified,Online,Online Store,paid,fulfilled,CAD,120.0,,0.0,12.0,17.16,149.16,0.0,149.16,2,2
#NW10378,2025-01-17 12:03:00,2025-01,CUST-00222,Identified,Online,Online Store,paid,fulfilled,CAD,78.0,WELCOME10,7.8,12.0,10.69,92.89,0.0,92.89,1,1
#NW10379,2025-01-02 16:57:00,2025-01,CUST-01492,Identified,Online,Online Store,paid,fulfilled,CAD,248.0,,0.0,0.0,32.24,280.24,0.0,280.24,1,1
#NW10380,2025-01-18 15:43:00,2025-01,CUST-01168,Identified,Online,Online Store,paid,fulfilled,CAD,196.0,,0.0,0.0,25.48,221.48,0.0,221.48,2,1
#NW10381,2025-01-06 20:55:00,2025-01,CUST-00859,Identified,Online,Online Store,paid,fulfilled,CAD,248.0,WELCOME10,24.8,0.0,29.02,252.22,0.0,252.22,1,1
#NW10382,2025-01-03 14:25:00,2025-01,CUST-01781,Identified,Online,Online Store,paid,fulfilled,CAD,38.0,WELCOME10,3.8,12.0,6.01,52.21,0.0,52.21,1,1
#NW10383,2025-01-25 19:07:00,2025-01,CUST-01294,Identified,POS,Northwood Toronto,paid,fulfilled,CAD,88.0,,0.0,0.0,11.44,99.44,0.0,99.44,1,1
#NW10384,2025-01-15 14:38:00,2025-01,CUST-01370,Identified,Online,Online Store,paid,fulfilled,CAD,108.0,,0.0,12.0,15.6,135.6,0.0,135.6,1,1
#NW10385,2025-01-10 19:00:00,2025-01,CUST-01857,Identified,Online,Online Store,paid,fulfilled,CAD,474.0,,0.0,0.0,61.62,535.62,0.0,535.62,3,2
#NW10386,2025-01-12 19:26:00,2025-01,CUST-00178,Identified,Online,Online Store,paid,fulfilled,CAD,38.0,,0.0,12.0,6.5,56.5,0.0,56.5,1,1
#NW10387,2025-01-07 10:44:00,2025-01,CUST-00428,Identified,POS,Northwood Toronto,paid,fulfilled,CAD,274.0,HOLIDAY15,41.1,0.0,30.28,263.18,0.0,263.18,3,2
#NW10388,2025-01-01 21:05:00,2025-01,CUST-00711,Identified,Online,Online Store,paid,fulfilled,CAD,354.0,,0.0,0.0,46.02,400.02,0.0,400.02,4,3
#NW10389,2025-01-19 15:20:00,2025-01,CUST-01196,Identified,Online,Online Store,paid,fulfilled,CAD,248.0,,0.0,0.0,32.24,280.24,0.0,280.24,1,1
#NW10390,2025-01-30 17:48:00,2025-01,CUST-02202,Identified,POS,Northwood Toronto,paid,fulfilled,CAD,182.0,,0.0,0.0,23.66,205.66,0.0,205.66,3,2
#NW10391,2025-01-29 19:16:00,2025-01,CUST-00721,Identified,POS,Northwood Toronto,paid,fulfilled,CAD,118.0,,0.0,0.0,15.34,133.34,0.0,133.34,1,1
#NW10392,2025-01-17 13:25:00,2025-01,CUST-00648,Identified,Online,Online Store,refunded,fulfilled,CAD,700.0,,0.0,0.0,91.0,791.0,791.01,-0.009999999999990905,5,3
#NW10393,2025-01-06 21:26:00,2025-01,CUST-00647,Identified,Online,Online Store,paid,fulfilled,CAD,516.0,,0.0,0.0,67.08,583.08,0.0,583.08,4,3
#NW10394,2025-01-16 13:26:00,2025-01,CUST-00120,Identified,Online,Online Store,paid,fulfilled,CAD,664.0,,0.0,0.0,86.32,750.32,0.0,750.32,3,3
#NW10395,2025-01-25 15:02:00,2025-01,CUST-01987,Identified,Online,Online Store,paid,fulfilled,CAD,98.0,,0.0,12.0,14.3,124.3,0.0,124.3,1,1
#NW10396,2025-01-11 12:11:00,2025-01,CUST-02110,Identified,Online,Online Store,partially_refunded,fulfilled,CAD,226.0,,0.0,0.0,29.38,255.38,77.48,177.89999999999998,2,2
#NW10397,2025-01-23 21:36:00,2025-01,CUST-01515,Identified,Online,Online Store,paid,fulfilled,CAD,68.0,,0.0,12.0,10.4,90.4,0.0,90.4,1,1
#NW10398,2025-01-12 15:33:00,2025-01,CUST-00291,Identified,Online,Online Store,paid,fulfilled,CAD,72.0,,0.0,12.0,10.92,94.92,0.0,94.92,1,1
#NW10399,2025-01-21 12:37:00,2025-01,CUST-00964,Identified,Online,Online Store,paid,fulfilled,CAD,88.0,,0.0,12.0,13.0,113.0,0.0,113.0,1,1
#NW10400,2025-01-27 09:17:00,2025-01,CUST-01822,Identified,POS,Northwood Toronto,voided,unfulfilled,CAD,584.0,WELCOME10,58.4,0.0,68.33,593.93,0.0,0.0,5,3
#NW10401,2025-01-12 21:58:00,2025-01,CUST-01993,Identified,Online,Online Store,paid,fulfilled,CAD,88.0,,0.0,12.0,13.0,113.0,0.0,113.0,1,1
#NW10402,2025-01-28 19:24:00,2025-01,CUST-00724,Identified,Online,Online Store,paid,fulfilled,CAD,800.0,,0.0,0.0,104.0,904.0,0.0,904.0,5,4
#NW10403,2025-01-28 15:24:00,2025-01,CUST-01336,Identified,Online,Online Store,paid,fulfilled,CAD,666.0,,0.0,0.0,86.58,752.58,0.0,752.58,6,4
#NW10404,2025-01-04 17:22:00,2025-01,CUST-01717,Identified,Online,Online Store,paid,fulfilled,CAD,248.0,,0.0,0.0,32.24,280.24,0.0,280.24,1,1
#NW10405,2025-01-23 13:44:00,2025-01,CUST-00256,Identified,POS,Northwood Toronto,paid,fulfilled,CAD,136.0,SPRING10,13.6,0.0,15.91,138.31,0.0,138.31,2,1
#NW10406,2025-01-26 16:42:00,2025-01,CUST-01335,Identified,Online,Online Store,paid,fulfilled,CAD,72.0,,0.0,12.0,10.92,94.92,0.0,94.92,1,1
#NW10407,2025-01-16 13:05:00,2025-01,CUST-00289,Identified,Online,Online Store,paid,fulfilled,CAD,246.0,,0.0,0.0,31.98,277.98,0.0,277.98,2,2
#NW10408,2025-01-12 17:49:00,2025-01,CUST-00452,Identified,Online,Online Store,paid,fulfilled,CAD,176.0,,0.0,0.0,22.88,198.88,0.0,198.88,2,1
#NW10409,2025-01-06 10:26:00,2025-01,CUST-01336,Identified,Online,Online Store,paid,fulfilled,CAD,292.0,,0.0,0.0,37.96,329.96,0.0,329.96,3,2
#NW10410,2025-01-24 17:30:00,2025-01,CUST-00299,Identified,Online,Online Store,paid,fulfilled,CAD,312.0,,0.0,0.0,40.56,352.56,0.0,352.56,4,3
#NW10411,2025-01-21 17:33:00,2025-01,CUST-01634,Identified,Online,Online Store,paid,fulfilled,CAD,246.0,SPRING10,24.6,0.0,28.78,250.18,0.0,250.18,2,2
#NW10412,2025-01-16 14:57:00,2025-01,CUST-00972,Identified,Online,Online Store,paid,fulfilled,CAD,198.0,,0.0,0.0,25.74,223.74,0.0,223.74,1,1
#NW10413,2025-01-04 09:31:00,2025-01,CUST-01690,Identified,Online,Online Store,paid,fulfilled,CAD,112.0,,0.0,12.0,16.12,140.12,0.0,140.12,1,1
#NW10414,2025-01-11 17:00:00,2025-01,CUST-00820,Identified,Online,Online Store,paid,fulfilled,CAD,216.0,,0.0,0.0,28.08,244.08,0.0,244.08,2,1
#NW10415,2025-01-02 18:46:00,2025-01,CUST-00579,Identified,Online,Online Store,paid,fulfilled,CAD,148.0,,0.0,0.0,19.24,167.24,0.0,167.24,3,3
#NW10416,2025-01-25 17:51:00,2025-01,CUST-00436,Identified,Online,Online Store,paid,fulfilled,CAD,186.0,,0.0,0.0,24.18,210.18,0.0,210.18,2,2
#NW10417,2025-01-03 19:27:00,2025-01,CUST-00302,Identified,Online,Online Store,paid,fulfilled,CAD,396.0,,0.0,0.0,51.48,447.48,0.0,447.48,2,2
#NW10418,2025-01-25 12:11:00,2025-01,CUST-01930,Identified,Online,Online Store,paid,fulfilled,CAD,304.0,,0.0,0.0,39.52,343.52,0.0,343.52,3,3
#NW10419,2025-01-30 15:38:00,2025-01,CUST-01985,Identified,POS,Northwood Toronto,paid,fulfilled,CAD,512.0,,0.0,0.0,66.56,578.56,0.0,578.56,4,4
#NW10420,2025-01-17 18:04:00,2025-01,CUST-00223,Identified,Online,Online Store,paid,fulfilled,CAD,256.0,,0.0,0.0,33.28,289.28,0.0,289.28,2,1
#NW10421,2025-01-30 17:32:00,2025-01,CUST-01786,Identified,Online,Online Store,paid,fulfilled,CAD,128.0,,0.0,0.0,16.64,144.64,0.0,144.64,1,1
#NW10422,2025-01-02 12:53:00,2025-01,CUST-01889,Identified,Online,Online Store,paid,fulfilled,CAD,316.0,,0.0,0.0,41.08,357.08,0.0,357.08,2,1
#NW10423,2025-01-11 18:41:00,2025-01,CUST-00445,Identified,Online,Online Store,paid,fulfilled,CAD,444.0,,0.0,0.0,57.72,501.72,0.0,501.72,3,3
#NW10424,2025-01-11 17:21:00,2025-01,CUST-01864,Identified,Online,Online Store,paid,fulfilled,CAD,166.0,,0.0,0.0,21.58,187.58,0.0,187.58,2,2
#NW10425,2025-01-07 14:48:00,2025-01,CUST-00730,Identified,POS,Northwood Toronto,paid,fulfilled,CAD,248.0,,0.0,0.0,32.24,280.24,0.0,280.24,1,1
#NW10426,2025-01-08 18:20:00,2025-01,CUST-01587,Identified,Online,Online Store,paid,fulfilled,CAD,72.0,FALL15,10.8,12.0,9.52,82.72,0.0,82.72,1,1
#NW10427,2025-01-04 15:55:00,2025-01,CUST-01530,Identified,Online,Online Store,paid,fulfilled,CAD,248.0,,0.0,0.0,32.24,280.24,0.0,280.24,1,1
#NW10428,2025-01-19 19:47:00,2025-01,CUST-01373,Identified,POS,Northwood Toronto,paid,fulfilled,CAD,256.0,,0.0,0.0,33.28,289.28,0.0,289.28,2,2
#NW10429,2025-01-10 09:54:00,2025-01,CUST-01875,Identified,Online,Online Store,paid,fulfilled,CAD,76.0,SPRING10,7.6,12.0,10.45,90.85,0.0,90.85,2,1
#NW10430,2025-01-30 10:02:00,2025-01,CUST-00796,Identified,Online,Online Store,paid,fulfilled,CAD,278.0,,0.0,0.0,36.14,314.14,0.0,314.14,3,3
#NW10431,2025-02-11 12:42:00,2025-02,CUST-01469,Identified,Online,Online Store,paid,fulfilled,CAD,398.0,,0.0,0.0,51.74,449.74,0.0,449.74,3,3
#NW10432,2025-02-11 13:42:00,2025-02,CUST-01105,Identified,Online,Online Store,paid,fulfilled,CAD,572.0,HOLIDAY15,85.8,0.0,63.21,549.41,0.0,549.41,4,3
#NW10433,2025-02-13 20:55:00,2025-02,CUST-00829,Identified,Online,Online Store,paid,fulfilled,CAD,28.0,,0.0,12.0,5.2,45.2,0.0,45.2,1,1
#NW10434,2025-02-12 20:48:00,2025-02,CUST-01376,Identified,Online,Online Store,paid,fulfilled,CAD,118.0,WELCOME10,11.8,12.0,15.37,133.57,0.0,133.57,1,1
#NW10435,2025-02-20 09:33:00,2025-02,CUST-02172,Identified,POS,Northwood Toronto,paid,fulfilled,CAD,128.0,,0.0,0.0,16.64,144.64,0.0,144.64,1,1
#NW10436,2025-02-28 11:43:00,2025-02,CUST-00132,Identified,Online,Online Store,paid,fulfilled,CAD,284.0,,0.0,0.0,36.92,320.92,0.0,320.92,3,2
#NW10437,2025-02-09 18:36:00,2025-02,CUST-00719,Identified,Online,Online Store,paid,fulfilled,CAD,356.0,,0.0,0.0,46.28,402.28,0.0,402.28,2,2
#NW10438,2025-02-09 12:16:00,2025-02,CUST-01497,Identified,Online,Online Store,paid,fulfilled,CAD,176.0,,0.0,0.0,22.88,198.88,0.0,198.88,2,2
#NW10439,2025-02-02 15:31:00,2025-02,CUST-00560,Identified,POS,Northwood Toronto,paid,fulfilled,CAD,194.0,,0.0,0.0,25.22,219.22,0.0,219.22,3,2
#NW10440,2025-02-12 21:36:00,2025-02,CUST-00456,Identified,Online,Online Store,paid,fulfilled,CAD,572.0,HOLIDAY15,85.8,0.0,63.21,549.41,0.0,549.41,4,3
#NW10441,2025-02-10 10:29:00,2025-02,CUST-01907,Identified,Online,Online Store,paid,fulfilled,CAD,136.0,SPRING10,13.6,0.0,15.91,138.31,0.0,138.31,2,1
#NW10442,2025-02-01 18:24:00,2025-02,CUST-01879,Identified,Online,Online Store,paid,fulfilled,CAD,286.0,SPRING10,28.6,0.0,33.46,290.86,0.0,290.86,2,2
#NW10443,2025-02-15 18:10:00,2025-02,CUST-01714,Identified,Online,Online Store,paid,fulfilled,CAD,118.0,,0.0,12.0,16.9,146.9,0.0,146.9,1,1
#NW10444,2025-02-27 19:29:00,2025-02,CUST-00702,Identified,Online,Online Store,paid,fulfilled,CAD,394.0,,0.0,0.0,51.22,445.22,0.0,445.22,3,3
#NW10445,2025-02-02 15:56:00,2025-02,CUST-00059,Identified,Online,Online Store,paid,fulfilled,CAD,84.0,,0.0,12.0,12.48,108.48,0.0,108.48,2,1
#NW10446,2025-02-13 17:42:00,2025-02,CUST-00901,Identified,Online,Online Store,paid,fulfilled,CAD,248.0,,0.0,0.0,32.24,280.24,0.0,280.24,3,2
#NW10447,2025-02-01 16:23:00,2025-02,CUST-01209,Identified,Online,Online Store,paid,fulfilled,CAD,326.0,HOLIDAY15,48.9,0.0,36.02,313.12,0.0,313.12,2,2
#NW10448,2025-02-13 14:51:00,2025-02,CUST-00643,Identified,Online,Online Store,paid,fulfilled,CAD,88.0,,0.0,12.0,13.0,113.0,0.0,113.0,1,1
#NW10449,2025-02-13 18:00:00,2025-02,CUST-00697,Identified,Online,Online Store,paid,fulfilled,CAD,372.0,,0.0,0.0,48.36,420.36,0.0,420.36,5,4
#NW10450,2025-02-05 13:44:00,2025-02,CUST-02265,Identified,Online,Online Store,paid,fulfilled,CAD,42.0,,0.0,12.0,7.02,61.02,0.0,61.02,1,1
#NW10451,2025-02-03 11:55:00,2025-02,CUST-00289,Identified,POS,Northwood Toronto,paid,fulfilled,CAD,504.0,,0.0,0.0,65.52,569.52,0.0,569.52,3,2
#NW10452,2025-02-16 12:39:00,2025-02,CUST-00355,Identified,Online,Online Store,paid,fulfilled,CAD,38.0,,0.0,12.0,6.5,56.5,0.0,56.5,1,1
#NW10453,2025-02-17 13:43:00,2025-02,CUST-01687,Identified,Online,Online Store,paid,fulfilled,CAD,364.0,,0.0,0.0,47.32,411.32,0.0,411.32,3,2
#NW10454,2025-02-28 14:55:00,2025-02,CUST-02138,Identified,Online,Online Store,paid,fulfilled,CAD,366.0,,0.0,0.0,47.58,413.58,0.0,413.58,2,2
#NW10455,2025-02-02 11:16:00,2025-02,CUST-02110,Identified,Online,Online Store,paid,fulfilled,CAD,218.0,,0.0,0.0,28.34,246.34,0.0,246.34,1,1
#NW10456,2025-02-04 19:53:00,2025-02,CUST-00887,Identified,Online,Online Store,paid,fulfilled,CAD,110.0,,0.0,12.0,15.86,137.86,0.0,137.86,2,2
#NW10457,2025-02-25 12:20:00,2025-02,CUST-01940,Identified,Online,Online Store,paid,fulfilled,CAD,128.0,,0.0,0.0,16.64,144.64,0.0,144.64,1,1
#NW10458,2025-02-16 21:53:00,2025-02,CUST-01896,Identified,Online,Online Store,paid,fulfilled,CAD,342.0,,0.0,0.0,44.46,386.46,0.0,386.46,3,2
#NW10459,2025-02-26 18:32:00,2025-02,CUST-00372,Identified,Online,Online Store,paid,fulfilled,CAD,288.0,,0.0,0.0,37.44,325.44,0.0,325.44,3,2
#NW10460,2025-02-14 17:24:00,2025-02,CUST-00060,Identified,Online,Online Store,paid,fulfilled,CAD,56.0,,0.0,12.0,8.84,76.84,0.0,76.84,2,1
#NW10461,2025-02-26 19:12:00,2025-02,CUST-01234,Identified,Online,Online Store,paid,fulfilled,CAD,28.0,,0.0,12.0,5.2,45.2,0.0,45.2,1,1
#NW10462,2025-02-28 13:43:00,2025-02,CUST-01011,Identified,Online,Online Store,paid,fulfilled,CAD,562.0,,0.0,0.0,73.06,635.06,0.0,635.06,4,3
#NW10463,2025-02-02 10:24:00,2025-02,CUST-01092,Identified,Online,Online Store,paid,fulfilled,CAD,284.0,,0.0,0.0,36.92,320.92,0.0,320.92,3,2
#NW10464,2025-02-01 21:26:00,2025-02,CUST-01878,Identified,Online,Online Store,partially_refunded,fulfilled,CAD,720.0,,0.0,0.0,93.6,813.6,434.82,378.78000000000003,5,3
#NW10465,2025-02-19 11:59:00,2025-02,CUST-01779,Identified,Online,Online Store,partially_refunded,fulfilled,CAD,98.0,,0.0,12.0,14.3,124.3,40.52,83.78,1,1
#NW10466,2025-02-04 10:48:00,2025-02,CUST-00911,Identified,Online,Online Store,paid,fulfilled,CAD,218.0,,0.0,0.0,28.34,246.34,0.0,246.34,1,1
#NW10467,2025-02-07 15:22:00,2025-02,CUST-00611,Identified,POS,Northwood Toronto,paid,fulfilled,CAD,254.0,,0.0,0.0,33.02,287.02,0.0,287.02,3,2
#NW10468,2025-02-11 11:19:00,2025-02,CUST-01896,Identified,Online,Online Store,paid,fulfilled,CAD,176.0,,0.0,0.0,22.88,198.88,0.0,198.88,2,1
#NW10469,2025-02-21 15:28:00,2025-02,CUST-00021,Identified,Online,Online Store,paid,fulfilled,CAD,72.0,,0.0,12.0,10.92,94.92,0.0,94.92,1,1
#NW10470,2025-02-02 13:44:00,2025-02,CUST-01712,Identified,Online,Online Store,paid,fulfilled,CAD,38.0,,0.0,12.0,6.5,56.5,0.0,56.5,1,1
#NW10471,2025-02-20 09:16:00,2025-02,CUST-00182,Identified,POS,Northwood Toronto,paid,fulfilled,CAD,118.0,,0.0,0.0,15.34,133.34,0.0,133.34,1,1
#NW10472,2025-02-13 17:25:00,2025-02,CUST-00165,Identified,Online,Online Store,paid,fulfilled,CAD,406.0,,0.0,0.0,52.78,458.78,0.0,458.78,4,3
#NW10473,2025-02-26 18:25:00,2025-02,,Guest / Unidentified,POS,Northwood Toronto,paid,fulfilled,CAD,388.0,,0.0,0.0,50.44,438.44,0.0,438.44,3,3
#NW10474,2025-02-27 10:42:00,2025-02,CUST-02066,Identified,Online,Online Store,paid,fulfilled,CAD,320.0,,0.0,0.0,41.6,361.6,0.0,361.6,2,2
#NW10475,2025-02-05 20:21:00,2025-02,CUST-00138,Identified,Online,Online Store,paid,fulfilled,CAD,182.0,,0.0,0.0,23.66,205.66,0.0,205.66,3,2
#NW10476,2025-02-21 11:31:00,2025-02,CUST-01744,Identified,Online,Online Store,paid,fulfilled,CAD,68.0,,0.0,12.0,10.4,90.4,0.0,90.4,1,1
#NW10477,2025-02-05 15:29:00,2025-02,CUST-02176,Identified,Online,Online Store,paid,fulfilled,CAD,460.0,,0.0,0.0,59.8,519.8,0.0,519.8,5,4
#NW10478,2025-02-07 18:11:00,2025-02,CUST-01616,Identified,Online,Online Store,paid,fulfilled,CAD,158.0,,0.0,0.0,20.54,178.54,0.0,178.54,1,1
#NW10479,2025-02-04 13:23:00,2025-02,CUST-01964,Identified,Online,Online Store,paid,fulfilled,CAD,198.0,,0.0,0.0,25.74,223.74,0.0,223.74,1,1
#NW10480,2025-02-03 18:25:00,2025-02,CUST-00402,Identified,Online,Online Store,paid,fulfilled,CAD,172.0,,0.0,0.0,22.36,194.36,0.0,194.36,3,2
#NW10481,2025-02-05 17:55:00,2025-02,CUST-00853,Identified,Online,Online Store,paid,fulfilled,CAD,230.0,,0.0,0.0,29.9,259.9,0.0,259.9,2,2
#NW10482,2025-02-09 10:17:00,2025-02,CUST-02029,Identified,Online,Online Store,paid,fulfilled,CAD,98.0,,0.0,12.0,14.3,124.3,0.0,124.3,1,1
#NW10483,2025-02-08 17:58:00,2025-02,CUST-00986,Identified,Online,Online Store,paid,fulfilled,CAD,434.0,SPRING10,43.4,0.0,50.78,441.38,0.0,441.38,3,2
#NW10484,2025-02-25 20:45:00,2025-02,CUST-00341,Identified,Online,Online Store,paid,fulfilled,CAD,256.0,,0.0,0.0,33.28,289.28,0.0,289.28,2,2
#NW10485,2025-02-26 20:46:00,2025-02,CUST-02288,Identified,Online,Online Store,paid,fulfilled,CAD,396.0,HOLIDAY15,59.4,0.0,43.76,380.36,0.0,380.36,2,1
#NW10486,2025-02-08 21:30:00,2025-02,CUST-00051,Identified,POS,Northwood Toronto,paid,fulfilled,CAD,356.0,,0.0,0.0,46.28,402.28,0.0,402.28,2,2
#NW10487,2025-02-19 16:30:00,2025-02,CUST-01666,Identified,Online,Online Store,paid,fulfilled,CAD,108.0,,0.0,12.0,15.6,135.6,0.0,135.6,1,1
#NW10488,2025-02-23 09:09:00,2025-02,CUST-00893,Identified,Online,Online Store,paid,fulfilled,CAD,216.0,HOLIDAY15,32.4,0.0,23.87,207.47,0.0,207.47,2,1
#NW10489,2025-02-17 19:47:00,2025-02,CUST-00544,Identified,Online,Online Store,paid,fulfilled,CAD,306.0,,0.0,0.0,39.78,345.78,0.0,345.78,4,3
#NW10490,2025-02-12 17:31:00,2025-02,CUST-01469,Identified,POS,Northwood Toronto,paid,fulfilled,CAD,196.0,,0.0,0.0,25.48,221.48,0.0,221.48,2,1
#NW10491,2025-02-12 17:20:00,2025-02,CUST-01993,Identified,Online,Online Store,paid,fulfilled,CAD,362.0,,0.0,0.0,47.06,409.06,0.0,409.06,4,3
#NW10492,2025-02-12 11:09:00,2025-02,CUST-00610,Identified,Online,Online Store,paid,fulfilled,CAD,364.0,,0.0,0.0,47.32,411.32,0.0,411.32,3,2
#NW10493,2025-02-07 18:57:00,2025-02,CUST-00372,Identified,Online,Online Store,paid,fulfilled,CAD,236.0,,0.0,0.0,30.68,266.68,0.0,266.68,2,1
#NW10494,2025-02-27 19:06:00,2025-02,CUST-02309,Identified,Online,Online Store,paid,fulfilled,CAD,118.0,,0.0,12.0,16.9,146.9,0.0,146.9,1,1
#NW10495,2025-02-24 13:31:00,2025-02,CUST-01966,Identified,Online,Online Store,paid,fulfilled,CAD,436.0,,0.0,0.0,56.68,492.68,0.0,492.68,2,2
#NW10496,2025-02-23 19:08:00,2025-02,CUST-01249,Identified,Online,Online Store,paid,fulfilled,CAD,28.0,,0.0,12.0,5.2,45.2,0.0,45.2,1,1
#NW10497,2025-02-05 12:33:00,2025-02,CUST-00663,Identified,Online,Online Store,paid,fulfilled,CAD,248.0,,0.0,0.0,32.24,280.24,0.0,280.24,1,1
#NW10498,2025-02-23 21:48:00,2025-02,CUST-01882,Identified,Online,Online Store,paid,fulfilled,CAD,72.0,,0.0,12.0,10.92,94.92,0.0,94.92,1,1
#NW10499,2025-02-13 16:06:00,2025-02,CUST-01940,Identified,Online,Online Store,paid,fulfilled,CAD,220.0,,0.0,0.0,28.6,248.6,0.0,248.6,2,2
#NW10500,2025-02-14 16:02:00,2025-02,CUST-00100,Identified,Online,Online Store,paid,fulfilled,CAD,158.0,,0.0,0.0,20.54,178.54,0.0,178.54,1,1
#NW10501,2025-02-02 14:51:00,2025-02,CUST-00794,Identified,POS,Northwood Toronto,paid,fulfilled,CAD,354.0,,0.0,0.0,46.02,400.02,0.0,400.02,3,2
#NW10502,2025-02-08 11:43:00,2025-02,CUST-00222,Identified,Online,Online Store,paid,fulfilled,CAD,158.0,,0.0,0.0,20.54,178.54,0.0,178.54,1,1
#NW10503,2025-02-25 18:05:00,2025-02,CUST-01108,Identified,Online,Online Store,paid,fulfilled,CAD,344.0,,0.0,0.0,44.72,388.72,0.0,388.72,3,2
#NW10504,2025-02-26 12:30:00,2025-02,CUST-00366,Identified,Online,Online Store,voided,unfulfilled,CAD,156.0,,0.0,0.0,20.28,176.28,0.0,0.0,2,2
#NW10505,2025-02-04 12:30:00,2025-02,CUST-00755,Identified,POS,Northwood Toronto,paid,fulfilled,CAD,158.0,,0.0,0.0,20.54,178.54,0.0,178.54,1,1
#NW10506,2025-02-07 12:19:00,2025-02,CUST-01518,Identified,Online,Online Store,paid,fulfilled,CAD,108.0,,0.0,12.0,15.6,135.6,0.0,135.6,1,1
#NW10507,2025-02-02 16:50:00,2025-02,CUST-00663,Identified,Online,Online Store,paid,fulfilled,CAD,630.0,,0.0,0.0,81.9,711.9,0.0,711.9,5,4
#NW10508,2025-02-02 14:10:00,2025-02,CUST-01902,Identified,POS,Northwood Toronto,paid,fulfilled,CAD,266.0,,0.0,0.0,34.58,300.58,0.0,300.58,2,2
#NW10509,2025-02-13 12:44:00,2025-02,CUST-02192,Identified,Online,Online Store,voided,unfulfilled,CAD,396.0,,0.0,0.0,51.48,447.48,0.0,0.0,2,1
#NW10510,2025-02-15 17:02:00,2025-02,CUST-00290,Identified,Online,Online Store,paid,fulfilled,CAD,118.0,SPRING10,11.8,12.0,15.37,133.57,0.0,133.57,1,1
#NW10511,2025-02-08 15:12:00,2025-02,CUST-01577,Identified,Online,Online Store,paid,fulfilled,CAD,72.0,WELCOME10,7.2,12.0,9.98,86.78,0.0,86.78,1,1
#NW10512,2025-02-10 15:07:00,2025-02,CUST-01364,Identified,Online,Online Store,refunded,fulfilled,CAD,48.0,WELCOME10,4.8,12.0,7.18,62.38,62.38,0.0,1,1
#NW10513,2025-02-15 14:48:00,2025-02,CUST-02175,Identified,Online,Online Store,paid,fulfilled,CAD,288.0,HOLIDAY15,43.2,0.0,31.82,276.62,0.0,276.62,3,2
#NW10514,2025-02-11 09:31:00,2025-02,CUST-00134,Identified,Online,Online Store,voided,unfulfilled,CAD,304.0,,0.0,0.0,39.52,343.52,0.0,0.0,3,2
#NW10515,2025-02-21 17:40:00,2025-02,CUST-01215,Identified,Online,Online Store,paid,fulfilled,CAD,396.0,,0.0,0.0,51.48,447.48,0.0,447.48,2,1
#NW10516,2025-02-24 15:43:00,2025-02,CUST-01745,Identified,Online,Online Store,paid,fulfilled,CAD,206.0,,0.0,0.0,26.78,232.78,0.0,232.78,2,2
#NW10517,2025-02-26 16:00:00,2025-02,CUST-01106,Identified,Online,Online Store,paid,fulfilled,CAD,112.0,,0.0,12.0,16.12,140.12,0.0,140.12,1,1
#NW10518,2025-02-23 17:04:00,2025-02,CUST-02222,Identified,POS,Northwood Toronto,paid,fulfilled,CAD,422.0,,0.0,0.0,54.86,476.86,0.0,476.86,3,2
#NW10519,2025-02-09 16:24:00,2025-02,CUST-00060,Identified,Online,Online Store,paid,fulfilled,CAD,306.0,,0.0,0.0,39.78,345.78,0.0,345.78,2,2
#NW10520,2025-02-10 12:51:00,2025-02,CUST-00849,Identified,Online,Online Store,paid,fulfilled,CAD,248.0,,0.0,0.0,32.24,280.24,0.0,280.24,1,1
#NW10521,2025-02-09 14:09:00,2025-02,CUST-01570,Identified,Online,Online Store,paid,fulfilled,CAD,198.0,FALL15,29.7,0.0,21.88,190.18,0.0,190.18,1,1
#NW10522,2025-02-08 20:55:00,2025-02,CUST-01376,Identified,Online,Online Store,paid,fulfilled,CAD,156.0,,0.0,0.0,20.28,176.28,0.0,176.28,2,2
#NW10523,2025-02-25 18:53:00,2025-02,CUST-00225,Identified,Online,Online Store,paid,fulfilled,CAD,358.0,,0.0,0.0,46.54,404.54,0.0,404.54,3,2
#NW10524,2025-02-21 21:00:00,2025-02,CUST-01985,Identified,Online,Online Store,paid,fulfilled,CAD,286.0,,0.0,0.0,37.18,323.18,0.0,323.18,2,2
#NW10525,2025-02-21 09:10:00,2025-02,CUST-02236,Identified,POS,Northwood Toronto,paid,fulfilled,CAD,752.0,,0.0,0.0,97.76,849.76,0.0,849.76,4,2
#NW10526,2025-02-06 10:15:00,2025-02,CUST-00212,Identified,Online,Online Store,paid,fulfilled,CAD,42.0,,0.0,12.0,7.02,61.02,0.0,61.02,1,1
#NW10527,2025-02-27 16:12:00,2025-02,CUST-00455,Identified,Online,Online Store,paid,fulfilled,CAD,170.0,,0.0,0.0,22.1,192.1,0.0,192.1,2,2
#NW10528,2025-02-22 16:09:00,2025-02,,Guest / Unidentified,POS,Northwood Toronto,paid,fulfilled,CAD,28.0,,0.0,0.0,3.64,31.64,0.0,31.64,1,1
#NW10529,2025-02-20 10:43:00,2025-02,CUST-01498,Identified,Online,Online Store,paid,fulfilled,CAD,88.0,SPRING10,8.8,12.0,11.86,103.06,0.0,103.06,1,1
#NW10530,2025-02-17 15:02:00,2025-02,CUST-01907,Identified,Online,Online Store,paid,fulfilled,CAD,160.0,,0.0,0.0,20.8,180.8,0.0,180.8,2,2
#NW10531,2025-02-25 11:05:00,2025-02,CUST-00168,Identified,Online,Online Store,paid,fulfilled,CAD,38.0,,0.0,12.0,6.5,56.5,0.0,56.5,1,1
#NW10532,2025-02-07 20:26:00,2025-02,CUST-01498,Identified,Online,Online Store,paid,fulfilled,CAD,218.0,,0.0,0.0,28.34,246.34,0.0,246.34,1,1
#NW10533,2025-02-20 15:56:00,2025-02,CUST-01501,Identified,Online,Online Store,paid,fulfilled,CAD,198.0,,0.0,0.0,25.74,223.74,0.0,223.74,1,1
#NW10534,2025-02-01 17:28:00,2025-02,CUST-00718,Identified,Online,Online Store,paid,fulfilled,CAD,128.0,,0.0,0.0,16.64,144.64,0.0,144.64,1,1
#NW10535,2025-02-15 21:37:00,2025-02,CUST-01106,Identified,Online,Online Store,paid,fulfilled,CAD,88.0,HOLIDAY15,13.2,12.0,11.28,98.08,0.0,98.08,1,1
#NW10536,2025-02-09 09:15:00,2025-02,CUST-02289,Identified,Online,Online Store,paid,fulfilled,CAD,158.0,SPRING10,15.8,0.0,18.49,160.69,0.0,160.69,1,1
#NW10537,2025-02-01 15:28:00,2025-02,CUST-00275,Identified,Online,Online Store,paid,fulfilled,CAD,496.0,FALL15,74.4,0.0,54.81,476.41,0.0,476.41,2,1
#NW10538,2025-02-12 12:58:00,2025-02,CUST-02297,Identified,Online,Online Store,paid,fulfilled,CAD,96.0,,0.0,12.0,14.04,122.04,0.0,122.04,2,1
#NW10539,2025-02-15 18:32:00,2025-02,CUST-00839,Identified,Online,Online Store,paid,fulfilled,CAD,76.0,,0.0,12.0,11.44,99.44,0.0,99.44,2,2
#NW10540,2025-02-09 17:46:00,2025-02,CUST-00567,Identified,Online,Online Store,paid,fulfilled,CAD,672.0,HOLIDAY15,100.8,0.0,74.26,645.46,0.0,645.46,4,2
#NW10541,2025-02-05 20:54:00,2025-02,CUST-01372,Identified,POS,Northwood Toronto,refunded,fulfilled,CAD,382.0,,0.0,0.0,49.66,431.66,431.66999999999996,-0.009999999999934062,4,3
#NW10542,2025-02-07 17:00:00,2025-02,CUST-00610,Identified,Online,Online Store,paid,fulfilled,CAD,218.0,,0.0,0.0,28.34,246.34,0.0,246.34,1,1
#NW10543,2025-02-03 20:03:00,2025-02,CUST-02211,Identified,Online,Online Store,paid,fulfilled,CAD,326.0,,0.0,0.0,42.38,368.38,0.0,368.38,2,2
#NW10544,2025-02-09 14:29:00,2025-02,CUST-00466,Identified,Online,Online Store,paid,fulfilled,CAD,206.0,,0.0,0.0,26.78,232.78,0.0,232.78,2,2
#NW10545,2025-02-03 20:18:00,2025-02,CUST-01960,Identified,Online,Online Store,paid,fulfilled,CAD,146.0,,0.0,0.0,18.98,164.98,0.0,164.98,2,2
#NW10546,2025-02-04 09:18:00,2025-02,CUST-00911,Identified,POS,Northwood Toronto,refunded,fulfilled,CAD,1068.0,,0.0,0.0,138.84,1206.84,1206.84,0.0,6,4
#NW10547,2025-02-13 19:55:00,2025-02,CUST-00860,Identified,Online,Online Store,paid,fulfilled,CAD,246.0,,0.0,0.0,31.98,277.98,0.0,277.98,2,2
#NW10548,2025-02-17 17:12:00,2025-02,CUST-00924,Identified,Online,Online Store,paid,fulfilled,CAD,466.0,HOLIDAY15,69.9,0.0,51.49,447.59,0.0,447.59,2,2
#NW10549,2025-02-10 16:21:00,2025-02,,Guest / Unidentified,POS,Northwood Toronto,paid,fulfilled,CAD,236.0,,0.0,0.0,30.68,266.68,0.0,266.68,2,1
#NW10550,2025-02-26 17:02:00,2025-02,CUST-00262,Identified,POS,Northwood Toronto,paid,fulfilled,CAD,326.0,,0.0,0.0,42.38,368.38,0.0,368.38,2,2
#NW10551,2025-02-28 11:28:00,2025-02,CUST-01096,Identified,Online,Online Store,paid,fulfilled,CAD,276.0,,0.0,0.0,35.88,311.88,0.0,311.88,2,2
#NW10552,2025-02-21 15:47:00,2025-02,CUST-02063,Identified,Online,Online Store,paid,fulfilled,CAD,496.0,,0.0,0.0,64.48,560.48,0.0,560.48,2,1
#NW10553,2025-02-18 12:57:00,2025-02,CUST-01733,Identified,Online,Online Store,paid,fulfilled,CAD,280.0,,0.0,0.0,36.4,316.4,0.0,316.4,2,2
#NW10554,2025-02-02 18:01:00,2025-02,CUST-00227,Identified,Online,Online Store,paid,fulfilled,CAD,492.0,,0.0,0.0,63.96,555.96,0.0,555.96,4,2
#NW10555,2025-02-05 18:13:00,2025-02,CUST-00620,Identified,Online,Online Store,paid,fulfilled,CAD,196.0,,0.0,0.0,25.48,221.48,0.0,221.48,2,2
#NW10556,2025-02-20 15:11:00,2025-02,CUST-00260,Identified,Online,Online Store,paid,fulfilled,CAD,98.0,,0.0,12.0,14.3,124.3,0.0,124.3,1,1
#NW10557,2025-02-07 20:51:00,2025-02,CUST-01528,Identified,Online,Online Store,paid,fulfilled,CAD,128.0,HOLIDAY15,19.2,0.0,14.14,122.94,0.0,122.94,1,1
#NW10558,2025-02-05 12:10:00,2025-02,CUST-00706,Identified,Online,Online Store,paid,fulfilled,CAD,56.0,,0.0,12.0,8.84,76.84,0.0,76.84,2,1
#NW10559,2025-02-17 19:20:00,2025-02,CUST-00853,Identified,Online,Online Store,paid,fulfilled,CAD,42.0,,0.0,12.0,7.02,61.02,0.0,61.02,1,1
#NW10560,2025-02-22 19:36:00,2025-02,CUST-01992,Identified,Online,Online Store,paid,fulfilled,CAD,128.0,,0.0,0.0,16.64,144.64,0.0,144.64,1,1
#NW10561,2025-02-07 10:23:00,2025-02,CUST-01335,Identified,Online,Online Store,paid,fulfilled,CAD,72.0,,0.0,12.0,10.92,94.92,0.0,94.92,1,1
#NW10562,2025-02-27 09:01:00,2025-02,CUST-02158,Identified,Online,Online Store,paid,fulfilled,CAD,88.0,,0.0,12.0,13.0,113.0,0.0,113.0,1,1
#NW10563,2025-02-20 10:25:00,2025-02,CUST-00503,Identified,POS,Northwood Toronto,paid,fulfilled,CAD,534.0,,0.0,0.0,69.42,603.42,0.0,603.42,6,4
#NW10564,2025-02-24 19:46:00,2025-02,CUST-00859,Identified,Online,Online Store,paid,fulfilled,CAD,354.0,,0.0,0.0,46.02,400.02,0.0,400.02,3,2
#NW10565,2025-02-04 19:39:00,2025-02,CUST-02179,Identified,Online,Online Store,paid,fulfilled,CAD,256.0,,0.0,0.0,33.28,289.28,0.0,289.28,2,1
#NW10566,2025-02-11 21:21:00,2025-02,CUST-02183,Identified,Online,Online Store,paid,fulfilled,CAD,118.0,,0.0,12.0,16.9,146.9,0.0,146.9,1,1
#NW10567,2025-02-06 11:21:00,2025-02,CUST-01198,Identified,Online,Online Store,paid,fulfilled,CAD,68.0,,0.0,12.0,10.4,90.4,0.0,90.4,1,1
#NW10568,2025-02-04 14:09:00,2025-02,CUST-01852,Identified,Online,Online Store,paid,fulfilled,CAD,220.0,,0.0,0.0,28.6,248.6,0.0,248.6,4,2
#NW10569,2025-02-20 16:01:00,2025-02,CUST-00544,Identified,Online,Online Store,paid,fulfilled,CAD,42.0,,0.0,12.0,7.02,61.02,0.0,61.02,1,1
#NW10570,2025-02-27 09:10:00,2025-02,CUST-00187,Identified,Online,Online Store,paid,fulfilled,CAD,284.0,WELCOME10,28.4,0.0,33.23,288.83,0.0,288.83,3,3
#NW10571,2025-02-05 18:06:00,2025-02,CUST-00269,Identified,Online,Online Store,paid,fulfilled,CAD,158.0,,0.0,0.0,20.54,178.54,0.0,178.54,1,1
#NW10572,2025-02-13 09:46:00,2025-02,CUST-00772,Identified,Online,Online Store,paid,fulfilled,CAD,496.0,,0.0,0.0,64.48,560.48,0.0,560.48,2,1
#NW10573,2025-02-07 20:34:00,2025-02,CUST-01876,Identified,POS,Northwood Toronto,paid,fulfilled,CAD,198.0,,0.0,0.0,25.74,223.74,0.0,223.74,1,1
#NW10574,2025-02-13 10:19:00,2025-02,CUST-00358,Identified,Online,Online Store,paid,fulfilled,CAD,72.0,,0.0,12.0,10.92,94.92,0.0,94.92,1,1
#NW10575,2025-02-02 14:02:00,2025-02,CUST-00329,Identified,Online,Online Store,partially_refunded,fulfilled,CAD,360.0,,0.0,0.0,46.8,406.8,73.86,332.94,2,2
#NW10576,2025-02-17 19:21:00,2025-02,CUST-01601,Identified,Online,Online Store,paid,fulfilled,CAD,396.0,FALL15,59.4,0.0,43.76,380.36,0.0,380.36,2,1
#NW10577,2025-02-12 15:41:00,2025-02,CUST-00733,Identified,Online,Online Store,partially_refunded,fulfilled,CAD,38.0,,0.0,12.0,6.5,56.5,16.01,40.489999999999995,1,1
#NW10578,2025-02-19 11:26:00,2025-02,CUST-01182,Identified,Online,Online Store,paid,fulfilled,CAD,424.0,,0.0,0.0,55.12,479.12,0.0,479.12,3,2
#NW10579,2025-02-28 10:05:00,2025-02,CUST-00316,Identified,Online,Online Store,paid,fulfilled,CAD,32.0,,0.0,12.0,5.72,49.72,0.0,49.72,1,1
#NW10580,2025-02-05 20:27:00,2025-02,CUST-00448,Identified,Online,Online Store,paid,fulfilled,CAD,282.0,,0.0,0.0,36.66,318.66,0.0,318.66,4,3
#NW10581,2025-02-08 16:07:00,2025-02,CUST-00675,Identified,Online,Online Store,paid,fulfilled,CAD,196.0,,0.0,0.0,25.48,221.48,0.0,221.48,2,2
#NW10582,2025-02-19 17:27:00,2025-02,CUST-01131,Identified,Online,Online Store,paid,fulfilled,CAD,48.0,,0.0,12.0,7.8,67.8,0.0,67.8,1,1
#NW10583,2025-02-20 13:03:00,2025-02,CUST-00459,Identified,Online,Online Store,refunded,fulfilled,CAD,166.0,HOLIDAY15,24.9,0.0,18.34,159.44,159.44,0.0,2,2
#NW10584,2025-02-10 16:24:00,2025-02,CUST-00607,Identified,Online,Online Store,paid,fulfilled,CAD,112.0,,0.0,12.0,16.12,140.12,0.0,140.12,1,1
#NW10585,2025-02-20 18:12:00,2025-02,CUST-02033,Identified,Online,Online Store,paid,fulfilled,CAD,406.0,,0.0,0.0,52.78,458.78,0.0,458.78,2,2
#NW10586,2025-02-06 21:31:00,2025-02,CUST-00617,Identified,Online,Online Store,paid,fulfilled,CAD,78.0,,0.0,12.0,11.7,101.7,0.0,101.7,1,1
#NW10587,2025-02-15 11:56:00,2025-02,CUST-00837,Identified,Online,Online Store,paid,fulfilled,CAD,200.0,,0.0,0.0,26.0,226.0,0.0,226.0,2,2
#NW10588,2025-02-11 20:20:00,2025-02,CUST-01864,Identified,Online,Online Store,paid,fulfilled,CAD,762.0,WELCOME10,76.2,0.0,89.15,774.95,0.0,774.95,6,4
#NW10589,2025-02-09 21:43:00,2025-02,CUST-01882,Identified,Online,Online Store,paid,fulfilled,CAD,126.0,,0.0,0.0,16.38,142.38,0.0,142.38,2,2
#NW10590,2025-02-18 21:38:00,2025-02,CUST-00093,Identified,Online,Online Store,paid,fulfilled,CAD,312.0,FALL15,46.8,0.0,34.48,299.68,0.0,299.68,4,3
#NW10591,2025-02-04 14:12:00,2025-02,CUST-01201,Identified,Online,Online Store,paid,fulfilled,CAD,376.0,,0.0,0.0,48.88,424.88,0.0,424.88,2,2
#NW10592,2025-02-03 09:09:00,2025-02,CUST-01688,Identified,Online,Online Store,paid,fulfilled,CAD,100.0,,0.0,12.0,14.56,126.56,0.0,126.56,2,2
#NW10593,2025-02-11 20:54:00,2025-02,CUST-01960,Identified,Online,Online Store,paid,fulfilled,CAD,98.0,,0.0,12.0,14.3,124.3,0.0,124.3,1,1
#NW10594,2025-02-15 19:06:00,2025-02,CUST-02218,Identified,Online,Online Store,paid,fulfilled,CAD,384.0,FALL15,57.6,0.0,42.43,368.83,0.0,368.83,3,3
#NW10595,2025-02-25 21:16:00,2025-02,CUST-00541,Identified,Online,Online Store,paid,fulfilled,CAD,496.0,,0.0,0.0,64.48,560.48,0.0,560.48,2,1
#NW10596,2025-02-20 21:55:00,2025-02,,Guest / Unidentified,POS,Northwood Toronto,paid,fulfilled,CAD,72.0,,0.0,0.0,9.36,81.36,0.0,81.36,1,1
#NW10597,2025-02-14 17:37:00,2025-02,CUST-00205,Identified,POS,Northwood Toronto,paid,fulfilled,CAD,416.0,,0.0,0.0,54.08,470.08,0.0,470.08,2,2
#NW10598,2025-02-03 09:39:00,2025-02,CUST-01721,Identified,Online,Online Store,paid,fulfilled,CAD,218.0,,0.0,0.0,28.34,246.34,0.0,246.34,1,1
#NW10599,2025-02-18 09:13:00,2025-02,CUST-01483,Identified,POS,Northwood Toronto,paid,fulfilled,CAD,288.0,HOLIDAY15,43.2,0.0,31.82,276.62,0.0,276.62,3,2
#NW10600,2025-02-13 10:06:00,2025-02,CUST-00088,Identified,Online,Online Store,paid,fulfilled,CAD,256.0,,0.0,0.0,33.28,289.28,0.0,289.28,2,1
#NW10601,2025-02-10 11:31:00,2025-02,CUST-01195,Identified,POS,Northwood Toronto,paid,fulfilled,CAD,58.0,,0.0,0.0,7.54,65.54,0.0,65.54,1,1
#NW10602,2025-02-06 13:38:00,2025-02,CUST-00775,Identified,Online,Online Store,partially_refunded,fulfilled,CAD,98.0,SPRING10,9.8,12.0,13.03,113.23,45.32,67.91,1,1
#NW10603,2025-02-26 18:01:00,2025-02,CUST-00258,Identified,Online,Online Store,paid,fulfilled,CAD,316.0,,0.0,0.0,41.08,357.08,0.0,357.08,2,2
#NW10604,2025-02-11 21:47:00,2025-02,CUST-00693,Identified,Online,Online Store,paid,fulfilled,CAD,248.0,,0.0,0.0,32.24,280.24,0.0,280.24,1,1
#NW10605,2025-02-18 16:47:00,2025-02,CUST-02341,Identified,Online,Online Store,paid,fulfilled,CAD,312.0,,0.0,0.0,40.56,352.56,0.0,352.56,4,3
#NW10606,2025-02-06 20:48:00,2025-02,CUST-02129,Identified,POS,Northwood Toronto,paid,fulfilled,CAD,196.0,,0.0,0.0,25.48,221.48,0.0,221.48,2,2
#NW10607,2025-02-17 12:24:00,2025-02,CUST-01376,Identified,POS,Northwood Toronto,paid,fulfilled,CAD,330.0,,0.0,0.0,42.9,372.9,0.0,372.9,5,4
#NW10608,2025-02-04 14:24:00,2025-02,CUST-01687,Identified,Online,Online Store,paid,fulfilled,CAD,28.0,HOLIDAY15,4.2,12.0,4.65,40.45,0.0,40.45,1,1
#NW10609,2025-02-01 18:51:00,2025-02,CUST-01779,Identified,POS,Northwood Toronto,paid,fulfilled,CAD,218.0,,0.0,0.0,28.34,246.34,0.0,246.34,1,1
#NW10610,2025-02-24 15:14:00,2025-02,,Guest / Unidentified,POS,Northwood Toronto,paid,fulfilled,CAD,58.0,,0.0,0.0,7.54,65.54,0.0,65.54,1,1
#NW10611,2025-02-08 14:45:00,2025-02,CUST-01337,Identified,Online,Online Store,paid,fulfilled,CAD,334.0,FALL15,50.1,0.0,36.91,320.81,0.0,320.81,3,2
#NW10612,2025-02-14 17:05:00,2025-02,CUST-00120,Identified,Online,Online Store,paid,fulfilled,CAD,150.0,,0.0,0.0,19.5,169.5,0.0,169.5,2,2
#NW10613,2025-02-08 12:21:00,2025-02,CUST-02066,Identified,Online,Online Store,paid,fulfilled,CAD,68.0,WELCOME10,6.8,12.0,9.52,82.72,0.0,82.72,1,1
#NW10614,2025-02-19 09:26:00,2025-02,CUST-02172,Identified,Online,Online Store,paid,fulfilled,CAD,88.0,,0.0,12.0,13.0,113.0,0.0,113.0,1,1
#NW10615,2025-02-17 09:47:00,2025-02,CUST-02247,Identified,Online,Online Store,paid,fulfilled,CAD,134.0,HOLIDAY15,20.1,0.0,14.81,128.71,0.0,128.71,3,2
#NW10616,2025-02-17 21:44:00,2025-02,CUST-01483,Identified,Online,Online Store,paid,fulfilled,CAD,68.0,,0.0,12.0,10.4,90.4,0.0,90.4,1,1
#NW10617,2025-02-27 14:03:00,2025-02,CUST-01876,Identified,Online,Online Store,paid,fulfilled,CAD,392.0,,0.0,0.0,50.96,442.96,0.0,442.96,3,2
#NW10618,2025-02-21 11:06:00,2025-02,CUST-01246,Identified,POS,Northwood Toronto,paid,fulfilled,CAD,346.0,,0.0,0.0,44.98,390.98,0.0,390.98,2,2
#NW10619,2025-02-13 11:35:00,2025-02,CUST-02324,Identified,Online,Online Store,paid,fulfilled,CAD,48.0,WELCOME10,4.8,12.0,7.18,62.38,0.0,62.38,1,1
#NW10620,2025-02-06 16:48:00,2025-02,CUST-00399,Identified,Online,Online Store,paid,fulfilled,CAD,38.0,,0.0,12.0,6.5,56.5,0.0,56.5,1,1
#NW10621,2025-02-18 12:13:00,2025-02,CUST-01256,Identified,Online,Online Store,paid,fulfilled,CAD,256.0,,0.0,0.0,33.28,289.28,0.0,289.28,2,1
#NW10622,2025-02-19 17:39:00,2025-02,CUST-00889,Identified,Online,Online Store,paid,fulfilled,CAD,38.0,,0.0,12.0,6.5,56.5,0.0,56.5,1,1
#NW10623,2025-02-12 21:54:00,2025-02,CUST-01065,Identified,Online,Online Store,paid,fulfilled,CAD,196.0,,0.0,0.0,25.48,221.48,0.0,221.48,2,1
#NW10624,2025-02-20 15:16:00,2025-02,CUST-00929,Identified,Online,Online Store,paid,fulfilled,CAD,66.0,,0.0,12.0,10.14,88.14,0.0,88.14,2,2
#NW10625,2025-02-14 15:35:00,2025-02,CUST-00648,Identified,Online,Online Store,refunded,fulfilled,CAD,366.0,,0.0,0.0,47.58,413.58,413.58,0.0,2,2
#NW10626,2025-02-22 12:24:00,2025-02,CUST-01375,Identified,Online,Online Store,paid,fulfilled,CAD,144.0,,0.0,0.0,18.72,162.72,0.0,162.72,2,1
#NW10627,2025-02-19 11:30:00,2025-02,,Guest / Unidentified,POS,Northwood Toronto,paid,fulfilled,CAD,270.0,HOLIDAY15,40.5,0.0,29.84,259.34,0.0,259.34,5,3
#NW10628,2025-02-23 12:14:00,2025-02,CUST-00194,Identified,Online,Online Store,paid,fulfilled,CAD,196.0,HOLIDAY15,29.4,0.0,21.66,188.26,0.0,188.26,2,2
#NW10629,2025-02-19 13:13:00,2025-02,CUST-00608,Identified,Online,Online Store,paid,fulfilled,CAD,234.0,FALL15,35.1,0.0,25.86,224.76,0.0,224.76,3,2
#NW10630,2025-02-26 21:49:00,2025-02,CUST-01447,Identified,Online,Online Store,paid,fulfilled,CAD,160.0,,0.0,0.0,20.8,180.8,0.0,180.8,2,2
#NW10631,2025-02-01 18:01:00,2025-02,CUST-00330,Identified,Online,Online Store,paid,fulfilled,CAD,140.0,,0.0,0.0,18.2,158.2,0.0,158.2,2,2
#NW10632,2025-02-08 14:33:00,2025-02,CUST-00612,Identified,Online,Online Store,refunded,fulfilled,CAD,412.0,,0.0,0.0,53.56,465.56,465.57,-0.009999999999990905,4,3
#NW10633,2025-02-06 19:27:00,2025-02,CUST-00682,Identified,POS,Northwood Toronto,paid,fulfilled,CAD,68.0,,0.0,0.0,8.84,76.84,0.0,76.84,1,1
#NW10634,2025-02-09 18:46:00,2025-02,CUST-00659,Identified,Online,Online Store,refunded,fulfilled,CAD,248.0,,0.0,0.0,32.24,280.24,280.24,0.0,1,1
#NW10635,2025-02-21 19:39:00,2025-02,CUST-02193,Identified,Online,Online Store,paid,fulfilled,CAD,38.0,,0.0,12.0,6.5,56.5,0.0,56.5,1,1
#NW10636,2025-02-23 17:28:00,2025-02,CUST-01883,Identified,Online,Online Store,paid,fulfilled,CAD,88.0,,0.0,12.0,13.0,113.0,0.0,113.0,1,1
#NW10637,2025-02-04 21:37:00,2025-02,CUST-00747,Identified,POS,Northwood Toronto,paid,fulfilled,CAD,224.0,FALL15,33.6,0.0,24.75,215.15,0.0,215.15,2,1
#NW10638,2025-02-17 13:39:00,2025-02,CUST-00719,Identified,POS,Northwood Toronto,paid,fulfilled,CAD,72.0,SPRING10,7.2,0.0,8.42,73.22,0.0,73.22,1,1
#NW10639,2025-02-11 16:59:00,2025-02,CUST-00629,Identified,Online,Online Store,paid,fulfilled,CAD,226.0,,0.0,0.0,29.38,255.38,0.0,255.38,2,2
#NW10640,2025-02-10 14:21:00,2025-02,CUST-01827,Identified,Online,Online Store,paid,fulfilled,CAD,108.0,,0.0,12.0,15.6,135.6,0.0,135.6,1,1
#NW10641,2025-02-16 11:28:00,2025-02,CUST-02039,Identified,Online,Online Store,paid,fulfilled,CAD,42.0,,0.0,12.0,7.02,61.02,0.0,61.02,1,1
#NW10642,2025-02-06 10:30:00,2025-02,CUST-01781,Identified,POS,Northwood Toronto,paid,fulfilled,CAD,436.0,,0.0,0.0,56.68,492.68,0.0,492.68,2,1
#NW10643,2025-02-20 11:56:00,2025-02,CUST-00169,Identified,Online,Online Store,paid,fulfilled,CAD,48.0,,0.0,12.0,7.8,67.8,0.0,67.8,1,1
#NW10644,2025-02-26 11:39:00,2025-02,CUST-01297,Identified,Online,Online Store,paid,fulfilled,CAD,220.0,,0.0,0.0,28.6,248.6,0.0,248.6,4,2
#NW10645,2025-02-09 15:57:00,2025-02,CUST-00519,Identified,Online,Online Store,paid,fulfilled,CAD,336.0,,0.0,0.0,43.68,379.68,0.0,379.68,2,2
#NW10646,2025-02-12 15:00:00,2025-02,CUST-01806,Identified,POS,Northwood Toronto,paid,fulfilled,CAD,200.0,,0.0,0.0,26.0,226.0,0.0,226.0,2,2
#NW10647,2025-02-03 15:57:00,2025-02,CUST-01067,Identified,POS,Northwood Toronto,paid,fulfilled,CAD,28.0,WELCOME10,2.8,0.0,3.28,28.48,0.0,28.48,1,1
#NW10648,2025-02-16 20:25:00,2025-02,CUST-00711,Identified,Online,Online Store,paid,fulfilled,CAD,446.0,,0.0,0.0,57.98,503.98,0.0,503.98,2,2
#NW10649,2025-02-20 17:07:00,2025-02,CUST-00756,Identified,Online,Online Store,paid,fulfilled,CAD,354.0,,0.0,0.0,46.02,400.02,0.0,400.02,3,2
#NW10650,2025-02-05 10:32:00,2025-02,CUST-00841,Identified,Online,Online Store,paid,fulfilled,CAD,136.0,,0.0,0.0,17.68,153.68,0.0,153.68,2,1
#NW10651,2025-02-04 18:46:00,2025-02,CUST-02304,Identified,Online,Online Store,paid,fulfilled,CAD,264.0,,0.0,0.0,34.32,298.32,0.0,298.32,3,2
#NW10652,2025-02-13 12:48:00,2025-02,CUST-01198,Identified,Online,Online Store,paid,fulfilled,CAD,38.0,,0.0,12.0,6.5,56.5,0.0,56.5,1,1
#NW10653,2025-02-16 09:04:00,2025-02,CUST-00520,Identified,Online,Online Store,paid,fulfilled,CAD,38.0,WELCOME10,3.8,12.0,6.01,52.21,0.0,52.21,1,1
#NW10654,2025-02-27 12:22:00,2025-02,CUST-01501,Identified,Online,Online Store,paid,fulfilled,CAD,38.0,,0.0,12.0,6.5,56.5,0.0,56.5,1,1
#NW10655,2025-02-13 17:41:00,2025-02,CUST-01390,Identified,POS,Northwood Toronto,voided,unfulfilled,CAD,48.0,,0.0,0.0,6.24,54.24,0.0,0.0,1,1
#NW10656,2025-02-15 10:03:00,2025-02,CUST-01409,Identified,Online,Online Store,paid,fulfilled,CAD,38.0,,0.0,12.0,6.5,56.5,0.0,56.5,1,1
#NW10657,2025-02-03 13:17:00,2025-02,CUST-00991,Identified,Online,Online Store,paid,fulfilled,CAD,166.0,FALL15,24.9,0.0,18.34,159.44,0.0,159.44,2,2
#NW10658,2025-02-24 20:27:00,2025-02,CUST-01375,Identified,Online,Online Store,paid,fulfilled,CAD,256.0,,0.0,0.0,33.28,289.28,0.0,289.28,2,1
#NW10659,2025-02-25 18:41:00,2025-02,CUST-01837,Identified,POS,Northwood Toronto,paid,fulfilled,CAD,146.0,FALL15,21.9,0.0,16.13,140.23,0.0,140.23,2,2
#NW10660,2025-02-03 21:20:00,2025-02,CUST-00132,Identified,Online,Online Store,paid,fulfilled,CAD,218.0,,0.0,0.0,28.34,246.34,0.0,246.34,3,3
#NW10661,2025-02-02 19:46:00,2025-02,CUST-00666,Identified,Online,Online Store,paid,fulfilled,CAD,218.0,,0.0,0.0,28.34,246.34,0.0,246.34,1,1
#NW10662,2025-02-16 21:15:00,2025-02,CUST-01105,Identified,Online,Online Store,paid,fulfilled,CAD,38.0,,0.0,12.0,6.5,56.5,0.0,56.5,1,1
#NW10663,2025-02-02 18:31:00,2025-02,CUST-01236,Identified,POS,Northwood Toronto,paid,fulfilled,CAD,614.0,,0.0,0.0,79.82,693.82,0.0,693.82,3,2
#NW10664,2025-02-21 14:03:00,2025-02,CUST-00498,Identified,Online,Online Store,paid,fulfilled,CAD,336.0,,0.0,0.0,43.68,379.68,0.0,379.68,2,2
#NW10665,2025-02-15 13:42:00,2025-02,CUST-02347,Identified,Online,Online Store,partially_refunded,fulfilled,CAD,108.0,,0.0,12.0,15.6,135.6,43.92,91.67999999999999,1,1
#NW10666,2025-02-09 19:02:00,2025-02,CUST-01658,Identified,Online,Online Store,paid,fulfilled,CAD,520.0,,0.0,0.0,67.6,587.6,0.0,587.6,5,4
#NW10667,2025-02-04 09:01:00,2025-02,CUST-02046,Identified,Online,Online Store,paid,fulfilled,CAD,88.0,,0.0,12.0,13.0,113.0,0.0,113.0,1,1
#NW10668,2025-02-23 12:51:00,2025-02,CUST-00596,Identified,Online,Online Store,partially_refunded,fulfilled,CAD,38.0,,0.0,12.0,6.5,56.5,30.74,25.76,1,1
#NW10669,2025-02-18 17:13:00,2025-02,CUST-01877,Identified,Online,Online Store,paid,fulfilled,CAD,128.0,,0.0,0.0,16.64,144.64,0.0,144.64,1,1
#NW10670,2025-02-25 15:07:00,2025-02,CUST-01312,Identified,Online,Online Store,paid,fulfilled,CAD,376.0,,0.0,0.0,48.88,424.88,0.0,424.88,2,2
#NW10671,2025-02-25 21:48:00,2025-02,CUST-00640,Identified,Online,Online Store,paid,fulfilled,CAD,38.0,,0.0,12.0,6.5,56.5,0.0,56.5,1,1
#NW10672,2025-02-17 11:42:00,2025-02,CUST-01921,Identified,POS,Northwood Toronto,paid,fulfilled,CAD,96.0,,0.0,0.0,12.48,108.48,0.0,108.48,2,2
#NW10673,2025-02-05 14:54:00,2025-02,CUST-02033,Identified,Online,Online Store,paid,fulfilled,CAD,216.0,,0.0,0.0,28.08,244.08,0.0,244.08,2,2
#NW10674,2025-02-06 18:23:00,2025-02,CUST-02238,Identified,Online,Online Store,paid,fulfilled,CAD,236.0,,0.0,0.0,30.68,266.68,0.0,266.68,2,1
#NW10675,2025-02-02 13:16:00,2025-02,CUST-02079,Identified,Online,Online Store,paid,fulfilled,CAD,32.0,,0.0,12.0,5.72,49.72,0.0,49.72,1,1
#NW10676,2025-02-11 09:33:00,2025-02,CUST-01357,Identified,Online,Online Store,paid,fulfilled,CAD,128.0,,0.0,0.0,16.64,144.64,0.0,144.64,1,1
#NW10677,2025-02-16 17:45:00,2025-02,CUST-01211,Identified,Online,Online Store,paid,fulfilled,CAD,484.0,FALL15,72.6,0.0,53.48,464.88,0.0,464.88,3,2
#NW10678,2025-02-26 19:21:00,2025-02,CUST-01942,Identified,Online,Online Store,paid,fulfilled,CAD,48.0,,0.0,12.0,7.8,67.8,0.0,67.8,1,1
#NW10679,2025-02-04 20:46:00,2025-02,CUST-00724,Identified,Online,Online Store,refunded,fulfilled,CAD,48.0,,0.0,12.0,7.8,67.8,67.8,0.0,1,1
#NW10680,2025-02-26 19:25:00,2025-02,CUST-02350,Identified,Online,Online Store,paid,fulfilled,CAD,592.0,,0.0,0.0,76.96,668.96,0.0,668.96,4,2
#NW10681,2025-02-27 17:38:00,2025-02,CUST-00718,Identified,Online,Online Store,paid,fulfilled,CAD,64.0,,0.0,12.0,9.88,85.88,0.0,85.88,2,1
#NW10682,2025-02-18 15:58:00,2025-02,CUST-00991,Identified,Online,Online Store,paid,fulfilled,CAD,672.0,FALL15,100.8,0.0,74.26,645.46,0.0,645.46,4,2
#NW10683,2025-02-20 15:19:00,2025-02,CUST-02316,Identified,Online,Online Store,paid,fulfilled,CAD,48.0,,0.0,12.0,7.8,67.8,0.0,67.8,1,1
#NW10684,2025-02-21 09:25:00,2025-02,CUST-01811,Identified,Online,Online Store,paid,fulfilled,CAD,144.0,,0.0,0.0,18.72,162.72,0.0,162.72,2,1
#NW10685,2025-02-09 09:49:00,2025-02,CUST-01388,Identified,Online,Online Store,paid,fulfilled,CAD,68.0,,0.0,12.0,10.4,90.4,0.0,90.4,1,1
#NW10686,2025-02-07 21:25:00,2025-02,CUST-00461,Identified,Online,Online Store,paid,fulfilled,CAD,458.0,,0.0,0.0,59.54,517.54,0.0,517.54,5,4
#NW10687,2025-02-09 11:06:00,2025-02,CUST-01962,Identified,Online,Online Store,paid,fulfilled,CAD,216.0,,0.0,0.0,28.08,244.08,0.0,244.08,2,1
#NW10688,2025-02-18 10:00:00,2025-02,CUST-01033,Identified,Online,Online Store,paid,fulfilled,CAD,314.0,,0.0,0.0,40.82,354.82,0.0,354.82,3,3
#NW10689,2025-02-08 14:53:00,2025-02,CUST-00572,Identified,Online,Online Store,paid,fulfilled,CAD,42.0,HOLIDAY15,6.3,12.0,6.2,53.9,0.0,53.9,1,1
#NW10690,2025-02-24 17:48:00,2025-02,CUST-01372,Identified,Online,Online Store,paid,fulfilled,CAD,38.0,,0.0,12.0,6.5,56.5,0.0,56.5,1,1
#NW10691,2025-02-18 12:57:00,2025-02,CUST-02257,Identified,Online,Online Store,paid,fulfilled,CAD,642.0,,0.0,0.0,83.46,725.46,0.0,725.46,4,3
#NW10692,2025-02-24 19:30:00,2025-02,CUST-01781,Identified,Online,Online Store,paid,fulfilled,CAD,158.0,,0.0,0.0,20.54,178.54,0.0,178.54,1,1
#NW10693,2025-02-16 10:24:00,2025-02,CUST-01593,Identified,Online,Online Store,paid,fulfilled,CAD,248.0,,0.0,0.0,32.24,280.24,0.0,280.24,1,1
#NW10694,2025-02-18 18:10:00,2025-02,CUST-00102,Identified,Online,Online Store,paid,fulfilled,CAD,84.0,FALL15,12.6,12.0,10.84,94.24,0.0,94.24,2,1
#NW10695,2025-02-04 18:56:00,2025-02,CUST-01646,Identified,Online,Online Store,paid,fulfilled,CAD,88.0,,0.0,12.0,13.0,113.0,0.0,113.0,1,1
#NW10696,2025-02-20 14:57:00,2025-02,CUST-00903,Identified,Online,Online Store,paid,fulfilled,CAD,218.0,,0.0,0.0,28.34,246.34,0.0,246.34,1,1
#NW10697,2025-02-02 14:09:00,2025-02,CUST-01827,Identified,Online,Online Store,paid,fulfilled,CAD,68.0,,0.0,12.0,10.4,90.4,0.0,90.4,1,1
#NW10698,2025-02-01 11:23:00,2025-02,CUST-01464,Identified,POS,Northwood Toronto,paid,fulfilled,CAD,224.0,,0.0,0.0,29.12,253.12,0.0,253.12,2,1
#NW10699,2025-02-08 14:50:00,2025-02,CUST-00476,Identified,Online,Online Store,paid,fulfilled,CAD,524.0,,0.0,0.0,68.12,592.12,0.0,592.12,3,3
#NW10700,2025-02-19 09:15:00,2025-02,CUST-01337,Identified,POS,Northwood Toronto,paid,fulfilled,CAD,112.0,,0.0,0.0,14.56,126.56,0.0,126.56,1,1
#NW10701,2025-02-04 21:38:00,2025-02,CUST-01830,Identified,Online,Online Store,paid,fulfilled,CAD,644.0,,0.0,0.0,83.72,727.72,0.0,727.72,3,2
#NW10702,2025-02-13 09:04:00,2025-02,CUST-00800,Identified,Online,Online Store,paid,fulfilled,CAD,194.0,,0.0,0.0,25.22,219.22,0.0,219.22,3,2
#NW10703,2025-02-22 21:58:00,2025-02,CUST-00021,Identified,Online,Online Store,paid,fulfilled,CAD,464.0,,0.0,0.0,60.32,524.32,0.0,524.32,3,3
#NW10704,2025-02-27 18:26:00,2025-02,CUST-02157,Identified,Online,Online Store,paid,fulfilled,CAD,218.0,SPRING10,21.8,0.0,25.51,221.71,0.0,221.71,1,1
#NW10705,2025-02-24 17:09:00,2025-02,CUST-00910,Identified,Online,Online Store,paid,fulfilled,CAD,332.0,,0.0,0.0,43.16,375.16,0.0,375.16,3,2
#NW10706,2025-02-21 18:34:00,2025-02,CUST-01139,Identified,Online,Online Store,paid,fulfilled,CAD,504.0,,0.0,0.0,65.52,569.52,0.0,569.52,3,2
#NW10707,2025-02-08 13:26:00,2025-02,CUST-01136,Identified,Online,Online Store,paid,fulfilled,CAD,128.0,,0.0,0.0,16.64,144.64,0.0,144.64,1,1
#NW10708,2025-02-05 15:36:00,2025-02,CUST-00093,Identified,Online,Online Store,paid,fulfilled,CAD,412.0,,0.0,0.0,53.56,465.56,0.0,465.56,4,2
#NW10709,2025-02-01 19:11:00,2025-02,CUST-00975,Identified,Online,Online Store,paid,fulfilled,CAD,262.0,SPRING10,26.2,0.0,30.65,266.45,0.0,266.45,3,2
#NW10710,2025-02-12 14:49:00,2025-02,CUST-02206,Identified,Online,Online Store,paid,fulfilled,CAD,256.0,,0.0,0.0,33.28,289.28,0.0,289.28,3,2
#NW10711,2025-02-17 15:02:00,2025-02,CUST-01825,Identified,Online,Online Store,paid,fulfilled,CAD,112.0,,0.0,12.0,16.12,140.12,0.0,140.12,1,1
#NW10712,2025-02-17 09:45:00,2025-02,CUST-00567,Identified,Online,Online Store,paid,fulfilled,CAD,120.0,,0.0,12.0,17.16,149.16,0.0,149.16,2,2
#NW10713,2025-02-06 19:51:00,2025-02,CUST-00275,Identified,Online,Online Store,paid,fulfilled,CAD,326.0,,0.0,0.0,42.38,368.38,0.0,368.38,2,2
#NW10714,2025-02-01 14:16:00,2025-02,CUST-00686,Identified,POS,Northwood Toronto,paid,fulfilled,CAD,988.0,,0.0,0.0,128.44,1116.44,0.0,1116.44,6,4
#NW10715,2025-02-12 13:52:00,2025-02,CUST-02097,Identified,Online,Online Store,paid,fulfilled,CAD,732.0,,0.0,0.0,95.16,827.16,0.0,827.16,4,3
#NW10716,2025-02-14 14:09:00,2025-02,CUST-00647,Identified,Online,Online Store,paid,fulfilled,CAD,254.0,,0.0,0.0,33.02,287.02,0.0,287.02,3,2
#NW10717,2025-02-10 20:36:00,2025-02,CUST-00304,Identified,Online,Online Store,paid,fulfilled,CAD,306.0,,0.0,0.0,39.78,345.78,0.0,345.78,2,2
#NW10718,2025-02-13 11:02:00,2025-02,CUST-02009,Identified,Online,Online Store,paid,fulfilled,CAD,80.0,,0.0,12.0,11.96,103.96,0.0,103.96,2,2
#NW10719,2025-02-24 15:46:00,2025-02,CUST-01390,Identified,Online,Online Store,paid,fulfilled,CAD,494.0,,0.0,0.0,64.22,558.22,0.0,558.22,5,4
#NW10720,2025-02-15 13:33:00,2025-02,CUST-01964,Identified,POS,Northwood Toronto,paid,fulfilled,CAD,514.0,,0.0,0.0,66.82,580.82,0.0,580.82,3,3
#NW10721,2025-02-16 11:37:00,2025-02,CUST-02096,Identified,Online,Online Store,paid,fulfilled,CAD,158.0,WELCOME10,15.8,0.0,18.49,160.69,0.0,160.69,1,1
#NW10722,2025-02-01 18:07:00,2025-02,CUST-00230,Identified,Online,Online Store,paid,fulfilled,CAD,108.0,,0.0,12.0,15.6,135.6,0.0,135.6,1,1
#NW10723,2025-02-13 17:41:00,2025-02,CUST-01479,Identified,Online,Online Store,paid,fulfilled,CAD,248.0,,0.0,0.0,32.24,280.24,0.0,280.24,1,1
#NW10724,2025-02-18 13:05:00,2025-02,CUST-01629,Identified,Online,Online Store,paid,fulfilled,CAD,198.0,,0.0,0.0,25.74,223.74,0.0,223.74,1,1
#NW10725,2025-02-22 19:48:00,2025-02,CUST-00606,Identified,Online,Online Store,paid,fulfilled,CAD,308.0,,0.0,0.0,40.04,348.04,0.0,348.04,3,2
#NW10726,2025-02-07 18:31:00,2025-02,CUST-01752,Identified,Online,Online Store,paid,fulfilled,CAD,266.0,,0.0,0.0,34.58,300.58,0.0,300.58,2,2
#NW10727,2025-02-22 14:32:00,2025-02,CUST-00711,Identified,Online,Online Store,paid,fulfilled,CAD,316.0,,0.0,0.0,41.08,357.08,0.0,357.08,2,1
#NW10728,2025-02-18 19:30:00,2025-02,CUST-01582,Identified,Online,Online Store,paid,fulfilled,CAD,128.0,,0.0,0.0,16.64,144.64,0.0,144.64,1,1
#NW10729,2025-02-10 12:51:00,2025-02,CUST-01528,Identified,Online,Online Store,paid,fulfilled,CAD,202.0,,0.0,0.0,26.26,228.26,0.0,228.26,3,3
#NW10730,2025-02-03 15:12:00,2025-02,CUST-01207,Identified,Online,Online Store,paid,fulfilled,CAD,182.0,,0.0,0.0,23.66,205.66,0.0,205.66,3,2
#NW10731,2025-02-09 21:14:00,2025-02,,Guest / Unidentified,POS,Northwood Toronto,paid,fulfilled,CAD,286.0,,0.0,0.0,37.18,323.18,0.0,323.18,2,2
#NW10732,2025-02-04 21:49:00,2025-02,CUST-01413,Identified,Online,Online Store,paid,fulfilled,CAD,256.0,,0.0,0.0,33.28,289.28,0.0,289.28,2,1
#NW10733,2025-02-19 19:17:00,2025-02,CUST-01440,Identified,POS,Northwood Toronto,paid,fulfilled,CAD,394.0,HOLIDAY15,59.1,0.0,43.54,378.44,0.0,378.44,3,3
#NW10734,2025-02-22 21:22:00,2025-02,CUST-01262,Identified,Online,Online Store,paid,fulfilled,CAD,290.0,,0.0,0.0,37.7,327.7,0.0,327.7,5,3
#NW10735,2025-02-02 13:59:00,2025-02,CUST-01826,Identified,Online,Online Store,paid,fulfilled,CAD,254.0,,0.0,0.0,33.02,287.02,0.0,287.02,3,3
#NW10736,2025-02-07 12:41:00,2025-02,CUST-01629,Identified,Online,Online Store,paid,fulfilled,CAD,28.0,,0.0,12.0,5.2,45.2,0.0,45.2,1,1
#NW10737,2025-02-08 20:46:00,2025-02,CUST-02298,Identified,Online,Online Store,paid,fulfilled,CAD,176.0,,0.0,0.0,22.88,198.88,0.0,198.88,2,1
#NW10738,2025-02-07 09:20:00,2025-02,CUST-00686,Identified,Online,Online Store,paid,fulfilled,CAD,158.0,SPRING10,15.8,0.0,18.49,160.69,0.0,160.69,1,1
#NW10739,2025-02-28 14:53:00,2025-02,CUST-00884,Identified,Online,Online Store,paid,fulfilled,CAD,434.0,,0.0,0.0,56.42,490.42,0.0,490.42,3,2
#NW10740,2025-02-05 20:10:00,2025-02,CUST-01820,Identified,POS,Northwood Toronto,paid,fulfilled,CAD,414.0,,0.0,0.0,53.82,467.82,0.0,467.82,3,2
#NW10741,2025-02-10 16:51:00,2025-02,CUST-00617,Identified,Online,Online Store,paid,fulfilled,CAD,588.0,,0.0,0.0,76.44,664.44,0.0,664.44,5,4
#NW10742,2025-02-19 18:31:00,2025-02,CUST-01703,Identified,Online,Online Store,paid,fulfilled,CAD,232.0,,0.0,0.0,30.16,262.16,0.0,262.16,4,3
#NW10743,2025-02-26 11:33:00,2025-02,CUST-01813,Identified,Online,Online Store,paid,fulfilled,CAD,198.0,,0.0,0.0,25.74,223.74,0.0,223.74,1,1
#NW10744,2025-02-22 20:39:00,2025-02,CUST-01188,Identified,Online,Online Store,paid,fulfilled,CAD,108.0,,0.0,12.0,15.6,135.6,0.0,135.6,1,1
#NW10745,2025-02-25 20:44:00,2025-02,CUST-00899,Identified,Online,Online Store,paid,fulfilled,CAD,344.0,,0.0,0.0,44.72,388.72,0.0,388.72,3,3
#NW10746,2025-02-25 14:17:00,2025-02,CUST-01737,Identified,Online,Online Store,paid,fulfilled,CAD,58.0,,0.0,12.0,9.1,79.1,0.0,79.1,1,1
#NW10747,2025-02-10 20:04:00,2025-02,CUST-00448,Identified,Online,Online Store,paid,fulfilled,CAD,276.0,,0.0,0.0,35.88,311.88,0.0,311.88,2,2
#NW10748,2025-02-05 18:30:00,2025-02,CUST-01697,Identified,Online,Online Store,refunded,fulfilled,CAD,236.0,,0.0,0.0,30.68,266.68,266.68,0.0,2,1
#NW10749,2025-02-19 21:48:00,2025-02,CUST-00572,Identified,POS,Northwood Toronto,paid,fulfilled,CAD,68.0,,0.0,0.0,8.84,76.84,0.0,76.84,1,1
#NW10750,2025-02-26 20:12:00,2025-02,CUST-00353,Identified,Online,Online Store,paid,fulfilled,CAD,88.0,,0.0,12.0,13.0,113.0,0.0,113.0,1,1
#NW10751,2025-02-11 18:25:00,2025-02,CUST-00589,Identified,Online,Online Store,paid,fulfilled,CAD,88.0,,0.0,12.0,13.0,113.0,0.0,113.0,1,1
#NW10752,2025-02-03 16:19:00,2025-02,CUST-00852,Identified,POS,Northwood Toronto,paid,fulfilled,CAD,118.0,,0.0,0.0,15.34,133.34,0.0,133.34,1,1
#NW10753,2025-02-03 12:16:00,2025-02,CUST-01243,Identified,POS,Northwood Toronto,refunded,fulfilled,CAD,336.0,,0.0,0.0,43.68,379.68,379.68,0.0,4,3
#NW10754,2025-02-21 10:25:00,2025-02,,Guest / Unidentified,POS,Northwood Toronto,refunded,fulfilled,CAD,160.0,,0.0,0.0,20.8,180.8,180.8,0.0,2,2
#NW10755,2025-02-22 19:54:00,2025-02,CUST-02096,Identified,Online,Online Store,paid,fulfilled,CAD,88.0,,0.0,12.0,13.0,113.0,0.0,113.0,1,1
#NW10756,2025-02-16 19:50:00,2025-02,CUST-02152,Identified,POS,Northwood Toronto,paid,fulfilled,CAD,508.0,,0.0,0.0,66.04,574.04,0.0,574.04,3,2
#NW10757,2025-02-27 19:25:00,2025-02,CUST-01374,Identified,Online,Online Store,paid,fulfilled,CAD,524.0,SPRING10,52.4,0.0,61.31,532.91,0.0,532.91,3,2
#NW10758,2025-02-12 13:30:00,2025-02,CUST-00271,Identified,Online,Online Store,paid,fulfilled,CAD,98.0,,0.0,12.0,14.3,124.3,0.0,124.3,1,1
#NW10759,2025-02-05 16:03:00,2025-02,,Guest / Unidentified,POS,Northwood Toronto,paid,fulfilled,CAD,148.0,,0.0,0.0,19.24,167.24,0.0,167.24,3,2
#NW10760,2025-02-04 21:38:00,2025-02,CUST-00088,Identified,Online,Online Store,paid,fulfilled,CAD,266.0,SPRING10,26.6,0.0,31.12,270.52,0.0,270.52,2,2
#NW10761,2025-02-25 15:31:00,2025-02,CUST-01540,Identified,Online,Online Store,paid,fulfilled,CAD,146.0,,0.0,0.0,18.98,164.98,0.0,164.98,2,2
#NW10762,2025-02-06 17:27:00,2025-02,,Guest / Unidentified,POS,Northwood Toronto,paid,fulfilled,CAD,296.0,,0.0,0.0,38.48,334.48,0.0,334.48,2,2
#NW10763,2025-02-22 10:47:00,2025-02,CUST-00028,Identified,POS,Northwood Toronto,paid,fulfilled,CAD,166.0,,0.0,0.0,21.58,187.58,0.0,187.58,2,2
#NW10764,2025-02-03 19:19:00,2025-02,,Guest / Unidentified,POS,Northwood Toronto,paid,fulfilled,CAD,88.0,,0.0,0.0,11.44,99.44,0.0,99.44,1,1
#NW10765,2025-02-14 18:52:00,2025-02,CUST-02175,Identified,Online,Online Store,partially_refunded,fulfilled,CAD,98.0,,0.0,12.0,14.3,124.3,30.91,93.39,1,1
#NW10766,2025-02-10 13:46:00,2025-02,CUST-00271,Identified,Online,Online Store,paid,fulfilled,CAD,216.0,WELCOME10,21.6,0.0,25.27,219.67,0.0,219.67,2,1
#NW10767,2025-02-25 12:45:00,2025-02,CUST-01120,Identified,Online,Online Store,paid,fulfilled,CAD,84.0,,0.0,12.0,12.48,108.48,0.0,108.48,2,1
#NW10768,2025-02-08 20:26:00,2025-02,CUST-01698,Identified,Online,Online Store,paid,fulfilled,CAD,72.0,,0.0,12.0,10.92,94.92,0.0,94.92,1,1
#NW10769,2025-02-28 18:41:00,2025-02,CUST-00717,Identified,Online,Online Store,paid,fulfilled,CAD,28.0,,0.0,12.0,5.2,45.2,0.0,45.2,1,1
#NW10770,2025-02-27 12:34:00,2025-02,CUST-02277,Identified,Online,Online Store,paid,fulfilled,CAD,128.0,,0.0,0.0,16.64,144.64,0.0,144.64,1,1
#NW10771,2025-02-13 11:52:00,2025-02,CUST-01893,Identified,Online,Online Store,paid,fulfilled,CAD,396.0,,0.0,0.0,51.48,447.48,0.0,447.48,2,1
#NW10772,2025-02-07 20:30:00,2025-02,CUST-01852,Identified,Online,Online Store,paid,fulfilled,CAD,248.0,,0.0,0.0,32.24,280.24,0.0,280.24,1,1
#NW10773,2025-02-26 16:55:00,2025-02,CUST-02327,Identified,Online,Online Store,paid,fulfilled,CAD,98.0,,0.0,12.0,14.3,124.3,0.0,124.3,1,1
#NW10774,2025-02-07 21:13:00,2025-02,CUST-01721,Identified,Online,Online Store,paid,fulfilled,CAD,108.0,,0.0,12.0,15.6,135.6,0.0,135.6,1,1
#NW10775,2025-02-05 09:34:00,2025-02,CUST-00271,Identified,Online,Online Store,paid,fulfilled,CAD,48.0,,0.0,12.0,7.8,67.8,0.0,67.8,1,1
#NW10776,2025-02-05 19:31:00,2025-02,CUST-01108,Identified,Online,Online Store,paid,fulfilled,CAD,158.0,,0.0,0.0,20.54,178.54,0.0,178.54,1,1
#NW10777,2025-02-14 17:40:00,2025-02,CUST-00817,Identified,POS,Northwood Toronto,partially_refunded,fulfilled,CAD,146.0,HOLIDAY15,21.9,0.0,16.13,140.23,71.84,68.38999999999999,2,2
#NW10778,2025-02-04 12:08:00,2025-02,CUST-00762,Identified,Online,Online Store,paid,fulfilled,CAD,78.0,,0.0,12.0,11.7,101.7,0.0,101.7,1,1
#NW10779,2025-02-15 13:08:00,2025-02,CUST-02316,Identified,Online,Online Store,paid,fulfilled,CAD,108.0,,0.0,12.0,15.6,135.6,0.0,135.6,1,1
#NW10780,2025-02-23 20:31:00,2025-02,CUST-01564,Identified,Online,Online Store,paid,fulfilled,CAD,64.0,,0.0,12.0,9.88,85.88,0.0,85.88,2,1
#NW10781,2025-02-23 12:10:00,2025-02,CUST-01186,Identified,Online,Online Store,paid,fulfilled,CAD,196.0,WELCOME10,19.6,0.0,22.93,199.33,0.0,199.33,2,2
#NW10782,2025-02-23 10:56:00,2025-02,CUST-02269,Identified,Online,Online Store,paid,fulfilled,CAD,496.0,,0.0,0.0,64.48,560.48,0.0,560.48,2,1
#NW10783,2025-02-16 17:55:00,2025-02,CUST-02010,Identified,POS,Northwood Toronto,refunded,fulfilled,CAD,38.0,HOLIDAY15,5.7,0.0,4.2,36.5,36.5,0.0,1,1
#NW10784,2025-02-14 18:09:00,2025-02,CUST-00173,Identified,Online,Online Store,paid,fulfilled,CAD,128.0,,0.0,0.0,16.64,144.64,0.0,144.64,1,1
#NW10785,2025-02-22 09:16:00,2025-02,CUST-00640,Identified,Online,Online Store,paid,fulfilled,CAD,96.0,,0.0,12.0,14.04,122.04,0.0,122.04,2,1
#NW10786,2025-02-13 16:20:00,2025-02,CUST-01237,Identified,Online,Online Store,partially_refunded,fulfilled,CAD,158.0,,0.0,0.0,20.54,178.54,91.47,87.07,1,1
#NW10787,2025-02-01 17:00:00,2025-02,CUST-01245,Identified,Online,Online Store,paid,fulfilled,CAD,394.0,,0.0,0.0,51.22,445.22,0.0,445.22,3,2
#NW10788,2025-02-09 18:18:00,2025-02,CUST-00964,Identified,Online,Online Store,paid,fulfilled,CAD,48.0,WELCOME10,4.8,12.0,7.18,62.38,0.0,62.38,1,1
#NW10789,2025-02-20 19:46:00,2025-02,CUST-02291,Identified,Online,Online Store,paid,fulfilled,CAD,158.0,,0.0,0.0,20.54,178.54,0.0,178.54,1,1
#NW10790,2025-02-08 21:52:00,2025-02,CUST-01899,Identified,Online,Online Store,paid,fulfilled,CAD,98.0,,0.0,12.0,14.3,124.3,0.0,124.3,1,1
#NW10791,2025-02-24 13:58:00,2025-02,CUST-00920,Identified,Online,Online Store,paid,fulfilled,CAD,112.0,,0.0,12.0,16.12,140.12,0.0,140.12,1,1
#NW10792,2025-02-15 19:53:00,2025-02,CUST-00110,Identified,Online,Online Store,paid,fulfilled,CAD,68.0,,0.0,12.0,10.4,90.4,0.0,90.4,1,1
#NW10793,2025-02-26 16:10:00,2025-02,CUST-00011,Identified,Online,Online Store,paid,fulfilled,CAD,504.0,,0.0,0.0,65.52,569.52,0.0,569.52,5,4
#NW10794,2025-02-26 11:43:00,2025-02,CUST-00631,Identified,Online,Online Store,paid,fulfilled,CAD,236.0,,0.0,0.0,30.68,266.68,0.0,266.68,2,2
#NW10795,2025-02-11 11:38:00,2025-02,CUST-01076,Identified,Online,Online Store,paid,fulfilled,CAD,88.0,,0.0,12.0,13.0,113.0,0.0,113.0,1,1
#NW10796,2025-02-24 19:35:00,2025-02,CUST-00147,Identified,Online,Online Store,paid,fulfilled,CAD,234.0,,0.0,0.0,30.42,264.42,0.0,264.42,3,2
#NW10797,2025-02-20 11:18:00,2025-02,CUST-01936,Identified,Online,Online Store,paid,fulfilled,CAD,196.0,,0.0,0.0,25.48,221.48,0.0,221.48,2,2
#NW10798,2025-02-05 18:43:00,2025-02,CUST-00509,Identified,Online,Online Store,paid,fulfilled,CAD,168.0,FALL15,25.2,0.0,18.56,161.36,0.0,161.36,3,2
#NW10799,2025-02-10 09:39:00,2025-02,CUST-01179,Identified,Online,Online Store,paid,fulfilled,CAD,212.0,,0.0,0.0,27.56,239.56,0.0,239.56,3,2
#NW10800,2025-02-28 10:48:00,2025-02,CUST-01688,Identified,Online,Online Store,paid,fulfilled,CAD,542.0,FALL15,81.3,0.0,59.89,520.59,0.0,520.59,4,3
#NW10801,2025-02-28 10:54:00,2025-02,CUST-01540,Identified,Online,Online Store,voided,unfulfilled,CAD,248.0,SPRING10,24.8,0.0,29.02,252.22,0.0,0.0,1,1
#NW10802,2025-02-19 10:16:00,2025-02,CUST-02015,Identified,Online,Online Store,paid,fulfilled,CAD,240.0,,0.0,0.0,31.2,271.2,0.0,271.2,4,2
#NW10803,2025-02-09 15:20:00,2025-02,CUST-01003,Identified,Online,Online Store,paid,fulfilled,CAD,150.0,,0.0,0.0,19.5,169.5,0.0,169.5,2,2
#NW10804,2025-02-01 15:12:00,2025-02,CUST-00117,Identified,POS,Northwood Toronto,paid,fulfilled,CAD,226.0,FALL15,33.9,0.0,24.97,217.07,0.0,217.07,2,2
#NW10805,2025-02-06 16:08:00,2025-02,CUST-00489,Identified,POS,Northwood Toronto,paid,fulfilled,CAD,218.0,,0.0,0.0,28.34,246.34,0.0,246.34,1,1
#NW10806,2025-02-12 11:33:00,2025-02,CUST-01136,Identified,Online,Online Store,paid,fulfilled,CAD,218.0,,0.0,0.0,28.34,246.34,0.0,246.34,1,1
#NW10807,2025-02-01 14:03:00,2025-02,CUST-02020,Identified,Online,Online Store,paid,fulfilled,CAD,336.0,,0.0,0.0,43.68,379.68,0.0,379.68,2,2
#NW10808,2025-02-19 10:28:00,2025-02,CUST-00117,Identified,Online,Online Store,paid,fulfilled,CAD,176.0,,0.0,0.0,22.88,198.88,0.0,198.88,2,1
#NW10809,2025-02-27 14:56:00,2025-02,CUST-00274,Identified,Online,Online Store,paid,fulfilled,CAD,204.0,,0.0,0.0,26.52,230.52,0.0,230.52,3,2
#NW10810,2025-02-17 09:44:00,2025-02,CUST-02176,Identified,POS,Northwood Toronto,paid,fulfilled,CAD,654.0,,0.0,0.0,85.02,739.02,0.0,739.02,3,2
#NW10811,2025-02-22 11:57:00,2025-02,CUST-01482,Identified,POS,Northwood Toronto,partially_refunded,fulfilled,CAD,156.0,,0.0,0.0,20.28,176.28,37.95,138.32999999999998,2,1
#NW10812,2025-02-19 17:21:00,2025-02,CUST-01969,Identified,Online,Online Store,paid,fulfilled,CAD,198.0,,0.0,0.0,25.74,223.74,0.0,223.74,1,1
#NW10813,2025-02-01 16:33:00,2025-02,CUST-01687,Identified,Online,Online Store,paid,fulfilled,CAD,156.0,,0.0,0.0,20.28,176.28,0.0,176.28,2,1
#NW10814,2025-02-20 15:51:00,2025-02,CUST-01787,Identified,Online,Online Store,paid,fulfilled,CAD,316.0,,0.0,0.0,41.08,357.08,0.0,357.08,2,1
#NW10815,2025-02-25 13:11:00,2025-02,CUST-01057,Identified,Online,Online Store,paid,fulfilled,CAD,648.0,HOLIDAY15,97.2,0.0,71.6,622.4,0.0,622.4,6,4
#NW10816,2025-02-28 16:25:00,2025-02,CUST-01950,Identified,Online,Online Store,paid,fulfilled,CAD,118.0,,0.0,12.0,16.9,146.9,0.0,146.9,1,1
#NW10817,2025-02-17 15:04:00,2025-02,,Guest / Unidentified,POS,Northwood Toronto,paid,fulfilled,CAD,336.0,,0.0,0.0,43.68,379.68,0.0,379.68,2,2
#NW10818,2025-02-25 17:29:00,2025-02,CUST-01122,Identified,POS,Northwood Toronto,paid,fulfilled,CAD,76.0,,0.0,0.0,9.88,85.88,0.0,85.88,2,1
#NW10819,2025-02-02 09:41:00,2025-02,CUST-01930,Identified,Online,Online Store,paid,fulfilled,CAD,284.0,,0.0,0.0,36.92,320.92,0.0,320.92,3,2
#NW10820,2025-02-24 11:03:00,2025-02,CUST-00072,Identified,Online,Online Store,paid,fulfilled,CAD,72.0,,0.0,12.0,10.92,94.92,0.0,94.92,1,1
#NW10821,2025-02-09 19:42:00,2025-02,CUST-01064,Identified,Online,Online Store,paid,fulfilled,CAD,454.0,,0.0,0.0,59.02,513.02,0.0,513.02,3,2
#NW10822,2025-02-25 21:06:00,2025-02,CUST-00668,Identified,Online,Online Store,paid,fulfilled,CAD,368.0,,0.0,0.0,47.84,415.84,0.0,415.84,3,2
#NW10823,2025-02-23 14:39:00,2025-02,CUST-00911,Identified,Online,Online Store,paid,fulfilled,CAD,128.0,WELCOME10,12.8,0.0,14.98,130.18,0.0,130.18,1,1
#NW10824,2025-02-04 20:34:00,2025-02,CUST-01515,Identified,Online,Online Store,paid,fulfilled,CAD,410.0,,0.0,0.0,53.3,463.3,0.0,463.3,5,3
#NW10825,2025-02-12 14:31:00,2025-02,CUST-00599,Identified,Online,Online Store,paid,fulfilled,CAD,96.0,,0.0,12.0,14.04,122.04,0.0,122.04,2,1
#NW10826,2025-02-04 18:53:00,2025-02,CUST-01661,Identified,Online,Online Store,paid,fulfilled,CAD,128.0,,0.0,0.0,16.64,144.64,0.0,144.64,1,1
#NW10827,2025-02-28 21:00:00,2025-02,CUST-01889,Identified,Online,Online Store,paid,fulfilled,CAD,324.0,WELCOME10,32.4,0.0,37.91,329.51,0.0,329.51,3,2
#NW10828,2025-02-16 17:24:00,2025-02,CUST-00555,Identified,Online,Online Store,paid,fulfilled,CAD,236.0,,0.0,0.0,30.68,266.68,0.0,266.68,2,2
#NW10829,2025-02-17 16:56:00,2025-02,CUST-01464,Identified,Online,Online Store,paid,fulfilled,CAD,330.0,,0.0,0.0,42.9,372.9,0.0,372.9,5,4
#NW10830,2025-02-20 12:53:00,2025-02,CUST-00899,Identified,Online,Online Store,paid,fulfilled,CAD,128.0,,0.0,0.0,16.64,144.64,0.0,144.64,1,1
#NW10831,2025-02-08 11:37:00,2025-02,CUST-00217,Identified,Online,Online Store,paid,fulfilled,CAD,122.0,,0.0,12.0,17.42,151.42,0.0,151.42,3,2
#NW10832,2025-02-16 19:37:00,2025-02,CUST-01117,Identified,Online,Online Store,paid,fulfilled,CAD,872.0,,0.0,0.0,113.36,985.36,0.0,985.36,4,2
#NW10833,2025-02-06 14:44:00,2025-02,CUST-01480,Identified,Online,Online Store,paid,fulfilled,CAD,534.0,,0.0,0.0,69.42,603.42,0.0,603.42,3,2
#NW10834,2025-02-25 21:29:00,2025-02,CUST-01719,Identified,Online,Online Store,paid,fulfilled,CAD,108.0,,0.0,12.0,15.6,135.6,0.0,135.6,1,1
#NW10835,2025-02-07 13:08:00,2025-02,CUST-01459,Identified,Online,Online Store,paid,fulfilled,CAD,28.0,SPRING10,2.8,12.0,4.84,42.04,0.0,42.04,1,1
#NW10836,2025-02-28 18:39:00,2025-02,CUST-00687,Identified,Online,Online Store,paid,fulfilled,CAD,164.0,,0.0,0.0,21.32,185.32,0.0,185.32,3,2
#NW10837,2025-02-12 10:56:00,2025-02,CUST-01188,Identified,Online,Online Store,paid,fulfilled,CAD,218.0,,0.0,0.0,28.34,246.34,0.0,246.34,1,1
#NW10838,2025-02-07 10:06:00,2025-02,CUST-00021,Identified,Online,Online Store,paid,fulfilled,CAD,236.0,,0.0,0.0,30.68,266.68,0.0,266.68,2,1
#NW10839,2025-02-17 14:02:00,2025-02,,Guest / Unidentified,POS,Northwood Toronto,paid,fulfilled,CAD,76.0,,0.0,0.0,9.88,85.88,0.0,85.88,2,1
#NW10840,2025-02-19 15:51:00,2025-02,CUST-00167,Identified,Online,Online Store,paid,fulfilled,CAD,346.0,,0.0,0.0,44.98,390.98,0.0,390.98,2,2
#NW10841,2025-02-25 09:16:00,2025-02,CUST-01318,Identified,POS,Northwood Toronto,partially_refunded,fulfilled,CAD,258.0,,0.0,0.0,33.54,291.54,160.23,131.31000000000003,3,3
#NW10842,2025-02-02 09:54:00,2025-02,CUST-01858,Identified,Online,Online Store,paid,fulfilled,CAD,78.0,FALL15,11.7,12.0,10.18,88.48,0.0,88.48,1,1
#NW10843,2025-02-19 18:54:00,2025-02,CUST-00685,Identified,Online,Online Store,paid,fulfilled,CAD,108.0,,0.0,12.0,15.6,135.6,0.0,135.6,1,1
#NW10844,2025-02-10 13:48:00,2025-02,CUST-02228,Identified,Online,Online Store,paid,fulfilled,CAD,356.0,HOLIDAY15,53.4,0.0,39.34,341.94,0.0,341.94,2,2
#NW10845,2025-02-03 18:26:00,2025-02,CUST-01322,Identified,Online,Online Store,paid,fulfilled,CAD,116.0,,0.0,12.0,16.64,144.64,0.0,144.64,2,2
#NW10846,2025-02-13 11:21:00,2025-02,CUST-01296,Identified,Online,Online Store,paid,fulfilled,CAD,38.0,,0.0,12.0,6.5,56.5,0.0,56.5,1,1
#NW10847,2025-02-04 13:12:00,2025-02,,Guest / Unidentified,POS,Northwood Toronto,paid,fulfilled,CAD,424.0,,0.0,0.0,55.12,479.12,0.0,479.12,3,2
#NW10848,2025-02-02 16:25:00,2025-02,CUST-00560,Identified,Online,Online Store,paid,fulfilled,CAD,76.0,,0.0,12.0,11.44,99.44,0.0,99.44,2,1
#NW10849,2025-02-25 20:10:00,2025-02,CUST-01182,Identified,Online,Online Store,paid,fulfilled,CAD,158.0,,0.0,0.0,20.54,178.54,0.0,178.54,1,1
#NW10850,2025-02-15 12:23:00,2025-02,CUST-00393,Identified,Online,Online Store,paid,fulfilled,CAD,76.0,,0.0,12.0,11.44,99.44,0.0,99.44,2,1
#NW10851,2025-03-31 14:53:00,2025-03,CUST-02189,Identified,Online,Online Store,paid,fulfilled,CAD,336.0,,0.0,0.0,43.68,379.68,0.0,379.68,2,2
#NW10852,2025-03-01 18:44:00,2025-03,CUST-01441,Identified,POS,Northwood Toronto,paid,fulfilled,CAD,218.0,,0.0,0.0,28.34,246.34,0.0,246.34,1,1
#NW10853,2025-03-17 18:17:00,2025-03,CUST-00589,Identified,Online,Online Store,paid,fulfilled,CAD,160.0,,0.0,0.0,20.8,180.8,0.0,180.8,2,2
#NW10854,2025-03-28 15:19:00,2025-03,CUST-00053,Identified,Online,Online Store,paid,fulfilled,CAD,256.0,,0.0,0.0,33.28,289.28,0.0,289.28,2,1
#NW10855,2025-03-14 13:34:00,2025-03,CUST-01241,Identified,Online,Online Store,paid,fulfilled,CAD,72.0,,0.0,12.0,10.92,94.92,0.0,94.92,1,1
#NW10856,2025-03-13 11:32:00,2025-03,CUST-02123,Identified,POS,Northwood Toronto,paid,fulfilled,CAD,218.0,,0.0,0.0,28.34,246.34,0.0,246.34,1,1
#NW10857,2025-03-17 10:07:00,2025-03,CUST-01153,Identified,POS,Northwood Toronto,paid,fulfilled,CAD,322.0,,0.0,0.0,41.86,363.86,0.0,363.86,3,2
#NW10858,2025-03-31 11:31:00,2025-03,CUST-00093,Identified,Online,Online Store,paid,fulfilled,CAD,28.0,,0.0,12.0,5.2,45.2,0.0,45.2,1,1
#NW10859,2025-03-25 13:32:00,2025-03,CUST-01987,Identified,Online,Online Store,paid,fulfilled,CAD,404.0,WELCOME10,40.4,0.0,47.27,410.87,0.0,410.87,3,3
#NW10860,2025-03-09 10:34:00,2025-03,CUST-00640,Identified,Online,Online Store,paid,fulfilled,CAD,38.0,,0.0,12.0,6.5,56.5,0.0,56.5,1,1
#NW10861,2025-03-08 16:51:00,2025-03,CUST-01394,Identified,Online,Online Store,partially_refunded,fulfilled,CAD,308.0,,0.0,0.0,40.04,348.04,149.52,198.52,3,3
#NW10862,2025-03-29 20:24:00,2025-03,CUST-00668,Identified,POS,Northwood Toronto,paid,fulfilled,CAD,582.0,,0.0,0.0,75.66,657.66,0.0,657.66,4,4
#NW10863,2025-03-01 17:36:00,2025-03,CUST-00420,Identified,Online,Online Store,paid,fulfilled,CAD,96.0,,0.0,12.0,14.04,122.04,0.0,122.04,2,1
#NW10864,2025-03-22 12:56:00,2025-03,CUST-00893,Identified,Online,Online Store,paid,fulfilled,CAD,176.0,,0.0,0.0,22.88,198.88,0.0,198.88,2,1
#NW10865,2025-03-26 13:31:00,2025-03,CUST-00634,Identified,Online,Online Store,refunded,fulfilled,CAD,98.0,,0.0,12.0,14.3,124.3,124.3,0.0,1,1
#NW10866,2025-03-07 09:25:00,2025-03,CUST-02228,Identified,Online,Online Store,paid,fulfilled,CAD,158.0,,0.0,0.0,20.54,178.54,0.0,178.54,1,1
#NW10867,2025-03-13 14:12:00,2025-03,CUST-00392,Identified,Online,Online Store,paid,fulfilled,CAD,48.0,FALL15,7.2,12.0,6.86,59.66,0.0,59.66,1,1
#NW10868,2025-03-27 20:16:00,2025-03,CUST-00772,Identified,POS,Northwood Toronto,paid,fulfilled,CAD,470.0,,0.0,0.0,61.1,531.1,0.0,531.1,4,3
#NW10869,2025-03-05 11:17:00,2025-03,CUST-02289,Identified,Online,Online Store,paid,fulfilled,CAD,218.0,,0.0,0.0,28.34,246.34,0.0,246.34,1,1
#NW10870,2025-03-23 11:39:00,2025-03,CUST-02154,Identified,Online,Online Store,paid,fulfilled,CAD,48.0,FALL15,7.2,12.0,6.86,59.66,0.0,59.66,1,1
#NW10871,2025-03-15 16:26:00,2025-03,CUST-02180,Identified,Online,Online Store,paid,fulfilled,CAD,28.0,,0.0,12.0,5.2,45.2,0.0,45.2,1,1
#NW10872,2025-03-27 15:18:00,2025-03,CUST-02258,Identified,Online,Online Store,paid,fulfilled,CAD,76.0,,0.0,12.0,11.44,99.44,0.0,99.44,2,1
#NW10873,2025-03-17 15:27:00,2025-03,CUST-00299,Identified,Online,Online Store,paid,fulfilled,CAD,128.0,,0.0,0.0,16.64,144.64,0.0,144.64,1,1
#NW10874,2025-03-16 11:44:00,2025-03,CUST-01710,Identified,Online,Online Store,paid,fulfilled,CAD,230.0,,0.0,0.0,29.9,259.9,0.0,259.9,2,2
#NW10875,2025-03-03 10:37:00,2025-03,CUST-01887,Identified,Online,Online Store,paid,fulfilled,CAD,136.0,,0.0,0.0,17.68,153.68,0.0,153.68,2,1
#NW10876,2025-03-14 11:39:00,2025-03,CUST-00313,Identified,Online,Online Store,paid,fulfilled,CAD,176.0,,0.0,0.0,22.88,198.88,0.0,198.88,2,1
#NW10877,2025-03-20 15:56:00,2025-03,CUST-00478,Identified,Online,Online Store,paid,fulfilled,CAD,250.0,,0.0,0.0,32.5,282.5,0.0,282.5,5,4
#NW10878,2025-03-09 20:45:00,2025-03,CUST-01575,Identified,POS,Northwood Toronto,paid,fulfilled,CAD,38.0,,0.0,0.0,4.94,42.94,0.0,42.94,1,1
#NW10879,2025-03-27 09:46:00,2025-03,CUST-00072,Identified,Online,Online Store,paid,fulfilled,CAD,78.0,,0.0,12.0,11.7,101.7,0.0,101.7,1,1
#NW10880,2025-03-23 18:30:00,2025-03,CUST-01965,Identified,Online,Online Store,paid,fulfilled,CAD,186.0,,0.0,0.0,24.18,210.18,0.0,210.18,2,2
#NW10881,2025-03-07 18:35:00,2025-03,CUST-01427,Identified,Online,Online Store,paid,fulfilled,CAD,454.0,,0.0,0.0,59.02,513.02,0.0,513.02,3,2
#NW10882,2025-03-20 16:48:00,2025-03,CUST-01277,Identified,Online,Online Store,paid,fulfilled,CAD,690.0,,0.0,0.0,89.7,779.7,0.0,779.7,5,3
#NW10883,2025-03-06 21:28:00,2025-03,,Guest / Unidentified,POS,Northwood Toronto,paid,fulfilled,CAD,188.0,,0.0,0.0,24.44,212.44,0.0,212.44,3,2
#NW10884,2025-03-04 21:58:00,2025-03,CUST-00372,Identified,Online,Online Store,paid,fulfilled,CAD,156.0,,0.0,0.0,20.28,176.28,0.0,176.28,2,1
#NW10885,2025-03-13 14:25:00,2025-03,CUST-01811,Identified,Online,Online Store,paid,fulfilled,CAD,248.0,,0.0,0.0,32.24,280.24,0.0,280.24,1,1
#NW10886,2025-03-14 12:26:00,2025-03,CUST-02143,Identified,Online,Online Store,paid,fulfilled,CAD,28.0,,0.0,12.0,5.2,45.2,0.0,45.2,1,1
#NW10887,2025-03-08 16:07:00,2025-03,CUST-01402,Identified,Online,Online Store,paid,fulfilled,CAD,144.0,,0.0,0.0,18.72,162.72,0.0,162.72,2,1
#NW10888,2025-03-09 10:16:00,2025-03,CUST-00706,Identified,Online,Online Store,paid,fulfilled,CAD,76.0,,0.0,12.0,11.44,99.44,0.0,99.44,2,1
#NW10889,2025-03-02 13:39:00,2025-03,CUST-01248,Identified,Online,Online Store,paid,fulfilled,CAD,28.0,HOLIDAY15,4.2,12.0,4.65,40.45,0.0,40.45,1,1
#NW10890,2025-03-26 20:39:00,2025-03,CUST-00118,Identified,POS,Northwood Toronto,paid,fulfilled,CAD,98.0,,0.0,0.0,12.74,110.74,0.0,110.74,1,1
#NW10891,2025-03-25 17:07:00,2025-03,CUST-00486,Identified,Online,Online Store,paid,fulfilled,CAD,196.0,FALL15,29.4,0.0,21.66,188.26,0.0,188.26,2,1
#NW10892,2025-03-13 20:07:00,2025-03,CUST-00911,Identified,POS,Northwood Toronto,paid,fulfilled,CAD,474.0,,0.0,0.0,61.62,535.62,0.0,535.62,3,2
#NW10893,2025-03-08 15:44:00,2025-03,CUST-02010,Identified,Online,Online Store,paid,fulfilled,CAD,98.0,,0.0,12.0,14.3,124.3,0.0,124.3,1,1
#NW10894,2025-03-22 12:16:00,2025-03,,Guest / Unidentified,POS,Northwood Toronto,paid,fulfilled,CAD,256.0,,0.0,0.0,33.28,289.28,0.0,289.28,3,2
#NW10895,2025-03-12 15:57:00,2025-03,CUST-00929,Identified,Online,Online Store,paid,fulfilled,CAD,310.0,,0.0,0.0,40.3,350.3,0.0,350.3,2,2
#NW10896,2025-03-13 18:26:00,2025-03,CUST-00051,Identified,POS,Northwood Toronto,paid,fulfilled,CAD,256.0,,0.0,0.0,33.28,289.28,0.0,289.28,2,1
#NW10897,2025-03-20 21:24:00,2025-03,CUST-01603,Identified,POS,Northwood Toronto,paid,fulfilled,CAD,108.0,,0.0,0.0,14.04,122.04,0.0,122.04,1,1
#NW10898,2025-03-21 13:31:00,2025-03,CUST-00860,Identified,Online,Online Store,paid,fulfilled,CAD,412.0,,0.0,0.0,53.56,465.56,0.0,465.56,5,4
#NW10899,2025-03-14 09:28:00,2025-03,CUST-01655,Identified,POS,Northwood Toronto,paid,fulfilled,CAD,246.0,,0.0,0.0,31.98,277.98,0.0,277.98,2,2
#NW10900,2025-03-01 17:54:00,2025-03,CUST-00322,Identified,Online,Online Store,paid,fulfilled,CAD,444.0,,0.0,0.0,57.72,501.72,0.0,501.72,3,2
#NW10901,2025-03-21 21:54:00,2025-03,CUST-00903,Identified,Online,Online Store,paid,fulfilled,CAD,218.0,,0.0,0.0,28.34,246.34,0.0,246.34,1,1
#NW10902,2025-03-07 20:32:00,2025-03,CUST-00424,Identified,POS,Northwood Toronto,paid,fulfilled,CAD,218.0,,0.0,0.0,28.34,246.34,0.0,246.34,1,1
#NW10903,2025-03-18 15:59:00,2025-03,CUST-00319,Identified,Online,Online Store,paid,fulfilled,CAD,384.0,,0.0,0.0,49.92,433.92,0.0,433.92,3,2
#NW10904,2025-03-05 18:42:00,2025-03,CUST-00078,Identified,Online,Online Store,paid,fulfilled,CAD,48.0,FALL15,7.2,12.0,6.86,59.66,0.0,59.66,1,1
#NW10905,2025-03-23 15:00:00,2025-03,CUST-01984,Identified,Online,Online Store,paid,fulfilled,CAD,108.0,,0.0,12.0,15.6,135.6,0.0,135.6,1,1
#NW10906,2025-03-13 17:19:00,2025-03,CUST-01767,Identified,POS,Northwood Toronto,paid,fulfilled,CAD,136.0,,0.0,0.0,17.68,153.68,0.0,153.68,2,2
#NW10907,2025-03-16 21:23:00,2025-03,CUST-01803,Identified,Online,Online Store,partially_refunded,fulfilled,CAD,198.0,,0.0,0.0,25.74,223.74,97.98,125.76,1,1
#NW10908,2025-03-07 11:24:00,2025-03,CUST-00647,Identified,Online,Online Store,paid,fulfilled,CAD,174.0,,0.0,0.0,22.62,196.62,0.0,196.62,3,3
#NW10909,2025-03-21 21:53:00,2025-03,CUST-00445,Identified,POS,Northwood Toronto,paid,fulfilled,CAD,248.0,SPRING10,24.8,0.0,29.02,252.22,0.0,252.22,1,1
#NW10910,2025-03-07 12:55:00,2025-03,CUST-02161,Identified,Online,Online Store,paid,fulfilled,CAD,218.0,,0.0,0.0,28.34,246.34,0.0,246.34,1,1
#NW10911,2025-03-22 20:32:00,2025-03,CUST-02104,Identified,Online,Online Store,paid,fulfilled,CAD,446.0,HOLIDAY15,66.9,0.0,49.28,428.38,0.0,428.38,2,2
#NW10912,2025-03-11 11:39:00,2025-03,CUST-00243,Identified,Online,Online Store,paid,fulfilled,CAD,98.0,,0.0,12.0,14.3,124.3,0.0,124.3,1,1
#NW10913,2025-03-10 14:35:00,2025-03,CUST-01564,Identified,Online,Online Store,paid,fulfilled,CAD,38.0,WELCOME10,3.8,12.0,6.01,52.21,0.0,52.21,1,1
#NW10914,2025-03-05 17:22:00,2025-03,CUST-00488,Identified,Online,Online Store,paid,fulfilled,CAD,108.0,,0.0,12.0,15.6,135.6,0.0,135.6,1,1
#NW10915,2025-03-27 17:18:00,2025-03,CUST-01037,Identified,Online,Online Store,paid,fulfilled,CAD,100.0,,0.0,12.0,14.56,126.56,0.0,126.56,2,2
#NW10916,2025-03-22 20:58:00,2025-03,CUST-00686,Identified,Online,Online Store,paid,fulfilled,CAD,278.0,,0.0,0.0,36.14,314.14,0.0,314.14,3,3
#NW10917,2025-03-08 16:24:00,2025-03,CUST-00272,Identified,Online,Online Store,paid,fulfilled,CAD,158.0,WELCOME10,15.8,0.0,18.49,160.69,0.0,160.69,1,1
#NW10918,2025-03-04 12:36:00,2025-03,CUST-01236,Identified,POS,Northwood Toronto,paid,fulfilled,CAD,146.0,SPRING10,14.6,0.0,17.08,148.48,0.0,148.48,2,2
#NW10919,2025-03-15 15:06:00,2025-03,CUST-00043,Identified,Online,Online Store,paid,fulfilled,CAD,78.0,,0.0,12.0,11.7,101.7,0.0,101.7,1,1
#NW10920,2025-03-21 19:01:00,2025-03,CUST-01325,Identified,Online,Online Store,paid,fulfilled,CAD,96.0,,0.0,12.0,14.04,122.04,0.0,122.04,2,1
#NW10921,2025-03-07 09:02:00,2025-03,CUST-00508,Identified,Online,Online Store,paid,fulfilled,CAD,386.0,,0.0,0.0,50.18,436.18,0.0,436.18,4,3
#NW10922,2025-03-26 12:33:00,2025-03,CUST-00845,Identified,Online,Online Store,paid,fulfilled,CAD,72.0,,0.0,12.0,10.92,94.92,0.0,94.92,1,1
#NW10923,2025-03-12 18:17:00,2025-03,CUST-00027,Identified,Online,Online Store,paid,fulfilled,CAD,72.0,,0.0,12.0,10.92,94.92,0.0,94.92,1,1
#NW10924,2025-03-14 20:57:00,2025-03,CUST-00711,Identified,Online,Online Store,paid,fulfilled,CAD,112.0,WELCOME10,11.2,12.0,14.66,127.46,0.0,127.46,1,1
#NW10925,2025-03-20 10:26:00,2025-03,CUST-01440,Identified,Online,Online Store,paid,fulfilled,CAD,302.0,HOLIDAY15,45.3,0.0,33.37,290.07,0.0,290.07,4,4
#NW10926,2025-03-22 18:10:00,2025-03,CUST-01515,Identified,POS,Northwood Toronto,paid,fulfilled,CAD,296.0,,0.0,0.0,38.48,334.48,0.0,334.48,2,2
#NW10927,2025-03-18 19:14:00,2025-03,CUST-00372,Identified,POS,Northwood Toronto,paid,fulfilled,CAD,248.0,,0.0,0.0,32.24,280.24,0.0,280.24,1,1
#NW10928,2025-03-07 10:44:00,2025-03,CUST-00597,Identified,Online,Online Store,paid,fulfilled,CAD,198.0,,0.0,0.0,25.74,223.74,0.0,223.74,1,1
#NW10929,2025-03-06 15:06:00,2025-03,CUST-01209,Identified,Online,Online Store,paid,fulfilled,CAD,260.0,,0.0,0.0,33.8,293.8,0.0,293.8,4,3
#NW10930,2025-03-06 12:01:00,2025-03,CUST-01425,Identified,Online,Online Store,paid,fulfilled,CAD,112.0,,0.0,12.0,16.12,140.12,0.0,140.12,1,1
#NW10931,2025-03-25 09:43:00,2025-03,CUST-01443,Identified,Online,Online Store,paid,fulfilled,CAD,76.0,,0.0,12.0,11.44,99.44,0.0,99.44,2,1
#NW10932,2025-03-18 09:18:00,2025-03,CUST-00485,Identified,Online,Online Store,paid,fulfilled,CAD,288.0,,0.0,0.0,37.44,325.44,0.0,325.44,3,3
#NW10933,2025-03-20 15:10:00,2025-03,CUST-02051,Identified,Online,Online Store,paid,fulfilled,CAD,218.0,FALL15,32.7,0.0,24.09,209.39,0.0,209.39,1,1
#NW10934,2025-03-19 14:34:00,2025-03,CUST-00991,Identified,Online,Online Store,paid,fulfilled,CAD,544.0,,0.0,0.0,70.72,614.72,0.0,614.72,5,4
#NW10935,2025-03-18 15:26:00,2025-03,CUST-01296,Identified,Online,Online Store,paid,fulfilled,CAD,284.0,,0.0,0.0,36.92,320.92,0.0,320.92,3,2
#NW10936,2025-03-17 10:15:00,2025-03,CUST-02336,Identified,Online,Online Store,paid,fulfilled,CAD,494.0,,0.0,0.0,64.22,558.22,0.0,558.22,3,2
#NW10937,2025-03-28 16:17:00,2025-03,,Guest / Unidentified,POS,Northwood Toronto,partially_refunded,fulfilled,CAD,198.0,HOLIDAY15,29.7,0.0,21.88,190.18,81.37,108.81,1,1
#NW10938,2025-03-26 15:09:00,2025-03,CUST-00256,Identified,Online,Online Store,paid,fulfilled,CAD,396.0,,0.0,0.0,51.48,447.48,0.0,447.48,2,1
#NW10939,2025-03-19 10:54:00,2025-03,CUST-00058,Identified,POS,Northwood Toronto,paid,fulfilled,CAD,108.0,,0.0,0.0,14.04,122.04,0.0,122.04,1,1
#NW10940,2025-03-14 13:51:00,2025-03,CUST-02167,Identified,Online,Online Store,paid,fulfilled,CAD,128.0,,0.0,0.0,16.64,144.64,0.0,144.64,1,1
#NW10941,2025-03-22 21:25:00,2025-03,CUST-00889,Identified,Online,Online Store,paid,fulfilled,CAD,218.0,,0.0,0.0,28.34,246.34,0.0,246.34,1,1
#NW10942,2025-03-28 21:19:00,2025-03,CUST-01797,Identified,Online,Online Store,paid,fulfilled,CAD,176.0,,0.0,0.0,22.88,198.88,0.0,198.88,2,2
#NW10943,2025-03-28 16:06:00,2025-03,CUST-00355,Identified,POS,Northwood Toronto,paid,fulfilled,CAD,128.0,SPRING10,12.8,0.0,14.98,130.18,0.0,130.18,1,1
#NW10944,2025-03-11 21:07:00,2025-03,CUST-00704,Identified,POS,Northwood Toronto,paid,fulfilled,CAD,212.0,HOLIDAY15,31.8,0.0,23.43,203.63,0.0,203.63,3,2
#NW10945,2025-03-23 11:46:00,2025-03,CUST-02201,Identified,Online,Online Store,paid,fulfilled,CAD,322.0,,0.0,0.0,41.86,363.86,0.0,363.86,4,4
#NW10946,2025-03-03 16:16:00,2025-03,CUST-00018,Identified,Online,Online Store,paid,fulfilled,CAD,404.0,,0.0,0.0,52.52,456.52,0.0,456.52,3,3
#NW10947,2025-03-20 18:33:00,2025-03,CUST-00256,Identified,Online,Online Store,paid,fulfilled,CAD,600.0,,0.0,0.0,78.0,678.0,0.0,678.0,5,3
#NW10948,2025-03-02 15:11:00,2025-03,CUST-01234,Identified,Online,Online Store,partially_refunded,fulfilled,CAD,962.0,,0.0,0.0,125.06,1087.06,266.01,821.05,4,3
#NW10949,2025-03-13 15:46:00,2025-03,CUST-01322,Identified,Online,Online Store,paid,fulfilled,CAD,88.0,,0.0,12.0,13.0,113.0,0.0,113.0,1,1
#NW10950,2025-03-13 20:28:00,2025-03,CUST-02291,Identified,Online,Online Store,paid,fulfilled,CAD,96.0,WELCOME10,9.6,12.0,12.79,111.19,0.0,111.19,2,1
#NW10951,2025-03-16 19:35:00,2025-03,CUST-01502,Identified,Online,Online Store,paid,fulfilled,CAD,308.0,,0.0,0.0,40.04,348.04,0.0,348.04,3,2
#NW10952,2025-03-29 20:37:00,2025-03,CUST-00759,Identified,Online,Online Store,paid,fulfilled,CAD,496.0,,0.0,0.0,64.48,560.48,0.0,560.48,2,1
#NW10953,2025-03-06 10:35:00,2025-03,CUST-01582,Identified,POS,Northwood Toronto,refunded,fulfilled,CAD,354.0,,0.0,0.0,46.02,400.02,400.02,0.0,3,2
#NW10954,2025-03-24 14:57:00,2025-03,CUST-00440,Identified,POS,Northwood Toronto,paid,fulfilled,CAD,744.0,,0.0,0.0,96.72,840.72,0.0,840.72,3,2
#NW10955,2025-03-15 14:28:00,2025-03,CUST-00495,Identified,POS,Northwood Toronto,paid,fulfilled,CAD,346.0,,0.0,0.0,44.98,390.98,0.0,390.98,2,2
#NW10956,2025-03-06 18:13:00,2025-03,CUST-01852,Identified,Online,Online Store,paid,fulfilled,CAD,116.0,,0.0,12.0,16.64,144.64,0.0,144.64,2,2
#NW10957,2025-03-31 21:38:00,2025-03,CUST-01195,Identified,Online,Online Store,paid,fulfilled,CAD,128.0,,0.0,0.0,16.64,144.64,0.0,144.64,1,1
#NW10958,2025-03-09 16:04:00,2025-03,CUST-01646,Identified,Online,Online Store,voided,unfulfilled,CAD,350.0,,0.0,0.0,45.5,395.5,0.0,0.0,5,4
#NW10959,2025-03-17 15:44:00,2025-03,CUST-00878,Identified,Online,Online Store,paid,fulfilled,CAD,38.0,,0.0,12.0,6.5,56.5,0.0,56.5,1,1
#NW10960,2025-03-17 19:21:00,2025-03,CUST-02107,Identified,Online,Online Store,paid,fulfilled,CAD,324.0,,0.0,0.0,42.12,366.12,0.0,366.12,3,2
#NW10961,2025-03-28 17:23:00,2025-03,CUST-00933,Identified,Online,Online Store,paid,fulfilled,CAD,436.0,,0.0,0.0,56.68,492.68,0.0,492.68,2,1
#NW10962,2025-03-17 18:27:00,2025-03,CUST-01670,Identified,Online,Online Store,paid,fulfilled,CAD,206.0,,0.0,0.0,26.78,232.78,0.0,232.78,2,2
#NW10963,2025-03-20 10:19:00,2025-03,CUST-00143,Identified,Online,Online Store,paid,fulfilled,CAD,38.0,,0.0,12.0,6.5,56.5,0.0,56.5,1,1
#NW10964,2025-03-30 16:08:00,2025-03,CUST-01882,Identified,Online,Online Store,paid,fulfilled,CAD,128.0,SPRING10,12.8,0.0,14.98,130.18,0.0,130.18,1,1
#NW10965,2025-03-15 11:02:00,2025-03,CUST-00507,Identified,Online,Online Store,paid,fulfilled,CAD,72.0,,0.0,12.0,10.92,94.92,0.0,94.92,1,1
#NW10966,2025-03-27 17:45:00,2025-03,CUST-01909,Identified,Online,Online Store,paid,fulfilled,CAD,248.0,,0.0,0.0,32.24,280.24,0.0,280.24,1,1
#NW10967,2025-03-28 20:56:00,2025-03,CUST-00452,Identified,Online,Online Store,paid,fulfilled,CAD,128.0,SPRING10,12.8,0.0,14.98,130.18,0.0,130.18,1,1
#NW10968,2025-03-31 12:58:00,2025-03,CUST-02129,Identified,Online,Online Store,paid,fulfilled,CAD,642.0,HOLIDAY15,96.3,0.0,70.94,616.64,0.0,616.64,4,3
#NW10969,2025-03-08 13:13:00,2025-03,CUST-00557,Identified,Online,Online Store,paid,fulfilled,CAD,94.0,,0.0,12.0,13.78,119.78,0.0,119.78,3,2
#NW10970,2025-03-28 11:36:00,2025-03,CUST-02031,Identified,Online,Online Store,paid,fulfilled,CAD,136.0,,0.0,0.0,17.68,153.68,0.0,153.68,2,2
#NW10971,2025-03-10 14:45:00,2025-03,,Guest / Unidentified,POS,Northwood Toronto,partially_refunded,fulfilled,CAD,262.0,,0.0,0.0,34.06,296.06,109.16,186.9,3,2
#NW10972,2025-03-22 12:52:00,2025-03,CUST-01011,Identified,Online,Online Store,paid,fulfilled,CAD,216.0,,0.0,0.0,28.08,244.08,0.0,244.08,2,1
#NW10973,2025-03-04 11:02:00,2025-03,,Guest / Unidentified,POS,Northwood Toronto,paid,fulfilled,CAD,196.0,,0.0,0.0,25.48,221.48,0.0,221.48,2,1
#NW10974,2025-03-07 16:55:00,2025-03,CUST-00167,Identified,Online,Online Store,paid,fulfilled,CAD,306.0,WELCOME10,30.6,0.0,35.8,311.2,0.0,311.2,2,2
#NW10975,2025-03-13 10:36:00,2025-03,CUST-01032,Identified,POS,Northwood Toronto,paid,fulfilled,CAD,176.0,,0.0,0.0,22.88,198.88,0.0,198.88,2,1
#NW10976,2025-03-13 16:38:00,2025-03,,Guest / Unidentified,POS,Northwood Toronto,paid,fulfilled,CAD,162.0,,0.0,0.0,21.06,183.06,0.0,183.06,3,2
#NW10977,2025-03-06 12:20:00,2025-03,CUST-01064,Identified,Online,Online Store,paid,fulfilled,CAD,204.0,,0.0,0.0,26.52,230.52,0.0,230.52,3,2
#NW10978,2025-03-16 11:52:00,2025-03,CUST-02341,Identified,Online,Online Store,paid,fulfilled,CAD,42.0,,0.0,12.0,7.02,61.02,0.0,61.02,1,1
#NW10979,2025-03-29 11:00:00,2025-03,CUST-01577,Identified,Online,Online Store,paid,fulfilled,CAD,86.0,FALL15,12.9,12.0,11.06,96.16,0.0,96.16,2,2
#NW10980,2025-03-29 19:18:00,2025-03,CUST-02138,Identified,Online,Online Store,paid,fulfilled,CAD,88.0,,0.0,12.0,13.0,113.0,0.0,113.0,1,1
#NW10981,2025-03-28 12:32:00,2025-03,CUST-01872,Identified,Online,Online Store,paid,fulfilled,CAD,552.0,,0.0,0.0,71.76,623.76,0.0,623.76,6,4
#NW10982,2025-03-16 17:35:00,2025-03,CUST-01249,Identified,Online,Online Store,paid,fulfilled,CAD,128.0,,0.0,0.0,16.64,144.64,0.0,144.64,1,1
#NW10983,2025-03-04 12:23:00,2025-03,CUST-01819,Identified,Online,Online Store,partially_refunded,fulfilled,CAD,28.0,,0.0,12.0,5.2,45.2,15.05,30.150000000000002,1,1
#NW10984,2025-03-18 17:09:00,2025-03,CUST-00853,Identified,Online,Online Store,paid,fulfilled,CAD,136.0,SPRING10,13.6,0.0,15.91,138.31,0.0,138.31,2,2
#NW10985,2025-03-14 16:41:00,2025-03,CUST-00878,Identified,Online,Online Store,paid,fulfilled,CAD,248.0,,0.0,0.0,32.24,280.24,0.0,280.24,1,1
#NW10986,2025-03-05 19:43:00,2025-03,CUST-02046,Identified,POS,Northwood Toronto,paid,fulfilled,CAD,524.0,,0.0,0.0,68.12,592.12,0.0,592.12,3,2
#NW10987,2025-03-26 12:55:00,2025-03,CUST-01191,Identified,Online,Online Store,paid,fulfilled,CAD,38.0,,0.0,12.0,6.5,56.5,0.0,56.5,1,1
#NW10988,2025-03-17 11:46:00,2025-03,CUST-01753,Identified,Online,Online Store,paid,fulfilled,CAD,236.0,,0.0,0.0,30.68,266.68,0.0,266.68,2,2
#NW10989,2025-03-20 12:39:00,2025-03,CUST-00689,Identified,Online,Online Store,paid,fulfilled,CAD,200.0,,0.0,0.0,26.0,226.0,0.0,226.0,2,2
#NW10990,2025-03-26 13:45:00,2025-03,CUST-01094,Identified,Online,Online Store,paid,fulfilled,CAD,246.0,,0.0,0.0,31.98,277.98,0.0,277.98,2,2
#NW10991,2025-03-01 16:32:00,2025-03,CUST-01899,Identified,Online,Online Store,paid,fulfilled,CAD,116.0,HOLIDAY15,17.4,12.0,14.38,124.98,0.0,124.98,2,2
#NW10992,2025-03-31 20:06:00,2025-03,CUST-01506,Identified,Online,Online Store,paid,fulfilled,CAD,530.0,SPRING10,53.0,0.0,62.01,539.01,0.0,539.01,5,3
#NW10993,2025-03-05 21:59:00,2025-03,CUST-00831,Identified,Online,Online Store,paid,fulfilled,CAD,248.0,,0.0,0.0,32.24,280.24,0.0,280.24,1,1
#NW10994,2025-03-02 20:07:00,2025-03,CUST-00053,Identified,Online,Online Store,paid,fulfilled,CAD,294.0,,0.0,0.0,38.22,332.22,0.0,332.22,3,2
#NW10995,2025-03-30 18:21:00,2025-03,CUST-02014,Identified,POS,Northwood Toronto,paid,fulfilled,CAD,48.0,,0.0,0.0,6.24,54.24,0.0,54.24,1,1
#NW10996,2025-03-30 20:49:00,2025-03,CUST-00431,Identified,Online,Online Store,paid,fulfilled,CAD,216.0,,0.0,0.0,28.08,244.08,0.0,244.08,2,2
#NW10997,2025-03-30 21:25:00,2025-03,CUST-01624,Identified,Online,Online Store,paid,fulfilled,CAD,48.0,,0.0,12.0,7.8,67.8,0.0,67.8,1,1
#NW10998,2025-03-21 16:47:00,2025-03,CUST-00606,Identified,Online,Online Store,paid,fulfilled,CAD,230.0,,0.0,0.0,29.9,259.9,0.0,259.9,2,2
#NW10999,2025-03-04 11:46:00,2025-03,CUST-02141,Identified,POS,Northwood Toronto,paid,fulfilled,CAD,32.0,,0.0,0.0,4.16,36.16,0.0,36.16,1,1
#NW11000,2025-03-16 21:52:00,2025-03,CUST-00889,Identified,POS,Northwood Toronto,paid,fulfilled,CAD,248.0,,0.0,0.0,32.24,280.24,0.0,280.24,1,1
#NW11001,2025-03-09 21:57:00,2025-03,CUST-00489,Identified,Online,Online Store,paid,fulfilled,CAD,42.0,,0.0,12.0,7.02,61.02,0.0,61.02,1,1
#NW11002,2025-03-15 12:56:00,2025-03,CUST-00588,Identified,POS,Northwood Toronto,paid,fulfilled,CAD,216.0,WELCOME10,21.6,0.0,25.27,219.67,0.0,219.67,2,1
#NW11003,2025-03-05 09:24:00,2025-03,CUST-00629,Identified,POS,Northwood Toronto,paid,fulfilled,CAD,314.0,,0.0,0.0,40.82,354.82,0.0,354.82,3,2
#NW11004,2025-03-03 13:46:00,2025-03,CUST-01641,Identified,POS,Northwood Toronto,paid,fulfilled,CAD,252.0,,0.0,0.0,32.76,284.76,0.0,284.76,4,2
#NW11005,2025-03-29 16:18:00,2025-03,CUST-00417,Identified,Online,Online Store,paid,fulfilled,CAD,504.0,,0.0,0.0,65.52,569.52,0.0,569.52,3,2
#NW11006,2025-03-27 21:40:00,2025-03,CUST-00692,Identified,Online,Online Store,paid,fulfilled,CAD,48.0,WELCOME10,4.8,12.0,7.18,62.38,0.0,62.38,1,1
#NW11007,2025-03-05 13:58:00,2025-03,CUST-00169,Identified,Online,Online Store,paid,fulfilled,CAD,176.0,,0.0,0.0,22.88,198.88,0.0,198.88,2,1
#NW11008,2025-03-01 16:13:00,2025-03,CUST-00316,Identified,POS,Northwood Toronto,paid,fulfilled,CAD,88.0,,0.0,0.0,11.44,99.44,0.0,99.44,1,1
#NW11009,2025-03-18 10:36:00,2025-03,,Guest / Unidentified,POS,Northwood Toronto,paid,fulfilled,CAD,68.0,,0.0,0.0,8.84,76.84,0.0,76.84,1,1
#NW11010,2025-03-05 13:58:00,2025-03,CUST-01388,Identified,Online,Online Store,paid,fulfilled,CAD,158.0,,0.0,0.0,20.54,178.54,0.0,178.54,1,1
#NW11011,2025-03-20 15:01:00,2025-03,CUST-00821,Identified,Online,Online Store,paid,fulfilled,CAD,572.0,,0.0,0.0,74.36,646.36,0.0,646.36,4,2
#NW11012,2025-03-01 13:25:00,2025-03,CUST-01656,Identified,Online,Online Store,paid,fulfilled,CAD,434.0,,0.0,0.0,56.42,490.42,0.0,490.42,3,2
#NW11013,2025-03-20 16:30:00,2025-03,CUST-00503,Identified,Online,Online Store,paid,fulfilled,CAD,334.0,,0.0,0.0,43.42,377.42,0.0,377.42,3,3
#NW11014,2025-03-17 15:17:00,2025-03,CUST-00954,Identified,Online,Online Store,paid,fulfilled,CAD,38.0,,0.0,12.0,6.5,56.5,0.0,56.5,1,1
#NW11015,2025-03-30 12:24:00,2025-03,CUST-01740,Identified,Online,Online Store,paid,fulfilled,CAD,432.0,,0.0,0.0,56.16,488.16,0.0,488.16,4,2
#NW11016,2025-03-30 19:31:00,2025-03,CUST-02045,Identified,Online,Online Store,paid,fulfilled,CAD,38.0,,0.0,12.0,6.5,56.5,0.0,56.5,1,1
#NW11017,2025-03-08 21:30:00,2025-03,CUST-01141,Identified,POS,Northwood Toronto,paid,fulfilled,CAD,514.0,,0.0,0.0,66.82,580.82,0.0,580.82,3,2
#NW11018,2025-03-14 12:38:00,2025-03,CUST-01119,Identified,Online,Online Store,paid,fulfilled,CAD,118.0,,0.0,12.0,16.9,146.9,0.0,146.9,1,1
#NW11019,2025-03-23 19:21:00,2025-03,CUST-01640,Identified,Online,Online Store,paid,fulfilled,CAD,38.0,,0.0,12.0,6.5,56.5,0.0,56.5,1,1
#NW11020,2025-03-10 14:05:00,2025-03,CUST-01459,Identified,Online,Online Store,paid,fulfilled,CAD,432.0,,0.0,0.0,56.16,488.16,0.0,488.16,4,2
#NW11021,2025-03-08 21:02:00,2025-03,CUST-01949,Identified,Online,Online Store,paid,fulfilled,CAD,158.0,,0.0,0.0,20.54,178.54,0.0,178.54,1,1
#NW11022,2025-03-11 10:00:00,2025-03,CUST-01236,Identified,Online,Online Store,paid,fulfilled,CAD,38.0,,0.0,12.0,6.5,56.5,0.0,56.5,1,1
#NW11023,2025-03-23 13:06:00,2025-03,CUST-00117,Identified,Online,Online Store,paid,fulfilled,CAD,436.0,,0.0,0.0,56.68,492.68,0.0,492.68,2,2
#NW11024,2025-03-04 13:52:00,2025-03,CUST-02095,Identified,Online,Online Store,paid,fulfilled,CAD,118.0,,0.0,12.0,16.9,146.9,0.0,146.9,1,1
#NW11025,2025-03-05 20:57:00,2025-03,CUST-01143,Identified,Online,Online Store,paid,fulfilled,CAD,38.0,,0.0,12.0,6.5,56.5,0.0,56.5,1,1
#NW11026,2025-03-14 16:07:00,2025-03,CUST-00604,Identified,Online,Online Store,paid,fulfilled,CAD,38.0,,0.0,12.0,6.5,56.5,0.0,56.5,1,1
#NW11027,2025-03-21 20:21:00,2025-03,CUST-00852,Identified,Online,Online Store,paid,fulfilled,CAD,218.0,,0.0,0.0,28.34,246.34,0.0,246.34,1,1
#NW11028,2025-03-11 14:28:00,2025-03,CUST-00443,Identified,Online,Online Store,paid,fulfilled,CAD,294.0,,0.0,0.0,38.22,332.22,0.0,332.22,3,2
#NW11029,2025-03-14 20:37:00,2025-03,CUST-00501,Identified,POS,Northwood Toronto,paid,fulfilled,CAD,108.0,,0.0,0.0,14.04,122.04,0.0,122.04,1,1
#NW11030,2025-03-18 16:38:00,2025-03,CUST-01335,Identified,Online,Online Store,paid,fulfilled,CAD,454.0,,0.0,0.0,59.02,513.02,0.0,513.02,3,3
#NW11031,2025-03-30 21:29:00,2025-03,CUST-02005,Identified,POS,Northwood Toronto,paid,fulfilled,CAD,494.0,,0.0,0.0,64.22,558.22,0.0,558.22,3,3
#NW11032,2025-03-16 11:42:00,2025-03,CUST-02037,Identified,Online,Online Store,paid,fulfilled,CAD,88.0,,0.0,12.0,13.0,113.0,0.0,113.0,1,1
#NW11033,2025-03-15 20:29:00,2025-03,CUST-00946,Identified,Online,Online Store,paid,fulfilled,CAD,180.0,,0.0,0.0,23.4,203.4,0.0,203.4,2,2
#NW11034,2025-03-02 18:01:00,2025-03,CUST-00552,Identified,Online,Online Store,paid,fulfilled,CAD,530.0,,0.0,0.0,68.9,598.9,0.0,598.9,5,3
#NW11035,2025-03-30 11:19:00,2025-03,CUST-00122,Identified,Online,Online Store,paid,fulfilled,CAD,28.0,,0.0,12.0,5.2,45.2,0.0,45.2,1,1
#NW11036,2025-03-30 09:13:00,2025-03,CUST-00408,Identified,Online,Online Store,paid,fulfilled,CAD,48.0,,0.0,12.0,7.8,67.8,0.0,67.8,1,1
#NW11037,2025-03-05 12:27:00,2025-03,CUST-00217,Identified,Online,Online Store,partially_refunded,fulfilled,CAD,286.0,,0.0,0.0,37.18,323.18,177.56,145.62,2,2
#NW11038,2025-03-31 19:50:00,2025-03,CUST-00280,Identified,Online,Online Store,paid,fulfilled,CAD,88.0,,0.0,12.0,13.0,113.0,0.0,113.0,1,1
#NW11039,2025-03-19 12:46:00,2025-03,CUST-02041,Identified,Online,Online Store,paid,fulfilled,CAD,366.0,,0.0,0.0,47.58,413.58,0.0,413.58,2,2
#NW11040,2025-03-02 17:58:00,2025-03,CUST-00110,Identified,Online,Online Store,paid,fulfilled,CAD,348.0,,0.0,0.0,45.24,393.24,0.0,393.24,5,3
#NW11041,2025-03-09 19:46:00,2025-03,CUST-00734,Identified,Online,Online Store,paid,fulfilled,CAD,156.0,,0.0,0.0,20.28,176.28,0.0,176.28,2,1
#NW11042,2025-03-12 15:43:00,2025-03,CUST-01568,Identified,Online,Online Store,paid,fulfilled,CAD,206.0,,0.0,0.0,26.78,232.78,0.0,232.78,2,2
#NW11043,2025-03-06 19:22:00,2025-03,CUST-01340,Identified,Online,Online Store,paid,fulfilled,CAD,204.0,,0.0,0.0,26.52,230.52,0.0,230.52,3,2
#NW11044,2025-03-31 10:02:00,2025-03,CUST-00626,Identified,Online,Online Store,paid,fulfilled,CAD,228.0,SPRING10,22.8,0.0,26.68,231.88,0.0,231.88,3,3
#NW11045,2025-03-05 14:45:00,2025-03,CUST-01241,Identified,Online,Online Store,paid,fulfilled,CAD,334.0,,0.0,0.0,43.42,377.42,0.0,377.42,3,2
#NW11046,2025-03-24 15:02:00,2025-03,CUST-00395,Identified,Online,Online Store,paid,fulfilled,CAD,118.0,,0.0,12.0,16.9,146.9,0.0,146.9,1,1
#NW11047,2025-03-14 12:06:00,2025-03,CUST-00314,Identified,Online,Online Store,paid,fulfilled,CAD,166.0,,0.0,0.0,21.58,187.58,0.0,187.58,2,2
#NW11048,2025-03-10 16:22:00,2025-03,CUST-00313,Identified,Online,Online Store,paid,fulfilled,CAD,158.0,,0.0,0.0,20.54,178.54,0.0,178.54,1,1
#NW11049,2025-03-09 21:05:00,2025-03,CUST-02017,Identified,Online,Online Store,paid,fulfilled,CAD,386.0,,0.0,0.0,50.18,436.18,0.0,436.18,4,4
#NW11050,2025-03-04 14:05:00,2025-03,CUST-02327,Identified,Online,Online Store,paid,fulfilled,CAD,284.0,,0.0,0.0,36.92,320.92,0.0,320.92,3,2
#NW11051,2025-03-13 15:56:00,2025-03,CUST-00828,Identified,Online,Online Store,paid,fulfilled,CAD,404.0,,0.0,0.0,52.52,456.52,0.0,456.52,5,3
#NW11052,2025-03-15 21:02:00,2025-03,CUST-01203,Identified,Online,Online Store,paid,fulfilled,CAD,248.0,,0.0,0.0,32.24,280.24,0.0,280.24,1,1
#NW11053,2025-03-25 10:21:00,2025-03,CUST-02040,Identified,Online,Online Store,paid,fulfilled,CAD,136.0,,0.0,0.0,17.68,153.68,0.0,153.68,2,2
#NW11054,2025-03-19 18:40:00,2025-03,CUST-02009,Identified,Online,Online Store,paid,fulfilled,CAD,158.0,,0.0,0.0,20.54,178.54,0.0,178.54,1,1
#NW11055,2025-03-27 17:22:00,2025-03,CUST-02068,Identified,Online,Online Store,paid,fulfilled,CAD,396.0,,0.0,0.0,51.48,447.48,0.0,447.48,2,1
#NW11056,2025-03-17 16:58:00,2025-03,CUST-01072,Identified,Online,Online Store,paid,fulfilled,CAD,224.0,,0.0,0.0,29.12,253.12,0.0,253.12,2,2
#NW11057,2025-03-26 11:55:00,2025-03,CUST-01443,Identified,POS,Northwood Toronto,paid,fulfilled,CAD,286.0,,0.0,0.0,37.18,323.18,0.0,323.18,2,2
#NW11058,2025-03-08 19:31:00,2025-03,CUST-01408,Identified,Online,Online Store,paid,fulfilled,CAD,140.0,,0.0,0.0,18.2,158.2,0.0,158.2,2,2
#NW11059,2025-03-23 19:45:00,2025-03,CUST-00508,Identified,Online,Online Store,paid,fulfilled,CAD,218.0,HOLIDAY15,32.7,0.0,24.09,209.39,0.0,209.39,1,1
#NW11060,2025-03-09 12:19:00,2025-03,CUST-02239,Identified,Online,Online Store,paid,fulfilled,CAD,264.0,,0.0,0.0,34.32,298.32,0.0,298.32,3,2
#NW11061,2025-03-19 21:45:00,2025-03,CUST-00073,Identified,Online,Online Store,paid,fulfilled,CAD,42.0,,0.0,12.0,7.02,61.02,0.0,61.02,1,1
#NW11062,2025-03-07 12:11:00,2025-03,CUST-00130,Identified,Online,Online Store,paid,fulfilled,CAD,196.0,,0.0,0.0,25.48,221.48,0.0,221.48,2,2
#NW11063,2025-03-22 13:18:00,2025-03,CUST-01763,Identified,Online,Online Store,paid,fulfilled,CAD,78.0,,0.0,12.0,11.7,101.7,0.0,101.7,1,1
#NW11064,2025-03-23 16:00:00,2025-03,CUST-00488,Identified,Online,Online Store,paid,fulfilled,CAD,78.0,,0.0,12.0,11.7,101.7,0.0,101.7,1,1
#NW11065,2025-03-09 16:29:00,2025-03,CUST-01572,Identified,POS,Northwood Toronto,paid,fulfilled,CAD,116.0,,0.0,0.0,15.08,131.08,0.0,131.08,2,2
#NW11066,2025-03-29 10:59:00,2025-03,CUST-01844,Identified,Online,Online Store,paid,fulfilled,CAD,226.0,,0.0,0.0,29.38,255.38,0.0,255.38,2,2
#NW11067,2025-03-07 18:59:00,2025-03,,Guest / Unidentified,POS,Northwood Toronto,paid,fulfilled,CAD,118.0,,0.0,0.0,15.34,133.34,0.0,133.34,1,1
#NW11068,2025-03-28 12:52:00,2025-03,CUST-01542,Identified,Online,Online Store,paid,fulfilled,CAD,128.0,,0.0,0.0,16.64,144.64,0.0,144.64,1,1
#NW11069,2025-03-24 17:20:00,2025-03,CUST-01813,Identified,Online,Online Store,paid,fulfilled,CAD,118.0,,0.0,12.0,16.9,146.9,0.0,146.9,1,1
#NW11070,2025-03-31 17:02:00,2025-03,CUST-01883,Identified,POS,Northwood Toronto,paid,fulfilled,CAD,318.0,,0.0,0.0,41.34,359.34,0.0,359.34,3,3
#NW11071,2025-03-13 13:58:00,2025-03,CUST-00346,Identified,Online,Online Store,paid,fulfilled,CAD,116.0,,0.0,12.0,16.64,144.64,0.0,144.64,2,1
#NW11072,2025-03-07 20:04:00,2025-03,CUST-02161,Identified,POS,Northwood Toronto,paid,fulfilled,CAD,158.0,,0.0,0.0,20.54,178.54,0.0,178.54,1,1
#NW11073,2025-03-23 12:35:00,2025-03,CUST-00725,Identified,Online,Online Store,paid,fulfilled,CAD,48.0,,0.0,12.0,7.8,67.8,0.0,67.8,1,1
#NW11074,2025-03-28 12:00:00,2025-03,CUST-02281,Identified,Online,Online Store,paid,fulfilled,CAD,136.0,FALL15,20.4,0.0,15.03,130.63,0.0,130.63,2,1
#NW11075,2025-03-30 13:27:00,2025-03,CUST-02029,Identified,POS,Northwood Toronto,paid,fulfilled,CAD,312.0,,0.0,0.0,40.56,352.56,0.0,352.56,4,2
#NW11076,2025-03-27 17:53:00,2025-03,CUST-00611,Identified,Online,Online Store,paid,fulfilled,CAD,256.0,,0.0,0.0,33.28,289.28,0.0,289.28,2,1
#NW11077,2025-03-09 10:29:00,2025-03,CUST-02014,Identified,Online,Online Store,paid,fulfilled,CAD,256.0,,0.0,0.0,33.28,289.28,0.0,289.28,2,2
#NW11078,2025-03-27 09:39:00,2025-03,CUST-01765,Identified,Online,Online Store,paid,fulfilled,CAD,672.0,FALL15,100.8,0.0,74.26,645.46,0.0,645.46,4,3
#NW11079,2025-03-26 20:20:00,2025-03,CUST-00551,Identified,Online,Online Store,paid,fulfilled,CAD,218.0,,0.0,0.0,28.34,246.34,0.0,246.34,1,1
#NW11080,2025-03-12 10:00:00,2025-03,,Guest / Unidentified,POS,Northwood Toronto,paid,fulfilled,CAD,146.0,,0.0,0.0,18.98,164.98,0.0,164.98,2,2
#NW11081,2025-03-22 14:14:00,2025-03,CUST-01594,Identified,Online,Online Store,paid,fulfilled,CAD,196.0,,0.0,0.0,25.48,221.48,0.0,221.48,2,1
#NW11082,2025-03-13 18:41:00,2025-03,CUST-01997,Identified,Online,Online Store,paid,fulfilled,CAD,158.0,,0.0,0.0,20.54,178.54,0.0,178.54,1,1
#NW11083,2025-03-29 18:15:00,2025-03,CUST-00436,Identified,Online,Online Store,paid,fulfilled,CAD,224.0,,0.0,0.0,29.12,253.12,0.0,253.12,2,1
#NW11084,2025-03-11 11:37:00,2025-03,CUST-02331,Identified,Online,Online Store,paid,fulfilled,CAD,378.0,,0.0,0.0,49.14,427.14,0.0,427.14,3,3
#NW11085,2025-03-27 17:46:00,2025-03,CUST-01057,Identified,Online,Online Store,paid,fulfilled,CAD,256.0,,0.0,0.0,33.28,289.28,0.0,289.28,2,2
#NW11086,2025-03-10 20:01:00,2025-03,CUST-00878,Identified,POS,Northwood Toronto,paid,fulfilled,CAD,328.0,,0.0,0.0,42.64,370.64,0.0,370.64,3,2
#NW11087,2025-03-07 20:42:00,2025-03,CUST-02210,Identified,Online,Online Store,paid,fulfilled,CAD,496.0,SPRING10,49.6,0.0,58.03,504.43,0.0,504.43,2,1
#NW11088,2025-03-02 18:29:00,2025-03,CUST-00588,Identified,Online,Online Store,paid,fulfilled,CAD,140.0,HOLIDAY15,21.0,0.0,15.47,134.47,0.0,134.47,2,2
#NW11089,2025-03-01 15:54:00,2025-03,CUST-01925,Identified,Online,Online Store,paid,fulfilled,CAD,166.0,,0.0,0.0,21.58,187.58,0.0,187.58,2,2
#NW11090,2025-03-30 17:37:00,2025-03,CUST-01950,Identified,Online,Online Store,paid,fulfilled,CAD,160.0,,0.0,0.0,20.8,180.8,0.0,180.8,2,2
#NW11091,2025-03-17 19:04:00,2025-03,CUST-02303,Identified,Online,Online Store,paid,fulfilled,CAD,248.0,,0.0,0.0,32.24,280.24,0.0,280.24,3,3
#NW11092,2025-03-09 13:21:00,2025-03,CUST-00641,Identified,Online,Online Store,paid,fulfilled,CAD,652.0,HOLIDAY15,97.8,0.0,72.05,626.25,0.0,626.25,4,2
#NW11093,2025-03-18 15:02:00,2025-03,CUST-00393,Identified,POS,Northwood Toronto,paid,fulfilled,CAD,256.0,,0.0,0.0,33.28,289.28,0.0,289.28,2,1
#NW11094,2025-03-23 09:25:00,2025-03,CUST-01076,Identified,POS,Northwood Toronto,paid,fulfilled,CAD,404.0,,0.0,0.0,52.52,456.52,0.0,456.52,3,3
#NW11095,2025-03-05 10:58:00,2025-03,CUST-01447,Identified,Online,Online Store,paid,fulfilled,CAD,112.0,,0.0,12.0,16.12,140.12,0.0,140.12,1,1
#NW11096,2025-03-20 10:59:00,2025-03,CUST-01530,Identified,Online,Online Store,paid,fulfilled,CAD,248.0,,0.0,0.0,32.24,280.24,0.0,280.24,1,1
#NW11097,2025-03-25 10:17:00,2025-03,CUST-02027,Identified,Online,Online Store,paid,fulfilled,CAD,392.0,,0.0,0.0,50.96,442.96,0.0,442.96,4,3
#NW11098,2025-03-19 18:55:00,2025-03,CUST-01548,Identified,Online,Online Store,paid,fulfilled,CAD,348.0,HOLIDAY15,52.2,0.0,38.45,334.25,0.0,334.25,3,3
#NW11099,2025-03-20 13:58:00,2025-03,CUST-01542,Identified,Online,Online Store,paid,fulfilled,CAD,248.0,SPRING10,24.8,0.0,29.02,252.22,0.0,252.22,1,1
#NW11100,2025-03-27 15:03:00,2025-03,CUST-01445,Identified,Online,Online Store,paid,fulfilled,CAD,316.0,,0.0,0.0,41.08,357.08,0.0,357.08,2,1
#NW11101,2025-03-18 17:12:00,2025-03,CUST-01166,Identified,POS,Northwood Toronto,paid,fulfilled,CAD,158.0,,0.0,0.0,20.54,178.54,0.0,178.54,1,1
#NW11102,2025-03-14 20:51:00,2025-03,CUST-01313,Identified,Online,Online Store,paid,fulfilled,CAD,200.0,,0.0,0.0,26.0,226.0,0.0,226.0,2,2
#NW11103,2025-03-26 13:35:00,2025-03,CUST-00252,Identified,POS,Northwood Toronto,paid,fulfilled,CAD,196.0,,0.0,0.0,25.48,221.48,0.0,221.48,2,1
#NW11104,2025-03-26 12:32:00,2025-03,CUST-00116,Identified,Online,Online Store,paid,fulfilled,CAD,72.0,SPRING10,7.2,12.0,9.98,86.78,0.0,86.78,1,1
#NW11105,2025-03-29 10:00:00,2025-03,CUST-02005,Identified,Online,Online Store,paid,fulfilled,CAD,112.0,HOLIDAY15,16.8,12.0,13.94,121.14,0.0,121.14,1,1
#NW11106,2025-03-15 18:58:00,2025-03,CUST-00185,Identified,Online,Online Store,paid,fulfilled,CAD,160.0,,0.0,0.0,20.8,180.8,0.0,180.8,2,2
#NW11107,2025-03-29 10:45:00,2025-03,CUST-00526,Identified,Online,Online Store,paid,fulfilled,CAD,248.0,,0.0,0.0,32.24,280.24,0.0,280.24,1,1
#NW11108,2025-03-08 11:39:00,2025-03,CUST-01501,Identified,Online,Online Store,paid,fulfilled,CAD,414.0,,0.0,0.0,53.82,467.82,0.0,467.82,5,4
#NW11109,2025-03-17 20:36:00,2025-03,CUST-01992,Identified,Online,Online Store,paid,fulfilled,CAD,230.0,,0.0,0.0,29.9,259.9,0.0,259.9,2,2
#NW11110,2025-03-27 11:14:00,2025-03,CUST-01640,Identified,Online,Online Store,paid,fulfilled,CAD,120.0,,0.0,12.0,17.16,149.16,0.0,149.16,2,2
#NW11111,2025-03-16 21:08:00,2025-03,CUST-00111,Identified,Online,Online Store,paid,fulfilled,CAD,158.0,,0.0,0.0,20.54,178.54,0.0,178.54,1,1
#NW11112,2025-03-14 17:08:00,2025-03,CUST-01398,Identified,Online,Online Store,paid,fulfilled,CAD,592.0,,0.0,0.0,76.96,668.96,0.0,668.96,4,3
#NW11113,2025-03-06 17:52:00,2025-03,CUST-01559,Identified,Online,Online Store,paid,fulfilled,CAD,68.0,,0.0,12.0,10.4,90.4,0.0,90.4,1,1
#NW11114,2025-03-28 15:08:00,2025-03,CUST-00304,Identified,Online,Online Store,paid,fulfilled,CAD,240.0,,0.0,0.0,31.2,271.2,0.0,271.2,4,2
#NW11115,2025-03-10 14:27:00,2025-03,CUST-01754,Identified,Online,Online Store,voided,unfulfilled,CAD,248.0,,0.0,0.0,32.24,280.24,0.0,0.0,1,1
#NW11116,2025-03-27 16:50:00,2025-03,CUST-01414,Identified,Online,Online Store,paid,fulfilled,CAD,118.0,,0.0,12.0,16.9,146.9,0.0,146.9,1,1
#NW11117,2025-03-27 14:33:00,2025-03,CUST-01464,Identified,Online,Online Store,partially_refunded,fulfilled,CAD,292.0,,0.0,0.0,37.96,329.96,142.02,187.93999999999997,4,3
#NW11118,2025-03-20 12:11:00,2025-03,CUST-01688,Identified,Online,Online Store,paid,fulfilled,CAD,76.0,FALL15,11.4,12.0,9.96,86.56,0.0,86.56,2,1
#NW11119,2025-03-15 12:37:00,2025-03,CUST-00503,Identified,POS,Northwood Toronto,paid,fulfilled,CAD,264.0,,0.0,0.0,34.32,298.32,0.0,298.32,3,2
#NW11120,2025-03-02 13:54:00,2025-03,CUST-00232,Identified,Online,Online Store,paid,fulfilled,CAD,76.0,,0.0,12.0,11.44,99.44,0.0,99.44,2,2
#NW11121,2025-03-03 12:25:00,2025-03,CUST-01001,Identified,Online,Online Store,paid,fulfilled,CAD,88.0,WELCOME10,8.8,12.0,11.86,103.06,0.0,103.06,1,1
#NW11122,2025-03-28 13:16:00,2025-03,CUST-01822,Identified,POS,Northwood Toronto,paid,fulfilled,CAD,118.0,,0.0,0.0,15.34,133.34,0.0,133.34,1,1
#NW11123,2025-03-05 20:41:00,2025-03,CUST-00962,Identified,Online,Online Store,paid,fulfilled,CAD,230.0,,0.0,0.0,29.9,259.9,0.0,259.9,2,2
#NW11124,2025-03-06 13:59:00,2025-03,CUST-01249,Identified,POS,Northwood Toronto,paid,fulfilled,CAD,112.0,,0.0,0.0,14.56,126.56,0.0,126.56,1,1
#NW11125,2025-03-10 14:52:00,2025-03,CUST-00348,Identified,Online,Online Store,paid,fulfilled,CAD,176.0,SPRING10,17.6,0.0,20.59,178.99,0.0,178.99,3,2
#NW11126,2025-03-24 10:06:00,2025-03,CUST-00269,Identified,Online,Online Store,paid,fulfilled,CAD,672.0,,0.0,0.0,87.36,759.36,0.0,759.36,4,2
#NW11127,2025-03-12 19:53:00,2025-03,CUST-00341,Identified,Online,Online Store,paid,fulfilled,CAD,48.0,,0.0,12.0,7.8,67.8,0.0,67.8,1,1
#NW11128,2025-03-19 12:05:00,2025-03,CUST-00469,Identified,Online,Online Store,paid,fulfilled,CAD,376.0,,0.0,0.0,48.88,424.88,0.0,424.88,2,2
#NW11129,2025-03-05 16:21:00,2025-03,CUST-00839,Identified,POS,Northwood Toronto,paid,fulfilled,CAD,248.0,,0.0,0.0,32.24,280.24,0.0,280.24,1,1
#NW11130,2025-03-15 11:22:00,2025-03,CUST-00995,Identified,Online,Online Store,paid,fulfilled,CAD,254.0,,0.0,0.0,33.02,287.02,0.0,287.02,3,2
#NW11131,2025-03-21 19:25:00,2025-03,CUST-01033,Identified,Online,Online Store,paid,fulfilled,CAD,76.0,,0.0,12.0,11.44,99.44,0.0,99.44,2,1
#NW11132,2025-03-25 11:54:00,2025-03,CUST-00272,Identified,Online,Online Store,paid,fulfilled,CAD,384.0,,0.0,0.0,49.92,433.92,0.0,433.92,3,2
#NW11133,2025-03-18 18:06:00,2025-03,CUST-01336,Identified,Online,Online Store,paid,fulfilled,CAD,96.0,,0.0,12.0,14.04,122.04,0.0,122.04,2,1
#NW11134,2025-03-10 09:14:00,2025-03,CUST-00632,Identified,POS,Northwood Toronto,paid,fulfilled,CAD,316.0,,0.0,0.0,41.08,357.08,0.0,357.08,2,1
#NW11135,2025-03-13 21:12:00,2025-03,CUST-01888,Identified,Online,Online Store,paid,fulfilled,CAD,190.0,,0.0,0.0,24.7,214.7,0.0,214.7,2,2
#NW11136,2025-03-18 12:01:00,2025-03,CUST-01731,Identified,Online,Online Store,paid,fulfilled,CAD,106.0,,0.0,12.0,15.34,133.34,0.0,133.34,3,2
#NW11137,2025-03-21 20:00:00,2025-03,CUST-02327,Identified,POS,Northwood Toronto,paid,fulfilled,CAD,568.0,,0.0,0.0,73.84,641.84,0.0,641.84,5,3
#NW11138,2025-03-04 16:29:00,2025-03,CUST-02154,Identified,POS,Northwood Toronto,paid,fulfilled,CAD,88.0,,0.0,0.0,11.44,99.44,0.0,99.44,1,1
#NW11139,2025-03-07 19:54:00,2025-03,CUST-01726,Identified,Online,Online Store,paid,fulfilled,CAD,244.0,,0.0,0.0,31.72,275.72,0.0,275.72,3,3
#NW11140,2025-03-21 14:15:00,2025-03,CUST-01093,Identified,Online,Online Store,voided,unfulfilled,CAD,126.0,,0.0,0.0,16.38,142.38,0.0,0.0,2,2
#NW11141,2025-03-23 20:42:00,2025-03,CUST-00084,Identified,Online,Online Store,paid,fulfilled,CAD,198.0,,0.0,0.0,25.74,223.74,0.0,223.74,1,1
#NW11142,2025-03-04 11:53:00,2025-03,CUST-01564,Identified,POS,Northwood Toronto,paid,fulfilled,CAD,714.0,,0.0,0.0,92.82,806.82,0.0,806.82,7,4
#NW11143,2025-03-11 12:30:00,2025-03,CUST-00443,Identified,Online,Online Store,partially_refunded,fulfilled,CAD,316.0,,0.0,0.0,41.08,357.08,124.19,232.89,2,1
#NW11144,2025-03-26 17:01:00,2025-03,CUST-01151,Identified,Online,Online Store,paid,fulfilled,CAD,206.0,,0.0,0.0,26.78,232.78,0.0,232.78,2,2
#NW11145,2025-03-25 13:32:00,2025-03,CUST-01297,Identified,Online,Online Store,paid,fulfilled,CAD,436.0,,0.0,0.0,56.68,492.68,0.0,492.68,2,1
#NW11146,2025-03-05 11:31:00,2025-03,CUST-01548,Identified,Online,Online Store,paid,fulfilled,CAD,218.0,,0.0,0.0,28.34,246.34,0.0,246.34,1,1
#NW11147,2025-03-28 16:39:00,2025-03,CUST-02337,Identified,Online,Online Store,paid,fulfilled,CAD,158.0,,0.0,0.0,20.54,178.54,0.0,178.54,1,1
#NW11148,2025-03-01 12:27:00,2025-03,CUST-01599,Identified,Online,Online Store,partially_refunded,fulfilled,CAD,234.0,HOLIDAY15,35.1,0.0,25.86,224.76,117.3,107.46,3,2
#NW11149,2025-03-17 18:26:00,2025-03,CUST-01745,Identified,Online,Online Store,paid,fulfilled,CAD,174.0,,0.0,0.0,22.62,196.62,0.0,196.62,3,2
#NW11150,2025-03-26 11:04:00,2025-03,CUST-01641,Identified,Online,Online Store,paid,fulfilled,CAD,206.0,,0.0,0.0,26.78,232.78,0.0,232.78,2,2
#NW11151,2025-03-02 14:24:00,2025-03,CUST-00401,Identified,Online,Online Store,paid,fulfilled,CAD,128.0,WELCOME10,12.8,0.0,14.98,130.18,0.0,130.18,1,1
#NW11152,2025-03-30 13:18:00,2025-03,CUST-01482,Identified,Online,Online Store,paid,fulfilled,CAD,530.0,HOLIDAY15,79.5,0.0,58.57,509.07,0.0,509.07,5,4
#NW11153,2025-03-08 11:21:00,2025-03,CUST-01592,Identified,Online,Online Store,paid,fulfilled,CAD,248.0,,0.0,0.0,32.24,280.24,0.0,280.24,1,1
#NW11154,2025-03-24 17:42:00,2025-03,CUST-00845,Identified,Online,Online Store,paid,fulfilled,CAD,332.0,,0.0,0.0,43.16,375.16,0.0,375.16,3,3
#NW11155,2025-03-25 13:58:00,2025-03,CUST-02297,Identified,Online,Online Store,paid,fulfilled,CAD,146.0,,0.0,0.0,18.98,164.98,0.0,164.98,2,2
#NW11156,2025-03-17 16:49:00,2025-03,CUST-00555,Identified,Online,Online Store,paid,fulfilled,CAD,88.0,,0.0,12.0,13.0,113.0,0.0,113.0,1,1
#NW11157,2025-03-04 17:46:00,2025-03,CUST-02060,Identified,Online,Online Store,paid,fulfilled,CAD,564.0,,0.0,0.0,73.32,637.32,0.0,637.32,3,2
#NW11158,2025-03-02 17:18:00,2025-03,CUST-01391,Identified,Online,Online Store,paid,fulfilled,CAD,120.0,,0.0,12.0,17.16,149.16,0.0,149.16,2,2
#NW11159,2025-03-21 14:32:00,2025-03,CUST-00580,Identified,Online,Online Store,paid,fulfilled,CAD,532.0,,0.0,0.0,69.16,601.16,0.0,601.16,4,2
#NW11160,2025-03-29 09:14:00,2025-03,CUST-01227,Identified,Online,Online Store,paid,fulfilled,CAD,346.0,,0.0,0.0,44.98,390.98,0.0,390.98,2,2
#NW11161,2025-03-03 09:57:00,2025-03,CUST-00316,Identified,Online,Online Store,paid,fulfilled,CAD,272.0,,0.0,0.0,35.36,307.36,0.0,307.36,4,2
#NW11162,2025-03-07 09:29:00,2025-03,CUST-01479,Identified,POS,Northwood Toronto,paid,fulfilled,CAD,32.0,,0.0,0.0,4.16,36.16,0.0,36.16,1,1
#NW11163,2025-03-16 15:01:00,2025-03,CUST-00735,Identified,Online,Online Store,partially_refunded,fulfilled,CAD,98.0,,0.0,12.0,14.3,124.3,53.59,70.71,1,1
#NW11164,2025-03-31 17:52:00,2025-03,CUST-02036,Identified,POS,Northwood Toronto,paid,fulfilled,CAD,498.0,,0.0,0.0,64.74,562.74,0.0,562.74,5,4
#NW11165,2025-03-05 21:43:00,2025-03,CUST-00309,Identified,POS,Northwood Toronto,paid,fulfilled,CAD,202.0,,0.0,0.0,26.26,228.26,0.0,228.26,3,3
#NW11166,2025-03-22 12:14:00,2025-03,CUST-02195,Identified,Online,Online Store,paid,fulfilled,CAD,454.0,,0.0,0.0,59.02,513.02,0.0,513.02,3,2
#NW11167,2025-03-27 13:24:00,2025-03,CUST-00877,Identified,Online,Online Store,paid,fulfilled,CAD,128.0,,0.0,0.0,16.64,144.64,0.0,144.64,1,1
#NW11168,2025-03-15 13:18:00,2025-03,CUST-00060,Identified,Online,Online Store,paid,fulfilled,CAD,38.0,,0.0,12.0,6.5,56.5,0.0,56.5,1,1
#NW11169,2025-03-18 15:40:00,2025-03,CUST-01087,Identified,POS,Northwood Toronto,paid,fulfilled,CAD,78.0,,0.0,0.0,10.14,88.14,0.0,88.14,1,1
#NW11170,2025-03-02 11:04:00,2025-03,CUST-00216,Identified,Online,Online Store,paid,fulfilled,CAD,28.0,,0.0,12.0,5.2,45.2,0.0,45.2,1,1
#NW11171,2025-03-14 18:16:00,2025-03,CUST-01218,Identified,POS,Northwood Toronto,paid,fulfilled,CAD,170.0,,0.0,0.0,22.1,192.1,0.0,192.1,2,2
#NW11172,2025-03-28 19:47:00,2025-03,CUST-02350,Identified,Online,Online Store,paid,fulfilled,CAD,244.0,,0.0,0.0,31.72,275.72,0.0,275.72,3,2
#NW11173,2025-03-10 15:03:00,2025-03,CUST-01409,Identified,Online,Online Store,paid,fulfilled,CAD,294.0,,0.0,0.0,38.22,332.22,0.0,332.22,3,2
#NW11174,2025-03-04 12:14:00,2025-03,CUST-00853,Identified,Online,Online Store,paid,fulfilled,CAD,210.0,,0.0,0.0,27.3,237.3,0.0,237.3,2,2
#NW11175,2025-03-04 09:51:00,2025-03,CUST-02331,Identified,Online,Online Store,paid,fulfilled,CAD,364.0,,0.0,0.0,47.32,411.32,0.0,411.32,3,3
#NW11176,2025-03-09 16:45:00,2025-03,CUST-00755,Identified,Online,Online Store,paid,fulfilled,CAD,98.0,,0.0,12.0,14.3,124.3,0.0,124.3,1,1
#NW11177,2025-03-30 13:44:00,2025-03,CUST-00954,Identified,Online,Online Store,paid,fulfilled,CAD,198.0,HOLIDAY15,29.7,0.0,21.88,190.18,0.0,190.18,1,1
#NW11178,2025-03-21 16:32:00,2025-03,CUST-00389,Identified,POS,Northwood Toronto,paid,fulfilled,CAD,910.0,,0.0,0.0,118.3,1028.3,0.0,1028.3,5,3
#NW11179,2025-03-04 13:28:00,2025-03,CUST-01380,Identified,Online,Online Store,paid,fulfilled,CAD,374.0,,0.0,0.0,48.62,422.62,0.0,422.62,3,2
#NW11180,2025-03-09 15:30:00,2025-03,CUST-01120,Identified,Online,Online Store,paid,fulfilled,CAD,118.0,,0.0,12.0,16.9,146.9,0.0,146.9,1,1
#NW11181,2025-03-21 11:45:00,2025-03,CUST-00276,Identified,Online,Online Store,paid,fulfilled,CAD,88.0,,0.0,12.0,13.0,113.0,0.0,113.0,1,1
#NW11182,2025-03-21 11:03:00,2025-03,CUST-01506,Identified,Online,Online Store,paid,fulfilled,CAD,228.0,,0.0,0.0,29.64,257.64,0.0,257.64,3,3
#NW11183,2025-03-13 15:08:00,2025-03,CUST-00319,Identified,Online,Online Store,paid,fulfilled,CAD,48.0,,0.0,12.0,7.8,67.8,0.0,67.8,1,1
#NW11184,2025-03-07 09:06:00,2025-03,CUST-02291,Identified,Online,Online Store,paid,fulfilled,CAD,394.0,,0.0,0.0,51.22,445.22,0.0,445.22,3,2
#NW11185,2025-03-05 12:56:00,2025-03,CUST-00800,Identified,Online,Online Store,paid,fulfilled,CAD,144.0,,0.0,0.0,18.72,162.72,0.0,162.72,2,1
#NW11186,2025-03-19 09:59:00,2025-03,CUST-00860,Identified,POS,Northwood Toronto,paid,fulfilled,CAD,170.0,,0.0,0.0,22.1,192.1,0.0,192.1,2,2
#NW11187,2025-03-22 11:29:00,2025-03,CUST-01423,Identified,Online,Online Store,paid,fulfilled,CAD,248.0,,0.0,0.0,32.24,280.24,0.0,280.24,1,1
#NW11188,2025-03-03 10:07:00,2025-03,CUST-00315,Identified,Online,Online Store,paid,fulfilled,CAD,248.0,,0.0,0.0,32.24,280.24,0.0,280.24,1,1
#NW11189,2025-03-04 21:06:00,2025-03,CUST-01237,Identified,Online,Online Store,paid,fulfilled,CAD,112.0,,0.0,12.0,16.12,140.12,0.0,140.12,1,1
#NW11190,2025-03-02 16:22:00,2025-03,CUST-01322,Identified,Online,Online Store,paid,fulfilled,CAD,158.0,,0.0,0.0,20.54,178.54,0.0,178.54,1,1
#NW11191,2025-03-29 18:38:00,2025-03,CUST-01229,Identified,Online,Online Store,partially_refunded,fulfilled,CAD,514.0,,0.0,0.0,66.82,580.82,311.38,269.44000000000005,3,2
#NW11192,2025-03-27 16:03:00,2025-03,CUST-01774,Identified,Online,Online Store,paid,fulfilled,CAD,422.0,,0.0,0.0,54.86,476.86,0.0,476.86,4,3
#NW11193,2025-03-28 12:39:00,2025-03,CUST-00276,Identified,Online,Online Store,paid,fulfilled,CAD,364.0,,0.0,0.0,47.32,411.32,0.0,411.32,5,4
#NW11194,2025-03-25 16:17:00,2025-03,CUST-02212,Identified,POS,Northwood Toronto,refunded,fulfilled,CAD,128.0,,0.0,0.0,16.64,144.64,144.64,0.0,1,1
#NW11195,2025-03-25 09:39:00,2025-03,CUST-01284,Identified,Online,Online Store,paid,fulfilled,CAD,96.0,FALL15,14.4,12.0,12.17,105.77,0.0,105.77,2,1
#NW11196,2025-03-27 14:56:00,2025-03,CUST-00027,Identified,Online,Online Store,paid,fulfilled,CAD,166.0,,0.0,0.0,21.58,187.58,0.0,187.58,2,2
#NW11197,2025-03-01 19:57:00,2025-03,CUST-01211,Identified,Online,Online Store,paid,fulfilled,CAD,38.0,,0.0,12.0,6.5,56.5,0.0,56.5,1,1
#NW11198,2025-03-09 09:38:00,2025-03,CUST-01648,Identified,Online,Online Store,paid,fulfilled,CAD,196.0,,0.0,0.0,25.48,221.48,0.0,221.48,2,2
#NW11199,2025-03-05 18:55:00,2025-03,CUST-00452,Identified,Online,Online Store,paid,fulfilled,CAD,88.0,,0.0,12.0,13.0,113.0,0.0,113.0,1,1
#NW11200,2025-03-13 09:28:00,2025-03,CUST-02111,Identified,POS,Northwood Toronto,refunded,fulfilled,CAD,414.0,,0.0,0.0,53.82,467.82,467.82,0.0,3,2
#NW11201,2025-03-27 13:36:00,2025-03,CUST-01857,Identified,Online,Online Store,paid,fulfilled,CAD,652.0,,0.0,0.0,84.76,736.76,0.0,736.76,4,2
#NW11202,2025-03-13 19:16:00,2025-03,CUST-02167,Identified,Online,Online Store,paid,fulfilled,CAD,436.0,,0.0,0.0,56.68,492.68,0.0,492.68,2,1
#NW11203,2025-03-02 12:10:00,2025-03,,Guest / Unidentified,POS,Northwood Toronto,paid,fulfilled,CAD,366.0,,0.0,0.0,47.58,413.58,0.0,413.58,2,2
#NW11204,2025-03-19 12:58:00,2025-03,CUST-01139,Identified,Online,Online Store,paid,fulfilled,CAD,368.0,,0.0,0.0,47.84,415.84,0.0,415.84,5,4
#NW11205,2025-03-01 14:54:00,2025-03,CUST-02303,Identified,Online,Online Store,voided,unfulfilled,CAD,382.0,,0.0,0.0,49.66,431.66,0.0,0.0,3,2
#NW11206,2025-03-19 21:02:00,2025-03,CUST-02115,Identified,Online,Online Store,paid,fulfilled,CAD,306.0,,0.0,0.0,39.78,345.78,0.0,345.78,2,2
#NW11207,2025-03-15 14:01:00,2025-03,CUST-00765,Identified,Online,Online Store,paid,fulfilled,CAD,562.0,,0.0,0.0,73.06,635.06,0.0,635.06,4,3
#NW11208,2025-03-17 18:57:00,2025-03,CUST-02045,Identified,Online,Online Store,paid,fulfilled,CAD,790.0,FALL15,118.5,0.0,87.3,758.8,0.0,758.8,5,3
#NW11209,2025-03-12 15:04:00,2025-03,CUST-00873,Identified,Online,Online Store,paid,fulfilled,CAD,218.0,,0.0,0.0,28.34,246.34,0.0,246.34,1,1
#NW11210,2025-03-16 19:15:00,2025-03,CUST-01218,Identified,Online,Online Store,paid,fulfilled,CAD,140.0,,0.0,0.0,18.2,158.2,0.0,158.2,2,2
#NW11211,2025-03-31 12:25:00,2025-03,CUST-01915,Identified,Online,Online Store,paid,fulfilled,CAD,438.0,,0.0,0.0,56.94,494.94,0.0,494.94,3,2
#NW11212,2025-03-04 11:04:00,2025-03,CUST-01098,Identified,Online,Online Store,paid,fulfilled,CAD,38.0,,0.0,12.0,6.5,56.5,0.0,56.5,1,1
#NW11213,2025-03-06 15:43:00,2025-03,CUST-01398,Identified,Online,Online Store,paid,fulfilled,CAD,198.0,,0.0,0.0,25.74,223.74,0.0,223.74,1,1
#NW11214,2025-03-23 10:11:00,2025-03,CUST-02183,Identified,Online,Online Store,paid,fulfilled,CAD,198.0,,0.0,0.0,25.74,223.74,0.0,223.74,1,1
#NW11215,2025-03-21 16:15:00,2025-03,CUST-01777,Identified,Online,Online Store,paid,fulfilled,CAD,286.0,,0.0,0.0,37.18,323.18,0.0,323.18,2,2
#NW11216,2025-03-07 18:19:00,2025-03,CUST-01753,Identified,Online,Online Store,paid,fulfilled,CAD,226.0,,0.0,0.0,29.38,255.38,0.0,255.38,2,2
#NW11217,2025-03-15 15:12:00,2025-03,CUST-00246,Identified,Online,Online Store,paid,fulfilled,CAD,68.0,FALL15,10.2,12.0,9.07,78.87,0.0,78.87,1,1
#NW11218,2025-03-02 13:47:00,2025-03,CUST-01965,Identified,Online,Online Store,paid,fulfilled,CAD,126.0,,0.0,0.0,16.38,142.38,0.0,142.38,2,2
#NW11219,2025-03-22 09:25:00,2025-03,CUST-00822,Identified,POS,Northwood Toronto,paid,fulfilled,CAD,76.0,,0.0,0.0,9.88,85.88,0.0,85.88,2,1
#NW11220,2025-03-30 12:10:00,2025-03,CUST-01493,Identified,Online,Online Store,paid,fulfilled,CAD,484.0,,0.0,0.0,62.92,546.92,0.0,546.92,3,3
#NW11221,2025-03-28 20:39:00,2025-03,,Guest / Unidentified,POS,Northwood Toronto,paid,fulfilled,CAD,58.0,,0.0,0.0,7.54,65.54,0.0,65.54,1,1
#NW11222,2025-03-22 17:53:00,2025-03,CUST-00606,Identified,Online,Online Store,paid,fulfilled,CAD,778.0,,0.0,0.0,101.14,879.14,0.0,879.14,6,4
#NW11223,2025-03-20 18:57:00,2025-03,CUST-00985,Identified,POS,Northwood Toronto,paid,fulfilled,CAD,396.0,,0.0,0.0,51.48,447.48,0.0,447.48,2,1
#NW11224,2025-03-16 11:04:00,2025-03,CUST-00104,Identified,Online,Online Store,voided,unfulfilled,CAD,42.0,,0.0,12.0,7.02,61.02,0.0,0.0,1,1
#NW11225,2025-03-30 20:34:00,2025-03,CUST-01230,Identified,POS,Northwood Toronto,paid,fulfilled,CAD,750.0,,0.0,0.0,97.5,847.5,0.0,847.5,5,3
#NW11226,2025-03-05 20:19:00,2025-03,CUST-00230,Identified,Online,Online Store,paid,fulfilled,CAD,514.0,,0.0,0.0,66.82,580.82,0.0,580.82,3,2
#NW11227,2025-03-22 11:38:00,2025-03,CUST-01312,Identified,Online,Online Store,paid,fulfilled,CAD,408.0,,0.0,0.0,53.04,461.04,0.0,461.04,3,3
#NW11228,2025-03-01 12:44:00,2025-03,CUST-01364,Identified,Online,Online Store,paid,fulfilled,CAD,118.0,,0.0,12.0,16.9,146.9,0.0,146.9,1,1
#NW11229,2025-03-08 09:10:00,2025-03,CUST-02172,Identified,Online,Online Store,paid,fulfilled,CAD,38.0,,0.0,12.0,6.5,56.5,0.0,56.5,1,1
#NW11230,2025-03-13 10:07:00,2025-03,CUST-00834,Identified,Online,Online Store,paid,fulfilled,CAD,460.0,,0.0,0.0,59.8,519.8,0.0,519.8,5,4
#NW11231,2025-03-22 15:32:00,2025-03,CUST-01690,Identified,Online,Online Store,paid,fulfilled,CAD,542.0,,0.0,0.0,70.46,612.46,0.0,612.46,4,3
#NW11232,2025-03-29 18:14:00,2025-03,CUST-01094,Identified,POS,Northwood Toronto,paid,fulfilled,CAD,364.0,,0.0,0.0,47.32,411.32,0.0,411.32,5,3
#NW11233,2025-03-11 18:39:00,2025-03,CUST-01896,Identified,Online,Online Store,paid,fulfilled,CAD,196.0,,0.0,0.0,25.48,221.48,0.0,221.48,2,1
#NW11234,2025-03-31 15:48:00,2025-03,CUST-00658,Identified,Online,Online Store,paid,fulfilled,CAD,144.0,,0.0,0.0,18.72,162.72,0.0,162.72,2,2
#NW11235,2025-03-01 13:59:00,2025-03,CUST-01051,Identified,POS,Northwood Toronto,paid,fulfilled,CAD,532.0,,0.0,0.0,69.16,601.16,0.0,601.16,4,2
#NW11236,2025-03-05 20:22:00,2025-03,CUST-00395,Identified,POS,Northwood Toronto,paid,fulfilled,CAD,256.0,,0.0,0.0,33.28,289.28,0.0,289.28,2,2
#NW11237,2025-03-03 18:11:00,2025-03,CUST-00968,Identified,Online,Online Store,paid,fulfilled,CAD,248.0,,0.0,0.0,32.24,280.24,0.0,280.24,3,2
#NW11238,2025-03-21 21:33:00,2025-03,CUST-01663,Identified,Online,Online Store,paid,fulfilled,CAD,418.0,,0.0,0.0,54.34,472.34,0.0,472.34,3,3
#NW11239,2025-03-19 09:56:00,2025-03,CUST-00977,Identified,POS,Northwood Toronto,paid,fulfilled,CAD,98.0,,0.0,0.0,12.74,110.74,0.0,110.74,1,1
#NW11240,2025-03-05 17:58:00,2025-03,,Guest / Unidentified,POS,Northwood Toronto,paid,fulfilled,CAD,48.0,,0.0,0.0,6.24,54.24,0.0,54.24,1,1
#NW11241,2025-03-22 13:45:00,2025-03,CUST-00147,Identified,Online,Online Store,paid,fulfilled,CAD,198.0,,0.0,0.0,25.74,223.74,0.0,223.74,1,1
#NW11242,2025-03-02 11:54:00,2025-03,CUST-01797,Identified,Online,Online Store,paid,fulfilled,CAD,38.0,,0.0,12.0,6.5,56.5,0.0,56.5,1,1
#NW11243,2025-03-13 16:28:00,2025-03,CUST-00114,Identified,Online,Online Store,paid,fulfilled,CAD,554.0,,0.0,0.0,72.02,626.02,0.0,626.02,3,2
#NW11244,2025-03-06 15:56:00,2025-03,CUST-00291,Identified,Online,Online Store,paid,fulfilled,CAD,98.0,,0.0,12.0,14.3,124.3,0.0,124.3,1,1
#NW11245,2025-03-31 16:17:00,2025-03,CUST-00544,Identified,Online,Online Store,paid,fulfilled,CAD,176.0,,0.0,0.0,22.88,198.88,0.0,198.88,2,1
#NW11246,2025-03-23 14:42:00,2025-03,CUST-01902,Identified,POS,Northwood Toronto,paid,fulfilled,CAD,216.0,,0.0,0.0,28.08,244.08,0.0,244.08,2,1
#NW11247,2025-03-23 12:10:00,2025-03,CUST-01989,Identified,Online,Online Store,paid,fulfilled,CAD,196.0,,0.0,0.0,25.48,221.48,0.0,221.48,2,1
#NW11248,2025-03-31 10:00:00,2025-03,CUST-00557,Identified,Online,Online Store,paid,fulfilled,CAD,76.0,,0.0,12.0,11.44,99.44,0.0,99.44,2,1
#NW11249,2025-03-12 09:49:00,2025-03,CUST-01787,Identified,Online,Online Store,paid,fulfilled,CAD,212.0,SPRING10,21.2,0.0,24.8,215.6,0.0,215.6,3,3
#NW11250,2025-03-19 15:15:00,2025-03,CUST-01729,Identified,Online,Online Store,paid,fulfilled,CAD,108.0,,0.0,12.0,15.6,135.6,0.0,135.6,1,1
#NW11251,2025-03-04 17:07:00,2025-03,CUST-00152,Identified,Online,Online Store,paid,fulfilled,CAD,352.0,,0.0,0.0,45.76,397.76,0.0,397.76,4,3
#NW11252,2025-03-19 14:10:00,2025-03,CUST-00735,Identified,Online,Online Store,paid,fulfilled,CAD,582.0,,0.0,0.0,75.66,657.66,0.0,657.66,4,4
#NW11253,2025-03-18 18:43:00,2025-03,CUST-00653,Identified,Online,Online Store,paid,fulfilled,CAD,218.0,,0.0,0.0,28.34,246.34,0.0,246.34,1,1
#NW11254,2025-03-01 15:12:00,2025-03,CUST-01118,Identified,POS,Northwood Toronto,paid,fulfilled,CAD,166.0,,0.0,0.0,21.58,187.58,0.0,187.58,2,2
#NW11255,2025-03-07 19:32:00,2025-03,CUST-00559,Identified,Online,Online Store,paid,fulfilled,CAD,402.0,,0.0,0.0,52.26,454.26,0.0,454.26,4,3
#NW11256,2025-03-14 13:50:00,2025-03,CUST-01515,Identified,Online,Online Store,partially_refunded,fulfilled,CAD,326.0,,0.0,0.0,42.38,368.38,119.31,249.07,4,3
#NW11257,2025-03-02 19:54:00,2025-03,CUST-01059,Identified,Online,Online Store,paid,fulfilled,CAD,38.0,,0.0,12.0,6.5,56.5,0.0,56.5,1,1
#NW11258,2025-03-05 15:49:00,2025-03,CUST-01209,Identified,Online,Online Store,paid,fulfilled,CAD,228.0,,0.0,0.0,29.64,257.64,0.0,257.64,3,3
#NW11259,2025-03-20 21:12:00,2025-03,CUST-02256,Identified,POS,Northwood Toronto,partially_refunded,fulfilled,CAD,196.0,,0.0,0.0,25.48,221.48,120.52,100.96,2,1
#NW11260,2025-03-30 15:48:00,2025-03,CUST-00721,Identified,Online,Online Store,paid,fulfilled,CAD,286.0,,0.0,0.0,37.18,323.18,0.0,323.18,2,2
#NW11261,2025-03-23 12:38:00,2025-03,CUST-00173,Identified,Online,Online Store,paid,fulfilled,CAD,96.0,,0.0,12.0,14.04,122.04,0.0,122.04,2,1
#NW11262,2025-03-30 18:11:00,2025-03,CUST-01991,Identified,Online,Online Store,paid,fulfilled,CAD,56.0,,0.0,12.0,8.84,76.84,0.0,76.84,2,1
#NW11263,2025-03-29 21:12:00,2025-03,CUST-00082,Identified,Online,Online Store,paid,fulfilled,CAD,148.0,,0.0,0.0,19.24,167.24,0.0,167.24,3,3
#NW11264,2025-03-13 11:39:00,2025-03,CUST-00227,Identified,Online,Online Store,paid,fulfilled,CAD,112.0,,0.0,12.0,16.12,140.12,0.0,140.12,1,1
#NW11265,2025-03-04 10:04:00,2025-03,CUST-00344,Identified,Online,Online Store,paid,fulfilled,CAD,544.0,,0.0,0.0,70.72,614.72,0.0,614.72,3,2
#NW11266,2025-03-28 12:32:00,2025-03,CUST-01882,Identified,Online,Online Store,paid,fulfilled,CAD,248.0,,0.0,0.0,32.24,280.24,0.0,280.24,1,1
#NW11267,2025-03-19 21:10:00,2025-03,CUST-01221,Identified,POS,Northwood Toronto,paid,fulfilled,CAD,752.0,,0.0,0.0,97.76,849.76,0.0,849.76,4,3
#NW11268,2025-03-29 13:53:00,2025-03,CUST-02172,Identified,Online,Online Store,paid,fulfilled,CAD,118.0,,0.0,12.0,16.9,146.9,0.0,146.9,1,1
#NW11269,2025-03-12 13:16:00,2025-03,CUST-01668,Identified,Online,Online Store,paid,fulfilled,CAD,306.0,,0.0,0.0,39.78,345.78,0.0,345.78,2,2
#NW11270,2025-03-02 12:19:00,2025-03,CUST-00316,Identified,Online,Online Store,paid,fulfilled,CAD,88.0,,0.0,12.0,13.0,113.0,0.0,113.0,1,1
#NW11271,2025-03-20 15:56:00,2025-03,CUST-00370,Identified,Online,Online Store,paid,fulfilled,CAD,420.0,,0.0,0.0,54.6,474.6,0.0,474.6,5,4
#NW11272,2025-03-09 10:29:00,2025-03,CUST-00519,Identified,Online,Online Store,paid,fulfilled,CAD,198.0,WELCOME10,19.8,0.0,23.17,201.37,0.0,201.37,1,1
#NW11273,2025-03-24 13:56:00,2025-03,CUST-00576,Identified,Online,Online Store,paid,fulfilled,CAD,218.0,SPRING10,21.8,0.0,25.51,221.71,0.0,221.71,1,1
#NW11274,2025-03-31 20:36:00,2025-03,CUST-00967,Identified,Online,Online Store,paid,fulfilled,CAD,108.0,WELCOME10,10.8,12.0,14.2,123.4,0.0,123.4,1,1
#NW11275,2025-03-01 20:13:00,2025-03,CUST-00459,Identified,Online,Online Store,paid,fulfilled,CAD,198.0,,0.0,0.0,25.74,223.74,0.0,223.74,1,1
#NW11276,2025-03-18 13:46:00,2025-03,CUST-02141,Identified,Online,Online Store,paid,fulfilled,CAD,126.0,WELCOME10,12.6,0.0,14.74,128.14,0.0,128.14,2,2
#NW11277,2025-03-10 18:28:00,2025-03,CUST-02050,Identified,Online,Online Store,paid,fulfilled,CAD,218.0,,0.0,0.0,28.34,246.34,0.0,246.34,1,1
#NW11278,2025-03-25 18:20:00,2025-03,CUST-00495,Identified,Online,Online Store,paid,fulfilled,CAD,72.0,,0.0,12.0,10.92,94.92,0.0,94.92,1,1
#NW11279,2025-03-24 21:43:00,2025-03,CUST-02138,Identified,Online,Online Store,paid,fulfilled,CAD,224.0,,0.0,0.0,29.12,253.12,0.0,253.12,3,2
#NW11280,2025-03-25 09:44:00,2025-03,CUST-02152,Identified,Online,Online Store,paid,fulfilled,CAD,204.0,,0.0,0.0,26.52,230.52,0.0,230.52,3,2
#NW11281,2025-03-18 15:27:00,2025-03,CUST-00452,Identified,Online,Online Store,paid,fulfilled,CAD,248.0,,0.0,0.0,32.24,280.24,0.0,280.24,1,1
#NW11282,2025-03-04 15:47:00,2025-03,CUST-00555,Identified,Online,Online Store,paid,fulfilled,CAD,316.0,,0.0,0.0,41.08,357.08,0.0,357.08,2,2
#NW11283,2025-03-27 11:48:00,2025-03,CUST-02319,Identified,POS,Northwood Toronto,paid,fulfilled,CAD,218.0,,0.0,0.0,28.34,246.34,0.0,246.34,1,1
#NW11284,2025-03-04 12:32:00,2025-03,CUST-00976,Identified,Online,Online Store,paid,fulfilled,CAD,148.0,,0.0,0.0,19.24,167.24,0.0,167.24,3,2
#NW11285,2025-03-26 10:43:00,2025-03,CUST-00501,Identified,POS,Northwood Toronto,paid,fulfilled,CAD,138.0,,0.0,0.0,17.94,155.94,0.0,155.94,3,2
#NW11286,2025-03-13 13:06:00,2025-03,CUST-01284,Identified,Online,Online Store,paid,fulfilled,CAD,116.0,,0.0,12.0,16.64,144.64,0.0,144.64,2,1
#NW11287,2025-03-30 15:52:00,2025-03,CUST-01569,Identified,Online,Online Store,paid,fulfilled,CAD,226.0,,0.0,0.0,29.38,255.38,0.0,255.38,2,2
#NW11288,2025-03-03 19:15:00,2025-03,CUST-01598,Identified,POS,Northwood Toronto,paid,fulfilled,CAD,256.0,,0.0,0.0,33.28,289.28,0.0,289.28,2,1
#NW11289,2025-03-02 15:50:00,2025-03,CUST-00967,Identified,POS,Northwood Toronto,paid,fulfilled,CAD,226.0,WELCOME10,22.6,0.0,26.44,229.84,0.0,229.84,2,2
#NW11290,2025-03-12 09:19:00,2025-03,CUST-00102,Identified,Online,Online Store,paid,fulfilled,CAD,254.0,,0.0,0.0,33.02,287.02,0.0,287.02,3,2
#NW11291,2025-03-31 19:53:00,2025-03,CUST-00966,Identified,Online,Online Store,paid,fulfilled,CAD,128.0,,0.0,0.0,16.64,144.64,0.0,144.64,1,1
#NW11292,2025-03-13 19:28:00,2025-03,CUST-01188,Identified,Online,Online Store,paid,fulfilled,CAD,144.0,FALL15,21.6,0.0,15.91,138.31,0.0,138.31,2,1
#NW11293,2025-03-19 12:16:00,2025-03,CUST-00438,Identified,Online,Online Store,paid,fulfilled,CAD,38.0,,0.0,12.0,6.5,56.5,0.0,56.5,1,1
#NW11294,2025-03-21 13:37:00,2025-03,CUST-00718,Identified,Online,Online Store,paid,fulfilled,CAD,446.0,FALL15,66.9,0.0,49.28,428.38,0.0,428.38,2,2
#NW11295,2025-03-22 18:32:00,2025-03,,Guest / Unidentified,POS,Northwood Toronto,paid,fulfilled,CAD,72.0,,0.0,0.0,9.36,81.36,0.0,81.36,1,1
#NW11296,2025-03-05 21:35:00,2025-03,CUST-01125,Identified,POS,Northwood Toronto,paid,fulfilled,CAD,88.0,,0.0,0.0,11.44,99.44,0.0,99.44,1,1
#NW11297,2025-03-21 16:42:00,2025-03,CUST-01801,Identified,Online,Online Store,paid,fulfilled,CAD,598.0,,0.0,0.0,77.74,675.74,0.0,675.74,5,3
#NW11298,2025-03-28 17:16:00,2025-03,CUST-01673,Identified,POS,Northwood Toronto,paid,fulfilled,CAD,248.0,,0.0,0.0,32.24,280.24,0.0,280.24,1,1
#NW11299,2025-03-04 12:29:00,2025-03,CUST-01042,Identified,Online,Online Store,paid,fulfilled,CAD,462.0,,0.0,0.0,60.06,522.06,0.0,522.06,4,3
#NW11300,2025-03-06 12:08:00,2025-03,CUST-00230,Identified,Online,Online Store,paid,fulfilled,CAD,436.0,,0.0,0.0,56.68,492.68,0.0,492.68,2,1
#NW11301,2025-03-30 19:43:00,2025-03,CUST-02009,Identified,POS,Northwood Toronto,paid,fulfilled,CAD,28.0,,0.0,0.0,3.64,31.64,0.0,31.64,1,1
#NW11302,2025-03-25 19:03:00,2025-03,CUST-01767,Identified,Online,Online Store,paid,fulfilled,CAD,316.0,,0.0,0.0,41.08,357.08,0.0,357.08,2,1
#NW11303,2025-03-12 21:27:00,2025-03,CUST-01535,Identified,Online,Online Store,paid,fulfilled,CAD,88.0,,0.0,12.0,13.0,113.0,0.0,113.0,1,1
#NW11304,2025-03-17 10:52:00,2025-03,CUST-00463,Identified,Online,Online Store,paid,fulfilled,CAD,72.0,,0.0,12.0,10.92,94.92,0.0,94.92,1,1
#NW11305,2025-03-21 17:48:00,2025-03,CUST-01297,Identified,Online,Online Store,paid,fulfilled,CAD,136.0,FALL15,20.4,0.0,15.03,130.63,0.0,130.63,2,1
#NW11306,2025-04-16 10:29:00,2025-04,CUST-02236,Identified,Online,Online Store,paid,fulfilled,CAD,214.0,,0.0,0.0,27.82,241.82,0.0,241.82,3,2
#NW11307,2025-04-20 16:44:00,2025-04,CUST-00102,Identified,Online,Online Store,paid,fulfilled,CAD,420.0,,0.0,0.0,54.6,474.6,0.0,474.6,4,3
#NW11308,2025-04-21 16:15:00,2025-04,CUST-01946,Identified,Online,Online Store,paid,fulfilled,CAD,234.0,,0.0,0.0,30.42,264.42,0.0,264.42,3,2
#NW11309,2025-04-03 10:45:00,2025-04,CUST-00834,Identified,Online,Online Store,paid,fulfilled,CAD,316.0,FALL15,47.4,0.0,34.92,303.52,0.0,303.52,4,4
#NW11310,2025-04-03 20:37:00,2025-04,CUST-01010,Identified,POS,Northwood Toronto,paid,fulfilled,CAD,38.0,,0.0,0.0,4.94,42.94,0.0,42.94,1,1
#NW11311,2025-04-23 16:33:00,2025-04,CUST-01138,Identified,Online,Online Store,paid,fulfilled,CAD,166.0,,0.0,0.0,21.58,187.58,0.0,187.58,2,2
#NW11312,2025-04-23 14:54:00,2025-04,CUST-00724,Identified,Online,Online Store,paid,fulfilled,CAD,282.0,,0.0,0.0,36.66,318.66,0.0,318.66,3,3
#NW11313,2025-04-29 13:55:00,2025-04,CUST-01487,Identified,Online,Online Store,paid,fulfilled,CAD,68.0,,0.0,12.0,10.4,90.4,0.0,90.4,1,1
#NW11314,2025-04-29 17:21:00,2025-04,CUST-01947,Identified,POS,Northwood Toronto,paid,fulfilled,CAD,158.0,,0.0,0.0,20.54,178.54,0.0,178.54,1,1
#NW11315,2025-04-20 15:07:00,2025-04,CUST-01507,Identified,Online,Online Store,paid,fulfilled,CAD,112.0,,0.0,12.0,16.12,140.12,0.0,140.12,1,1
#NW11316,2025-04-14 12:06:00,2025-04,CUST-01263,Identified,Online,Online Store,paid,fulfilled,CAD,144.0,,0.0,0.0,18.72,162.72,0.0,162.72,3,2
#NW11317,2025-04-05 17:32:00,2025-04,CUST-00087,Identified,POS,Northwood Toronto,paid,fulfilled,CAD,196.0,HOLIDAY15,29.4,0.0,21.66,188.26,0.0,188.26,2,1
#NW11318,2025-04-25 17:53:00,2025-04,CUST-00469,Identified,POS,Northwood Toronto,paid,fulfilled,CAD,88.0,FALL15,13.2,0.0,9.72,84.52,0.0,84.52,1,1
#NW11319,2025-04-20 18:40:00,2025-04,CUST-00143,Identified,Online,Online Store,paid,fulfilled,CAD,196.0,,0.0,0.0,25.48,221.48,0.0,221.48,2,2
#NW11320,2025-04-27 09:45:00,2025-04,CUST-00224,Identified,Online,Online Store,paid,fulfilled,CAD,78.0,HOLIDAY15,11.7,12.0,10.18,88.48,0.0,88.48,1,1
#NW11321,2025-04-25 11:55:00,2025-04,CUST-00653,Identified,Online,Online Store,paid,fulfilled,CAD,248.0,,0.0,0.0,32.24,280.24,0.0,280.24,1,1
#NW11322,2025-04-24 20:26:00,2025-04,CUST-00740,Identified,POS,Northwood Toronto,paid,fulfilled,CAD,382.0,,0.0,0.0,49.66,431.66,0.0,431.66,4,3
#NW11323,2025-04-15 14:03:00,2025-04,CUST-00982,Identified,Online,Online Store,paid,fulfilled,CAD,98.0,WELCOME10,9.8,12.0,13.03,113.23,0.0,113.23,1,1
#NW11324,2025-04-17 17:17:00,2025-04,CUST-01037,Identified,Online,Online Store,paid,fulfilled,CAD,248.0,,0.0,0.0,32.24,280.24,0.0,280.24,5,4
#NW11325,2025-04-16 20:47:00,2025-04,CUST-02264,Identified,Online,Online Store,paid,fulfilled,CAD,42.0,,0.0,12.0,7.02,61.02,0.0,61.02,1,1
#NW11326,2025-04-18 21:28:00,2025-04,CUST-01576,Identified,Online,Online Store,paid,fulfilled,CAD,98.0,,0.0,12.0,14.3,124.3,0.0,124.3,1,1
#NW11327,2025-04-27 15:50:00,2025-04,CUST-00893,Identified,Online,Online Store,paid,fulfilled,CAD,256.0,,0.0,0.0,33.28,289.28,0.0,289.28,2,1
#NW11328,2025-04-23 17:42:00,2025-04,CUST-01487,Identified,Online,Online Store,paid,fulfilled,CAD,156.0,,0.0,0.0,20.28,176.28,0.0,176.28,2,2
#NW11329,2025-04-17 12:53:00,2025-04,CUST-00500,Identified,POS,Northwood Toronto,paid,fulfilled,CAD,396.0,,0.0,0.0,51.48,447.48,0.0,447.48,2,1
#NW11330,2025-04-07 11:14:00,2025-04,CUST-02191,Identified,POS,Northwood Toronto,paid,fulfilled,CAD,112.0,,0.0,0.0,14.56,126.56,0.0,126.56,1,1
#NW11331,2025-04-18 19:19:00,2025-04,CUST-00969,Identified,Online,Online Store,paid,fulfilled,CAD,76.0,,0.0,12.0,11.44,99.44,0.0,99.44,2,1
#NW11332,2025-04-15 16:05:00,2025-04,CUST-01440,Identified,POS,Northwood Toronto,paid,fulfilled,CAD,144.0,,0.0,0.0,18.72,162.72,0.0,162.72,2,1
#NW11333,2025-04-24 15:17:00,2025-04,CUST-01181,Identified,POS,Northwood Toronto,paid,fulfilled,CAD,226.0,,0.0,0.0,29.38,255.38,0.0,255.38,2,2
#NW11334,2025-04-09 17:44:00,2025-04,CUST-00033,Identified,POS,Northwood Toronto,paid,fulfilled,CAD,42.0,,0.0,0.0,5.46,47.46,0.0,47.46,1,1
#NW11335,2025-04-08 21:44:00,2025-04,CUST-01610,Identified,POS,Northwood Toronto,paid,fulfilled,CAD,396.0,FALL15,59.4,0.0,43.76,380.36,0.0,380.36,2,1
#NW11336,2025-04-05 14:27:00,2025-04,CUST-00302,Identified,Online,Online Store,paid,fulfilled,CAD,496.0,HOLIDAY15,74.4,0.0,54.81,476.41,0.0,476.41,2,1
#NW11337,2025-04-26 21:01:00,2025-04,CUST-01964,Identified,Online,Online Store,paid,fulfilled,CAD,262.0,,0.0,0.0,34.06,296.06,0.0,296.06,3,2
#NW11338,2025-04-22 14:45:00,2025-04,CUST-00370,Identified,POS,Northwood Toronto,refunded,fulfilled,CAD,274.0,,0.0,0.0,35.62,309.62,309.63,-0.009999999999990905,3,3
#NW11339,2025-04-30 14:16:00,2025-04,CUST-00965,Identified,Online,Online Store,paid,fulfilled,CAD,436.0,,0.0,0.0,56.68,492.68,0.0,492.68,2,1
#NW11340,2025-04-11 13:36:00,2025-04,CUST-01219,Identified,Online,Online Store,paid,fulfilled,CAD,128.0,,0.0,0.0,16.64,144.64,0.0,144.64,1,1
#NW11341,2025-04-09 11:05:00,2025-04,CUST-00862,Identified,Online,Online Store,paid,fulfilled,CAD,42.0,,0.0,12.0,7.02,61.02,0.0,61.02,1,1
#NW11342,2025-04-16 20:35:00,2025-04,CUST-00657,Identified,Online,Online Store,paid,fulfilled,CAD,364.0,,0.0,0.0,47.32,411.32,0.0,411.32,5,3
#NW11343,2025-04-14 11:43:00,2025-04,CUST-01798,Identified,POS,Northwood Toronto,paid,fulfilled,CAD,224.0,,0.0,0.0,29.12,253.12,0.0,253.12,3,2
#NW11344,2025-04-07 16:38:00,2025-04,CUST-01300,Identified,Online,Online Store,paid,fulfilled,CAD,158.0,SPRING10,15.8,0.0,18.49,160.69,0.0,160.69,1,1
#NW11345,2025-04-07 11:51:00,2025-04,CUST-00348,Identified,POS,Northwood Toronto,paid,fulfilled,CAD,340.0,HOLIDAY15,51.0,0.0,37.57,326.57,0.0,326.57,4,2
#NW11346,2025-04-04 09:48:00,2025-04,CUST-01665,Identified,Online,Online Store,paid,fulfilled,CAD,72.0,,0.0,12.0,10.92,94.92,0.0,94.92,1,1
#NW11347,2025-04-04 16:37:00,2025-04,CUST-00139,Identified,Online,Online Store,paid,fulfilled,CAD,224.0,,0.0,0.0,29.12,253.12,0.0,253.12,2,1
#NW11348,2025-04-21 19:00:00,2025-04,CUST-01879,Identified,Online,Online Store,paid,fulfilled,CAD,256.0,FALL15,38.4,0.0,28.29,245.89,0.0,245.89,2,2
#NW11349,2025-04-15 18:30:00,2025-04,CUST-00329,Identified,Online,Online Store,refunded,fulfilled,CAD,128.0,,0.0,0.0,16.64,144.64,144.64,0.0,1,1
#NW11350,2025-04-23 18:43:00,2025-04,CUST-02014,Identified,Online,Online Store,paid,fulfilled,CAD,112.0,,0.0,12.0,16.12,140.12,0.0,140.12,1,1
#NW11351,2025-04-14 10:17:00,2025-04,CUST-01930,Identified,Online,Online Store,paid,fulfilled,CAD,88.0,,0.0,12.0,13.0,113.0,0.0,113.0,1,1
#NW11352,2025-04-05 15:14:00,2025-04,CUST-01692,Identified,Online,Online Store,paid,fulfilled,CAD,162.0,SPRING10,16.2,0.0,18.95,164.75,0.0,164.75,4,3
#NW11353,2025-04-27 14:46:00,2025-04,CUST-01363,Identified,Online,Online Store,paid,fulfilled,CAD,272.0,,0.0,0.0,35.36,307.36,0.0,307.36,4,3
#NW11354,2025-04-13 12:26:00,2025-04,CUST-01507,Identified,Online,Online Store,paid,fulfilled,CAD,128.0,,0.0,0.0,16.64,144.64,0.0,144.64,1,1
#NW11355,2025-04-29 13:52:00,2025-04,CUST-01731,Identified,Online,Online Store,paid,fulfilled,CAD,72.0,,0.0,12.0,10.92,94.92,0.0,94.92,1,1
#NW11356,2025-04-02 09:12:00,2025-04,CUST-01592,Identified,Online,Online Store,paid,fulfilled,CAD,444.0,,0.0,0.0,57.72,501.72,0.0,501.72,3,2
#NW11357,2025-04-05 18:38:00,2025-04,CUST-00657,Identified,Online,Online Store,paid,fulfilled,CAD,158.0,,0.0,0.0,20.54,178.54,0.0,178.54,1,1
#NW11358,2025-04-28 13:14:00,2025-04,CUST-01221,Identified,Online,Online Store,voided,unfulfilled,CAD,78.0,,0.0,12.0,11.7,101.7,0.0,0.0,1,1
#NW11359,2025-04-23 11:16:00,2025-04,CUST-01069,Identified,Online,Online Store,paid,fulfilled,CAD,128.0,,0.0,0.0,16.64,144.64,0.0,144.64,1,1
#NW11360,2025-04-14 17:35:00,2025-04,CUST-00393,Identified,Online,Online Store,voided,unfulfilled,CAD,98.0,,0.0,12.0,14.3,124.3,0.0,0.0,1,1
#NW11361,2025-04-28 09:54:00,2025-04,CUST-00272,Identified,POS,Northwood Toronto,paid,fulfilled,CAD,88.0,,0.0,0.0,11.44,99.44,0.0,99.44,1,1
#NW11362,2025-04-03 11:43:00,2025-04,CUST-01442,Identified,Online,Online Store,paid,fulfilled,CAD,76.0,,0.0,12.0,11.44,99.44,0.0,99.44,2,1
#NW11363,2025-04-01 09:31:00,2025-04,CUST-01724,Identified,Online,Online Store,paid,fulfilled,CAD,438.0,,0.0,0.0,56.94,494.94,0.0,494.94,5,3
#NW11364,2025-04-01 15:22:00,2025-04,CUST-00314,Identified,Online,Online Store,paid,fulfilled,CAD,56.0,,0.0,12.0,8.84,76.84,0.0,76.84,2,1
#NW11365,2025-04-01 18:06:00,2025-04,CUST-02244,Identified,Online,Online Store,paid,fulfilled,CAD,136.0,,0.0,0.0,17.68,153.68,0.0,153.68,2,2
#NW11366,2025-04-11 19:33:00,2025-04,CUST-01339,Identified,Online,Online Store,paid,fulfilled,CAD,336.0,,0.0,0.0,43.68,379.68,0.0,379.68,3,2
#NW11367,2025-04-12 10:00:00,2025-04,CUST-01857,Identified,Online,Online Store,paid,fulfilled,CAD,98.0,,0.0,12.0,14.3,124.3,0.0,124.3,1,1
#NW11368,2025-04-12 15:13:00,2025-04,CUST-00113,Identified,Online,Online Store,paid,fulfilled,CAD,180.0,HOLIDAY15,27.0,0.0,19.89,172.89,0.0,172.89,2,2
#NW11369,2025-04-29 10:32:00,2025-04,,Guest / Unidentified,POS,Northwood Toronto,paid,fulfilled,CAD,314.0,,0.0,0.0,40.82,354.82,0.0,354.82,3,2
#NW11370,2025-04-23 17:43:00,2025-04,CUST-00753,Identified,Online,Online Store,paid,fulfilled,CAD,352.0,,0.0,0.0,45.76,397.76,0.0,397.76,4,2
#NW11371,2025-04-01 09:08:00,2025-04,CUST-01817,Identified,Online,Online Store,paid,fulfilled,CAD,544.0,,0.0,0.0,70.72,614.72,0.0,614.72,5,4
#NW11372,2025-04-26 11:50:00,2025-04,CUST-00558,Identified,Online,Online Store,paid,fulfilled,CAD,88.0,,0.0,12.0,13.0,113.0,0.0,113.0,1,1
#NW11373,2025-04-20 21:55:00,2025-04,CUST-00013,Identified,Online,Online Store,paid,fulfilled,CAD,72.0,,0.0,12.0,10.92,94.92,0.0,94.92,1,1
#NW11374,2025-04-20 11:46:00,2025-04,CUST-01642,Identified,POS,Northwood Toronto,refunded,fulfilled,CAD,202.0,,0.0,0.0,26.26,228.26,228.26,0.0,3,2
#NW11375,2025-04-11 16:43:00,2025-04,CUST-00027,Identified,POS,Northwood Toronto,paid,fulfilled,CAD,216.0,,0.0,0.0,28.08,244.08,0.0,244.08,2,1
#NW11376,2025-04-26 15:08:00,2025-04,CUST-00641,Identified,Online,Online Store,paid,fulfilled,CAD,88.0,,0.0,12.0,13.0,113.0,0.0,113.0,1,1
#NW11377,2025-04-11 13:21:00,2025-04,CUST-01252,Identified,Online,Online Store,paid,fulfilled,CAD,96.0,HOLIDAY15,14.4,12.0,12.17,105.77,0.0,105.77,2,1
#NW11378,2025-04-10 20:49:00,2025-04,CUST-01286,Identified,Online,Online Store,paid,fulfilled,CAD,218.0,,0.0,0.0,28.34,246.34,0.0,246.34,1,1
#NW11379,2025-04-08 19:37:00,2025-04,CUST-00816,Identified,Online,Online Store,paid,fulfilled,CAD,248.0,,0.0,0.0,32.24,280.24,0.0,280.24,1,1
#NW11380,2025-04-05 17:36:00,2025-04,CUST-00337,Identified,Online,Online Store,paid,fulfilled,CAD,234.0,SPRING10,23.4,0.0,27.38,237.98,0.0,237.98,3,2
#NW11381,2025-04-07 16:38:00,2025-04,CUST-00454,Identified,POS,Northwood Toronto,paid,fulfilled,CAD,376.0,HOLIDAY15,56.4,0.0,41.55,361.15,0.0,361.15,2,2
#NW11382,2025-04-15 12:16:00,2025-04,CUST-00152,Identified,Online,Online Store,paid,fulfilled,CAD,88.0,HOLIDAY15,13.2,12.0,11.28,98.08,0.0,98.08,1,1
#NW11383,2025-04-19 13:49:00,2025-04,CUST-01717,Identified,Online,Online Store,paid,fulfilled,CAD,242.0,,0.0,0.0,31.46,273.46,0.0,273.46,3,2
#NW11384,2025-04-18 18:16:00,2025-04,CUST-02180,Identified,Online,Online Store,paid,fulfilled,CAD,158.0,,0.0,0.0,20.54,178.54,0.0,178.54,1,1
#NW11385,2025-04-19 14:41:00,2025-04,CUST-00533,Identified,Online,Online Store,paid,fulfilled,CAD,354.0,WELCOME10,35.4,0.0,41.42,360.02,0.0,360.02,3,3
#NW11386,2025-04-09 18:40:00,2025-04,CUST-01681,Identified,Online,Online Store,paid,fulfilled,CAD,256.0,,0.0,0.0,33.28,289.28,0.0,289.28,4,3
#NW11387,2025-04-06 10:09:00,2025-04,CUST-02175,Identified,Online,Online Store,paid,fulfilled,CAD,108.0,FALL15,16.2,12.0,13.49,117.29,0.0,117.29,1,1
#NW11388,2025-04-27 18:00:00,2025-04,CUST-01697,Identified,Online,Online Store,paid,fulfilled,CAD,196.0,,0.0,0.0,25.48,221.48,0.0,221.48,2,2
#NW11389,2025-04-23 10:59:00,2025-04,CUST-00110,Identified,Online,Online Store,paid,fulfilled,CAD,592.0,HOLIDAY15,88.8,0.0,65.42,568.62,0.0,568.62,4,2
#NW11390,2025-04-08 14:05:00,2025-04,CUST-00547,Identified,Online,Online Store,partially_refunded,fulfilled,CAD,38.0,,0.0,12.0,6.5,56.5,22.0,34.5,1,1
#NW11391,2025-04-30 10:08:00,2025-04,CUST-01068,Identified,Online,Online Store,partially_refunded,fulfilled,CAD,176.0,,0.0,0.0,22.88,198.88,105.35,93.53,2,1
#NW11392,2025-04-03 10:41:00,2025-04,CUST-00205,Identified,Online,Online Store,paid,fulfilled,CAD,96.0,,0.0,12.0,14.04,122.04,0.0,122.04,2,1
#NW11393,2025-04-03 15:07:00,2025-04,CUST-01342,Identified,Online,Online Store,paid,fulfilled,CAD,128.0,,0.0,0.0,16.64,144.64,0.0,144.64,1,1
#NW11394,2025-04-09 17:03:00,2025-04,CUST-01155,Identified,Online,Online Store,paid,fulfilled,CAD,98.0,,0.0,12.0,14.3,124.3,0.0,124.3,1,1
#NW11395,2025-04-06 10:58:00,2025-04,CUST-00814,Identified,Online,Online Store,paid,fulfilled,CAD,348.0,,0.0,0.0,45.24,393.24,0.0,393.24,6,3
#NW11396,2025-04-20 11:28:00,2025-04,CUST-00346,Identified,Online,Online Store,paid,fulfilled,CAD,110.0,,0.0,12.0,15.86,137.86,0.0,137.86,2,2
#NW11397,2025-04-05 21:19:00,2025-04,CUST-01698,Identified,Online,Online Store,paid,fulfilled,CAD,218.0,,0.0,0.0,28.34,246.34,0.0,246.34,1,1
#NW11398,2025-04-14 18:49:00,2025-04,CUST-00459,Identified,Online,Online Store,paid,fulfilled,CAD,118.0,WELCOME10,11.8,12.0,15.37,133.57,0.0,133.57,1,1
#NW11399,2025-04-10 11:46:00,2025-04,CUST-00746,Identified,Online,Online Store,paid,fulfilled,CAD,112.0,,0.0,12.0,16.12,140.12,0.0,140.12,1,1
#NW11400,2025-04-18 21:15:00,2025-04,CUST-00659,Identified,Online,Online Store,paid,fulfilled,CAD,312.0,,0.0,0.0,40.56,352.56,0.0,352.56,3,2
#NW11401,2025-04-06 20:38:00,2025-04,CUST-01721,Identified,Online,Online Store,refunded,fulfilled,CAD,218.0,SPRING10,21.8,0.0,25.51,221.71,221.71,0.0,1,1
#NW11402,2025-04-04 21:51:00,2025-04,CUST-02337,Identified,Online,Online Store,paid,fulfilled,CAD,436.0,,0.0,0.0,56.68,492.68,0.0,492.68,2,1
#NW11403,2025-04-22 20:57:00,2025-04,CUST-02079,Identified,Online,Online Store,paid,fulfilled,CAD,214.0,,0.0,0.0,27.82,241.82,0.0,241.82,3,2
#NW11404,2025-04-27 15:13:00,2025-04,CUST-00085,Identified,Online,Online Store,refunded,fulfilled,CAD,232.0,,0.0,0.0,30.16,262.16,262.16,0.0,3,2
#NW11405,2025-04-11 21:42:00,2025-04,CUST-01128,Identified,Online,Online Store,paid,fulfilled,CAD,118.0,,0.0,12.0,16.9,146.9,0.0,146.9,3,2
#NW11406,2025-04-01 19:26:00,2025-04,CUST-02288,Identified,Online,Online Store,paid,fulfilled,CAD,224.0,,0.0,0.0,29.12,253.12,0.0,253.12,2,1
#NW11407,2025-04-14 10:43:00,2025-04,CUST-00937,Identified,POS,Northwood Toronto,paid,fulfilled,CAD,196.0,,0.0,0.0,25.48,221.48,0.0,221.48,2,2
#NW11408,2025-04-14 21:09:00,2025-04,CUST-00365,Identified,Online,Online Store,paid,fulfilled,CAD,76.0,WELCOME10,7.6,12.0,10.45,90.85,0.0,90.85,2,1
#NW11409,2025-04-02 15:23:00,2025-04,CUST-01698,Identified,Online,Online Store,paid,fulfilled,CAD,128.0,,0.0,0.0,16.64,144.64,0.0,144.64,1,1
#NW11410,2025-04-18 20:54:00,2025-04,CUST-00813,Identified,Online,Online Store,paid,fulfilled,CAD,198.0,,0.0,0.0,25.74,223.74,0.0,223.74,1,1
#NW11411,2025-04-06 09:27:00,2025-04,CUST-01073,Identified,Online,Online Store,paid,fulfilled,CAD,38.0,,0.0,12.0,6.5,56.5,0.0,56.5,1,1
#NW11412,2025-04-15 18:11:00,2025-04,CUST-00576,Identified,Online,Online Store,refunded,fulfilled,CAD,394.0,,0.0,0.0,51.22,445.22,445.23,-0.009999999999990905,4,3
#NW11413,2025-04-04 18:22:00,2025-04,CUST-00692,Identified,Online,Online Store,paid,fulfilled,CAD,268.0,,0.0,0.0,34.84,302.84,0.0,302.84,3,2
#NW11414,2025-04-25 18:51:00,2025-04,CUST-00204,Identified,Online,Online Store,paid,fulfilled,CAD,28.0,,0.0,12.0,5.2,45.2,0.0,45.2,1,1
#NW11415,2025-04-27 14:47:00,2025-04,CUST-02304,Identified,Online,Online Store,paid,fulfilled,CAD,58.0,,0.0,12.0,9.1,79.1,0.0,79.1,1,1
#NW11416,2025-04-17 10:26:00,2025-04,CUST-01757,Identified,Online,Online Store,refunded,fulfilled,CAD,86.0,,0.0,12.0,12.74,110.74,110.74,0.0,2,2
#NW11417,2025-04-18 14:26:00,2025-04,CUST-00626,Identified,Online,Online Store,paid,fulfilled,CAD,248.0,,0.0,0.0,32.24,280.24,0.0,280.24,1,1
#NW11418,2025-04-16 10:55:00,2025-04,CUST-01864,Identified,POS,Northwood Toronto,paid,fulfilled,CAD,78.0,,0.0,0.0,10.14,88.14,0.0,88.14,1,1
#NW11419,2025-04-05 12:09:00,2025-04,CUST-00777,Identified,Online,Online Store,paid,fulfilled,CAD,130.0,,0.0,0.0,16.9,146.9,0.0,146.9,2,2
#NW11420,2025-04-17 17:17:00,2025-04,CUST-00365,Identified,POS,Northwood Toronto,paid,fulfilled,CAD,182.0,,0.0,0.0,23.66,205.66,0.0,205.66,3,3
#NW11421,2025-04-16 15:35:00,2025-04,CUST-01508,Identified,Online,Online Store,paid,fulfilled,CAD,108.0,,0.0,12.0,15.6,135.6,0.0,135.6,1,1
#NW11422,2025-04-15 17:50:00,2025-04,CUST-00535,Identified,Online,Online Store,paid,fulfilled,CAD,42.0,,0.0,12.0,7.02,61.02,0.0,61.02,1,1
#NW11423,2025-04-30 21:08:00,2025-04,CUST-02324,Identified,Online,Online Store,paid,fulfilled,CAD,112.0,,0.0,12.0,16.12,140.12,0.0,140.12,1,1
#NW11424,2025-04-30 19:00:00,2025-04,CUST-00481,Identified,Online,Online Store,paid,fulfilled,CAD,334.0,,0.0,0.0,43.42,377.42,0.0,377.42,3,2
#NW11425,2025-04-01 14:49:00,2025-04,CUST-00058,Identified,Online,Online Store,paid,fulfilled,CAD,72.0,,0.0,12.0,10.92,94.92,0.0,94.92,1,1
#NW11426,2025-04-28 11:57:00,2025-04,CUST-02154,Identified,Online,Online Store,paid,fulfilled,CAD,360.0,,0.0,0.0,46.8,406.8,0.0,406.8,5,3
#NW11427,2025-04-11 10:23:00,2025-04,CUST-01783,Identified,Online,Online Store,paid,fulfilled,CAD,72.0,,0.0,12.0,10.92,94.92,0.0,94.92,1,1
#NW11428,2025-04-01 13:49:00,2025-04,CUST-01859,Identified,Online,Online Store,paid,fulfilled,CAD,136.0,,0.0,0.0,17.68,153.68,0.0,153.68,2,1
#NW11429,2025-04-07 14:37:00,2025-04,CUST-02025,Identified,Online,Online Store,paid,fulfilled,CAD,364.0,,0.0,0.0,47.32,411.32,0.0,411.32,3,3
#NW11430,2025-04-28 20:54:00,2025-04,CUST-02039,Identified,Online,Online Store,paid,fulfilled,CAD,198.0,,0.0,0.0,25.74,223.74,0.0,223.74,1,1
#NW11431,2025-04-26 20:37:00,2025-04,CUST-00920,Identified,Online,Online Store,refunded,fulfilled,CAD,432.0,,0.0,0.0,56.16,488.16,488.15999999999997,5.684341886080802e-14,4,3
#NW11432,2025-04-20 20:16:00,2025-04,CUST-00833,Identified,Online,Online Store,paid,fulfilled,CAD,72.0,,0.0,12.0,10.92,94.92,0.0,94.92,1,1
#NW11433,2025-04-07 10:10:00,2025-04,CUST-00781,Identified,Online,Online Store,paid,fulfilled,CAD,72.0,,0.0,12.0,10.92,94.92,0.0,94.92,1,1
#NW11434,2025-04-24 18:51:00,2025-04,CUST-01091,Identified,Online,Online Store,paid,fulfilled,CAD,72.0,,0.0,12.0,10.92,94.92,0.0,94.92,1,1
#NW11435,2025-04-02 14:04:00,2025-04,CUST-01180,Identified,POS,Northwood Toronto,paid,fulfilled,CAD,224.0,,0.0,0.0,29.12,253.12,0.0,253.12,2,1
#NW11436,2025-04-17 14:11:00,2025-04,CUST-02025,Identified,Online,Online Store,paid,fulfilled,CAD,368.0,,0.0,0.0,47.84,415.84,0.0,415.84,4,3
#NW11437,2025-04-14 14:50:00,2025-04,CUST-01565,Identified,Online,Online Store,paid,fulfilled,CAD,338.0,HOLIDAY15,50.7,0.0,37.35,324.65,0.0,324.65,4,3
#NW11438,2025-04-29 15:12:00,2025-04,CUST-00534,Identified,Online,Online Store,paid,fulfilled,CAD,68.0,WELCOME10,6.8,12.0,9.52,82.72,0.0,82.72,1,1
#NW11439,2025-04-08 10:50:00,2025-04,CUST-01767,Identified,Online,Online Store,paid,fulfilled,CAD,224.0,,0.0,0.0,29.12,253.12,0.0,253.12,3,2
#NW11440,2025-04-22 20:30:00,2025-04,CUST-01110,Identified,Online,Online Store,paid,fulfilled,CAD,146.0,,0.0,0.0,18.98,164.98,0.0,164.98,2,2
#NW11441,2025-04-26 15:53:00,2025-04,CUST-00883,Identified,Online,Online Store,paid,fulfilled,CAD,102.0,,0.0,12.0,14.82,128.82,0.0,128.82,3,2
#NW11442,2025-04-05 15:25:00,2025-04,CUST-01160,Identified,Online,Online Store,paid,fulfilled,CAD,246.0,,0.0,0.0,31.98,277.98,0.0,277.98,2,2
#NW11443,2025-04-05 19:04:00,2025-04,CUST-00776,Identified,Online,Online Store,paid,fulfilled,CAD,108.0,,0.0,12.0,15.6,135.6,0.0,135.6,1,1
#NW11444,2025-04-07 16:26:00,2025-04,CUST-01714,Identified,Online,Online Store,paid,fulfilled,CAD,146.0,FALL15,21.9,0.0,16.13,140.23,0.0,140.23,2,2
#NW11445,2025-04-09 12:22:00,2025-04,CUST-00739,Identified,Online,Online Store,paid,fulfilled,CAD,112.0,,0.0,12.0,16.12,140.12,0.0,140.12,1,1
#NW11446,2025-04-17 12:13:00,2025-04,CUST-01674,Identified,Online,Online Store,paid,fulfilled,CAD,136.0,,0.0,0.0,17.68,153.68,0.0,153.68,2,2
#NW11447,2025-04-29 11:59:00,2025-04,CUST-01225,Identified,Online,Online Store,paid,fulfilled,CAD,368.0,,0.0,0.0,47.84,415.84,0.0,415.84,4,2
#NW11448,2025-04-29 20:13:00,2025-04,CUST-00118,Identified,Online,Online Store,paid,fulfilled,CAD,98.0,,0.0,12.0,14.3,124.3,0.0,124.3,1,1
#NW11449,2025-04-11 09:44:00,2025-04,CUST-01189,Identified,Online,Online Store,paid,fulfilled,CAD,198.0,,0.0,0.0,25.74,223.74,0.0,223.74,1,1
#NW11450,2025-04-11 12:47:00,2025-04,CUST-01073,Identified,Online,Online Store,paid,fulfilled,CAD,416.0,,0.0,0.0,54.08,470.08,0.0,470.08,2,2
#NW11451,2025-04-28 14:01:00,2025-04,CUST-00965,Identified,POS,Northwood Toronto,paid,fulfilled,CAD,352.0,,0.0,0.0,45.76,397.76,0.0,397.76,3,2
#NW11452,2025-04-16 13:05:00,2025-04,CUST-01848,Identified,Online,Online Store,paid,fulfilled,CAD,268.0,WELCOME10,26.8,0.0,31.36,272.56,0.0,272.56,3,3
#NW11453,2025-04-28 10:27:00,2025-04,CUST-01336,Identified,Online,Online Store,paid,fulfilled,CAD,196.0,,0.0,0.0,25.48,221.48,0.0,221.48,2,1
#NW11454,2025-04-11 15:03:00,2025-04,CUST-02033,Identified,POS,Northwood Toronto,paid,fulfilled,CAD,96.0,,0.0,0.0,12.48,108.48,0.0,108.48,2,1
#NW11455,2025-04-08 11:27:00,2025-04,CUST-01877,Identified,Online,Online Store,paid,fulfilled,CAD,136.0,HOLIDAY15,20.4,0.0,15.03,130.63,0.0,130.63,2,2
#NW11456,2025-04-29 09:11:00,2025-04,CUST-00889,Identified,POS,Northwood Toronto,refunded,fulfilled,CAD,156.0,,0.0,0.0,20.28,176.28,176.28,0.0,2,2
#NW11457,2025-04-20 15:26:00,2025-04,CUST-00043,Identified,POS,Northwood Toronto,paid,fulfilled,CAD,198.0,,0.0,0.0,25.74,223.74,0.0,223.74,1,1
#NW11458,2025-04-03 12:41:00,2025-04,CUST-01921,Identified,POS,Northwood Toronto,paid,fulfilled,CAD,612.0,,0.0,0.0,79.56,691.56,0.0,691.56,4,3
#NW11459,2025-04-21 14:27:00,2025-04,CUST-00546,Identified,Online,Online Store,paid,fulfilled,CAD,108.0,,0.0,12.0,15.6,135.6,0.0,135.6,1,1
#NW11460,2025-04-09 21:08:00,2025-04,CUST-01106,Identified,Online,Online Store,paid,fulfilled,CAD,88.0,,0.0,12.0,13.0,113.0,0.0,113.0,1,1
#NW11461,2025-04-22 20:06:00,2025-04,CUST-01629,Identified,Online,Online Store,paid,fulfilled,CAD,198.0,,0.0,0.0,25.74,223.74,0.0,223.74,1,1
#NW11462,2025-04-30 09:51:00,2025-04,CUST-00870,Identified,Online,Online Store,paid,fulfilled,CAD,264.0,,0.0,0.0,34.32,298.32,0.0,298.32,3,3
#NW11463,2025-04-25 17:07:00,2025-04,CUST-01571,Identified,Online,Online Store,paid,fulfilled,CAD,296.0,,0.0,0.0,38.48,334.48,0.0,334.48,2,2
#NW11464,2025-04-06 13:10:00,2025-04,CUST-01673,Identified,Online,Online Store,paid,fulfilled,CAD,328.0,,0.0,0.0,42.64,370.64,0.0,370.64,3,2
#NW11465,2025-04-01 13:49:00,2025-04,CUST-01734,Identified,Online,Online Store,paid,fulfilled,CAD,146.0,HOLIDAY15,21.9,0.0,16.13,140.23,0.0,140.23,2,2
#NW11466,2025-04-24 12:58:00,2025-04,CUST-01050,Identified,Online,Online Store,paid,fulfilled,CAD,316.0,,0.0,0.0,41.08,357.08,0.0,357.08,2,1
#NW11467,2025-04-01 18:54:00,2025-04,CUST-00300,Identified,Online,Online Store,paid,fulfilled,CAD,112.0,FALL15,16.8,12.0,13.94,121.14,0.0,121.14,1,1
#NW11468,2025-04-02 14:27:00,2025-04,CUST-00391,Identified,Online,Online Store,paid,fulfilled,CAD,98.0,,0.0,12.0,14.3,124.3,0.0,124.3,1,1
#NW11469,2025-04-01 12:07:00,2025-04,CUST-02282,Identified,Online,Online Store,paid,fulfilled,CAD,78.0,,0.0,12.0,11.7,101.7,0.0,101.7,1,1
#NW11470,2025-04-12 15:18:00,2025-04,CUST-00241,Identified,Online,Online Store,paid,fulfilled,CAD,42.0,SPRING10,4.2,12.0,6.47,56.27,0.0,56.27,1,1
#NW11471,2025-04-15 17:42:00,2025-04,CUST-00214,Identified,Online,Online Store,paid,fulfilled,CAD,48.0,,0.0,12.0,7.8,67.8,0.0,67.8,1,1
#NW11472,2025-04-10 15:16:00,2025-04,CUST-01501,Identified,Online,Online Store,paid,fulfilled,CAD,80.0,,0.0,12.0,11.96,103.96,0.0,103.96,2,2
#NW11473,2025-04-29 19:15:00,2025-04,CUST-00962,Identified,Online,Online Store,partially_refunded,fulfilled,CAD,248.0,SPRING10,24.8,0.0,29.02,252.22,64.83,187.39,1,1
#NW11474,2025-04-17 18:59:00,2025-04,CUST-02269,Identified,Online,Online Store,paid,fulfilled,CAD,316.0,WELCOME10,31.6,0.0,36.97,321.37,0.0,321.37,2,2
#NW11475,2025-04-09 12:20:00,2025-04,CUST-01198,Identified,Online,Online Store,paid,fulfilled,CAD,262.0,,0.0,0.0,34.06,296.06,0.0,296.06,3,3
#NW11476,2025-04-29 13:30:00,2025-04,CUST-00187,Identified,Online,Online Store,paid,fulfilled,CAD,176.0,,0.0,0.0,22.88,198.88,0.0,198.88,2,1
#NW11477,2025-04-26 20:02:00,2025-04,CUST-00022,Identified,POS,Northwood Toronto,paid,fulfilled,CAD,112.0,HOLIDAY15,16.8,0.0,12.38,107.58,0.0,107.58,1,1
#NW11478,2025-04-29 09:25:00,2025-04,CUST-01690,Identified,Online,Online Store,paid,fulfilled,CAD,342.0,,0.0,0.0,44.46,386.46,0.0,386.46,4,3
#NW11479,2025-04-10 09:16:00,2025-04,CUST-01322,Identified,Online,Online Store,paid,fulfilled,CAD,198.0,,0.0,0.0,25.74,223.74,0.0,223.74,1,1
#NW11480,2025-04-18 20:28:00,2025-04,CUST-01561,Identified,Online,Online Store,paid,fulfilled,CAD,200.0,,0.0,0.0,26.0,226.0,0.0,226.0,2,2
#NW11481,2025-04-29 11:06:00,2025-04,CUST-01240,Identified,Online,Online Store,paid,fulfilled,CAD,176.0,,0.0,0.0,22.88,198.88,0.0,198.88,2,1
#NW11482,2025-04-20 11:50:00,2025-04,CUST-00629,Identified,POS,Northwood Toronto,paid,fulfilled,CAD,68.0,,0.0,0.0,8.84,76.84,0.0,76.84,1,1
#NW11483,2025-04-10 16:38:00,2025-04,CUST-01520,Identified,Online,Online Store,paid,fulfilled,CAD,218.0,HOLIDAY15,32.7,0.0,24.09,209.39,0.0,209.39,1,1
#NW11484,2025-04-20 21:45:00,2025-04,CUST-00542,Identified,Online,Online Store,paid,fulfilled,CAD,452.0,,0.0,0.0,58.76,510.76,0.0,510.76,4,3
#NW11485,2025-04-16 17:38:00,2025-04,CUST-01909,Identified,Online,Online Store,paid,fulfilled,CAD,254.0,FALL15,38.1,0.0,28.07,243.97,0.0,243.97,3,3
#NW11486,2025-04-04 20:09:00,2025-04,CUST-00975,Identified,Online,Online Store,paid,fulfilled,CAD,176.0,,0.0,0.0,22.88,198.88,0.0,198.88,2,1
#NW11487,2025-04-25 20:43:00,2025-04,CUST-00735,Identified,Online,Online Store,paid,fulfilled,CAD,198.0,HOLIDAY15,29.7,0.0,21.88,190.18,0.0,190.18,1,1
#NW11488,2025-04-25 11:42:00,2025-04,CUST-01864,Identified,Online,Online Store,paid,fulfilled,CAD,396.0,,0.0,0.0,51.48,447.48,0.0,447.48,2,1
#NW11489,2025-04-12 11:14:00,2025-04,CUST-00696,Identified,Online,Online Store,paid,fulfilled,CAD,332.0,,0.0,0.0,43.16,375.16,0.0,375.16,3,2
#NW11490,2025-04-19 13:48:00,2025-04,CUST-02064,Identified,Online,Online Store,paid,fulfilled,CAD,206.0,,0.0,0.0,26.78,232.78,0.0,232.78,2,2
#NW11491,2025-04-19 20:24:00,2025-04,CUST-02019,Identified,Online,Online Store,partially_refunded,fulfilled,CAD,38.0,,0.0,12.0,6.5,56.5,11.04,45.46,1,1
#NW11492,2025-04-13 17:05:00,2025-04,CUST-01372,Identified,POS,Northwood Toronto,paid,fulfilled,CAD,48.0,WELCOME10,4.8,0.0,5.62,48.82,0.0,48.82,1,1
#NW11493,2025-04-06 18:08:00,2025-04,CUST-01918,Identified,Online,Online Store,partially_refunded,fulfilled,CAD,98.0,,0.0,12.0,14.3,124.3,58.61,65.69,1,1
#NW11494,2025-04-17 18:06:00,2025-04,CUST-00541,Identified,Online,Online Store,paid,fulfilled,CAD,304.0,SPRING10,30.4,0.0,35.57,309.17,0.0,309.17,3,2
#NW11495,2025-04-30 15:17:00,2025-04,,Guest / Unidentified,POS,Northwood Toronto,paid,fulfilled,CAD,344.0,,0.0,0.0,44.72,388.72,0.0,388.72,3,2
#NW11496,2025-04-07 20:13:00,2025-04,CUST-01300,Identified,Online,Online Store,paid,fulfilled,CAD,64.0,,0.0,12.0,9.88,85.88,0.0,85.88,2,1
#NW11497,2025-04-02 16:45:00,2025-04,CUST-01535,Identified,POS,Northwood Toronto,paid,fulfilled,CAD,88.0,,0.0,0.0,11.44,99.44,0.0,99.44,1,1
#NW11498,2025-04-12 13:08:00,2025-04,CUST-02173,Identified,POS,Northwood Toronto,paid,fulfilled,CAD,352.0,WELCOME10,35.2,0.0,41.18,357.98,0.0,357.98,4,2
#NW11499,2025-04-11 10:34:00,2025-04,CUST-01774,Identified,POS,Northwood Toronto,paid,fulfilled,CAD,88.0,,0.0,0.0,11.44,99.44,0.0,99.44,1,1
#NW11500,2025-04-02 16:52:00,2025-04,CUST-00330,Identified,Online,Online Store,paid,fulfilled,CAD,280.0,,0.0,0.0,36.4,316.4,0.0,316.4,4,2
#NW11501,2025-04-05 21:56:00,2025-04,CUST-01864,Identified,Online,Online Store,paid,fulfilled,CAD,32.0,WELCOME10,3.2,12.0,5.3,46.1,0.0,46.1,1,1
#NW11502,2025-04-22 10:02:00,2025-04,CUST-01027,Identified,Online,Online Store,paid,fulfilled,CAD,296.0,,0.0,0.0,38.48,334.48,0.0,334.48,2,2
#NW11503,2025-04-26 14:20:00,2025-04,CUST-01284,Identified,Online,Online Store,paid,fulfilled,CAD,72.0,,0.0,12.0,10.92,94.92,0.0,94.92,1,1
#NW11504,2025-04-13 14:53:00,2025-04,CUST-00181,Identified,Online,Online Store,paid,fulfilled,CAD,98.0,,0.0,12.0,14.3,124.3,0.0,124.3,1,1
#NW11505,2025-04-15 15:31:00,2025-04,CUST-02112,Identified,POS,Northwood Toronto,paid,fulfilled,CAD,494.0,,0.0,0.0,64.22,558.22,0.0,558.22,3,2
#NW11506,2025-04-22 14:29:00,2025-04,CUST-02045,Identified,Online,Online Store,voided,unfulfilled,CAD,56.0,,0.0,12.0,8.84,76.84,0.0,0.0,2,1
#NW11507,2025-04-14 11:14:00,2025-04,CUST-02265,Identified,Online,Online Store,paid,fulfilled,CAD,260.0,,0.0,0.0,33.8,293.8,0.0,293.8,4,2
#NW11508,2025-04-14 16:20:00,2025-04,CUST-01477,Identified,POS,Northwood Toronto,paid,fulfilled,CAD,80.0,,0.0,0.0,10.4,90.4,0.0,90.4,2,2
#NW11509,2025-04-15 12:13:00,2025-04,CUST-02206,Identified,Online,Online Store,paid,fulfilled,CAD,304.0,,0.0,0.0,39.52,343.52,0.0,343.52,3,2
#NW11510,2025-04-07 09:52:00,2025-04,CUST-01159,Identified,Online,Online Store,paid,fulfilled,CAD,78.0,,0.0,12.0,11.7,101.7,0.0,101.7,1,1
#NW11511,2025-04-29 12:17:00,2025-04,CUST-01079,Identified,Online,Online Store,paid,fulfilled,CAD,324.0,,0.0,0.0,42.12,366.12,0.0,366.12,3,3
#NW11512,2025-04-01 09:29:00,2025-04,CUST-01081,Identified,Online,Online Store,paid,fulfilled,CAD,342.0,HOLIDAY15,51.3,0.0,37.79,328.49,0.0,328.49,5,4
#NW11513,2025-04-11 09:32:00,2025-04,CUST-02258,Identified,Online,Online Store,paid,fulfilled,CAD,752.0,FALL15,112.8,0.0,83.1,722.3,0.0,722.3,4,2
#NW11514,2025-04-18 20:43:00,2025-04,CUST-01283,Identified,POS,Northwood Toronto,paid,fulfilled,CAD,224.0,,0.0,0.0,29.12,253.12,0.0,253.12,2,1
#NW11515,2025-04-21 16:49:00,2025-04,CUST-01785,Identified,Online,Online Store,paid,fulfilled,CAD,68.0,,0.0,12.0,10.4,90.4,0.0,90.4,1,1
#NW11516,2025-04-24 10:11:00,2025-04,CUST-00611,Identified,Online,Online Store,paid,fulfilled,CAD,98.0,,0.0,12.0,14.3,124.3,0.0,124.3,1,1
#NW11517,2025-04-29 14:04:00,2025-04,CUST-01293,Identified,Online,Online Store,paid,fulfilled,CAD,268.0,,0.0,0.0,34.84,302.84,0.0,302.84,3,3
#NW11518,2025-04-20 10:29:00,2025-04,CUST-02013,Identified,Online,Online Store,paid,fulfilled,CAD,248.0,WELCOME10,24.8,0.0,29.02,252.22,0.0,252.22,1,1
#NW11519,2025-04-28 12:46:00,2025-04,CUST-01757,Identified,POS,Northwood Toronto,paid,fulfilled,CAD,98.0,FALL15,14.7,0.0,10.83,94.13,0.0,94.13,1,1
#NW11520,2025-04-22 12:04:00,2025-04,CUST-00104,Identified,Online,Online Store,paid,fulfilled,CAD,78.0,,0.0,12.0,11.7,101.7,0.0,101.7,1,1
#NW11521,2025-04-07 14:54:00,2025-04,CUST-02277,Identified,Online,Online Store,paid,fulfilled,CAD,290.0,,0.0,0.0,37.7,327.7,0.0,327.7,2,2
#NW11522,2025-04-02 13:06:00,2025-04,CUST-01803,Identified,Online,Online Store,paid,fulfilled,CAD,184.0,,0.0,0.0,23.92,207.92,0.0,207.92,3,2
#NW11523,2025-04-30 20:01:00,2025-04,CUST-00958,Identified,Online,Online Store,paid,fulfilled,CAD,48.0,FALL15,7.2,12.0,6.86,59.66,0.0,59.66,1,1
#NW11524,2025-04-20 21:03:00,2025-04,CUST-00689,Identified,Online,Online Store,paid,fulfilled,CAD,88.0,,0.0,12.0,13.0,113.0,0.0,113.0,1,1
#NW11525,2025-04-01 19:04:00,2025-04,CUST-00777,Identified,Online,Online Store,paid,fulfilled,CAD,144.0,,0.0,0.0,18.72,162.72,0.0,162.72,2,1
#NW11526,2025-04-05 13:12:00,2025-04,CUST-00224,Identified,Online,Online Store,paid,fulfilled,CAD,230.0,,0.0,0.0,29.9,259.9,0.0,259.9,2,2
#NW11527,2025-04-27 12:23:00,2025-04,CUST-00655,Identified,POS,Northwood Toronto,paid,fulfilled,CAD,158.0,,0.0,0.0,20.54,178.54,0.0,178.54,1,1
#NW11528,2025-04-13 19:00:00,2025-04,CUST-00751,Identified,Online,Online Store,voided,unfulfilled,CAD,88.0,,0.0,12.0,13.0,113.0,0.0,0.0,1,1
#NW11529,2025-04-24 16:41:00,2025-04,CUST-00346,Identified,Online,Online Store,paid,fulfilled,CAD,218.0,,0.0,0.0,28.34,246.34,0.0,246.34,1,1
#NW11530,2025-04-29 18:48:00,2025-04,CUST-01186,Identified,Online,Online Store,paid,fulfilled,CAD,72.0,WELCOME10,7.2,12.0,9.98,86.78,0.0,86.78,1,1
#NW11531,2025-04-01 11:41:00,2025-04,CUST-01864,Identified,Online,Online Store,paid,fulfilled,CAD,160.0,,0.0,0.0,20.8,180.8,0.0,180.8,2,2
#NW11532,2025-04-01 09:04:00,2025-04,CUST-00670,Identified,Online,Online Store,paid,fulfilled,CAD,128.0,,0.0,0.0,16.64,144.64,0.0,144.64,1,1
#NW11533,2025-04-30 14:46:00,2025-04,CUST-01914,Identified,Online,Online Store,paid,fulfilled,CAD,130.0,,0.0,0.0,16.9,146.9,0.0,146.9,2,2
#NW11534,2025-04-29 17:46:00,2025-04,CUST-01788,Identified,Online,Online Store,paid,fulfilled,CAD,88.0,,0.0,12.0,13.0,113.0,0.0,113.0,1,1
#NW11535,2025-04-14 17:39:00,2025-04,CUST-00476,Identified,Online,Online Store,paid,fulfilled,CAD,76.0,,0.0,12.0,11.44,99.44,0.0,99.44,2,1
#NW11536,2025-04-07 13:39:00,2025-04,CUST-02028,Identified,Online,Online Store,paid,fulfilled,CAD,98.0,FALL15,14.7,12.0,12.39,107.69,0.0,107.69,1,1
#NW11537,2025-04-25 14:45:00,2025-04,CUST-00168,Identified,Online,Online Store,paid,fulfilled,CAD,402.0,,0.0,0.0,52.26,454.26,0.0,454.26,4,4
#NW11538,2025-04-08 19:25:00,2025-04,CUST-01413,Identified,Online,Online Store,paid,fulfilled,CAD,348.0,FALL15,52.2,0.0,38.45,334.25,0.0,334.25,3,2
#NW11539,2025-04-19 16:05:00,2025-04,CUST-00772,Identified,Online,Online Store,paid,fulfilled,CAD,248.0,,0.0,0.0,32.24,280.24,0.0,280.24,1,1
#NW11540,2025-04-15 16:41:00,2025-04,CUST-02298,Identified,Online,Online Store,paid,fulfilled,CAD,200.0,FALL15,30.0,0.0,22.1,192.1,0.0,192.1,4,3
#NW11541,2025-04-14 19:04:00,2025-04,CUST-01988,Identified,Online,Online Store,paid,fulfilled,CAD,248.0,,0.0,0.0,32.24,280.24,0.0,280.24,1,1
#NW11542,2025-04-12 16:28:00,2025-04,CUST-01875,Identified,Online,Online Store,paid,fulfilled,CAD,354.0,,0.0,0.0,46.02,400.02,0.0,400.02,3,2
#NW11543,2025-04-06 09:29:00,2025-04,,Guest / Unidentified,POS,Northwood Toronto,paid,fulfilled,CAD,112.0,FALL15,16.8,0.0,12.38,107.58,0.0,107.58,1,1
#NW11544,2025-04-04 20:31:00,2025-04,CUST-00143,Identified,Online,Online Store,paid,fulfilled,CAD,88.0,,0.0,12.0,13.0,113.0,0.0,113.0,1,1
#NW11545,2025-04-13 09:21:00,2025-04,CUST-00607,Identified,Online,Online Store,voided,unfulfilled,CAD,118.0,,0.0,12.0,16.9,146.9,0.0,0.0,1,1
#NW11546,2025-04-07 19:07:00,2025-04,CUST-01092,Identified,Online,Online Store,paid,fulfilled,CAD,72.0,,0.0,12.0,10.92,94.92,0.0,94.92,1,1
#NW11547,2025-04-26 18:23:00,2025-04,CUST-01432,Identified,Online,Online Store,paid,fulfilled,CAD,298.0,,0.0,0.0,38.74,336.74,0.0,336.74,3,3
#NW11548,2025-04-08 13:52:00,2025-04,CUST-00384,Identified,Online,Online Store,paid,fulfilled,CAD,72.0,,0.0,12.0,10.92,94.92,0.0,94.92,1,1
#NW11549,2025-04-22 17:59:00,2025-04,CUST-00835,Identified,Online,Online Store,paid,fulfilled,CAD,226.0,,0.0,0.0,29.38,255.38,0.0,255.38,2,2
#NW11550,2025-04-24 19:41:00,2025-04,CUST-01164,Identified,Online,Online Store,paid,fulfilled,CAD,68.0,,0.0,12.0,10.4,90.4,0.0,90.4,1,1
#NW11551,2025-04-30 12:41:00,2025-04,CUST-01382,Identified,Online,Online Store,paid,fulfilled,CAD,194.0,,0.0,0.0,25.22,219.22,0.0,219.22,3,2
#NW11552,2025-04-18 13:29:00,2025-04,CUST-00690,Identified,Online,Online Store,paid,fulfilled,CAD,606.0,,0.0,0.0,78.78,684.78,0.0,684.78,6,4
#NW11553,2025-04-30 16:10:00,2025-04,CUST-02084,Identified,Online,Online Store,paid,fulfilled,CAD,118.0,,0.0,12.0,16.9,146.9,0.0,146.9,1,1
#NW11554,2025-04-19 11:00:00,2025-04,CUST-01907,Identified,Online,Online Store,paid,fulfilled,CAD,460.0,,0.0,0.0,59.8,519.8,0.0,519.8,4,3
#NW11555,2025-04-22 21:18:00,2025-04,CUST-01872,Identified,Online,Online Store,partially_refunded,fulfilled,CAD,128.0,,0.0,0.0,16.64,144.64,44.99,99.64999999999998,1,1
#NW11556,2025-04-10 16:44:00,2025-04,CUST-00870,Identified,POS,Northwood Toronto,paid,fulfilled,CAD,128.0,,0.0,0.0,16.64,144.64,0.0,144.64,3,2
#NW11557,2025-04-23 17:53:00,2025-04,CUST-00017,Identified,Online,Online Store,paid,fulfilled,CAD,116.0,,0.0,12.0,16.64,144.64,0.0,144.64,2,2
#NW11558,2025-04-16 14:25:00,2025-04,CUST-02155,Identified,Online,Online Store,paid,fulfilled,CAD,98.0,,0.0,12.0,14.3,124.3,0.0,124.3,1,1
#NW11559,2025-04-20 21:33:00,2025-04,CUST-02338,Identified,Online,Online Store,paid,fulfilled,CAD,130.0,,0.0,0.0,16.9,146.9,0.0,146.9,2,2
#NW11560,2025-04-29 20:01:00,2025-04,CUST-01382,Identified,POS,Northwood Toronto,paid,fulfilled,CAD,72.0,FALL15,10.8,0.0,7.96,69.16,0.0,69.16,1,1
#NW11561,2025-04-13 10:34:00,2025-04,CUST-01706,Identified,Online,Online Store,paid,fulfilled,CAD,146.0,,0.0,0.0,18.98,164.98,0.0,164.98,2,2
#NW11562,2025-04-10 10:13:00,2025-04,CUST-00315,Identified,Online,Online Store,paid,fulfilled,CAD,76.0,,0.0,12.0,11.44,99.44,0.0,99.44,2,1
#NW11563,2025-04-09 11:23:00,2025-04,CUST-01009,Identified,Online,Online Store,paid,fulfilled,CAD,160.0,,0.0,0.0,20.8,180.8,0.0,180.8,4,3
#NW11564,2025-04-30 10:38:00,2025-04,CUST-02041,Identified,Online,Online Store,paid,fulfilled,CAD,196.0,FALL15,29.4,0.0,21.66,188.26,0.0,188.26,2,1
#NW11565,2025-04-20 13:41:00,2025-04,CUST-00387,Identified,Online,Online Store,voided,unfulfilled,CAD,38.0,,0.0,12.0,6.5,56.5,0.0,0.0,1,1
#NW11566,2025-04-01 11:13:00,2025-04,CUST-01347,Identified,Online,Online Store,paid,fulfilled,CAD,466.0,,0.0,0.0,60.58,526.58,0.0,526.58,2,2
#NW11567,2025-04-05 20:33:00,2025-04,CUST-00107,Identified,Online,Online Store,paid,fulfilled,CAD,32.0,,0.0,12.0,5.72,49.72,0.0,49.72,1,1
#NW11568,2025-04-20 11:03:00,2025-04,CUST-01165,Identified,Online,Online Store,paid,fulfilled,CAD,98.0,,0.0,12.0,14.3,124.3,0.0,124.3,1,1
#NW11569,2025-04-01 09:20:00,2025-04,CUST-00500,Identified,POS,Northwood Toronto,paid,fulfilled,CAD,110.0,,0.0,0.0,14.3,124.3,0.0,124.3,2,2
#NW11570,2025-04-03 14:53:00,2025-04,CUST-01615,Identified,Online,Online Store,paid,fulfilled,CAD,244.0,,0.0,0.0,31.72,275.72,0.0,275.72,3,2
#NW11571,2025-04-29 21:36:00,2025-04,CUST-01201,Identified,Online,Online Store,paid,fulfilled,CAD,262.0,,0.0,0.0,34.06,296.06,0.0,296.06,3,2
#NW11572,2025-04-27 17:18:00,2025-04,CUST-02005,Identified,Online,Online Store,paid,fulfilled,CAD,112.0,,0.0,12.0,16.12,140.12,0.0,140.12,1,1
#NW11573,2025-04-18 14:01:00,2025-04,CUST-00435,Identified,Online,Online Store,paid,fulfilled,CAD,130.0,,0.0,0.0,16.9,146.9,0.0,146.9,2,2
#NW11574,2025-04-17 19:10:00,2025-04,CUST-01326,Identified,Online,Online Store,paid,fulfilled,CAD,166.0,,0.0,0.0,21.58,187.58,0.0,187.58,2,2
#NW11575,2025-04-29 12:46:00,2025-04,CUST-00630,Identified,Online,Online Store,paid,fulfilled,CAD,126.0,,0.0,0.0,16.38,142.38,0.0,142.38,2,2
#NW11576,2025-04-03 16:22:00,2025-04,CUST-01515,Identified,Online,Online Store,paid,fulfilled,CAD,316.0,,0.0,0.0,41.08,357.08,0.0,357.08,4,3
#NW11577,2025-04-28 09:54:00,2025-04,CUST-00333,Identified,Online,Online Store,paid,fulfilled,CAD,224.0,,0.0,0.0,29.12,253.12,0.0,253.12,2,1
#NW11578,2025-04-08 10:59:00,2025-04,CUST-01678,Identified,Online,Online Store,paid,fulfilled,CAD,130.0,,0.0,0.0,16.9,146.9,0.0,146.9,2,2
#NW11579,2025-04-03 12:00:00,2025-04,CUST-01966,Identified,Online,Online Store,paid,fulfilled,CAD,38.0,,0.0,12.0,6.5,56.5,0.0,56.5,1,1
#NW11580,2025-04-30 11:40:00,2025-04,CUST-01860,Identified,Online,Online Store,paid,fulfilled,CAD,204.0,,0.0,0.0,26.52,230.52,0.0,230.52,3,2
#NW11581,2025-04-01 12:48:00,2025-04,CUST-00641,Identified,Online,Online Store,paid,fulfilled,CAD,268.0,,0.0,0.0,34.84,302.84,0.0,302.84,5,4
#NW11582,2025-04-14 19:18:00,2025-04,CUST-01104,Identified,Online,Online Store,paid,fulfilled,CAD,32.0,,0.0,12.0,5.72,49.72,0.0,49.72,1,1
#NW11583,2025-04-04 09:39:00,2025-04,CUST-00024,Identified,Online,Online Store,paid,fulfilled,CAD,78.0,,0.0,12.0,11.7,101.7,0.0,101.7,1,1
#NW11584,2025-04-19 10:19:00,2025-04,CUST-01350,Identified,Online,Online Store,paid,fulfilled,CAD,170.0,,0.0,0.0,22.1,192.1,0.0,192.1,2,2
#NW11585,2025-04-25 11:32:00,2025-04,CUST-00180,Identified,POS,Northwood Toronto,paid,fulfilled,CAD,176.0,,0.0,0.0,22.88,198.88,0.0,198.88,2,2
#NW11586,2025-04-21 11:33:00,2025-04,CUST-01856,Identified,Online,Online Store,paid,fulfilled,CAD,246.0,SPRING10,24.6,0.0,28.78,250.18,0.0,250.18,2,2
#NW11587,2025-04-22 16:33:00,2025-04,CUST-01331,Identified,POS,Northwood Toronto,partially_refunded,fulfilled,CAD,112.0,,0.0,0.0,14.56,126.56,49.87,76.69,1,1
#NW11588,2025-04-18 11:10:00,2025-04,CUST-00657,Identified,Online,Online Store,paid,fulfilled,CAD,334.0,SPRING10,33.4,0.0,39.08,339.68,0.0,339.68,3,3
#NW11589,2025-04-03 21:27:00,2025-04,CUST-02332,Identified,Online,Online Store,paid,fulfilled,CAD,748.0,,0.0,0.0,97.24,845.24,0.0,845.24,6,4
#NW11590,2025-04-02 13:24:00,2025-04,CUST-01787,Identified,POS,Northwood Toronto,paid,fulfilled,CAD,156.0,SPRING10,15.6,0.0,18.25,158.65,0.0,158.65,2,2
#NW11591,2025-04-30 15:17:00,2025-04,CUST-00866,Identified,Online,Online Store,paid,fulfilled,CAD,98.0,,0.0,12.0,14.3,124.3,0.0,124.3,1,1
#NW11592,2025-04-22 21:20:00,2025-04,CUST-00687,Identified,Online,Online Store,paid,fulfilled,CAD,126.0,WELCOME10,12.6,0.0,14.74,128.14,0.0,128.14,2,2
#NW11593,2025-04-01 15:30:00,2025-04,CUST-01477,Identified,Online,Online Store,voided,unfulfilled,CAD,722.0,HOLIDAY15,108.3,0.0,79.78,693.48,0.0,0.0,4,3
#NW11594,2025-04-02 09:04:00,2025-04,CUST-00348,Identified,Online,Online Store,paid,fulfilled,CAD,306.0,,0.0,0.0,39.78,345.78,0.0,345.78,2,2
#NW11595,2025-04-05 16:42:00,2025-04,CUST-01159,Identified,Online,Online Store,paid,fulfilled,CAD,86.0,FALL15,12.9,12.0,11.06,96.16,0.0,96.16,2,2
#NW11596,2025-04-21 16:18:00,2025-04,CUST-01745,Identified,Online,Online Store,paid,fulfilled,CAD,118.0,,0.0,12.0,16.9,146.9,0.0,146.9,1,1
#NW11597,2025-04-20 17:51:00,2025-04,CUST-00228,Identified,POS,Northwood Toronto,paid,fulfilled,CAD,64.0,,0.0,0.0,8.32,72.32,0.0,72.32,2,1
#NW11598,2025-04-15 17:18:00,2025-04,CUST-00753,Identified,Online,Online Store,paid,fulfilled,CAD,254.0,,0.0,0.0,33.02,287.02,0.0,287.02,3,2
#NW11599,2025-04-19 11:41:00,2025-04,CUST-00290,Identified,Online,Online Store,paid,fulfilled,CAD,144.0,,0.0,0.0,18.72,162.72,0.0,162.72,2,1
#NW11600,2025-04-27 21:24:00,2025-04,CUST-02242,Identified,POS,Northwood Toronto,paid,fulfilled,CAD,108.0,,0.0,0.0,14.04,122.04,0.0,122.04,1,1
#NW11601,2025-04-10 15:27:00,2025-04,CUST-01563,Identified,Online,Online Store,paid,fulfilled,CAD,98.0,,0.0,12.0,14.3,124.3,0.0,124.3,1,1
#NW11602,2025-04-19 17:38:00,2025-04,CUST-00380,Identified,POS,Northwood Toronto,paid,fulfilled,CAD,200.0,WELCOME10,20.0,0.0,23.4,203.4,0.0,203.4,2,2
#NW11603,2025-04-19 12:07:00,2025-04,CUST-01634,Identified,Online,Online Store,paid,fulfilled,CAD,302.0,,0.0,0.0,39.26,341.26,0.0,341.26,4,3
#NW11604,2025-04-24 17:21:00,2025-04,CUST-01046,Identified,POS,Northwood Toronto,paid,fulfilled,CAD,108.0,,0.0,0.0,14.04,122.04,0.0,122.04,1,1
#NW11605,2025-04-29 21:38:00,2025-04,CUST-00259,Identified,Online,Online Store,paid,fulfilled,CAD,256.0,FALL15,38.4,0.0,28.29,245.89,0.0,245.89,2,1
#NW11606,2025-04-07 09:38:00,2025-04,CUST-00984,Identified,Online,Online Store,paid,fulfilled,CAD,248.0,,0.0,0.0,32.24,280.24,0.0,280.24,1,1
#NW11607,2025-04-06 20:57:00,2025-04,CUST-00781,Identified,Online,Online Store,paid,fulfilled,CAD,248.0,,0.0,0.0,32.24,280.24,0.0,280.24,1,1
#NW11608,2025-04-17 19:34:00,2025-04,CUST-01634,Identified,Online,Online Store,paid,fulfilled,CAD,364.0,,0.0,0.0,47.32,411.32,0.0,411.32,3,3
#NW11609,2025-04-05 09:28:00,2025-04,CUST-01540,Identified,Online,Online Store,paid,fulfilled,CAD,38.0,,0.0,12.0,6.5,56.5,0.0,56.5,1,1
#NW11610,2025-04-26 18:15:00,2025-04,CUST-00085,Identified,POS,Northwood Toronto,paid,fulfilled,CAD,294.0,,0.0,0.0,38.22,332.22,0.0,332.22,3,3
#NW11611,2025-04-06 18:07:00,2025-04,CUST-01688,Identified,Online,Online Store,partially_refunded,fulfilled,CAD,112.0,,0.0,12.0,16.12,140.12,61.69,78.43,1,1
#NW11612,2025-04-19 17:09:00,2025-04,CUST-02143,Identified,Online,Online Store,paid,fulfilled,CAD,236.0,,0.0,0.0,30.68,266.68,0.0,266.68,2,1
#NW11613,2025-04-03 18:48:00,2025-04,CUST-01592,Identified,Online,Online Store,paid,fulfilled,CAD,136.0,,0.0,0.0,17.68,153.68,0.0,153.68,2,2
#NW11614,2025-04-02 11:34:00,2025-04,CUST-01189,Identified,Online,Online Store,paid,fulfilled,CAD,32.0,,0.0,12.0,5.72,49.72,0.0,49.72,1,1
#NW11615,2025-04-24 12:26:00,2025-04,CUST-01649,Identified,Online,Online Store,paid,fulfilled,CAD,88.0,,0.0,12.0,13.0,113.0,0.0,113.0,1,1
#NW11616,2025-04-10 10:58:00,2025-04,CUST-01168,Identified,Online,Online Store,paid,fulfilled,CAD,38.0,,0.0,12.0,6.5,56.5,0.0,56.5,1,1
#NW11617,2025-04-20 17:05:00,2025-04,CUST-00632,Identified,Online,Online Store,paid,fulfilled,CAD,98.0,,0.0,12.0,14.3,124.3,0.0,124.3,1,1
#NW11618,2025-04-22 20:16:00,2025-04,CUST-00494,Identified,POS,Northwood Toronto,paid,fulfilled,CAD,232.0,,0.0,0.0,30.16,262.16,0.0,262.16,4,4
#NW11619,2025-04-01 10:16:00,2025-04,CUST-01223,Identified,Online,Online Store,refunded,fulfilled,CAD,156.0,,0.0,0.0,20.28,176.28,176.28,0.0,2,1
#NW11620,2025-04-04 11:29:00,2025-04,CUST-01057,Identified,Online,Online Store,paid,fulfilled,CAD,88.0,WELCOME10,8.8,12.0,11.86,103.06,0.0,103.06,1,1
#NW11621,2025-04-17 21:49:00,2025-04,CUST-01771,Identified,Online,Online Store,paid,fulfilled,CAD,160.0,,0.0,0.0,20.8,180.8,0.0,180.8,2,2
#NW11622,2025-04-21 21:20:00,2025-04,CUST-01271,Identified,Online,Online Store,paid,fulfilled,CAD,204.0,,0.0,0.0,26.52,230.52,0.0,230.52,3,2
#NW11623,2025-04-02 13:49:00,2025-04,CUST-00538,Identified,Online,Online Store,paid,fulfilled,CAD,68.0,,0.0,12.0,10.4,90.4,0.0,90.4,1,1
#NW11624,2025-04-01 20:49:00,2025-04,CUST-00358,Identified,Online,Online Store,paid,fulfilled,CAD,244.0,,0.0,0.0,31.72,275.72,0.0,275.72,3,2
#NW11625,2025-04-30 09:05:00,2025-04,CUST-00394,Identified,POS,Northwood Toronto,paid,fulfilled,CAD,38.0,,0.0,0.0,4.94,42.94,0.0,42.94,1,1
#NW11626,2025-04-12 17:58:00,2025-04,CUST-00630,Identified,Online,Online Store,paid,fulfilled,CAD,200.0,,0.0,0.0,26.0,226.0,0.0,226.0,2,2
#NW11627,2025-04-28 10:29:00,2025-04,CUST-01506,Identified,Online,Online Store,paid,fulfilled,CAD,390.0,,0.0,0.0,50.7,440.7,0.0,440.7,4,3
#NW11628,2025-04-28 11:30:00,2025-04,CUST-01394,Identified,Online,Online Store,paid,fulfilled,CAD,100.0,,0.0,12.0,14.56,126.56,0.0,126.56,2,2
#NW11629,2025-04-28 18:21:00,2025-04,CUST-00027,Identified,Online,Online Store,paid,fulfilled,CAD,206.0,,0.0,0.0,26.78,232.78,0.0,232.78,2,2
#NW11630,2025-04-23 14:26:00,2025-04,CUST-02006,Identified,Online,Online Store,paid,fulfilled,CAD,88.0,,0.0,12.0,13.0,113.0,0.0,113.0,1,1
#NW11631,2025-04-02 16:51:00,2025-04,CUST-01825,Identified,Online,Online Store,paid,fulfilled,CAD,508.0,WELCOME10,50.8,0.0,59.44,516.64,0.0,516.64,3,2
#NW11632,2025-04-08 15:24:00,2025-04,CUST-01590,Identified,Online,Online Store,refunded,fulfilled,CAD,80.0,,0.0,12.0,11.96,103.96,103.96,0.0,2,2
#NW11633,2025-04-01 11:49:00,2025-04,CUST-01952,Identified,Online,Online Store,paid,fulfilled,CAD,156.0,,0.0,0.0,20.28,176.28,0.0,176.28,2,2
#NW11634,2025-04-01 13:20:00,2025-04,CUST-01100,Identified,POS,Northwood Toronto,paid,fulfilled,CAD,256.0,,0.0,0.0,33.28,289.28,0.0,289.28,2,1
#NW11635,2025-04-19 15:19:00,2025-04,CUST-01872,Identified,Online,Online Store,paid,fulfilled,CAD,58.0,,0.0,12.0,9.1,79.1,0.0,79.1,1,1
#NW11636,2025-04-04 19:21:00,2025-04,CUST-01733,Identified,Online,Online Store,paid,fulfilled,CAD,98.0,,0.0,12.0,14.3,124.3,0.0,124.3,1,1
#NW11637,2025-04-07 19:43:00,2025-04,CUST-02319,Identified,Online,Online Store,paid,fulfilled,CAD,172.0,WELCOME10,17.2,0.0,20.12,174.92,0.0,174.92,3,3
#NW11638,2025-04-20 17:26:00,2025-04,CUST-01731,Identified,Online,Online Store,paid,fulfilled,CAD,48.0,,0.0,12.0,7.8,67.8,0.0,67.8,1,1
#NW11639,2025-04-30 17:09:00,2025-04,CUST-01914,Identified,Online,Online Store,paid,fulfilled,CAD,230.0,,0.0,0.0,29.9,259.9,0.0,259.9,2,2
#NW11640,2025-04-04 21:22:00,2025-04,CUST-00607,Identified,Online,Online Store,paid,fulfilled,CAD,118.0,,0.0,12.0,16.9,146.9,0.0,146.9,1,1
#NW11641,2025-04-23 09:00:00,2025-04,CUST-01572,Identified,POS,Northwood Toronto,paid,fulfilled,CAD,38.0,HOLIDAY15,5.7,0.0,4.2,36.5,0.0,36.5,1,1
#NW11642,2025-04-30 18:55:00,2025-04,CUST-00764,Identified,Online,Online Store,paid,fulfilled,CAD,78.0,HOLIDAY15,11.7,12.0,10.18,88.48,0.0,88.48,1,1
#NW11643,2025-04-28 16:21:00,2025-04,CUST-01779,Identified,Online,Online Store,paid,fulfilled,CAD,108.0,,0.0,12.0,15.6,135.6,0.0,135.6,1,1
#NW11644,2025-04-30 20:28:00,2025-04,CUST-01745,Identified,Online,Online Store,paid,fulfilled,CAD,150.0,WELCOME10,15.0,0.0,17.55,152.55,0.0,152.55,2,2
#NW11645,2025-04-27 17:37:00,2025-04,CUST-00381,Identified,Online,Online Store,paid,fulfilled,CAD,98.0,,0.0,12.0,14.3,124.3,0.0,124.3,1,1
#NW11646,2025-04-02 21:16:00,2025-04,CUST-00166,Identified,POS,Northwood Toronto,partially_refunded,fulfilled,CAD,248.0,,0.0,0.0,32.24,280.24,146.21,134.03,1,1
#NW11647,2025-04-07 15:14:00,2025-04,CUST-02103,Identified,Online,Online Store,paid,fulfilled,CAD,694.0,,0.0,0.0,90.22,784.22,0.0,784.22,3,2
#NW11648,2025-04-10 14:03:00,2025-04,CUST-01400,Identified,Online,Online Store,paid,fulfilled,CAD,248.0,,0.0,0.0,32.24,280.24,0.0,280.24,1,1
#NW11649,2025-04-15 14:35:00,2025-04,CUST-01899,Identified,Online,Online Store,paid,fulfilled,CAD,156.0,,0.0,0.0,20.28,176.28,0.0,176.28,2,1
#NW11650,2025-04-28 12:18:00,2025-04,CUST-01098,Identified,Online,Online Store,paid,fulfilled,CAD,152.0,HOLIDAY15,22.8,0.0,16.8,146.0,0.0,146.0,4,2
#NW11651,2025-04-15 09:29:00,2025-04,CUST-00919,Identified,Online,Online Store,paid,fulfilled,CAD,346.0,SPRING10,34.6,0.0,40.48,351.88,0.0,351.88,2,2
#NW11652,2025-04-17 15:17:00,2025-04,CUST-00636,Identified,POS,Northwood Toronto,paid,fulfilled,CAD,474.0,,0.0,0.0,61.62,535.62,0.0,535.62,3,2
#NW11653,2025-04-12 17:49:00,2025-04,CUST-02029,Identified,Online,Online Store,paid,fulfilled,CAD,42.0,,0.0,12.0,7.02,61.02,0.0,61.02,1,1
#NW11654,2025-04-22 16:02:00,2025-04,CUST-02160,Identified,Online,Online Store,paid,fulfilled,CAD,648.0,FALL15,97.2,0.0,71.6,622.4,0.0,622.4,5,3
#NW11655,2025-04-25 10:36:00,2025-04,CUST-02150,Identified,Online,Online Store,paid,fulfilled,CAD,136.0,,0.0,0.0,17.68,153.68,0.0,153.68,2,1
#NW11656,2025-04-22 11:32:00,2025-04,CUST-00344,Identified,Online,Online Store,paid,fulfilled,CAD,38.0,FALL15,5.7,12.0,5.76,50.06,0.0,50.06,1,1
#NW11657,2025-04-26 15:40:00,2025-04,CUST-00911,Identified,Online,Online Store,paid,fulfilled,CAD,98.0,,0.0,12.0,14.3,124.3,0.0,124.3,1,1
#NW11658,2025-04-23 13:55:00,2025-04,CUST-00762,Identified,Online,Online Store,paid,fulfilled,CAD,28.0,,0.0,12.0,5.2,45.2,0.0,45.2,1,1
#NW11659,2025-04-12 19:05:00,2025-04,CUST-01792,Identified,Online,Online Store,paid,fulfilled,CAD,236.0,,0.0,0.0,30.68,266.68,0.0,266.68,2,2
#NW11660,2025-04-04 16:06:00,2025-04,CUST-02152,Identified,Online,Online Store,paid,fulfilled,CAD,218.0,,0.0,0.0,28.34,246.34,0.0,246.34,1,1
#NW11661,2025-04-26 19:45:00,2025-04,CUST-01957,Identified,Online,Online Store,paid,fulfilled,CAD,136.0,,0.0,0.0,17.68,153.68,0.0,153.68,2,2
#NW11662,2025-04-03 20:55:00,2025-04,CUST-01616,Identified,Online,Online Store,paid,fulfilled,CAD,388.0,,0.0,0.0,50.44,438.44,0.0,438.44,3,3
#NW11663,2025-04-19 11:51:00,2025-04,CUST-00609,Identified,Online,Online Store,paid,fulfilled,CAD,84.0,,0.0,12.0,12.48,108.48,0.0,108.48,2,1
#NW11664,2025-04-13 09:31:00,2025-04,CUST-02112,Identified,POS,Northwood Toronto,paid,fulfilled,CAD,454.0,,0.0,0.0,59.02,513.02,0.0,513.02,3,2
#NW11665,2025-04-12 19:54:00,2025-04,CUST-01231,Identified,Online,Online Store,paid,fulfilled,CAD,38.0,,0.0,12.0,6.5,56.5,0.0,56.5,1,1
#NW11666,2025-04-19 21:35:00,2025-04,CUST-01019,Identified,POS,Northwood Toronto,paid,fulfilled,CAD,162.0,SPRING10,16.2,0.0,18.95,164.75,0.0,164.75,4,3
#NW11667,2025-04-26 13:20:00,2025-04,,Guest / Unidentified,POS,Northwood Toronto,refunded,fulfilled,CAD,42.0,,0.0,0.0,5.46,47.46,47.46,0.0,1,1
#NW11668,2025-04-24 13:33:00,2025-04,CUST-00800,Identified,POS,Northwood Toronto,paid,fulfilled,CAD,98.0,,0.0,0.0,12.74,110.74,0.0,110.74,1,1
#NW11669,2025-04-29 12:07:00,2025-04,CUST-01211,Identified,Online,Online Store,paid,fulfilled,CAD,434.0,,0.0,0.0,56.42,490.42,0.0,490.42,3,2
#NW11670,2025-04-18 18:51:00,2025-04,CUST-02329,Identified,Online,Online Store,paid,fulfilled,CAD,208.0,HOLIDAY15,31.2,0.0,22.98,199.78,0.0,199.78,3,3
#NW11671,2025-04-04 21:36:00,2025-04,CUST-00196,Identified,POS,Northwood Toronto,paid,fulfilled,CAD,98.0,FALL15,14.7,0.0,10.83,94.13,0.0,94.13,1,1
#NW11672,2025-04-17 12:00:00,2025-04,CUST-02257,Identified,Online,Online Store,paid,fulfilled,CAD,294.0,,0.0,0.0,38.22,332.22,0.0,332.22,3,2
#NW11673,2025-04-14 21:41:00,2025-04,CUST-00314,Identified,Online,Online Store,paid,fulfilled,CAD,68.0,,0.0,12.0,10.4,90.4,0.0,90.4,1,1
#NW11674,2025-04-16 12:50:00,2025-04,CUST-00185,Identified,Online,Online Store,paid,fulfilled,CAD,264.0,,0.0,0.0,34.32,298.32,0.0,298.32,3,2
#NW11675,2025-04-27 17:23:00,2025-04,CUST-02103,Identified,Online,Online Store,paid,fulfilled,CAD,244.0,,0.0,0.0,31.72,275.72,0.0,275.72,3,2
#NW11676,2025-04-24 11:29:00,2025-04,CUST-00445,Identified,POS,Northwood Toronto,paid,fulfilled,CAD,248.0,SPRING10,24.8,0.0,29.02,252.22,0.0,252.22,1,1
#NW11677,2025-04-12 11:05:00,2025-04,CUST-02092,Identified,Online,Online Store,partially_refunded,fulfilled,CAD,120.0,,0.0,12.0,17.16,149.16,65.8,83.36,2,2
#NW11678,2025-04-22 16:43:00,2025-04,CUST-01741,Identified,Online,Online Store,paid,fulfilled,CAD,396.0,,0.0,0.0,51.48,447.48,0.0,447.48,2,1
#NW11679,2025-04-26 19:59:00,2025-04,CUST-01692,Identified,Online,Online Store,paid,fulfilled,CAD,156.0,,0.0,0.0,20.28,176.28,0.0,176.28,2,1
#NW11680,2025-04-13 20:22:00,2025-04,CUST-00388,Identified,Online,Online Store,paid,fulfilled,CAD,356.0,,0.0,0.0,46.28,402.28,0.0,402.28,4,4
#NW11681,2025-04-17 18:43:00,2025-04,CUST-01904,Identified,Online,Online Store,paid,fulfilled,CAD,38.0,,0.0,12.0,6.5,56.5,0.0,56.5,1,1
#NW11682,2025-04-30 17:09:00,2025-04,CUST-02329,Identified,Online,Online Store,paid,fulfilled,CAD,98.0,,0.0,12.0,14.3,124.3,0.0,124.3,1,1
#NW11683,2025-04-28 20:27:00,2025-04,CUST-01038,Identified,POS,Northwood Toronto,paid,fulfilled,CAD,300.0,,0.0,0.0,39.0,339.0,0.0,339.0,4,2
#NW11684,2025-04-07 13:50:00,2025-04,CUST-01456,Identified,POS,Northwood Toronto,paid,fulfilled,CAD,206.0,,0.0,0.0,26.78,232.78,0.0,232.78,2,2
#NW11685,2025-04-21 15:54:00,2025-04,CUST-00820,Identified,POS,Northwood Toronto,paid,fulfilled,CAD,408.0,,0.0,0.0,53.04,461.04,0.0,461.04,3,3
#NW11686,2025-04-21 10:30:00,2025-04,CUST-00335,Identified,Online,Online Store,paid,fulfilled,CAD,128.0,,0.0,0.0,16.64,144.64,0.0,144.64,1,1
#NW11687,2025-04-20 13:00:00,2025-04,CUST-02063,Identified,Online,Online Store,paid,fulfilled,CAD,422.0,,0.0,0.0,54.86,476.86,0.0,476.86,6,4
#NW11688,2025-04-03 19:21:00,2025-04,CUST-01986,Identified,POS,Northwood Toronto,paid,fulfilled,CAD,108.0,,0.0,0.0,14.04,122.04,0.0,122.04,1,1
#NW11689,2025-04-22 10:31:00,2025-04,CUST-00299,Identified,POS,Northwood Toronto,paid,fulfilled,CAD,72.0,,0.0,0.0,9.36,81.36,0.0,81.36,1,1
#NW11690,2025-04-13 13:59:00,2025-04,CUST-01896,Identified,Online,Online Store,paid,fulfilled,CAD,296.0,,0.0,0.0,38.48,334.48,0.0,334.48,4,3
#NW11691,2025-04-09 16:52:00,2025-04,CUST-00831,Identified,Online,Online Store,paid,fulfilled,CAD,364.0,,0.0,0.0,47.32,411.32,0.0,411.32,3,3
#NW11692,2025-04-07 20:52:00,2025-04,CUST-00747,Identified,Online,Online Store,paid,fulfilled,CAD,206.0,HOLIDAY15,30.9,0.0,22.76,197.86,0.0,197.86,2,2
#NW11693,2025-04-30 09:56:00,2025-04,CUST-01610,Identified,Online,Online Store,paid,fulfilled,CAD,32.0,,0.0,12.0,5.72,49.72,0.0,49.72,1,1
#NW11694,2025-04-07 10:49:00,2025-04,CUST-00186,Identified,Online,Online Store,paid,fulfilled,CAD,616.0,,0.0,0.0,80.08,696.08,0.0,696.08,4,4
#NW11695,2025-04-01 17:56:00,2025-04,CUST-00342,Identified,Online,Online Store,paid,fulfilled,CAD,248.0,HOLIDAY15,37.2,0.0,27.4,238.2,0.0,238.2,1,1
#NW11696,2025-04-21 17:19:00,2025-04,CUST-02316,Identified,Online,Online Store,voided,unfulfilled,CAD,206.0,FALL15,30.9,0.0,22.76,197.86,0.0,0.0,4,3
#NW11697,2025-04-30 16:31:00,2025-04,CUST-01220,Identified,Online,Online Store,paid,fulfilled,CAD,200.0,,0.0,0.0,26.0,226.0,0.0,226.0,2,2
#NW11698,2025-04-21 09:51:00,2025-04,CUST-01882,Identified,Online,Online Store,paid,fulfilled,CAD,354.0,,0.0,0.0,46.02,400.02,0.0,400.02,3,2
#NW11699,2025-04-09 11:32:00,2025-04,CUST-01864,Identified,Online,Online Store,paid,fulfilled,CAD,362.0,,0.0,0.0,47.06,409.06,0.0,409.06,4,3
#NW11700,2025-04-26 10:18:00,2025-04,CUST-01843,Identified,Online,Online Store,paid,fulfilled,CAD,88.0,,0.0,12.0,13.0,113.0,0.0,113.0,1,1
#NW11701,2025-04-21 12:24:00,2025-04,CUST-01086,Identified,Online,Online Store,refunded,fulfilled,CAD,98.0,,0.0,12.0,14.3,124.3,124.3,0.0,1,1
#NW11702,2025-04-10 16:53:00,2025-04,CUST-01399,Identified,Online,Online Store,paid,fulfilled,CAD,492.0,,0.0,0.0,63.96,555.96,0.0,555.96,4,4
#NW11703,2025-04-21 15:18:00,2025-04,CUST-00767,Identified,Online,Online Store,paid,fulfilled,CAD,98.0,,0.0,12.0,14.3,124.3,0.0,124.3,1,1
#NW11704,2025-04-19 11:01:00,2025-04,CUST-00865,Identified,Online,Online Store,paid,fulfilled,CAD,260.0,WELCOME10,26.0,0.0,30.42,264.42,0.0,264.42,4,4
#NW11705,2025-04-05 12:43:00,2025-04,CUST-00759,Identified,POS,Northwood Toronto,paid,fulfilled,CAD,196.0,HOLIDAY15,29.4,0.0,21.66,188.26,0.0,188.26,2,1
#NW11706,2025-04-22 19:32:00,2025-04,CUST-00321,Identified,Online,Online Store,paid,fulfilled,CAD,158.0,,0.0,0.0,20.54,178.54,0.0,178.54,1,1
#NW11707,2025-04-11 11:34:00,2025-04,CUST-01063,Identified,Online,Online Store,paid,fulfilled,CAD,254.0,,0.0,0.0,33.02,287.02,0.0,287.02,3,2
#NW11708,2025-04-04 16:13:00,2025-04,CUST-02329,Identified,Online,Online Store,paid,fulfilled,CAD,158.0,,0.0,0.0,20.54,178.54,0.0,178.54,1,1
#NW11709,2025-04-05 12:03:00,2025-04,CUST-00436,Identified,Online,Online Store,paid,fulfilled,CAD,368.0,HOLIDAY15,55.2,0.0,40.66,353.46,0.0,353.46,4,2
#NW11710,2025-04-06 21:54:00,2025-04,CUST-02096,Identified,POS,Northwood Toronto,paid,fulfilled,CAD,888.0,,0.0,0.0,115.44,1003.44,0.0,1003.44,6,4
#NW11711,2025-04-24 19:59:00,2025-04,CUST-02189,Identified,Online,Online Store,paid,fulfilled,CAD,98.0,,0.0,12.0,14.3,124.3,0.0,124.3,1,1
#NW11712,2025-04-05 16:43:00,2025-04,CUST-00074,Identified,Online,Online Store,paid,fulfilled,CAD,242.0,,0.0,0.0,31.46,273.46,0.0,273.46,3,3
#NW11713,2025-04-24 16:04:00,2025-04,CUST-00024,Identified,Online,Online Store,paid,fulfilled,CAD,190.0,FALL15,28.5,0.0,21.0,182.5,0.0,182.5,2,2
#NW11714,2025-04-22 10:37:00,2025-04,CUST-01618,Identified,Online,Online Store,paid,fulfilled,CAD,38.0,,0.0,12.0,6.5,56.5,0.0,56.5,1,1
#NW11715,2025-04-04 17:00:00,2025-04,CUST-00478,Identified,Online,Online Store,paid,fulfilled,CAD,48.0,,0.0,12.0,7.8,67.8,0.0,67.8,1,1
#NW11716,2025-04-08 14:42:00,2025-04,CUST-00055,Identified,Online,Online Store,refunded,fulfilled,CAD,176.0,,0.0,0.0,22.88,198.88,198.88,0.0,2,1
#NW11717,2025-04-10 10:39:00,2025-04,CUST-00704,Identified,Online,Online Store,paid,fulfilled,CAD,108.0,,0.0,12.0,15.6,135.6,0.0,135.6,1,1
#NW11718,2025-04-24 09:58:00,2025-04,CUST-01955,Identified,Online,Online Store,paid,fulfilled,CAD,176.0,FALL15,26.4,0.0,19.45,169.05,0.0,169.05,2,1
#NW11719,2025-04-16 15:50:00,2025-04,CUST-01678,Identified,Online,Online Store,paid,fulfilled,CAD,198.0,,0.0,0.0,25.74,223.74,0.0,223.74,1,1
#NW11720,2025-04-26 11:00:00,2025-04,CUST-01660,Identified,Online,Online Store,paid,fulfilled,CAD,156.0,,0.0,0.0,20.28,176.28,0.0,176.28,2,2
#NW11721,2025-04-16 16:38:00,2025-04,CUST-01994,Identified,Online,Online Store,paid,fulfilled,CAD,298.0,SPRING10,29.8,0.0,34.87,303.07,0.0,303.07,3,2
#NW11722,2025-04-13 20:24:00,2025-04,CUST-01241,Identified,Online,Online Store,paid,fulfilled,CAD,372.0,,0.0,0.0,48.36,420.36,0.0,420.36,4,2
#NW11723,2025-04-08 14:56:00,2025-04,CUST-01478,Identified,Online,Online Store,paid,fulfilled,CAD,224.0,SPRING10,22.4,0.0,26.21,227.81,0.0,227.81,2,1
#NW11724,2025-04-02 12:54:00,2025-04,CUST-00653,Identified,Online,Online Store,paid,fulfilled,CAD,38.0,,0.0,12.0,6.5,56.5,0.0,56.5,1,1
#NW11725,2025-04-16 20:13:00,2025-04,CUST-01618,Identified,Online,Online Store,paid,fulfilled,CAD,218.0,,0.0,0.0,28.34,246.34,0.0,246.34,1,1
#NW11726,2025-04-19 16:17:00,2025-04,CUST-01240,Identified,POS,Northwood Toronto,paid,fulfilled,CAD,236.0,,0.0,0.0,30.68,266.68,0.0,266.68,2,1
#NW11727,2025-04-05 16:20:00,2025-04,CUST-00359,Identified,Online,Online Store,paid,fulfilled,CAD,186.0,,0.0,0.0,24.18,210.18,0.0,210.18,2,2
#NW11728,2025-04-20 11:30:00,2025-04,CUST-01603,Identified,POS,Northwood Toronto,paid,fulfilled,CAD,158.0,,0.0,0.0,20.54,178.54,0.0,178.54,1,1
#NW11729,2025-04-14 19:57:00,2025-04,CUST-00554,Identified,Online,Online Store,paid,fulfilled,CAD,316.0,,0.0,0.0,41.08,357.08,0.0,357.08,2,2
#NW11730,2025-04-07 10:33:00,2025-04,CUST-00057,Identified,Online,Online Store,paid,fulfilled,CAD,312.0,,0.0,0.0,40.56,352.56,0.0,352.56,4,3
#NW11731,2025-04-13 17:09:00,2025-04,CUST-00782,Identified,POS,Northwood Toronto,paid,fulfilled,CAD,158.0,,0.0,0.0,20.54,178.54,0.0,178.54,1,1
#NW11732,2025-04-17 17:59:00,2025-04,CUST-00424,Identified,Online,Online Store,paid,fulfilled,CAD,302.0,,0.0,0.0,39.26,341.26,0.0,341.26,3,2
#NW11733,2025-04-17 16:37:00,2025-04,CUST-00384,Identified,Online,Online Store,paid,fulfilled,CAD,376.0,,0.0,0.0,48.88,424.88,0.0,424.88,2,2
#NW11734,2025-04-05 18:13:00,2025-04,CUST-00066,Identified,Online,Online Store,paid,fulfilled,CAD,216.0,,0.0,0.0,28.08,244.08,0.0,244.08,2,1
#NW11735,2025-04-02 10:32:00,2025-04,CUST-00771,Identified,Online,Online Store,paid,fulfilled,CAD,400.0,,0.0,0.0,52.0,452.0,0.0,452.0,4,2
#NW11736,2025-04-05 14:53:00,2025-04,CUST-00110,Identified,POS,Northwood Toronto,paid,fulfilled,CAD,72.0,SPRING10,7.2,0.0,8.42,73.22,0.0,73.22,1,1
#NW11737,2025-04-23 21:24:00,2025-04,CUST-00980,Identified,Online,Online Store,paid,fulfilled,CAD,228.0,,0.0,0.0,29.64,257.64,0.0,257.64,3,3
#NW11738,2025-04-01 15:47:00,2025-04,CUST-01936,Identified,Online,Online Store,paid,fulfilled,CAD,342.0,,0.0,0.0,44.46,386.46,0.0,386.46,4,3
#NW11739,2025-04-06 19:01:00,2025-04,CUST-00595,Identified,Online,Online Store,paid,fulfilled,CAD,118.0,,0.0,12.0,16.9,146.9,0.0,146.9,1,1
#NW11740,2025-04-08 17:38:00,2025-04,CUST-00991,Identified,Online,Online Store,paid,fulfilled,CAD,144.0,HOLIDAY15,21.6,0.0,15.91,138.31,0.0,138.31,2,1
#NW11741,2025-04-23 15:25:00,2025-04,CUST-01785,Identified,Online,Online Store,paid,fulfilled,CAD,176.0,,0.0,0.0,22.88,198.88,0.0,198.88,2,2
#NW11742,2025-04-25 15:36:00,2025-04,CUST-02207,Identified,Online,Online Store,paid,fulfilled,CAD,68.0,,0.0,12.0,10.4,90.4,0.0,90.4,1,1
#NW11743,2025-04-26 21:22:00,2025-04,CUST-00782,Identified,Online,Online Store,voided,unfulfilled,CAD,196.0,,0.0,0.0,25.48,221.48,0.0,0.0,2,1
#NW11744,2025-04-11 17:30:00,2025-04,CUST-00353,Identified,Online,Online Store,paid,fulfilled,CAD,78.0,,0.0,12.0,11.7,101.7,0.0,101.7,1,1
#NW11745,2025-04-14 21:15:00,2025-04,CUST-01233,Identified,Online,Online Store,paid,fulfilled,CAD,76.0,,0.0,12.0,11.44,99.44,0.0,99.44,2,1
#NW11746,2025-04-05 11:50:00,2025-04,CUST-01899,Identified,Online,Online Store,partially_refunded,fulfilled,CAD,28.0,,0.0,12.0,5.2,45.2,23.58,21.620000000000005,1,1
#NW11747,2025-04-08 10:15:00,2025-04,CUST-00607,Identified,POS,Northwood Toronto,paid,fulfilled,CAD,158.0,,0.0,0.0,20.54,178.54,0.0,178.54,1,1
#NW11748,2025-04-04 14:45:00,2025-04,CUST-01942,Identified,Online,Online Store,paid,fulfilled,CAD,146.0,,0.0,0.0,18.98,164.98,0.0,164.98,2,2
#NW11749,2025-04-29 12:58:00,2025-04,CUST-01729,Identified,Online,Online Store,paid,fulfilled,CAD,98.0,,0.0,12.0,14.3,124.3,0.0,124.3,1,1
#NW11750,2025-04-24 16:32:00,2025-04,CUST-00090,Identified,Online,Online Store,paid,fulfilled,CAD,196.0,WELCOME10,19.6,0.0,22.93,199.33,0.0,199.33,2,2
#NW11751,2025-04-19 12:13:00,2025-04,CUST-00478,Identified,Online,Online Store,paid,fulfilled,CAD,48.0,,0.0,12.0,7.8,67.8,0.0,67.8,1,1
#NW11752,2025-04-05 19:32:00,2025-04,CUST-00580,Identified,Online,Online Store,paid,fulfilled,CAD,88.0,,0.0,12.0,13.0,113.0,0.0,113.0,1,1
#NW11753,2025-04-04 09:24:00,2025-04,CUST-00625,Identified,Online,Online Store,partially_refunded,fulfilled,CAD,78.0,,0.0,12.0,11.7,101.7,40.35,61.35,1,1
#NW11754,2025-04-02 11:24:00,2025-04,CUST-01824,Identified,Online,Online Store,partially_refunded,fulfilled,CAD,992.0,FALL15,148.8,0.0,109.62,952.82,519.2,433.62,6,4
#NW11755,2025-04-30 11:55:00,2025-04,CUST-01987,Identified,Online,Online Store,paid,fulfilled,CAD,96.0,,0.0,12.0,14.04,122.04,0.0,122.04,2,1
#NW11756,2025-04-15 17:18:00,2025-04,CUST-02269,Identified,Online,Online Store,paid,fulfilled,CAD,56.0,,0.0,12.0,8.84,76.84,0.0,76.84,2,1
#NW11757,2025-04-07 19:28:00,2025-04,CUST-00081,Identified,Online,Online Store,paid,fulfilled,CAD,248.0,,0.0,0.0,32.24,280.24,0.0,280.24,3,2
#NW11758,2025-04-04 10:43:00,2025-04,CUST-00166,Identified,Online,Online Store,paid,fulfilled,CAD,38.0,SPRING10,3.8,12.0,6.01,52.21,0.0,52.21,1,1
#NW11759,2025-04-02 13:40:00,2025-04,CUST-01813,Identified,Online,Online Store,paid,fulfilled,CAD,206.0,,0.0,0.0,26.78,232.78,0.0,232.78,2,2
#NW11760,2025-04-22 11:28:00,2025-04,CUST-00994,Identified,Online,Online Store,refunded,fulfilled,CAD,28.0,,0.0,12.0,5.2,45.2,45.2,0.0,1,1
#NW11761,2025-04-27 13:50:00,2025-04,CUST-00735,Identified,Online,Online Store,paid,fulfilled,CAD,224.0,,0.0,0.0,29.12,253.12,0.0,253.12,2,1
#NW11762,2025-04-09 17:18:00,2025-04,CUST-01208,Identified,Online,Online Store,paid,fulfilled,CAD,632.0,FALL15,94.8,0.0,69.84,607.04,0.0,607.04,4,2
#NW11763,2025-04-22 21:03:00,2025-04,CUST-02333,Identified,Online,Online Store,paid,fulfilled,CAD,158.0,,0.0,0.0,20.54,178.54,0.0,178.54,1,1
#NW11764,2025-04-09 21:52:00,2025-04,CUST-01605,Identified,Online,Online Store,paid,fulfilled,CAD,256.0,,0.0,0.0,33.28,289.28,0.0,289.28,2,1
#NW11765,2025-04-09 10:43:00,2025-04,CUST-00209,Identified,Online,Online Store,paid,fulfilled,CAD,72.0,,0.0,12.0,10.92,94.92,0.0,94.92,1,1
#NW11766,2025-04-27 11:04:00,2025-04,CUST-01368,Identified,POS,Northwood Toronto,paid,fulfilled,CAD,344.0,,0.0,0.0,44.72,388.72,0.0,388.72,3,2
#NW11767,2025-04-02 16:10:00,2025-04,CUST-02309,Identified,Online,Online Store,paid,fulfilled,CAD,78.0,HOLIDAY15,11.7,12.0,10.18,88.48,0.0,88.48,1,1
#NW11768,2025-04-27 20:59:00,2025-04,CUST-02015,Identified,Online,Online Store,paid,fulfilled,CAD,236.0,,0.0,0.0,30.68,266.68,0.0,266.68,2,1
#NW11769,2025-04-08 20:50:00,2025-04,CUST-01548,Identified,POS,Northwood Toronto,paid,fulfilled,CAD,48.0,,0.0,0.0,6.24,54.24,0.0,54.24,1,1
#NW11770,2025-04-30 13:29:00,2025-04,CUST-01769,Identified,POS,Northwood Toronto,paid,fulfilled,CAD,176.0,WELCOME10,17.6,0.0,20.59,178.99,0.0,178.99,2,1
#NW11771,2025-04-22 21:49:00,2025-04,CUST-01703,Identified,Online,Online Store,paid,fulfilled,CAD,384.0,,0.0,0.0,49.92,433.92,0.0,433.92,3,2
#NW11772,2025-04-18 10:24:00,2025-04,CUST-02031,Identified,Online,Online Store,paid,fulfilled,CAD,194.0,WELCOME10,19.4,0.0,22.7,197.3,0.0,197.3,3,2
#NW11773,2025-04-25 20:05:00,2025-04,CUST-02271,Identified,Online,Online Store,paid,fulfilled,CAD,72.0,,0.0,12.0,10.92,94.92,0.0,94.92,1,1
#NW11774,2025-04-06 10:12:00,2025-04,CUST-00911,Identified,Online,Online Store,paid,fulfilled,CAD,206.0,HOLIDAY15,30.9,0.0,22.76,197.86,0.0,197.86,2,2
#NW11775,2025-04-24 19:35:00,2025-04,CUST-00595,Identified,POS,Northwood Toronto,paid,fulfilled,CAD,68.0,,0.0,0.0,8.84,76.84,0.0,76.84,1,1
#NW11776,2025-04-26 11:41:00,2025-04,CUST-00274,Identified,POS,Northwood Toronto,paid,fulfilled,CAD,58.0,,0.0,0.0,7.54,65.54,0.0,65.54,1,1
#NW11777,2025-04-13 20:55:00,2025-04,CUST-01638,Identified,POS,Northwood Toronto,paid,fulfilled,CAD,340.0,HOLIDAY15,51.0,0.0,37.57,326.57,0.0,326.57,4,3
#NW11778,2025-04-14 19:38:00,2025-04,CUST-01992,Identified,Online,Online Store,paid,fulfilled,CAD,320.0,,0.0,0.0,41.6,361.6,0.0,361.6,2,2
#NW11779,2025-04-28 09:55:00,2025-04,CUST-00420,Identified,Online,Online Store,paid,fulfilled,CAD,88.0,,0.0,12.0,13.0,113.0,0.0,113.0,1,1
#NW11780,2025-04-03 12:33:00,2025-04,CUST-01999,Identified,Online,Online Store,paid,fulfilled,CAD,48.0,,0.0,12.0,7.8,67.8,0.0,67.8,1,1
#NW11781,2025-05-11 16:52:00,2025-05,CUST-00950,Identified,Online,Online Store,paid,fulfilled,CAD,446.0,,0.0,0.0,57.98,503.98,0.0,503.98,4,3
#NW11782,2025-05-26 21:45:00,2025-05,CUST-00249,Identified,Online,Online Store,paid,fulfilled,CAD,266.0,,0.0,0.0,34.58,300.58,0.0,300.58,2,2
#NW11783,2025-05-19 10:38:00,2025-05,CUST-02164,Identified,Online,Online Store,paid,fulfilled,CAD,88.0,SPRING10,8.8,12.0,11.86,103.06,0.0,103.06,1,1
#NW11784,2025-05-02 09:18:00,2025-05,CUST-01139,Identified,POS,Northwood Toronto,paid,fulfilled,CAD,68.0,,0.0,0.0,8.84,76.84,0.0,76.84,1,1
#NW11785,2025-05-17 10:59:00,2025-05,CUST-02257,Identified,Online,Online Store,paid,fulfilled,CAD,78.0,WELCOME10,7.8,12.0,10.69,92.89,0.0,92.89,1,1
#NW11786,2025-05-27 17:32:00,2025-05,CUST-00821,Identified,Online,Online Store,paid,fulfilled,CAD,396.0,,0.0,0.0,51.48,447.48,0.0,447.48,2,1
#NW11787,2025-05-20 12:38:00,2025-05,CUST-01294,Identified,Online,Online Store,paid,fulfilled,CAD,218.0,,0.0,0.0,28.34,246.34,0.0,246.34,1,1
#NW11788,2025-05-06 15:15:00,2025-05,CUST-00440,Identified,Online,Online Store,paid,fulfilled,CAD,218.0,,0.0,0.0,28.34,246.34,0.0,246.34,1,1
#NW11789,2025-05-31 14:21:00,2025-05,CUST-02172,Identified,Online,Online Store,paid,fulfilled,CAD,384.0,,0.0,0.0,49.92,433.92,0.0,433.92,3,3
#NW11790,2025-05-19 14:31:00,2025-05,CUST-01098,Identified,Online,Online Store,paid,fulfilled,CAD,68.0,,0.0,12.0,10.4,90.4,0.0,90.4,1,1
#NW11791,2025-05-12 13:35:00,2025-05,CUST-01709,Identified,Online,Online Store,paid,fulfilled,CAD,48.0,,0.0,12.0,7.8,67.8,0.0,67.8,1,1
#NW11792,2025-05-15 14:02:00,2025-05,CUST-01939,Identified,POS,Northwood Toronto,paid,fulfilled,CAD,248.0,WELCOME10,24.8,0.0,29.02,252.22,0.0,252.22,1,1
#NW11793,2025-05-17 20:42:00,2025-05,CUST-00479,Identified,Online,Online Store,paid,fulfilled,CAD,48.0,WELCOME10,4.8,12.0,7.18,62.38,0.0,62.38,1,1
#NW11794,2025-05-10 16:15:00,2025-05,CUST-00668,Identified,POS,Northwood Toronto,paid,fulfilled,CAD,344.0,,0.0,0.0,44.72,388.72,0.0,388.72,3,3
#NW11795,2025-05-03 16:03:00,2025-05,CUST-01421,Identified,Online,Online Store,paid,fulfilled,CAD,130.0,,0.0,0.0,16.9,146.9,0.0,146.9,2,2
#NW11796,2025-05-02 14:21:00,2025-05,CUST-01837,Identified,Online,Online Store,paid,fulfilled,CAD,412.0,,0.0,0.0,53.56,465.56,0.0,465.56,5,4
#NW11797,2025-05-16 11:13:00,2025-05,CUST-00344,Identified,POS,Northwood Toronto,paid,fulfilled,CAD,150.0,,0.0,0.0,19.5,169.5,0.0,169.5,2,2
#NW11798,2025-05-09 20:32:00,2025-05,CUST-01787,Identified,Online,Online Store,paid,fulfilled,CAD,90.0,,0.0,12.0,13.26,115.26,0.0,115.26,2,2
#NW11799,2025-05-16 12:29:00,2025-05,CUST-00543,Identified,Online,Online Store,paid,fulfilled,CAD,88.0,,0.0,12.0,13.0,113.0,0.0,113.0,1,1
#NW11800,2025-05-20 15:26:00,2025-05,CUST-00868,Identified,POS,Northwood Toronto,paid,fulfilled,CAD,388.0,,0.0,0.0,50.44,438.44,0.0,438.44,3,2
#NW11801,2025-05-26 20:46:00,2025-05,CUST-00060,Identified,Online,Online Store,paid,fulfilled,CAD,128.0,,0.0,0.0,16.64,144.64,0.0,144.64,1,1
#NW11802,2025-05-23 12:39:00,2025-05,CUST-00969,Identified,Online,Online Store,paid,fulfilled,CAD,292.0,,0.0,0.0,37.96,329.96,0.0,329.96,4,2
#NW11803,2025-05-17 14:06:00,2025-05,CUST-00788,Identified,Online,Online Store,paid,fulfilled,CAD,72.0,,0.0,12.0,10.92,94.92,0.0,94.92,1,1
#NW11804,2025-05-02 18:55:00,2025-05,CUST-01923,Identified,Online,Online Store,refunded,fulfilled,CAD,448.0,,0.0,0.0,58.24,506.24,506.25,-0.009999999999990905,5,3
#NW11805,2025-05-16 10:39:00,2025-05,CUST-01409,Identified,Online,Online Store,paid,fulfilled,CAD,156.0,,0.0,0.0,20.28,176.28,0.0,176.28,2,1
#NW11806,2025-05-13 12:12:00,2025-05,CUST-01795,Identified,Online,Online Store,paid,fulfilled,CAD,88.0,,0.0,12.0,13.0,113.0,0.0,113.0,1,1
#NW11807,2025-05-31 15:20:00,2025-05,CUST-00222,Identified,Online,Online Store,paid,fulfilled,CAD,98.0,,0.0,12.0,14.3,124.3,0.0,124.3,1,1
#NW11808,2025-05-06 14:33:00,2025-05,CUST-02080,Identified,Online,Online Store,paid,fulfilled,CAD,534.0,,0.0,0.0,69.42,603.42,0.0,603.42,3,2
#NW11809,2025-05-15 18:32:00,2025-05,CUST-00900,Identified,Online,Online Store,paid,fulfilled,CAD,286.0,,0.0,0.0,37.18,323.18,0.0,323.18,4,4
#NW11810,2025-05-15 11:40:00,2025-05,CUST-01390,Identified,POS,Northwood Toronto,paid,fulfilled,CAD,436.0,,0.0,0.0,56.68,492.68,0.0,492.68,2,1
#NW11811,2025-05-02 15:30:00,2025-05,CUST-01421,Identified,Online,Online Store,paid,fulfilled,CAD,124.0,,0.0,12.0,17.68,153.68,0.0,153.68,3,2
#NW11812,2025-05-30 10:34:00,2025-05,CUST-00314,Identified,POS,Northwood Toronto,paid,fulfilled,CAD,38.0,,0.0,0.0,4.94,42.94,0.0,42.94,1,1
#NW11813,2025-05-30 19:26:00,2025-05,CUST-01919,Identified,Online,Online Store,paid,fulfilled,CAD,400.0,,0.0,0.0,52.0,452.0,0.0,452.0,4,2
#NW11814,2025-05-25 18:13:00,2025-05,CUST-01575,Identified,POS,Northwood Toronto,paid,fulfilled,CAD,64.0,FALL15,9.6,0.0,7.07,61.47,0.0,61.47,2,1
#NW11815,2025-05-09 12:09:00,2025-05,CUST-01086,Identified,Online,Online Store,paid,fulfilled,CAD,56.0,,0.0,12.0,8.84,76.84,0.0,76.84,2,1
#NW11816,2025-05-21 20:12:00,2025-05,CUST-00182,Identified,Online,Online Store,paid,fulfilled,CAD,382.0,,0.0,0.0,49.66,431.66,0.0,431.66,3,2
#NW11817,2025-05-03 19:26:00,2025-05,CUST-01599,Identified,Online,Online Store,paid,fulfilled,CAD,198.0,,0.0,0.0,25.74,223.74,0.0,223.74,1,1
#NW11818,2025-05-23 09:44:00,2025-05,CUST-01708,Identified,Online,Online Store,paid,fulfilled,CAD,28.0,,0.0,12.0,5.2,45.2,0.0,45.2,1,1
#NW11819,2025-05-08 10:48:00,2025-05,CUST-00333,Identified,Online,Online Store,paid,fulfilled,CAD,430.0,,0.0,0.0,55.9,485.9,0.0,485.9,5,4
#NW11820,2025-05-24 13:27:00,2025-05,CUST-01476,Identified,POS,Northwood Toronto,paid,fulfilled,CAD,112.0,,0.0,0.0,14.56,126.56,0.0,126.56,1,1
#NW11821,2025-05-04 10:41:00,2025-05,CUST-01935,Identified,Online,Online Store,paid,fulfilled,CAD,84.0,,0.0,12.0,12.48,108.48,0.0,108.48,2,1
#NW11822,2025-05-08 17:55:00,2025-05,CUST-00368,Identified,Online,Online Store,paid,fulfilled,CAD,98.0,,0.0,12.0,14.3,124.3,0.0,124.3,1,1
#NW11823,2025-05-13 15:55:00,2025-05,CUST-01563,Identified,Online,Online Store,paid,fulfilled,CAD,234.0,,0.0,0.0,30.42,264.42,0.0,264.42,3,2
#NW11824,2025-05-18 17:24:00,2025-05,CUST-00868,Identified,Online,Online Store,paid,fulfilled,CAD,234.0,,0.0,0.0,30.42,264.42,0.0,264.42,3,2
#NW11825,2025-05-23 21:49:00,2025-05,CUST-00849,Identified,POS,Northwood Toronto,voided,unfulfilled,CAD,110.0,,0.0,0.0,14.3,124.3,0.0,0.0,2,2
#NW11826,2025-05-30 15:34:00,2025-05,CUST-01157,Identified,Online,Online Store,paid,fulfilled,CAD,118.0,,0.0,12.0,16.9,146.9,0.0,146.9,1,1
#NW11827,2025-05-27 13:22:00,2025-05,CUST-00354,Identified,Online,Online Store,paid,fulfilled,CAD,76.0,,0.0,12.0,11.44,99.44,0.0,99.44,2,1
#NW11828,2025-05-01 18:23:00,2025-05,CUST-01978,Identified,Online,Online Store,paid,fulfilled,CAD,98.0,WELCOME10,9.8,12.0,13.03,113.23,0.0,113.23,1,1
#NW11829,2025-05-17 19:03:00,2025-05,,Guest / Unidentified,POS,Northwood Toronto,paid,fulfilled,CAD,314.0,,0.0,0.0,40.82,354.82,0.0,354.82,3,3
#NW11830,2025-05-11 09:17:00,2025-05,CUST-00710,Identified,Online,Online Store,paid,fulfilled,CAD,412.0,,0.0,0.0,53.56,465.56,0.0,465.56,4,3
#NW11831,2025-05-07 12:04:00,2025-05,CUST-00818,Identified,Online,Online Store,paid,fulfilled,CAD,48.0,,0.0,12.0,7.8,67.8,0.0,67.8,1,1
#NW11832,2025-05-25 17:44:00,2025-05,CUST-00068,Identified,Online,Online Store,paid,fulfilled,CAD,240.0,,0.0,0.0,31.2,271.2,0.0,271.2,2,2
#NW11833,2025-05-27 19:29:00,2025-05,CUST-02016,Identified,Online,Online Store,paid,fulfilled,CAD,28.0,,0.0,12.0,5.2,45.2,0.0,45.2,1,1
#NW11834,2025-05-14 09:31:00,2025-05,CUST-01363,Identified,POS,Northwood Toronto,paid,fulfilled,CAD,156.0,,0.0,0.0,20.28,176.28,0.0,176.28,2,2
#NW11835,2025-05-15 14:07:00,2025-05,CUST-01704,Identified,Online,Online Store,paid,fulfilled,CAD,290.0,,0.0,0.0,37.7,327.7,0.0,327.7,2,2
#NW11836,2025-05-04 15:27:00,2025-05,CUST-01064,Identified,Online,Online Store,paid,fulfilled,CAD,128.0,,0.0,0.0,16.64,144.64,0.0,144.64,1,1
#NW11837,2025-05-04 21:43:00,2025-05,CUST-01244,Identified,Online,Online Store,paid,fulfilled,CAD,192.0,,0.0,0.0,24.96,216.96,0.0,216.96,3,2
#NW11838,2025-05-06 14:19:00,2025-05,CUST-00859,Identified,Online,Online Store,paid,fulfilled,CAD,248.0,,0.0,0.0,32.24,280.24,0.0,280.24,1,1
#NW11839,2025-05-21 17:24:00,2025-05,CUST-00858,Identified,Online,Online Store,paid,fulfilled,CAD,84.0,SPRING10,8.4,12.0,11.39,98.99,0.0,98.99,2,1
#NW11840,2025-05-27 10:55:00,2025-05,CUST-01670,Identified,Online,Online Store,paid,fulfilled,CAD,428.0,,0.0,0.0,55.64,483.64,0.0,483.64,3,2
#NW11841,2025-05-04 09:57:00,2025-05,CUST-00216,Identified,Online,Online Store,paid,fulfilled,CAD,76.0,,0.0,12.0,11.44,99.44,0.0,99.44,2,1
#NW11842,2025-05-26 17:53:00,2025-05,CUST-00315,Identified,Online,Online Store,paid,fulfilled,CAD,38.0,,0.0,12.0,6.5,56.5,0.0,56.5,1,1
#NW11843,2025-05-31 19:29:00,2025-05,CUST-01470,Identified,Online,Online Store,paid,fulfilled,CAD,98.0,,0.0,12.0,14.3,124.3,0.0,124.3,1,1
#NW11844,2025-05-04 09:45:00,2025-05,CUST-01069,Identified,Online,Online Store,paid,fulfilled,CAD,268.0,,0.0,0.0,34.84,302.84,0.0,302.84,3,3
#NW11845,2025-05-24 19:47:00,2025-05,CUST-01463,Identified,Online,Online Store,paid,fulfilled,CAD,98.0,,0.0,12.0,14.3,124.3,0.0,124.3,1,1
#NW11846,2025-05-01 09:40:00,2025-05,CUST-00650,Identified,POS,Northwood Toronto,paid,fulfilled,CAD,262.0,,0.0,0.0,34.06,296.06,0.0,296.06,3,2
#NW11847,2025-05-10 21:59:00,2025-05,CUST-01259,Identified,Online,Online Store,paid,fulfilled,CAD,72.0,HOLIDAY15,10.8,12.0,9.52,82.72,0.0,82.72,1,1
#NW11848,2025-05-04 16:16:00,2025-05,CUST-02063,Identified,Online,Online Store,paid,fulfilled,CAD,28.0,,0.0,12.0,5.2,45.2,0.0,45.2,1,1
#NW11849,2025-05-02 20:13:00,2025-05,CUST-00131,Identified,Online,Online Store,paid,fulfilled,CAD,72.0,WELCOME10,7.2,12.0,9.98,86.78,0.0,86.78,1,1
#NW11850,2025-05-29 13:08:00,2025-05,CUST-00261,Identified,POS,Northwood Toronto,paid,fulfilled,CAD,212.0,WELCOME10,21.2,0.0,24.8,215.6,0.0,215.6,4,3
#NW11851,2025-05-25 18:50:00,2025-05,CUST-01384,Identified,POS,Northwood Toronto,paid,fulfilled,CAD,270.0,,0.0,0.0,35.1,305.1,0.0,305.1,2,2
#NW11852,2025-05-07 09:20:00,2025-05,CUST-02206,Identified,Online,Online Store,paid,fulfilled,CAD,112.0,,0.0,12.0,16.12,140.12,0.0,140.12,1,1
#NW11853,2025-05-01 12:24:00,2025-05,CUST-00467,Identified,Online,Online Store,paid,fulfilled,CAD,126.0,FALL15,18.9,0.0,13.92,121.02,0.0,121.02,2,2
#NW11854,2025-05-14 17:09:00,2025-05,CUST-00929,Identified,Online,Online Store,paid,fulfilled,CAD,98.0,,0.0,12.0,14.3,124.3,0.0,124.3,1,1
#NW11855,2025-05-15 16:14:00,2025-05,CUST-00495,Identified,Online,Online Store,paid,fulfilled,CAD,172.0,WELCOME10,17.2,0.0,20.12,174.92,0.0,174.92,3,2
#NW11856,2025-05-30 21:54:00,2025-05,CUST-02302,Identified,Online,Online Store,paid,fulfilled,CAD,334.0,,0.0,0.0,43.42,377.42,0.0,377.42,3,3
#NW11857,2025-05-07 20:13:00,2025-05,CUST-00918,Identified,Online,Online Store,paid,fulfilled,CAD,392.0,,0.0,0.0,50.96,442.96,0.0,442.96,4,2
#NW11858,2025-05-25 13:56:00,2025-05,CUST-02020,Identified,Online,Online Store,paid,fulfilled,CAD,58.0,,0.0,12.0,9.1,79.1,0.0,79.1,1,1
#NW11859,2025-05-04 17:21:00,2025-05,CUST-01057,Identified,Online,Online Store,paid,fulfilled,CAD,264.0,FALL15,39.6,0.0,29.17,253.57,0.0,253.57,3,2
#NW11860,2025-05-04 17:47:00,2025-05,CUST-00466,Identified,Online,Online Store,paid,fulfilled,CAD,450.0,,0.0,0.0,58.5,508.5,0.0,508.5,5,3
#NW11861,2025-05-25 19:04:00,2025-05,CUST-01456,Identified,Online,Online Store,paid,fulfilled,CAD,170.0,,0.0,0.0,22.1,192.1,0.0,192.1,2,2
#NW11862,2025-05-20 09:52:00,2025-05,CUST-00192,Identified,Online,Online Store,paid,fulfilled,CAD,220.0,,0.0,0.0,28.6,248.6,0.0,248.6,2,2
#NW11863,2025-05-08 13:42:00,2025-05,CUST-00833,Identified,Online,Online Store,paid,fulfilled,CAD,262.0,,0.0,0.0,34.06,296.06,0.0,296.06,4,3
#NW11864,2025-05-29 17:09:00,2025-05,CUST-01456,Identified,Online,Online Store,paid,fulfilled,CAD,194.0,,0.0,0.0,25.22,219.22,0.0,219.22,3,3
#NW11865,2025-05-09 12:48:00,2025-05,CUST-01670,Identified,Online,Online Store,paid,fulfilled,CAD,98.0,,0.0,12.0,14.3,124.3,0.0,124.3,1,1
#NW11866,2025-05-19 20:07:00,2025-05,CUST-01105,Identified,Online,Online Store,paid,fulfilled,CAD,112.0,,0.0,12.0,16.12,140.12,0.0,140.12,1,1
#NW11867,2025-05-22 16:35:00,2025-05,CUST-00620,Identified,Online,Online Store,paid,fulfilled,CAD,282.0,FALL15,42.3,0.0,31.16,270.86,0.0,270.86,3,2
#NW11868,2025-05-16 12:46:00,2025-05,CUST-00394,Identified,Online,Online Store,paid,fulfilled,CAD,316.0,,0.0,0.0,41.08,357.08,0.0,357.08,2,2
#NW11869,2025-05-18 18:31:00,2025-05,CUST-02112,Identified,Online,Online Store,paid,fulfilled,CAD,316.0,,0.0,0.0,41.08,357.08,0.0,357.08,2,1
#NW11870,2025-05-10 15:19:00,2025-05,CUST-00427,Identified,Online,Online Store,paid,fulfilled,CAD,198.0,,0.0,0.0,25.74,223.74,0.0,223.74,5,3
#NW11871,2025-05-04 10:11:00,2025-05,CUST-00207,Identified,Online,Online Store,paid,fulfilled,CAD,572.0,,0.0,0.0,74.36,646.36,0.0,646.36,4,2
#NW11872,2025-05-10 20:29:00,2025-05,CUST-00900,Identified,Online,Online Store,refunded,fulfilled,CAD,72.0,,0.0,12.0,10.92,94.92,94.92,0.0,1,1
#NW11873,2025-05-02 20:52:00,2025-05,CUST-01794,Identified,Online,Online Store,paid,fulfilled,CAD,98.0,,0.0,12.0,14.3,124.3,0.0,124.3,1,1
#NW11874,2025-05-24 18:51:00,2025-05,CUST-00368,Identified,Online,Online Store,paid,fulfilled,CAD,38.0,HOLIDAY15,5.7,12.0,5.76,50.06,0.0,50.06,1,1
#NW11875,2025-05-10 09:24:00,2025-05,CUST-01873,Identified,Online,Online Store,paid,fulfilled,CAD,56.0,,0.0,12.0,8.84,76.84,0.0,76.84,2,1
#NW11876,2025-05-05 21:02:00,2025-05,,Guest / Unidentified,POS,Northwood Toronto,paid,fulfilled,CAD,108.0,,0.0,0.0,14.04,122.04,0.0,122.04,1,1
#NW11877,2025-05-26 17:31:00,2025-05,CUST-00434,Identified,Online,Online Store,paid,fulfilled,CAD,428.0,,0.0,0.0,55.64,483.64,0.0,483.64,5,3
#NW11878,2025-05-04 13:46:00,2025-05,CUST-00546,Identified,Online,Online Store,paid,fulfilled,CAD,422.0,,0.0,0.0,54.86,476.86,0.0,476.86,3,2
#NW11879,2025-05-23 13:48:00,2025-05,CUST-00073,Identified,Online,Online Store,paid,fulfilled,CAD,206.0,,0.0,0.0,26.78,232.78,0.0,232.78,2,2
#NW11880,2025-05-26 19:25:00,2025-05,CUST-00418,Identified,Online,Online Store,paid,fulfilled,CAD,216.0,,0.0,0.0,28.08,244.08,0.0,244.08,2,2
#NW11881,2025-05-21 11:59:00,2025-05,CUST-01706,Identified,Online,Online Store,paid,fulfilled,CAD,166.0,,0.0,0.0,21.58,187.58,0.0,187.58,2,2
#NW11882,2025-05-02 10:45:00,2025-05,CUST-01344,Identified,Online,Online Store,paid,fulfilled,CAD,184.0,,0.0,0.0,23.92,207.92,0.0,207.92,3,2
#NW11883,2025-05-06 19:27:00,2025-05,CUST-00975,Identified,Online,Online Store,paid,fulfilled,CAD,114.0,,0.0,12.0,16.38,142.38,0.0,142.38,2,2
#NW11884,2025-05-19 09:30:00,2025-05,CUST-02189,Identified,Online,Online Store,paid,fulfilled,CAD,256.0,,0.0,0.0,33.28,289.28,0.0,289.28,2,1
#NW11885,2025-05-22 18:27:00,2025-05,CUST-01609,Identified,Online,Online Store,paid,fulfilled,CAD,144.0,,0.0,0.0,18.72,162.72,0.0,162.72,3,2
#NW11886,2025-05-30 21:22:00,2025-05,CUST-00685,Identified,POS,Northwood Toronto,paid,fulfilled,CAD,292.0,SPRING10,29.2,0.0,34.16,296.96,0.0,296.96,4,2
#NW11887,2025-05-27 17:49:00,2025-05,CUST-00484,Identified,POS,Northwood Toronto,refunded,fulfilled,CAD,88.0,WELCOME10,8.8,0.0,10.3,89.5,89.5,0.0,1,1
#NW11888,2025-05-16 12:38:00,2025-05,CUST-01019,Identified,Online,Online Store,paid,fulfilled,CAD,58.0,,0.0,12.0,9.1,79.1,0.0,79.1,1,1
#NW11889,2025-05-08 17:47:00,2025-05,CUST-00845,Identified,Online,Online Store,paid,fulfilled,CAD,136.0,,0.0,0.0,17.68,153.68,0.0,153.68,2,2
#NW11890,2025-05-08 19:26:00,2025-05,CUST-01482,Identified,Online,Online Store,voided,unfulfilled,CAD,116.0,,0.0,12.0,16.64,144.64,0.0,0.0,2,2
#NW11891,2025-05-22 10:47:00,2025-05,CUST-00068,Identified,Online,Online Store,paid,fulfilled,CAD,112.0,,0.0,12.0,16.12,140.12,0.0,140.12,1,1
#NW11892,2025-05-14 19:48:00,2025-05,CUST-01610,Identified,Online,Online Store,paid,fulfilled,CAD,72.0,,0.0,12.0,10.92,94.92,0.0,94.92,1,1
#NW11893,2025-05-09 19:13:00,2025-05,CUST-01197,Identified,Online,Online Store,paid,fulfilled,CAD,342.0,,0.0,0.0,44.46,386.46,0.0,386.46,4,3
#NW11894,2025-05-05 12:40:00,2025-05,CUST-01809,Identified,Online,Online Store,paid,fulfilled,CAD,224.0,,0.0,0.0,29.12,253.12,0.0,253.12,3,2
#NW11895,2025-05-14 19:59:00,2025-05,CUST-02073,Identified,POS,Northwood Toronto,paid,fulfilled,CAD,334.0,SPRING10,33.4,0.0,39.08,339.68,0.0,339.68,3,2
#NW11896,2025-05-27 12:36:00,2025-05,CUST-02042,Identified,Online,Online Store,paid,fulfilled,CAD,374.0,SPRING10,37.4,0.0,43.76,380.36,0.0,380.36,3,2
#NW11897,2025-05-18 20:27:00,2025-05,CUST-01798,Identified,Online,Online Store,paid,fulfilled,CAD,334.0,,0.0,0.0,43.42,377.42,0.0,377.42,3,2
#NW11898,2025-05-01 19:31:00,2025-05,CUST-01019,Identified,POS,Northwood Toronto,paid,fulfilled,CAD,88.0,,0.0,0.0,11.44,99.44,0.0,99.44,1,1
#NW11899,2025-05-02 20:30:00,2025-05,CUST-00256,Identified,Online,Online Store,paid,fulfilled,CAD,78.0,HOLIDAY15,11.7,12.0,10.18,88.48,0.0,88.48,1,1
#NW11900,2025-05-21 17:35:00,2025-05,CUST-00632,Identified,Online,Online Store,paid,fulfilled,CAD,78.0,,0.0,12.0,11.7,101.7,0.0,101.7,1,1
#NW11901,2025-05-12 10:29:00,2025-05,CUST-01490,Identified,Online,Online Store,paid,fulfilled,CAD,68.0,,0.0,12.0,10.4,90.4,0.0,90.4,1,1
#NW11902,2025-05-12 20:15:00,2025-05,CUST-01371,Identified,Online,Online Store,paid,fulfilled,CAD,76.0,,0.0,12.0,11.44,99.44,0.0,99.44,2,2
#NW11903,2025-05-09 11:55:00,2025-05,CUST-00565,Identified,Online,Online Store,paid,fulfilled,CAD,128.0,,0.0,0.0,16.64,144.64,0.0,144.64,1,1
#NW11904,2025-05-15 19:17:00,2025-05,CUST-00504,Identified,Online,Online Store,paid,fulfilled,CAD,78.0,,0.0,12.0,11.7,101.7,0.0,101.7,1,1
#NW11905,2025-05-12 18:24:00,2025-05,CUST-00827,Identified,Online,Online Store,paid,fulfilled,CAD,304.0,,0.0,0.0,39.52,343.52,0.0,343.52,3,2
#NW11906,2025-05-01 17:53:00,2025-05,,Guest / Unidentified,POS,Northwood Toronto,paid,fulfilled,CAD,108.0,,0.0,0.0,14.04,122.04,0.0,122.04,1,1
#NW11907,2025-05-22 17:40:00,2025-05,CUST-02350,Identified,POS,Northwood Toronto,paid,fulfilled,CAD,118.0,,0.0,0.0,15.34,133.34,0.0,133.34,1,1
#NW11908,2025-05-06 18:40:00,2025-05,CUST-00027,Identified,Online,Online Store,paid,fulfilled,CAD,78.0,WELCOME10,7.8,12.0,10.69,92.89,0.0,92.89,1,1
#NW11909,2025-05-15 18:03:00,2025-05,CUST-00291,Identified,Online,Online Store,paid,fulfilled,CAD,372.0,,0.0,0.0,48.36,420.36,0.0,420.36,4,2
#NW11910,2025-05-11 11:17:00,2025-05,CUST-01941,Identified,Online,Online Store,paid,fulfilled,CAD,116.0,,0.0,12.0,16.64,144.64,0.0,144.64,2,2
#NW11911,2025-05-22 18:01:00,2025-05,CUST-01399,Identified,Online,Online Store,paid,fulfilled,CAD,136.0,,0.0,0.0,17.68,153.68,0.0,153.68,2,1
#NW11912,2025-05-11 09:04:00,2025-05,CUST-01896,Identified,Online,Online Store,paid,fulfilled,CAD,454.0,,0.0,0.0,59.02,513.02,0.0,513.02,3,2
#NW11913,2025-05-12 10:03:00,2025-05,CUST-01296,Identified,Online,Online Store,paid,fulfilled,CAD,626.0,,0.0,0.0,81.38,707.38,0.0,707.38,4,3
#NW11914,2025-05-21 16:21:00,2025-05,CUST-00702,Identified,Online,Online Store,paid,fulfilled,CAD,108.0,FALL15,16.2,12.0,13.49,117.29,0.0,117.29,1,1
#NW11915,2025-05-26 17:20:00,2025-05,CUST-00350,Identified,Online,Online Store,paid,fulfilled,CAD,200.0,,0.0,0.0,26.0,226.0,0.0,226.0,2,2
#NW11916,2025-05-11 18:13:00,2025-05,CUST-01090,Identified,Online,Online Store,paid,fulfilled,CAD,226.0,,0.0,0.0,29.38,255.38,0.0,255.38,2,2
#NW11917,2025-05-05 09:27:00,2025-05,CUST-01526,Identified,Online,Online Store,partially_refunded,fulfilled,CAD,72.0,,0.0,12.0,10.92,94.92,45.64,49.28,1,1
#NW11918,2025-05-08 13:26:00,2025-05,CUST-01700,Identified,POS,Northwood Toronto,paid,fulfilled,CAD,118.0,SPRING10,11.8,0.0,13.81,120.01,0.0,120.01,1,1
#NW11919,2025-05-13 15:09:00,2025-05,CUST-01601,Identified,Online,Online Store,paid,fulfilled,CAD,166.0,,0.0,0.0,21.58,187.58,0.0,187.58,2,2
#NW11920,2025-05-13 09:32:00,2025-05,CUST-02027,Identified,Online,Online Store,paid,fulfilled,CAD,384.0,,0.0,0.0,49.92,433.92,0.0,433.92,3,3
#NW11921,2025-05-04 19:20:00,2025-05,CUST-01006,Identified,Online,Online Store,partially_refunded,fulfilled,CAD,78.0,,0.0,12.0,11.7,101.7,47.5,54.2,1,1
#NW11922,2025-05-13 19:41:00,2025-05,CUST-00621,Identified,Online,Online Store,refunded,fulfilled,CAD,108.0,,0.0,12.0,15.6,135.6,135.6,0.0,1,1
#NW11923,2025-05-27 09:28:00,2025-05,CUST-02170,Identified,Online,Online Store,paid,fulfilled,CAD,344.0,,0.0,0.0,44.72,388.72,0.0,388.72,3,2
#NW11924,2025-05-19 09:49:00,2025-05,CUST-01728,Identified,Online,Online Store,paid,fulfilled,CAD,88.0,,0.0,12.0,13.0,113.0,0.0,113.0,1,1
#NW11925,2025-05-12 20:05:00,2025-05,CUST-00935,Identified,POS,Northwood Toronto,refunded,fulfilled,CAD,78.0,,0.0,0.0,10.14,88.14,88.14,0.0,1,1
#NW11926,2025-05-16 18:26:00,2025-05,CUST-00566,Identified,POS,Northwood Toronto,paid,fulfilled,CAD,42.0,,0.0,0.0,5.46,47.46,0.0,47.46,1,1
#NW11927,2025-05-21 10:57:00,2025-05,CUST-01757,Identified,Online,Online Store,paid,fulfilled,CAD,140.0,,0.0,0.0,18.2,158.2,0.0,158.2,2,2
#NW11928,2025-05-02 10:20:00,2025-05,CUST-01357,Identified,Online,Online Store,paid,fulfilled,CAD,262.0,,0.0,0.0,34.06,296.06,0.0,296.06,3,2
#NW11929,2025-05-03 18:56:00,2025-05,CUST-02164,Identified,POS,Northwood Toronto,paid,fulfilled,CAD,28.0,,0.0,0.0,3.64,31.64,0.0,31.64,1,1
#NW11930,2025-05-25 13:55:00,2025-05,CUST-01877,Identified,Online,Online Store,paid,fulfilled,CAD,216.0,,0.0,0.0,28.08,244.08,0.0,244.08,2,2
#NW11931,2025-05-05 12:36:00,2025-05,CUST-01880,Identified,Online,Online Store,paid,fulfilled,CAD,184.0,,0.0,0.0,23.92,207.92,0.0,207.92,3,2
#NW11932,2025-05-24 11:58:00,2025-05,CUST-01873,Identified,Online,Online Store,paid,fulfilled,CAD,112.0,,0.0,12.0,16.12,140.12,0.0,140.12,1,1
#NW11933,2025-05-19 09:08:00,2025-05,CUST-02115,Identified,Online,Online Store,paid,fulfilled,CAD,58.0,,0.0,12.0,9.1,79.1,0.0,79.1,1,1
#NW11934,2025-05-23 16:23:00,2025-05,CUST-01482,Identified,Online,Online Store,paid,fulfilled,CAD,116.0,,0.0,12.0,16.64,144.64,0.0,144.64,2,1
#NW11935,2025-05-09 16:36:00,2025-05,CUST-01384,Identified,Online,Online Store,paid,fulfilled,CAD,244.0,,0.0,0.0,31.72,275.72,0.0,275.72,3,2
#NW11936,2025-05-24 09:29:00,2025-05,CUST-00719,Identified,Online,Online Store,paid,fulfilled,CAD,624.0,,0.0,0.0,81.12,705.12,0.0,705.12,3,2
#NW11937,2025-05-08 20:27:00,2025-05,CUST-01440,Identified,Online,Online Store,paid,fulfilled,CAD,352.0,,0.0,0.0,45.76,397.76,0.0,397.76,4,2
#NW11938,2025-05-03 18:43:00,2025-05,CUST-01225,Identified,Online,Online Store,paid,fulfilled,CAD,226.0,,0.0,0.0,29.38,255.38,0.0,255.38,2,2
#NW11939,2025-05-21 12:06:00,2025-05,CUST-00833,Identified,Online,Online Store,paid,fulfilled,CAD,316.0,FALL15,47.4,0.0,34.92,303.52,0.0,303.52,2,2
#NW11940,2025-05-25 10:55:00,2025-05,CUST-00041,Identified,Online,Online Store,paid,fulfilled,CAD,130.0,HOLIDAY15,19.5,0.0,14.37,124.87,0.0,124.87,2,2
#NW11941,2025-05-30 11:02:00,2025-05,CUST-01507,Identified,Online,Online Store,paid,fulfilled,CAD,264.0,,0.0,0.0,34.32,298.32,0.0,298.32,3,2
#NW11942,2025-05-13 15:48:00,2025-05,CUST-02120,Identified,Online,Online Store,paid,fulfilled,CAD,240.0,FALL15,36.0,0.0,26.52,230.52,0.0,230.52,2,2
#NW11943,2025-05-04 16:35:00,2025-05,CUST-00286,Identified,Online,Online Store,paid,fulfilled,CAD,266.0,,0.0,0.0,34.58,300.58,0.0,300.58,2,2
#NW11944,2025-05-23 21:52:00,2025-05,CUST-00348,Identified,Online,Online Store,paid,fulfilled,CAD,144.0,,0.0,0.0,18.72,162.72,0.0,162.72,3,3
#NW11945,2025-05-13 11:18:00,2025-05,CUST-01386,Identified,Online,Online Store,paid,fulfilled,CAD,226.0,,0.0,0.0,29.38,255.38,0.0,255.38,2,2
#NW11946,2025-05-01 17:10:00,2025-05,CUST-01290,Identified,POS,Northwood Toronto,paid,fulfilled,CAD,176.0,,0.0,0.0,22.88,198.88,0.0,198.88,2,2
#NW11947,2025-05-27 12:07:00,2025-05,CUST-01646,Identified,Online,Online Store,paid,fulfilled,CAD,334.0,,0.0,0.0,43.42,377.42,0.0,377.42,3,3
#NW11948,2025-05-21 19:57:00,2025-05,CUST-00674,Identified,Online,Online Store,paid,fulfilled,CAD,224.0,,0.0,0.0,29.12,253.12,0.0,253.12,2,1
#NW11949,2025-05-27 09:50:00,2025-05,CUST-01778,Identified,Online,Online Store,paid,fulfilled,CAD,88.0,,0.0,12.0,13.0,113.0,0.0,113.0,1,1
#NW11950,2025-05-12 19:13:00,2025-05,CUST-00252,Identified,Online,Online Store,paid,fulfilled,CAD,96.0,,0.0,12.0,14.04,122.04,0.0,122.04,2,1
#NW11951,2025-05-30 17:02:00,2025-05,CUST-00659,Identified,Online,Online Store,paid,fulfilled,CAD,32.0,,0.0,12.0,5.72,49.72,0.0,49.72,1,1
#NW11952,2025-05-31 21:18:00,2025-05,CUST-00937,Identified,Online,Online Store,paid,fulfilled,CAD,344.0,,0.0,0.0,44.72,388.72,0.0,388.72,3,2
#NW11953,2025-05-30 14:43:00,2025-05,CUST-00152,Identified,Online,Online Store,refunded,fulfilled,CAD,96.0,,0.0,12.0,14.04,122.04,122.04,0.0,2,2
#NW11954,2025-05-31 17:33:00,2025-05,CUST-00619,Identified,Online,Online Store,partially_refunded,fulfilled,CAD,408.0,,0.0,0.0,53.04,461.04,171.24,289.8,3,3
#NW11955,2025-05-11 12:32:00,2025-05,CUST-00237,Identified,Online,Online Store,paid,fulfilled,CAD,56.0,,0.0,12.0,8.84,76.84,0.0,76.84,2,1
#NW11956,2025-05-01 11:16:00,2025-05,CUST-02130,Identified,Online,Online Store,paid,fulfilled,CAD,176.0,,0.0,0.0,22.88,198.88,0.0,198.88,2,1
#NW11957,2025-05-13 12:10:00,2025-05,CUST-00935,Identified,POS,Northwood Toronto,paid,fulfilled,CAD,98.0,,0.0,0.0,12.74,110.74,0.0,110.74,1,1
#NW11958,2025-05-13 13:20:00,2025-05,CUST-01212,Identified,Online,Online Store,paid,fulfilled,CAD,112.0,,0.0,12.0,16.12,140.12,0.0,140.12,1,1
#NW11959,2025-05-31 11:15:00,2025-05,CUST-00461,Identified,POS,Northwood Toronto,paid,fulfilled,CAD,156.0,,0.0,0.0,20.28,176.28,0.0,176.28,2,1
#NW11960,2025-05-08 18:06:00,2025-05,CUST-01647,Identified,Online,Online Store,paid,fulfilled,CAD,88.0,FALL15,13.2,12.0,11.28,98.08,0.0,98.08,1,1
#NW11961,2025-05-03 15:59:00,2025-05,CUST-02268,Identified,POS,Northwood Toronto,paid,fulfilled,CAD,38.0,WELCOME10,3.8,0.0,4.45,38.65,0.0,38.65,1,1
#NW11962,2025-05-18 10:51:00,2025-05,CUST-01247,Identified,Online,Online Store,paid,fulfilled,CAD,256.0,HOLIDAY15,38.4,0.0,28.29,245.89,0.0,245.89,2,1
#NW11963,2025-05-18 19:42:00,2025-05,CUST-01285,Identified,POS,Northwood Toronto,partially_refunded,fulfilled,CAD,32.0,,0.0,0.0,4.16,36.16,9.69,26.47,1,1
#NW11964,2025-05-05 09:41:00,2025-05,,Guest / Unidentified,POS,Northwood Toronto,paid,fulfilled,CAD,226.0,,0.0,0.0,29.38,255.38,0.0,255.38,2,2
#NW11965,2025-05-26 21:28:00,2025-05,CUST-01410,Identified,Online,Online Store,paid,fulfilled,CAD,86.0,WELCOME10,8.6,12.0,11.62,101.02,0.0,101.02,2,2
#NW11966,2025-05-09 14:26:00,2025-05,CUST-00033,Identified,Online,Online Store,paid,fulfilled,CAD,454.0,SPRING10,45.4,0.0,53.12,461.72,0.0,461.72,3,3
#NW11967,2025-05-24 09:35:00,2025-05,CUST-01146,Identified,Online,Online Store,paid,fulfilled,CAD,514.0,,0.0,0.0,66.82,580.82,0.0,580.82,3,2
#NW11968,2025-05-01 16:26:00,2025-05,CUST-02162,Identified,Online,Online Store,paid,fulfilled,CAD,256.0,FALL15,38.4,0.0,28.29,245.89,0.0,245.89,2,1
#NW11969,2025-05-30 16:21:00,2025-05,CUST-00602,Identified,Online,Online Store,paid,fulfilled,CAD,172.0,,0.0,0.0,22.36,194.36,0.0,194.36,3,2
#NW11970,2025-05-05 11:55:00,2025-05,CUST-00370,Identified,Online,Online Store,paid,fulfilled,CAD,150.0,,0.0,0.0,19.5,169.5,0.0,169.5,2,2
#NW11971,2025-05-16 18:07:00,2025-05,,Guest / Unidentified,POS,Northwood Toronto,paid,fulfilled,CAD,222.0,WELCOME10,22.2,0.0,25.97,225.77,0.0,225.77,3,2
#NW11972,2025-05-03 20:31:00,2025-05,CUST-02298,Identified,Online,Online Store,paid,fulfilled,CAD,42.0,HOLIDAY15,6.3,12.0,6.2,53.9,0.0,53.9,1,1
#NW11973,2025-05-12 20:25:00,2025-05,CUST-00841,Identified,Online,Online Store,paid,fulfilled,CAD,346.0,,0.0,0.0,44.98,390.98,0.0,390.98,2,2
#NW11974,2025-05-30 18:16:00,2025-05,CUST-00321,Identified,Online,Online Store,paid,fulfilled,CAD,558.0,,0.0,0.0,72.54,630.54,0.0,630.54,6,4
#NW11975,2025-05-19 17:59:00,2025-05,CUST-02336,Identified,Online,Online Store,paid,fulfilled,CAD,38.0,,0.0,12.0,6.5,56.5,0.0,56.5,1,1
#NW11976,2025-05-06 10:06:00,2025-05,CUST-02331,Identified,Online,Online Store,paid,fulfilled,CAD,176.0,,0.0,0.0,22.88,198.88,0.0,198.88,2,1
#NW11977,2025-05-07 10:06:00,2025-05,CUST-02282,Identified,Online,Online Store,paid,fulfilled,CAD,68.0,SPRING10,6.8,12.0,9.52,82.72,0.0,82.72,1,1
#NW11978,2025-05-08 09:26:00,2025-05,CUST-01812,Identified,Online,Online Store,paid,fulfilled,CAD,98.0,,0.0,12.0,14.3,124.3,0.0,124.3,1,1
#NW11979,2025-05-07 18:09:00,2025-05,CUST-01415,Identified,Online,Online Store,paid,fulfilled,CAD,262.0,SPRING10,26.2,0.0,30.65,266.45,0.0,266.45,4,3
#NW11980,2025-05-23 16:15:00,2025-05,CUST-00321,Identified,Online,Online Store,paid,fulfilled,CAD,68.0,,0.0,12.0,10.4,90.4,0.0,90.4,1,1
#NW11981,2025-05-14 13:37:00,2025-05,CUST-01657,Identified,Online,Online Store,paid,fulfilled,CAD,312.0,,0.0,0.0,40.56,352.56,0.0,352.56,5,3
#NW11982,2025-05-14 21:02:00,2025-05,CUST-00809,Identified,Online,Online Store,paid,fulfilled,CAD,240.0,,0.0,0.0,31.2,271.2,0.0,271.2,2,2
#NW11983,2025-05-19 15:53:00,2025-05,CUST-01236,Identified,POS,Northwood Toronto,refunded,fulfilled,CAD,290.0,,0.0,0.0,37.7,327.7,327.68,0.01999999999998181,5,4
#NW11984,2025-05-12 09:25:00,2025-05,CUST-00140,Identified,POS,Northwood Toronto,paid,fulfilled,CAD,568.0,,0.0,0.0,73.84,641.84,0.0,641.84,3,2
#NW11985,2025-05-26 10:18:00,2025-05,CUST-00595,Identified,Online,Online Store,paid,fulfilled,CAD,108.0,SPRING10,10.8,12.0,14.2,123.4,0.0,123.4,1,1
#NW11986,2025-05-18 10:35:00,2025-05,CUST-02202,Identified,Online,Online Store,paid,fulfilled,CAD,384.0,,0.0,0.0,49.92,433.92,0.0,433.92,3,2
#NW11987,2025-05-09 14:11:00,2025-05,CUST-01371,Identified,Online,Online Store,paid,fulfilled,CAD,216.0,,0.0,0.0,28.08,244.08,0.0,244.08,2,2
#NW11988,2025-05-05 17:40:00,2025-05,CUST-01598,Identified,Online,Online Store,paid,fulfilled,CAD,56.0,,0.0,12.0,8.84,76.84,0.0,76.84,2,1
#NW11989,2025-05-19 12:44:00,2025-05,CUST-00517,Identified,Online,Online Store,paid,fulfilled,CAD,98.0,,0.0,12.0,14.3,124.3,0.0,124.3,1,1
#NW11990,2025-05-09 14:53:00,2025-05,CUST-00313,Identified,POS,Northwood Toronto,paid,fulfilled,CAD,108.0,,0.0,0.0,14.04,122.04,0.0,122.04,1,1
#NW11991,2025-05-03 12:59:00,2025-05,CUST-02216,Identified,Online,Online Store,paid,fulfilled,CAD,140.0,HOLIDAY15,21.0,0.0,15.47,134.47,0.0,134.47,4,2
#NW11992,2025-05-19 14:16:00,2025-05,CUST-02014,Identified,Online,Online Store,paid,fulfilled,CAD,48.0,,0.0,12.0,7.8,67.8,0.0,67.8,1,1
#NW11993,2025-05-18 15:39:00,2025-05,CUST-00876,Identified,POS,Northwood Toronto,paid,fulfilled,CAD,256.0,,0.0,0.0,33.28,289.28,0.0,289.28,2,1
#NW11994,2025-05-24 14:49:00,2025-05,CUST-00381,Identified,Online,Online Store,paid,fulfilled,CAD,208.0,,0.0,0.0,27.04,235.04,0.0,235.04,3,2
#NW11995,2025-05-03 09:31:00,2025-05,CUST-02096,Identified,Online,Online Store,voided,unfulfilled,CAD,38.0,,0.0,12.0,6.5,56.5,0.0,0.0,1,1
#NW11996,2025-05-22 16:46:00,2025-05,CUST-02331,Identified,Online,Online Store,paid,fulfilled,CAD,444.0,FALL15,66.6,0.0,49.06,426.46,0.0,426.46,3,3
#NW11997,2025-05-19 16:34:00,2025-05,CUST-02136,Identified,Online,Online Store,paid,fulfilled,CAD,118.0,,0.0,12.0,16.9,146.9,0.0,146.9,1,1
#NW11998,2025-05-08 10:07:00,2025-05,CUST-00985,Identified,Online,Online Store,paid,fulfilled,CAD,28.0,,0.0,12.0,5.2,45.2,0.0,45.2,1,1
#NW11999,2025-05-17 17:12:00,2025-05,CUST-02175,Identified,Online,Online Store,paid,fulfilled,CAD,56.0,,0.0,12.0,8.84,76.84,0.0,76.84,2,1
#NW12000,2025-05-09 11:57:00,2025-05,CUST-00096,Identified,Online,Online Store,paid,fulfilled,CAD,234.0,,0.0,0.0,30.42,264.42,0.0,264.42,3,3
#NW12001,2025-05-03 15:56:00,2025-05,CUST-00115,Identified,Online,Online Store,paid,fulfilled,CAD,48.0,,0.0,12.0,7.8,67.8,0.0,67.8,1,1
#NW12002,2025-05-04 13:28:00,2025-05,CUST-02212,Identified,POS,Northwood Toronto,paid,fulfilled,CAD,48.0,,0.0,0.0,6.24,54.24,0.0,54.24,1,1
#NW12003,2025-05-04 11:25:00,2025-05,CUST-01060,Identified,Online,Online Store,paid,fulfilled,CAD,302.0,,0.0,0.0,39.26,341.26,0.0,341.26,4,3
#NW12004,2025-05-11 19:14:00,2025-05,CUST-00989,Identified,Online,Online Store,paid,fulfilled,CAD,216.0,,0.0,0.0,28.08,244.08,0.0,244.08,2,1
#NW12005,2025-05-29 13:53:00,2025-05,CUST-01072,Identified,POS,Northwood Toronto,paid,fulfilled,CAD,166.0,,0.0,0.0,21.58,187.58,0.0,187.58,2,2
#NW12006,2025-05-01 11:35:00,2025-05,CUST-01732,Identified,Online,Online Store,paid,fulfilled,CAD,314.0,,0.0,0.0,40.82,354.82,0.0,354.82,3,3
#NW12007,2025-05-26 16:24:00,2025-05,CUST-00392,Identified,POS,Northwood Toronto,paid,fulfilled,CAD,156.0,,0.0,0.0,20.28,176.28,0.0,176.28,2,1
#NW12008,2025-05-17 17:47:00,2025-05,CUST-00610,Identified,Online,Online Store,paid,fulfilled,CAD,236.0,,0.0,0.0,30.68,266.68,0.0,266.68,4,3
#NW12009,2025-05-30 16:47:00,2025-05,CUST-01528,Identified,Online,Online Store,paid,fulfilled,CAD,98.0,,0.0,12.0,14.3,124.3,0.0,124.3,1,1
#NW12010,2025-05-29 11:26:00,2025-05,CUST-01887,Identified,Online,Online Store,paid,fulfilled,CAD,128.0,FALL15,19.2,0.0,14.14,122.94,0.0,122.94,1,1
#NW12011,2025-05-17 11:25:00,2025-05,CUST-02079,Identified,Online,Online Store,paid,fulfilled,CAD,248.0,,0.0,0.0,32.24,280.24,0.0,280.24,1,1
#NW12012,2025-05-12 10:25:00,2025-05,CUST-01673,Identified,Online,Online Store,paid,fulfilled,CAD,144.0,,0.0,0.0,18.72,162.72,0.0,162.72,2,1
#NW12013,2025-05-01 14:26:00,2025-05,CUST-00508,Identified,POS,Northwood Toronto,paid,fulfilled,CAD,156.0,FALL15,23.4,0.0,17.24,149.84,0.0,149.84,2,1
#NW12014,2025-05-13 17:37:00,2025-05,CUST-00196,Identified,Online,Online Store,paid,fulfilled,CAD,126.0,,0.0,0.0,16.38,142.38,0.0,142.38,2,2
#NW12015,2025-05-24 11:36:00,2025-05,CUST-00511,Identified,Online,Online Store,paid,fulfilled,CAD,256.0,WELCOME10,25.6,0.0,29.95,260.35,0.0,260.35,2,2
#NW12016,2025-05-20 19:57:00,2025-05,CUST-01839,Identified,Online,Online Store,paid,fulfilled,CAD,120.0,,0.0,12.0,17.16,149.16,0.0,149.16,2,2
#NW12017,2025-05-15 14:30:00,2025-05,CUST-01221,Identified,Online,Online Store,paid,fulfilled,CAD,72.0,,0.0,12.0,10.92,94.92,0.0,94.92,1,1
#NW12018,2025-05-03 20:56:00,2025-05,CUST-02345,Identified,Online,Online Store,paid,fulfilled,CAD,156.0,,0.0,0.0,20.28,176.28,0.0,176.28,2,2
#NW12019,2025-05-31 14:13:00,2025-05,CUST-01939,Identified,Online,Online Store,paid,fulfilled,CAD,72.0,FALL15,10.8,12.0,9.52,82.72,0.0,82.72,1,1
#NW12020,2025-05-26 12:25:00,2025-05,CUST-01857,Identified,Online,Online Store,paid,fulfilled,CAD,280.0,,0.0,0.0,36.4,316.4,0.0,316.4,4,2
#NW12021,2025-05-30 17:02:00,2025-05,CUST-01389,Identified,Online,Online Store,paid,fulfilled,CAD,248.0,,0.0,0.0,32.24,280.24,0.0,280.24,1,1
#NW12022,2025-05-11 19:01:00,2025-05,CUST-00968,Identified,Online,Online Store,refunded,fulfilled,CAD,48.0,WELCOME10,4.8,12.0,7.18,62.38,62.38,0.0,1,1
#NW12023,2025-05-19 13:06:00,2025-05,CUST-02317,Identified,Online,Online Store,paid,fulfilled,CAD,128.0,,0.0,0.0,16.64,144.64,0.0,144.64,1,1
#NW12024,2025-05-26 12:42:00,2025-05,CUST-02185,Identified,Online,Online Store,paid,fulfilled,CAD,190.0,,0.0,0.0,24.7,214.7,0.0,214.7,2,2
#NW12025,2025-05-18 15:56:00,2025-05,CUST-00958,Identified,Online,Online Store,paid,fulfilled,CAD,96.0,SPRING10,9.6,12.0,12.79,111.19,0.0,111.19,2,2
#NW12026,2025-05-27 13:36:00,2025-05,CUST-01435,Identified,Online,Online Store,paid,fulfilled,CAD,294.0,,0.0,0.0,38.22,332.22,0.0,332.22,3,2
#NW12027,2025-05-01 17:28:00,2025-05,CUST-01226,Identified,Online,Online Store,paid,fulfilled,CAD,128.0,,0.0,0.0,16.64,144.64,0.0,144.64,1,1
#NW12028,2025-05-25 11:46:00,2025-05,CUST-00431,Identified,Online,Online Store,paid,fulfilled,CAD,128.0,SPRING10,12.8,0.0,14.98,130.18,0.0,130.18,1,1
#NW12029,2025-05-26 21:48:00,2025-05,CUST-00697,Identified,Online,Online Store,paid,fulfilled,CAD,388.0,,0.0,0.0,50.44,438.44,0.0,438.44,6,4
#NW12030,2025-05-17 13:08:00,2025-05,CUST-01547,Identified,Online,Online Store,paid,fulfilled,CAD,236.0,,0.0,0.0,30.68,266.68,0.0,266.68,2,2
#NW12031,2025-05-12 15:30:00,2025-05,CUST-00599,Identified,Online,Online Store,paid,fulfilled,CAD,136.0,,0.0,0.0,17.68,153.68,0.0,153.68,2,2
#NW12032,2025-05-12 21:59:00,2025-05,CUST-00715,Identified,Online,Online Store,paid,fulfilled,CAD,38.0,,0.0,12.0,6.5,56.5,0.0,56.5,1,1
#NW12033,2025-05-09 16:07:00,2025-05,CUST-02036,Identified,Online,Online Store,voided,unfulfilled,CAD,72.0,,0.0,12.0,10.92,94.92,0.0,0.0,1,1
#NW12034,2025-05-04 18:31:00,2025-05,CUST-02116,Identified,Online,Online Store,paid,fulfilled,CAD,332.0,,0.0,0.0,43.16,375.16,0.0,375.16,4,2
#NW12035,2025-05-23 21:12:00,2025-05,CUST-01256,Identified,Online,Online Store,paid,fulfilled,CAD,166.0,,0.0,0.0,21.58,187.58,0.0,187.58,2,2
#NW12036,2025-05-19 16:03:00,2025-05,CUST-01480,Identified,Online,Online Store,paid,fulfilled,CAD,198.0,WELCOME10,19.8,0.0,23.17,201.37,0.0,201.37,1,1
#NW12037,2025-05-09 20:44:00,2025-05,CUST-01208,Identified,Online,Online Store,paid,fulfilled,CAD,440.0,,0.0,0.0,57.2,497.2,0.0,497.2,4,3
#NW12038,2025-05-11 11:45:00,2025-05,CUST-01541,Identified,Online,Online Store,voided,unfulfilled,CAD,78.0,,0.0,12.0,11.7,101.7,0.0,0.0,1,1
#NW12039,2025-05-24 19:16:00,2025-05,,Guest / Unidentified,POS,Northwood Toronto,paid,fulfilled,CAD,186.0,,0.0,0.0,24.18,210.18,0.0,210.18,2,2
#NW12040,2025-05-03 11:49:00,2025-05,CUST-01271,Identified,Online,Online Store,refunded,fulfilled,CAD,38.0,,0.0,12.0,6.5,56.5,56.5,0.0,1,1
#NW12041,2025-05-08 20:33:00,2025-05,CUST-01688,Identified,Online,Online Store,paid,fulfilled,CAD,396.0,,0.0,0.0,51.48,447.48,0.0,447.48,2,1
#NW12042,2025-05-08 16:58:00,2025-05,CUST-01878,Identified,Online,Online Store,paid,fulfilled,CAD,78.0,,0.0,12.0,11.7,101.7,0.0,101.7,1,1
#NW12043,2025-05-07 17:24:00,2025-05,CUST-00378,Identified,POS,Northwood Toronto,paid,fulfilled,CAD,48.0,,0.0,0.0,6.24,54.24,0.0,54.24,1,1
#NW12044,2025-05-23 11:46:00,2025-05,CUST-01351,Identified,Online,Online Store,paid,fulfilled,CAD,88.0,HOLIDAY15,13.2,12.0,11.28,98.08,0.0,98.08,1,1
#NW12045,2025-05-30 14:12:00,2025-05,CUST-01741,Identified,Online,Online Store,paid,fulfilled,CAD,128.0,,0.0,0.0,16.64,144.64,0.0,144.64,1,1
#NW12046,2025-05-30 11:07:00,2025-05,CUST-00533,Identified,Online,Online Store,paid,fulfilled,CAD,408.0,HOLIDAY15,61.2,0.0,45.08,391.88,0.0,391.88,6,4
#NW12047,2025-05-01 12:30:00,2025-05,CUST-01951,Identified,Online,Online Store,paid,fulfilled,CAD,234.0,,0.0,0.0,30.42,264.42,0.0,264.42,3,2
#NW12048,2025-05-05 19:28:00,2025-05,CUST-00910,Identified,POS,Northwood Toronto,paid,fulfilled,CAD,218.0,,0.0,0.0,28.34,246.34,0.0,246.34,1,1
#NW12049,2025-05-09 20:42:00,2025-05,CUST-01828,Identified,Online,Online Store,paid,fulfilled,CAD,108.0,FALL15,16.2,12.0,13.49,117.29,0.0,117.29,1,1
#NW12050,2025-05-17 09:42:00,2025-05,CUST-00320,Identified,Online,Online Store,refunded,fulfilled,CAD,294.0,,0.0,0.0,38.22,332.22,332.22,0.0,3,2
#NW12051,2025-05-03 09:24:00,2025-05,CUST-01513,Identified,Online,Online Store,paid,fulfilled,CAD,118.0,,0.0,12.0,16.9,146.9,0.0,146.9,1,1
#NW12052,2025-05-01 12:33:00,2025-05,,Guest / Unidentified,POS,Northwood Toronto,paid,fulfilled,CAD,88.0,,0.0,0.0,11.44,99.44,0.0,99.44,1,1
#NW12053,2025-05-17 09:13:00,2025-05,CUST-02290,Identified,Online,Online Store,paid,fulfilled,CAD,108.0,,0.0,12.0,15.6,135.6,0.0,135.6,1,1
#NW12054,2025-05-06 20:24:00,2025-05,CUST-02126,Identified,POS,Northwood Toronto,paid,fulfilled,CAD,240.0,,0.0,0.0,31.2,271.2,0.0,271.2,2,2
#NW12055,2025-05-13 14:33:00,2025-05,CUST-00241,Identified,Online,Online Store,paid,fulfilled,CAD,88.0,,0.0,12.0,13.0,113.0,0.0,113.0,1,1
#NW12056,2025-05-14 17:47:00,2025-05,CUST-00486,Identified,Online,Online Store,paid,fulfilled,CAD,158.0,,0.0,0.0,20.54,178.54,0.0,178.54,1,1
#NW12057,2025-05-06 14:19:00,2025-05,CUST-02044,Identified,Online,Online Store,paid,fulfilled,CAD,78.0,,0.0,12.0,11.7,101.7,0.0,101.7,1,1
#NW12058,2025-05-31 16:57:00,2025-05,CUST-01735,Identified,Online,Online Store,paid,fulfilled,CAD,218.0,FALL15,32.7,0.0,24.09,209.39,0.0,209.39,1,1
#NW12059,2025-05-18 09:11:00,2025-05,CUST-00342,Identified,Online,Online Store,paid,fulfilled,CAD,606.0,,0.0,0.0,78.78,684.78,0.0,684.78,4,3
#NW12060,2025-05-17 18:47:00,2025-05,CUST-02006,Identified,POS,Northwood Toronto,paid,fulfilled,CAD,112.0,HOLIDAY15,16.8,0.0,12.38,107.58,0.0,107.58,1,1
#NW12061,2025-05-10 18:09:00,2025-05,CUST-01708,Identified,Online,Online Store,paid,fulfilled,CAD,154.0,,0.0,0.0,20.02,174.02,0.0,174.02,3,2
#NW12062,2025-05-02 10:37:00,2025-05,CUST-00668,Identified,Online,Online Store,paid,fulfilled,CAD,188.0,,0.0,0.0,24.44,212.44,0.0,212.44,3,3
#NW12063,2025-05-20 20:20:00,2025-05,CUST-00592,Identified,Online,Online Store,paid,fulfilled,CAD,352.0,,0.0,0.0,45.76,397.76,0.0,397.76,4,2
#NW12064,2025-05-19 10:53:00,2025-05,CUST-02072,Identified,Online,Online Store,paid,fulfilled,CAD,156.0,WELCOME10,15.6,0.0,18.25,158.65,0.0,158.65,2,1
#NW12065,2025-05-12 21:21:00,2025-05,CUST-00820,Identified,POS,Northwood Toronto,paid,fulfilled,CAD,136.0,WELCOME10,13.6,0.0,15.91,138.31,0.0,138.31,2,1
#NW12066,2025-05-24 10:24:00,2025-05,CUST-01006,Identified,Online,Online Store,paid,fulfilled,CAD,128.0,,0.0,0.0,16.64,144.64,0.0,144.64,1,1
#NW12067,2025-05-21 20:39:00,2025-05,CUST-01999,Identified,POS,Northwood Toronto,paid,fulfilled,CAD,196.0,,0.0,0.0,25.48,221.48,0.0,221.48,2,1
#NW12068,2025-05-18 12:38:00,2025-05,CUST-00530,Identified,Online,Online Store,paid,fulfilled,CAD,246.0,,0.0,0.0,31.98,277.98,0.0,277.98,4,4
#NW12069,2025-05-26 10:23:00,2025-05,CUST-02103,Identified,Online,Online Store,paid,fulfilled,CAD,262.0,,0.0,0.0,34.06,296.06,0.0,296.06,3,2
#NW12070,2025-05-20 21:04:00,2025-05,CUST-01370,Identified,Online,Online Store,paid,fulfilled,CAD,106.0,,0.0,12.0,15.34,133.34,0.0,133.34,2,2
#NW12071,2025-05-26 17:23:00,2025-05,CUST-00903,Identified,POS,Northwood Toronto,paid,fulfilled,CAD,38.0,SPRING10,3.8,0.0,4.45,38.65,0.0,38.65,1,1
#NW12072,2025-05-13 12:09:00,2025-05,CUST-01866,Identified,Online,Online Store,paid,fulfilled,CAD,316.0,,0.0,0.0,41.08,357.08,0.0,357.08,2,1
#NW12073,2025-05-11 21:01:00,2025-05,CUST-00918,Identified,Online,Online Store,paid,fulfilled,CAD,116.0,,0.0,12.0,16.64,144.64,0.0,144.64,2,2
#NW12074,2025-05-26 11:02:00,2025-05,CUST-00169,Identified,Online,Online Store,paid,fulfilled,CAD,88.0,,0.0,12.0,13.0,113.0,0.0,113.0,1,1
#NW12075,2025-05-26 18:11:00,2025-05,CUST-00643,Identified,Online,Online Store,paid,fulfilled,CAD,112.0,,0.0,12.0,16.12,140.12,0.0,140.12,1,1
#NW12076,2025-05-17 18:48:00,2025-05,CUST-02290,Identified,Online,Online Store,paid,fulfilled,CAD,38.0,,0.0,12.0,6.5,56.5,0.0,56.5,1,1
#NW12077,2025-05-23 19:53:00,2025-05,CUST-01724,Identified,Online,Online Store,paid,fulfilled,CAD,180.0,,0.0,0.0,23.4,203.4,0.0,203.4,2,2
#NW12078,2025-05-22 15:11:00,2025-05,CUST-00178,Identified,Online,Online Store,paid,fulfilled,CAD,224.0,,0.0,0.0,29.12,253.12,0.0,253.12,3,2
#NW12079,2025-05-15 10:11:00,2025-05,CUST-01674,Identified,Online,Online Store,paid,fulfilled,CAD,186.0,,0.0,0.0,24.18,210.18,0.0,210.18,2,2
#NW12080,2025-05-10 11:46:00,2025-05,CUST-00482,Identified,Online,Online Store,paid,fulfilled,CAD,116.0,,0.0,12.0,16.64,144.64,0.0,144.64,2,1
#NW12081,2025-05-16 12:44:00,2025-05,CUST-00496,Identified,Online,Online Store,paid,fulfilled,CAD,186.0,,0.0,0.0,24.18,210.18,0.0,210.18,2,2
#NW12082,2025-05-20 09:27:00,2025-05,CUST-01514,Identified,Online,Online Store,paid,fulfilled,CAD,112.0,,0.0,12.0,16.12,140.12,0.0,140.12,1,1
#NW12083,2025-05-06 17:40:00,2025-05,CUST-02342,Identified,Online,Online Store,paid,fulfilled,CAD,206.0,HOLIDAY15,30.9,0.0,22.76,197.86,0.0,197.86,5,3
#NW12084,2025-05-08 21:54:00,2025-05,CUST-01740,Identified,Online,Online Store,paid,fulfilled,CAD,182.0,,0.0,0.0,23.66,205.66,0.0,205.66,3,2
#NW12085,2025-05-19 13:45:00,2025-05,CUST-01827,Identified,Online,Online Store,paid,fulfilled,CAD,284.0,,0.0,0.0,36.92,320.92,0.0,320.92,3,3
#NW12086,2025-05-19 10:30:00,2025-05,CUST-02142,Identified,Online,Online Store,paid,fulfilled,CAD,350.0,,0.0,0.0,45.5,395.5,0.0,395.5,4,4
#NW12087,2025-05-28 19:39:00,2025-05,CUST-00628,Identified,Online,Online Store,paid,fulfilled,CAD,128.0,,0.0,0.0,16.64,144.64,0.0,144.64,1,1
#NW12088,2025-05-28 10:33:00,2025-05,CUST-01370,Identified,Online,Online Store,partially_refunded,fulfilled,CAD,96.0,,0.0,12.0,14.04,122.04,34.84,87.2,2,1
#NW12089,2025-05-06 21:58:00,2025-05,CUST-01522,Identified,Online,Online Store,paid,fulfilled,CAD,190.0,,0.0,0.0,24.7,214.7,0.0,214.7,2,2
#NW12090,2025-05-26 10:08:00,2025-05,CUST-01249,Identified,Online,Online Store,paid,fulfilled,CAD,70.0,,0.0,12.0,10.66,92.66,0.0,92.66,2,2
#NW12091,2025-05-17 15:04:00,2025-05,CUST-01534,Identified,Online,Online Store,paid,fulfilled,CAD,264.0,,0.0,0.0,34.32,298.32,0.0,298.32,3,3
#NW12092,2025-05-18 18:00:00,2025-05,CUST-01243,Identified,Online,Online Store,paid,fulfilled,CAD,130.0,,0.0,0.0,16.9,146.9,0.0,146.9,2,2
#NW12093,2025-05-20 12:18:00,2025-05,CUST-00443,Identified,POS,Northwood Toronto,paid,fulfilled,CAD,38.0,HOLIDAY15,5.7,0.0,4.2,36.5,0.0,36.5,1,1
#NW12094,2025-05-13 14:30:00,2025-05,CUST-01991,Identified,POS,Northwood Toronto,paid,fulfilled,CAD,100.0,,0.0,0.0,13.0,113.0,0.0,113.0,2,2
#NW12095,2025-05-31 21:13:00,2025-05,CUST-00115,Identified,Online,Online Store,paid,fulfilled,CAD,454.0,,0.0,0.0,59.02,513.02,0.0,513.02,3,2
#NW12096,2025-05-08 12:44:00,2025-05,CUST-01940,Identified,Online,Online Store,paid,fulfilled,CAD,88.0,,0.0,12.0,13.0,113.0,0.0,113.0,1,1
#NW12097,2025-05-29 09:03:00,2025-05,CUST-00583,Identified,Online,Online Store,paid,fulfilled,CAD,64.0,HOLIDAY15,9.6,12.0,8.63,75.03,0.0,75.03,2,1
#NW12098,2025-05-14 14:59:00,2025-05,CUST-01728,Identified,POS,Northwood Toronto,paid,fulfilled,CAD,68.0,,0.0,0.0,8.84,76.84,0.0,76.84,1,1
#NW12099,2025-05-21 14:28:00,2025-05,CUST-00304,Identified,Online,Online Store,paid,fulfilled,CAD,166.0,,0.0,0.0,21.58,187.58,0.0,187.58,2,2
#NW12100,2025-05-19 20:50:00,2025-05,CUST-01250,Identified,Online,Online Store,voided,unfulfilled,CAD,262.0,,0.0,0.0,34.06,296.06,0.0,0.0,3,2
#NW12101,2025-05-17 11:30:00,2025-05,CUST-01162,Identified,Online,Online Store,paid,fulfilled,CAD,198.0,,0.0,0.0,25.74,223.74,0.0,223.74,1,1
#NW12102,2025-05-31 09:42:00,2025-05,CUST-01825,Identified,Online,Online Store,paid,fulfilled,CAD,72.0,,0.0,12.0,10.92,94.92,0.0,94.92,1,1
#NW12103,2025-05-23 16:06:00,2025-05,CUST-00675,Identified,Online,Online Store,refunded,fulfilled,CAD,112.0,,0.0,12.0,16.12,140.12,140.12,0.0,1,1
#NW12104,2025-05-17 20:50:00,2025-05,CUST-02003,Identified,POS,Northwood Toronto,partially_refunded,fulfilled,CAD,48.0,HOLIDAY15,7.2,0.0,5.3,46.1,9.07,37.03,1,1
#NW12105,2025-05-09 19:59:00,2025-05,CUST-00009,Identified,POS,Northwood Toronto,paid,fulfilled,CAD,224.0,,0.0,0.0,29.12,253.12,0.0,253.12,2,1
#NW12106,2025-05-08 14:37:00,2025-05,CUST-00502,Identified,Online,Online Store,paid,fulfilled,CAD,176.0,,0.0,0.0,22.88,198.88,0.0,198.88,2,1
#NW12107,2025-05-14 21:23:00,2025-05,CUST-02243,Identified,Online,Online Store,paid,fulfilled,CAD,88.0,WELCOME10,8.8,12.0,11.86,103.06,0.0,103.06,1,1
#NW12108,2025-05-10 13:22:00,2025-05,CUST-00344,Identified,Online,Online Store,paid,fulfilled,CAD,200.0,,0.0,0.0,26.0,226.0,0.0,226.0,4,3
#NW12109,2025-05-08 09:47:00,2025-05,CUST-00277,Identified,POS,Northwood Toronto,paid,fulfilled,CAD,42.0,,0.0,0.0,5.46,47.46,0.0,47.46,1,1
#NW12110,2025-05-12 10:58:00,2025-05,CUST-01540,Identified,Online,Online Store,paid,fulfilled,CAD,98.0,,0.0,12.0,14.3,124.3,0.0,124.3,1,1
#NW12111,2025-05-29 21:48:00,2025-05,CUST-00024,Identified,Online,Online Store,paid,fulfilled,CAD,174.0,,0.0,0.0,22.62,196.62,0.0,196.62,3,2
#NW12112,2025-05-06 15:31:00,2025-05,CUST-01971,Identified,Online,Online Store,paid,fulfilled,CAD,170.0,,0.0,0.0,22.1,192.1,0.0,192.1,2,2
#NW12113,2025-05-26 17:21:00,2025-05,CUST-02348,Identified,Online,Online Store,paid,fulfilled,CAD,160.0,,0.0,0.0,20.8,180.8,0.0,180.8,2,2
#NW12114,2025-05-19 18:31:00,2025-05,CUST-01765,Identified,Online,Online Store,paid,fulfilled,CAD,96.0,,0.0,12.0,14.04,122.04,0.0,122.04,2,1
#NW12115,2025-05-09 19:44:00,2025-05,CUST-02318,Identified,Online,Online Store,paid,fulfilled,CAD,292.0,,0.0,0.0,37.96,329.96,0.0,329.96,4,3
#NW12116,2025-05-09 20:53:00,2025-05,CUST-01853,Identified,Online,Online Store,paid,fulfilled,CAD,38.0,,0.0,12.0,6.5,56.5,0.0,56.5,1,1
#NW12117,2025-05-06 09:53:00,2025-05,CUST-01384,Identified,Online,Online Store,paid,fulfilled,CAD,68.0,,0.0,12.0,10.4,90.4,0.0,90.4,1,1
#NW12118,2025-05-10 10:47:00,2025-05,CUST-01342,Identified,Online,Online Store,paid,fulfilled,CAD,110.0,,0.0,12.0,15.86,137.86,0.0,137.86,2,2
#NW12119,2025-05-02 13:26:00,2025-05,CUST-01794,Identified,Online,Online Store,paid,fulfilled,CAD,176.0,SPRING10,17.6,0.0,20.59,178.99,0.0,178.99,2,2
#NW12120,2025-05-02 21:05:00,2025-05,CUST-00544,Identified,Online,Online Store,paid,fulfilled,CAD,112.0,HOLIDAY15,16.8,12.0,13.94,121.14,0.0,121.14,1,1
#NW12121,2025-05-31 13:01:00,2025-05,CUST-00568,Identified,Online,Online Store,paid,fulfilled,CAD,176.0,,0.0,0.0,22.88,198.88,0.0,198.88,2,1
#NW12122,2025-05-18 19:08:00,2025-05,CUST-01389,Identified,Online,Online Store,paid,fulfilled,CAD,72.0,,0.0,12.0,10.92,94.92,0.0,94.92,1,1
#NW12123,2025-05-02 18:06:00,2025-05,CUST-01888,Identified,Online,Online Store,paid,fulfilled,CAD,198.0,,0.0,0.0,25.74,223.74,0.0,223.74,1,1
#NW12124,2025-05-10 13:55:00,2025-05,CUST-00066,Identified,POS,Northwood Toronto,paid,fulfilled,CAD,234.0,,0.0,0.0,30.42,264.42,0.0,264.42,3,2
#NW12125,2025-05-01 16:16:00,2025-05,CUST-00057,Identified,Online,Online Store,paid,fulfilled,CAD,224.0,,0.0,0.0,29.12,253.12,0.0,253.12,3,3
#NW12126,2025-05-26 15:47:00,2025-05,CUST-00611,Identified,Online,Online Store,refunded,fulfilled,CAD,78.0,HOLIDAY15,11.7,12.0,10.18,88.48,88.48,0.0,1,1
#NW12127,2025-05-22 21:22:00,2025-05,CUST-02337,Identified,Online,Online Store,paid,fulfilled,CAD,144.0,,0.0,0.0,18.72,162.72,0.0,162.72,2,1
#NW12128,2025-05-13 13:38:00,2025-05,CUST-00366,Identified,Online,Online Store,paid,fulfilled,CAD,196.0,,0.0,0.0,25.48,221.48,0.0,221.48,2,2
#NW12129,2025-05-16 17:17:00,2025-05,CUST-01678,Identified,POS,Northwood Toronto,paid,fulfilled,CAD,112.0,FALL15,16.8,0.0,12.38,107.58,0.0,107.58,1,1
#NW12130,2025-05-02 19:42:00,2025-05,CUST-01587,Identified,Online,Online Store,paid,fulfilled,CAD,176.0,,0.0,0.0,22.88,198.88,0.0,198.88,2,1
#NW12131,2025-05-18 20:17:00,2025-05,,Guest / Unidentified,POS,Northwood Toronto,paid,fulfilled,CAD,200.0,,0.0,0.0,26.0,226.0,0.0,226.0,2,2
#NW12132,2025-05-26 09:16:00,2025-05,CUST-01620,Identified,Online,Online Store,paid,fulfilled,CAD,76.0,HOLIDAY15,11.4,12.0,9.96,86.56,0.0,86.56,2,1
#NW12133,2025-05-06 20:24:00,2025-05,CUST-01389,Identified,Online,Online Store,paid,fulfilled,CAD,72.0,,0.0,12.0,10.92,94.92,0.0,94.92,1,1
#NW12134,2025-05-01 13:48:00,2025-05,CUST-00757,Identified,POS,Northwood Toronto,paid,fulfilled,CAD,312.0,,0.0,0.0,40.56,352.56,0.0,352.56,4,4
#NW12135,2025-05-13 10:33:00,2025-05,CUST-01815,Identified,Online,Online Store,paid,fulfilled,CAD,72.0,,0.0,12.0,10.92,94.92,0.0,94.92,1,1
#NW12136,2025-05-28 19:00:00,2025-05,CUST-01137,Identified,Online,Online Store,paid,fulfilled,CAD,226.0,,0.0,0.0,29.38,255.38,0.0,255.38,2,2
#NW12137,2025-05-14 09:38:00,2025-05,CUST-00363,Identified,POS,Northwood Toronto,paid,fulfilled,CAD,464.0,,0.0,0.0,60.32,524.32,0.0,524.32,3,2
#NW12138,2025-05-16 16:13:00,2025-05,CUST-00679,Identified,Online,Online Store,paid,fulfilled,CAD,204.0,,0.0,0.0,26.52,230.52,0.0,230.52,3,2
#NW12139,2025-05-22 17:09:00,2025-05,CUST-00102,Identified,Online,Online Store,paid,fulfilled,CAD,114.0,,0.0,12.0,16.38,142.38,0.0,142.38,3,2
#NW12140,2025-05-26 16:49:00,2025-05,CUST-00725,Identified,POS,Northwood Toronto,paid,fulfilled,CAD,158.0,,0.0,0.0,20.54,178.54,0.0,178.54,1,1
#NW12141,2025-05-16 16:38:00,2025-05,CUST-02299,Identified,Online,Online Store,paid,fulfilled,CAD,444.0,,0.0,0.0,57.72,501.72,0.0,501.72,3,2
#NW12142,2025-05-12 14:36:00,2025-05,CUST-01822,Identified,Online,Online Store,paid,fulfilled,CAD,28.0,,0.0,12.0,5.2,45.2,0.0,45.2,1,1
#NW12143,2025-05-19 15:16:00,2025-05,CUST-00535,Identified,Online,Online Store,paid,fulfilled,CAD,48.0,,0.0,12.0,7.8,67.8,0.0,67.8,1,1
#NW12144,2025-05-02 17:45:00,2025-05,CUST-01256,Identified,Online,Online Store,paid,fulfilled,CAD,336.0,,0.0,0.0,43.68,379.68,0.0,379.68,4,3
#NW12145,2025-05-31 21:17:00,2025-05,CUST-02220,Identified,Online,Online Store,paid,fulfilled,CAD,88.0,,0.0,12.0,13.0,113.0,0.0,113.0,1,1
#NW12146,2025-05-14 12:02:00,2025-05,CUST-00217,Identified,Online,Online Store,paid,fulfilled,CAD,140.0,SPRING10,14.0,0.0,16.38,142.38,0.0,142.38,2,2
#NW12147,2025-05-01 12:48:00,2025-05,CUST-02336,Identified,Online,Online Store,paid,fulfilled,CAD,158.0,SPRING10,15.8,0.0,18.49,160.69,0.0,160.69,1,1
#NW12148,2025-05-03 19:42:00,2025-05,CUST-02138,Identified,Online,Online Store,paid,fulfilled,CAD,236.0,,0.0,0.0,30.68,266.68,0.0,266.68,2,1
#NW12149,2025-05-01 10:16:00,2025-05,CUST-00088,Identified,Online,Online Store,paid,fulfilled,CAD,98.0,,0.0,12.0,14.3,124.3,0.0,124.3,1,1
#NW12150,2025-05-19 09:09:00,2025-05,CUST-01950,Identified,Online,Online Store,paid,fulfilled,CAD,96.0,,0.0,12.0,14.04,122.04,0.0,122.04,2,1
#NW12151,2025-05-20 18:41:00,2025-05,CUST-02059,Identified,POS,Northwood Toronto,paid,fulfilled,CAD,88.0,,0.0,0.0,11.44,99.44,0.0,99.44,1,1
#NW12152,2025-05-08 12:05:00,2025-05,CUST-00077,Identified,Online,Online Store,partially_refunded,fulfilled,CAD,652.0,,0.0,0.0,84.76,736.76,395.61,341.15,4,3
#NW12153,2025-05-19 21:24:00,2025-05,CUST-00493,Identified,Online,Online Store,paid,fulfilled,CAD,72.0,WELCOME10,7.2,12.0,9.98,86.78,0.0,86.78,1,1
#NW12154,2025-05-01 13:11:00,2025-05,CUST-02179,Identified,POS,Northwood Toronto,paid,fulfilled,CAD,198.0,,0.0,0.0,25.74,223.74,0.0,223.74,1,1
#NW12155,2025-05-31 16:36:00,2025-05,CUST-00329,Identified,Online,Online Store,paid,fulfilled,CAD,444.0,,0.0,0.0,57.72,501.72,0.0,501.72,3,2
#NW12156,2025-05-11 18:05:00,2025-05,CUST-00632,Identified,Online,Online Store,paid,fulfilled,CAD,118.0,,0.0,12.0,16.9,146.9,0.0,146.9,1,1
#NW12157,2025-05-19 09:01:00,2025-05,CUST-01127,Identified,Online,Online Store,paid,fulfilled,CAD,324.0,HOLIDAY15,48.6,0.0,35.8,311.2,0.0,311.2,3,3
#NW12158,2025-05-16 13:34:00,2025-05,CUST-00640,Identified,Online,Online Store,paid,fulfilled,CAD,316.0,,0.0,0.0,41.08,357.08,0.0,357.08,2,1
#NW12159,2025-05-06 21:02:00,2025-05,CUST-01057,Identified,Online,Online Store,paid,fulfilled,CAD,176.0,SPRING10,17.6,0.0,20.59,178.99,0.0,178.99,2,1
#NW12160,2025-05-18 21:22:00,2025-05,CUST-01820,Identified,Online,Online Store,paid,fulfilled,CAD,126.0,,0.0,0.0,16.38,142.38,0.0,142.38,2,2
#NW12161,2025-05-09 09:42:00,2025-05,CUST-00347,Identified,Online,Online Store,paid,fulfilled,CAD,570.0,,0.0,0.0,74.1,644.1,0.0,644.1,5,3
#NW12162,2025-05-21 11:59:00,2025-05,CUST-02186,Identified,Online,Online Store,paid,fulfilled,CAD,38.0,,0.0,12.0,6.5,56.5,0.0,56.5,1,1
#NW12163,2025-05-30 16:12:00,2025-05,CUST-01313,Identified,POS,Northwood Toronto,paid,fulfilled,CAD,28.0,,0.0,0.0,3.64,31.64,0.0,31.64,1,1
#NW12164,2025-05-10 10:15:00,2025-05,CUST-01079,Identified,Online,Online Store,paid,fulfilled,CAD,78.0,,0.0,12.0,11.7,101.7,0.0,101.7,1,1
#NW12165,2025-05-20 20:22:00,2025-05,CUST-00185,Identified,Online,Online Store,paid,fulfilled,CAD,38.0,WELCOME10,3.8,12.0,6.01,52.21,0.0,52.21,1,1
#NW12166,2025-05-16 11:58:00,2025-05,CUST-00619,Identified,Online,Online Store,paid,fulfilled,CAD,270.0,,0.0,0.0,35.1,305.1,0.0,305.1,4,4
#NW12167,2025-05-17 17:56:00,2025-05,CUST-00096,Identified,Online,Online Store,paid,fulfilled,CAD,88.0,,0.0,12.0,13.0,113.0,0.0,113.0,1,1
#NW12168,2025-05-20 21:23:00,2025-05,CUST-01393,Identified,Online,Online Store,paid,fulfilled,CAD,624.0,,0.0,0.0,81.12,705.12,0.0,705.12,3,2
#NW12169,2025-05-19 14:20:00,2025-05,CUST-01791,Identified,Online,Online Store,paid,fulfilled,CAD,394.0,,0.0,0.0,51.22,445.22,0.0,445.22,3,2
#NW12170,2025-05-13 20:44:00,2025-05,CUST-00740,Identified,Online,Online Store,refunded,fulfilled,CAD,72.0,,0.0,12.0,10.92,94.92,94.92,0.0,1,1
#NW12171,2025-05-27 13:45:00,2025-05,CUST-01615,Identified,Online,Online Store,paid,fulfilled,CAD,346.0,SPRING10,34.6,0.0,40.48,351.88,0.0,351.88,2,2
#NW12172,2025-05-25 09:05:00,2025-05,CUST-00099,Identified,Online,Online Store,paid,fulfilled,CAD,224.0,,0.0,0.0,29.12,253.12,0.0,253.12,2,1
#NW12173,2025-05-27 13:32:00,2025-05,CUST-01127,Identified,POS,Northwood Toronto,paid,fulfilled,CAD,72.0,,0.0,0.0,9.36,81.36,0.0,81.36,1,1
#NW12174,2025-05-26 16:07:00,2025-05,CUST-01300,Identified,Online,Online Store,paid,fulfilled,CAD,28.0,,0.0,12.0,5.2,45.2,0.0,45.2,1,1
#NW12175,2025-05-01 21:40:00,2025-05,CUST-01565,Identified,Online,Online Store,paid,fulfilled,CAD,202.0,FALL15,30.3,0.0,22.32,194.02,0.0,194.02,4,3
#NW12176,2025-05-04 10:23:00,2025-05,,Guest / Unidentified,POS,Northwood Toronto,paid,fulfilled,CAD,48.0,WELCOME10,4.8,0.0,5.62,48.82,0.0,48.82,1,1
#NW12177,2025-05-10 13:44:00,2025-05,CUST-00373,Identified,Online,Online Store,paid,fulfilled,CAD,98.0,SPRING10,9.8,12.0,13.03,113.23,0.0,113.23,1,1
#NW12178,2025-05-31 17:47:00,2025-05,CUST-00470,Identified,Online,Online Store,paid,fulfilled,CAD,42.0,SPRING10,4.2,12.0,6.47,56.27,0.0,56.27,1,1
#NW12179,2025-05-17 13:47:00,2025-05,CUST-00407,Identified,Online,Online Store,paid,fulfilled,CAD,88.0,,0.0,12.0,13.0,113.0,0.0,113.0,1,1
#NW12180,2025-05-26 20:11:00,2025-05,CUST-02297,Identified,Online,Online Store,partially_refunded,fulfilled,CAD,158.0,,0.0,0.0,20.54,178.54,37.49,141.04999999999998,1,1
#NW12181,2025-05-17 17:54:00,2025-05,CUST-02141,Identified,Online,Online Store,paid,fulfilled,CAD,72.0,WELCOME10,7.2,12.0,9.98,86.78,0.0,86.78,1,1
#NW12182,2025-05-23 10:23:00,2025-05,CUST-00060,Identified,Online,Online Store,paid,fulfilled,CAD,28.0,,0.0,12.0,5.2,45.2,0.0,45.2,1,1
#NW12183,2025-05-23 11:26:00,2025-05,CUST-00749,Identified,Online,Online Store,partially_refunded,fulfilled,CAD,110.0,,0.0,12.0,15.86,137.86,44.06,93.80000000000001,2,2
#NW12184,2025-05-08 14:33:00,2025-05,CUST-01047,Identified,Online,Online Store,paid,fulfilled,CAD,72.0,,0.0,12.0,10.92,94.92,0.0,94.92,1,1
#NW12185,2025-05-08 13:03:00,2025-05,CUST-00831,Identified,Online,Online Store,paid,fulfilled,CAD,48.0,,0.0,12.0,7.8,67.8,0.0,67.8,1,1
#NW12186,2025-05-08 11:09:00,2025-05,CUST-00632,Identified,Online,Online Store,paid,fulfilled,CAD,218.0,,0.0,0.0,28.34,246.34,0.0,246.34,1,1
#NW12187,2025-05-21 18:04:00,2025-05,CUST-01572,Identified,Online,Online Store,paid,fulfilled,CAD,42.0,,0.0,12.0,7.02,61.02,0.0,61.02,1,1
#NW12188,2025-05-01 15:09:00,2025-05,CUST-01669,Identified,Online,Online Store,paid,fulfilled,CAD,88.0,HOLIDAY15,13.2,12.0,11.28,98.08,0.0,98.08,1,1
#NW12189,2025-05-21 17:41:00,2025-05,CUST-00694,Identified,Online,Online Store,paid,fulfilled,CAD,316.0,,0.0,0.0,41.08,357.08,0.0,357.08,2,1
#NW12190,2025-05-02 18:45:00,2025-05,CUST-00242,Identified,Online,Online Store,paid,fulfilled,CAD,176.0,,0.0,0.0,22.88,198.88,0.0,198.88,2,2
#NW12191,2025-05-30 13:58:00,2025-05,CUST-02337,Identified,Online,Online Store,paid,fulfilled,CAD,128.0,,0.0,0.0,16.64,144.64,0.0,144.64,1,1
#NW12192,2025-05-09 09:06:00,2025-05,CUST-01182,Identified,Online,Online Store,paid,fulfilled,CAD,176.0,,0.0,0.0,22.88,198.88,0.0,198.88,2,2
#NW12193,2025-05-26 10:31:00,2025-05,CUST-01598,Identified,Online,Online Store,paid,fulfilled,CAD,78.0,WELCOME10,7.8,12.0,10.69,92.89,0.0,92.89,1,1
#NW12194,2025-05-17 16:35:00,2025-05,CUST-00240,Identified,Online,Online Store,paid,fulfilled,CAD,236.0,,0.0,0.0,30.68,266.68,0.0,266.68,2,1
#NW12195,2025-05-18 12:59:00,2025-05,CUST-02041,Identified,Online,Online Store,paid,fulfilled,CAD,118.0,HOLIDAY15,17.7,12.0,14.6,126.9,0.0,126.9,1,1
#NW12196,2025-05-06 17:58:00,2025-05,CUST-01598,Identified,Online,Online Store,partially_refunded,fulfilled,CAD,176.0,,0.0,0.0,22.88,198.88,106.62,92.25999999999999,2,2
#NW12197,2025-05-04 10:15:00,2025-05,CUST-00405,Identified,Online,Online Store,paid,fulfilled,CAD,136.0,,0.0,0.0,17.68,153.68,0.0,153.68,2,2
#NW12198,2025-05-12 11:54:00,2025-05,CUST-01311,Identified,Online,Online Store,paid,fulfilled,CAD,116.0,,0.0,12.0,16.64,144.64,0.0,144.64,2,1
#NW12199,2025-05-15 10:52:00,2025-05,CUST-00887,Identified,Online,Online Store,paid,fulfilled,CAD,738.0,,0.0,0.0,95.94,833.94,0.0,833.94,5,3
#NW12200,2025-05-23 21:29:00,2025-05,CUST-00387,Identified,POS,Northwood Toronto,paid,fulfilled,CAD,900.0,,0.0,0.0,117.0,1017.0,0.0,1017.0,7,4
#NW12201,2025-05-02 14:49:00,2025-05,CUST-01328,Identified,Online,Online Store,paid,fulfilled,CAD,224.0,,0.0,0.0,29.12,253.12,0.0,253.12,3,2
#NW12202,2025-05-02 19:11:00,2025-05,CUST-02180,Identified,POS,Northwood Toronto,paid,fulfilled,CAD,112.0,FALL15,16.8,0.0,12.38,107.58,0.0,107.58,1,1
#NW12203,2025-05-23 10:03:00,2025-05,CUST-00454,Identified,Online,Online Store,paid,fulfilled,CAD,140.0,FALL15,21.0,0.0,15.47,134.47,0.0,134.47,2,2
#NW12204,2025-05-29 16:22:00,2025-05,CUST-00496,Identified,Online,Online Store,paid,fulfilled,CAD,116.0,,0.0,12.0,16.64,144.64,0.0,144.64,2,1
#NW12205,2025-05-02 18:02:00,2025-05,CUST-00822,Identified,Online,Online Store,paid,fulfilled,CAD,372.0,,0.0,0.0,48.36,420.36,0.0,420.36,4,2
#NW12206,2025-05-30 19:57:00,2025-05,CUST-00830,Identified,POS,Northwood Toronto,paid,fulfilled,CAD,66.0,HOLIDAY15,9.9,0.0,7.29,63.39,0.0,63.39,2,2
#NW12207,2025-05-20 21:01:00,2025-05,CUST-00982,Identified,Online,Online Store,paid,fulfilled,CAD,218.0,,0.0,0.0,28.34,246.34,0.0,246.34,1,1
#NW12208,2025-05-21 10:29:00,2025-05,CUST-00969,Identified,POS,Northwood Toronto,paid,fulfilled,CAD,38.0,,0.0,0.0,4.94,42.94,0.0,42.94,1,1
#NW12209,2025-05-03 17:05:00,2025-05,CUST-02020,Identified,Online,Online Store,paid,fulfilled,CAD,56.0,,0.0,12.0,8.84,76.84,0.0,76.84,2,1
#NW12210,2025-05-16 20:00:00,2025-05,CUST-02084,Identified,POS,Northwood Toronto,paid,fulfilled,CAD,38.0,,0.0,0.0,4.94,42.94,0.0,42.94,1,1
#NW12211,2025-05-05 16:22:00,2025-05,CUST-02067,Identified,Online,Online Store,paid,fulfilled,CAD,142.0,,0.0,0.0,18.46,160.46,0.0,160.46,3,3
#NW12212,2025-05-22 13:17:00,2025-05,CUST-01578,Identified,Online,Online Store,paid,fulfilled,CAD,176.0,,0.0,0.0,22.88,198.88,0.0,198.88,2,2
#NW12213,2025-05-07 19:42:00,2025-05,CUST-00655,Identified,Online,Online Store,paid,fulfilled,CAD,496.0,,0.0,0.0,64.48,560.48,0.0,560.48,2,1
#NW12214,2025-05-31 13:17:00,2025-05,CUST-01104,Identified,Online,Online Store,paid,fulfilled,CAD,98.0,FALL15,14.7,12.0,12.39,107.69,0.0,107.69,1,1
#NW12215,2025-05-09 15:08:00,2025-05,CUST-00249,Identified,Online,Online Store,paid,fulfilled,CAD,216.0,,0.0,0.0,28.08,244.08,0.0,244.08,2,1
#NW12216,2025-05-28 14:34:00,2025-05,CUST-00526,Identified,Online,Online Store,paid,fulfilled,CAD,68.0,,0.0,12.0,10.4,90.4,0.0,90.4,1,1
#NW12217,2025-05-14 17:06:00,2025-05,CUST-01904,Identified,Online,Online Store,paid,fulfilled,CAD,164.0,,0.0,0.0,21.32,185.32,0.0,185.32,3,2
#NW12218,2025-05-10 15:27:00,2025-05,CUST-02266,Identified,Online,Online Store,paid,fulfilled,CAD,42.0,,0.0,12.0,7.02,61.02,0.0,61.02,1,1
#NW12219,2025-05-25 09:19:00,2025-05,CUST-01988,Identified,Online,Online Store,paid,fulfilled,CAD,88.0,,0.0,12.0,13.0,113.0,0.0,113.0,1,1
#NW12220,2025-05-22 14:23:00,2025-05,CUST-01575,Identified,POS,Northwood Toronto,paid,fulfilled,CAD,446.0,,0.0,0.0,57.98,503.98,0.0,503.98,4,3
#NW12221,2025-05-03 17:52:00,2025-05,CUST-01984,Identified,Online,Online Store,refunded,fulfilled,CAD,316.0,,0.0,0.0,41.08,357.08,357.08,0.0,2,1
#NW12222,2025-05-15 17:53:00,2025-05,,Guest / Unidentified,POS,Northwood Toronto,paid,fulfilled,CAD,88.0,,0.0,0.0,11.44,99.44,0.0,99.44,1,1
#NW12223,2025-05-15 15:24:00,2025-05,CUST-01670,Identified,Online,Online Store,paid,fulfilled,CAD,78.0,,0.0,12.0,11.7,101.7,0.0,101.7,1,1
#NW12224,2025-05-10 17:41:00,2025-05,CUST-00958,Identified,Online,Online Store,paid,fulfilled,CAD,48.0,,0.0,12.0,7.8,67.8,0.0,67.8,1,1
#NW12225,2025-05-14 17:19:00,2025-05,CUST-00077,Identified,Online,Online Store,paid,fulfilled,CAD,160.0,,0.0,0.0,20.8,180.8,0.0,180.8,2,2
#NW12226,2025-05-14 11:08:00,2025-05,CUST-01103,Identified,Online,Online Store,paid,fulfilled,CAD,72.0,,0.0,12.0,10.92,94.92,0.0,94.92,1,1
#NW12227,2025-05-30 16:12:00,2025-05,CUST-00366,Identified,Online,Online Store,paid,fulfilled,CAD,164.0,,0.0,0.0,21.32,185.32,0.0,185.32,3,2
#NW12228,2025-05-22 20:13:00,2025-05,CUST-01009,Identified,Online,Online Store,paid,fulfilled,CAD,68.0,,0.0,12.0,10.4,90.4,0.0,90.4,1,1
#NW12229,2025-05-13 14:38:00,2025-05,CUST-02273,Identified,Online,Online Store,paid,fulfilled,CAD,38.0,FALL15,5.7,12.0,5.76,50.06,0.0,50.06,1,1
#NW12230,2025-05-15 11:14:00,2025-05,CUST-00452,Identified,Online,Online Store,paid,fulfilled,CAD,196.0,,0.0,0.0,25.48,221.48,0.0,221.48,2,2
#NW12231,2025-05-21 18:41:00,2025-05,CUST-01248,Identified,Online,Online Store,paid,fulfilled,CAD,256.0,,0.0,0.0,33.28,289.28,0.0,289.28,2,1
#NW12232,2025-05-12 14:11:00,2025-05,CUST-01988,Identified,Online,Online Store,paid,fulfilled,CAD,128.0,,0.0,0.0,16.64,144.64,0.0,144.64,1,1
#NW12233,2025-05-20 10:57:00,2025-05,CUST-01827,Identified,POS,Northwood Toronto,paid,fulfilled,CAD,208.0,,0.0,0.0,27.04,235.04,0.0,235.04,3,2
#NW12234,2025-05-10 16:57:00,2025-05,CUST-00079,Identified,POS,Northwood Toronto,paid,fulfilled,CAD,402.0,,0.0,0.0,52.26,454.26,0.0,454.26,4,3
#NW12235,2025-05-09 18:20:00,2025-05,CUST-00876,Identified,Online,Online Store,paid,fulfilled,CAD,126.0,,0.0,0.0,16.38,142.38,0.0,142.38,2,2
#NW12236,2025-05-15 18:20:00,2025-05,CUST-01658,Identified,Online,Online Store,paid,fulfilled,CAD,158.0,,0.0,0.0,20.54,178.54,0.0,178.54,1,1
#NW12237,2025-05-20 17:32:00,2025-05,CUST-00584,Identified,Online,Online Store,partially_refunded,fulfilled,CAD,38.0,,0.0,12.0,6.5,56.5,15.14,41.36,1,1
#NW12238,2025-05-10 09:38:00,2025-05,CUST-00013,Identified,Online,Online Store,paid,fulfilled,CAD,298.0,,0.0,0.0,38.74,336.74,0.0,336.74,3,3
#NW12239,2025-05-18 13:20:00,2025-05,CUST-02214,Identified,Online,Online Store,paid,fulfilled,CAD,88.0,WELCOME10,8.8,12.0,11.86,103.06,0.0,103.06,1,1
#NW12240,2025-05-23 12:44:00,2025-05,CUST-00689,Identified,Online,Online Store,paid,fulfilled,CAD,48.0,,0.0,12.0,7.8,67.8,0.0,67.8,1,1
#NW12241,2025-05-19 13:40:00,2025-05,CUST-01005,Identified,Online,Online Store,paid,fulfilled,CAD,216.0,,0.0,0.0,28.08,244.08,0.0,244.08,2,1
#NW12242,2025-05-06 15:44:00,2025-05,CUST-02202,Identified,Online,Online Store,paid,fulfilled,CAD,88.0,,0.0,12.0,13.0,113.0,0.0,113.0,1,1
#NW12243,2025-05-07 17:00:00,2025-05,CUST-01649,Identified,Online,Online Store,paid,fulfilled,CAD,448.0,,0.0,0.0,58.24,506.24,0.0,506.24,3,3
#NW12244,2025-05-24 11:02:00,2025-05,,Guest / Unidentified,POS,Northwood Toronto,paid,fulfilled,CAD,76.0,,0.0,0.0,9.88,85.88,0.0,85.88,2,1
#NW12245,2025-05-04 09:11:00,2025-05,CUST-00090,Identified,Online,Online Store,paid,fulfilled,CAD,384.0,HOLIDAY15,57.6,0.0,42.43,368.83,0.0,368.83,3,2
#NW12246,2025-05-05 12:29:00,2025-05,CUST-00172,Identified,POS,Northwood Toronto,paid,fulfilled,CAD,194.0,,0.0,0.0,25.22,219.22,0.0,219.22,3,3
#NW12247,2025-05-02 18:09:00,2025-05,CUST-00005,Identified,Online,Online Store,paid,fulfilled,CAD,184.0,,0.0,0.0,23.92,207.92,0.0,207.92,2,2
#NW12248,2025-05-22 12:07:00,2025-05,CUST-01476,Identified,Online,Online Store,paid,fulfilled,CAD,58.0,,0.0,12.0,9.1,79.1,0.0,79.1,1,1
#NW12249,2025-05-10 11:07:00,2025-05,CUST-01185,Identified,Online,Online Store,paid,fulfilled,CAD,158.0,,0.0,0.0,20.54,178.54,0.0,178.54,1,1
#NW12250,2025-05-16 15:38:00,2025-05,CUST-00686,Identified,POS,Northwood Toronto,paid,fulfilled,CAD,88.0,,0.0,0.0,11.44,99.44,0.0,99.44,1,1
#NW12251,2025-05-08 10:56:00,2025-05,CUST-00003,Identified,Online,Online Store,paid,fulfilled,CAD,128.0,,0.0,0.0,16.64,144.64,0.0,144.64,1,1
#NW12252,2025-05-26 17:42:00,2025-05,CUST-00247,Identified,POS,Northwood Toronto,paid,fulfilled,CAD,244.0,,0.0,0.0,31.72,275.72,0.0,275.72,3,2
#NW12253,2025-05-15 09:48:00,2025-05,CUST-01941,Identified,Online,Online Store,paid,fulfilled,CAD,72.0,,0.0,12.0,10.92,94.92,0.0,94.92,1,1
#NW12254,2025-05-18 14:28:00,2025-05,CUST-01120,Identified,Online,Online Store,paid,fulfilled,CAD,246.0,,0.0,0.0,31.98,277.98,0.0,277.98,2,2
#NW12255,2025-05-18 13:45:00,2025-05,CUST-01028,Identified,Online,Online Store,paid,fulfilled,CAD,234.0,,0.0,0.0,30.42,264.42,0.0,264.42,3,2
#NW12256,2025-05-31 17:39:00,2025-05,CUST-01558,Identified,Online,Online Store,paid,fulfilled,CAD,56.0,,0.0,12.0,8.84,76.84,0.0,76.84,2,1
#NW12257,2025-05-07 10:15:00,2025-05,CUST-00967,Identified,Online,Online Store,refunded,fulfilled,CAD,652.0,,0.0,0.0,84.76,736.76,736.77,-0.009999999999990905,4,3
#NW12258,2025-05-04 10:49:00,2025-05,CUST-00903,Identified,Online,Online Store,paid,fulfilled,CAD,88.0,,0.0,12.0,13.0,113.0,0.0,113.0,1,1
#NW12259,2025-05-22 14:02:00,2025-05,CUST-02290,Identified,POS,Northwood Toronto,refunded,fulfilled,CAD,86.0,,0.0,0.0,11.18,97.18,97.18,0.0,2,2
#NW12260,2025-05-01 11:00:00,2025-05,CUST-01872,Identified,Online,Online Store,paid,fulfilled,CAD,88.0,,0.0,12.0,13.0,113.0,0.0,113.0,1,1
#NW12261,2025-05-30 13:21:00,2025-05,CUST-00757,Identified,Online,Online Store,paid,fulfilled,CAD,198.0,,0.0,0.0,25.74,223.74,0.0,223.74,1,1
#NW12262,2025-05-25 18:11:00,2025-05,CUST-01745,Identified,Online,Online Store,paid,fulfilled,CAD,76.0,,0.0,12.0,11.44,99.44,0.0,99.44,2,1
#NW12263,2025-05-29 15:25:00,2025-05,CUST-02188,Identified,Online,Online Store,paid,fulfilled,CAD,562.0,,0.0,0.0,73.06,635.06,0.0,635.06,4,3
#NW12264,2025-05-16 15:48:00,2025-05,CUST-01497,Identified,Online,Online Store,partially_refunded,fulfilled,CAD,374.0,,0.0,0.0,48.62,422.62,91.82,330.8,3,2
#NW12265,2025-05-02 12:57:00,2025-05,CUST-01232,Identified,Online,Online Store,paid,fulfilled,CAD,198.0,,0.0,0.0,25.74,223.74,0.0,223.74,1,1
#NW12266,2025-05-10 19:21:00,2025-05,CUST-00831,Identified,Online,Online Store,paid,fulfilled,CAD,88.0,,0.0,12.0,13.0,113.0,0.0,113.0,1,1
#NW12267,2025-05-16 09:28:00,2025-05,CUST-00022,Identified,Online,Online Store,paid,fulfilled,CAD,170.0,,0.0,0.0,22.1,192.1,0.0,192.1,2,2
#NW12268,2025-05-14 15:58:00,2025-05,CUST-00291,Identified,Online,Online Store,paid,fulfilled,CAD,28.0,,0.0,12.0,5.2,45.2,0.0,45.2,1,1
#NW12269,2025-05-29 21:10:00,2025-05,CUST-00573,Identified,Online,Online Store,paid,fulfilled,CAD,286.0,,0.0,0.0,37.18,323.18,0.0,323.18,2,2
#NW12270,2025-05-18 17:45:00,2025-05,CUST-02280,Identified,Online,Online Store,paid,fulfilled,CAD,274.0,,0.0,0.0,35.62,309.62,0.0,309.62,4,3
#NW12271,2025-05-28 13:18:00,2025-05,CUST-01145,Identified,Online,Online Store,paid,fulfilled,CAD,76.0,,0.0,12.0,11.44,99.44,0.0,99.44,2,1
#NW12272,2025-05-15 18:02:00,2025-05,CUST-01770,Identified,POS,Northwood Toronto,paid,fulfilled,CAD,88.0,,0.0,0.0,11.44,99.44,0.0,99.44,1,1
#NW12273,2025-05-28 14:57:00,2025-05,CUST-00864,Identified,Online,Online Store,refunded,fulfilled,CAD,68.0,,0.0,12.0,10.4,90.4,90.4,0.0,1,1
#NW12274,2025-05-31 16:36:00,2025-05,CUST-01389,Identified,Online,Online Store,paid,fulfilled,CAD,176.0,SPRING10,17.6,0.0,20.59,178.99,0.0,178.99,2,1
#NW12275,2025-05-12 12:57:00,2025-05,CUST-01304,Identified,Online,Online Store,paid,fulfilled,CAD,302.0,,0.0,0.0,39.26,341.26,0.0,341.26,4,3
#NW12276,2025-05-06 12:46:00,2025-05,CUST-01404,Identified,Online,Online Store,paid,fulfilled,CAD,56.0,,0.0,12.0,8.84,76.84,0.0,76.84,2,1
#NW12277,2025-05-21 14:30:00,2025-05,,Guest / Unidentified,POS,Northwood Toronto,paid,fulfilled,CAD,422.0,,0.0,0.0,54.86,476.86,0.0,476.86,4,3
#NW12278,2025-05-17 15:23:00,2025-05,CUST-01824,Identified,Online,Online Store,paid,fulfilled,CAD,144.0,,0.0,0.0,18.72,162.72,0.0,162.72,2,1
#NW12279,2025-05-23 12:07:00,2025-05,CUST-01119,Identified,POS,Northwood Toronto,paid,fulfilled,CAD,252.0,,0.0,0.0,32.76,284.76,0.0,284.76,4,2
#NW12280,2025-05-23 19:22:00,2025-05,CUST-00490,Identified,Online,Online Store,paid,fulfilled,CAD,186.0,,0.0,0.0,24.18,210.18,0.0,210.18,2,2
#NW12281,2025-06-19 09:29:00,2025-06,CUST-01318,Identified,Online,Online Store,paid,fulfilled,CAD,416.0,,0.0,0.0,54.08,470.08,0.0,470.08,5,3
#NW12282,2025-06-28 19:50:00,2025-06,CUST-00834,Identified,Online,Online Store,paid,fulfilled,CAD,608.0,,0.0,0.0,79.04,687.04,0.0,687.04,3,2
#NW12283,2025-06-10 16:44:00,2025-06,CUST-00863,Identified,POS,Northwood Toronto,paid,fulfilled,CAD,134.0,,0.0,0.0,17.42,151.42,0.0,151.42,3,2
#NW12284,2025-06-03 14:21:00,2025-06,CUST-01884,Identified,Online,Online Store,paid,fulfilled,CAD,324.0,,0.0,0.0,42.12,366.12,0.0,366.12,3,2
#NW12285,2025-06-14 11:29:00,2025-06,CUST-01346,Identified,Online,Online Store,paid,fulfilled,CAD,110.0,,0.0,12.0,15.86,137.86,0.0,137.86,2,2
#NW12286,2025-06-30 10:06:00,2025-06,CUST-00741,Identified,Online,Online Store,paid,fulfilled,CAD,98.0,,0.0,12.0,14.3,124.3,0.0,124.3,1,1
#NW12287,2025-06-02 15:48:00,2025-06,CUST-00548,Identified,Online,Online Store,paid,fulfilled,CAD,524.0,HOLIDAY15,78.6,0.0,57.9,503.3,0.0,503.3,3,2
#NW12288,2025-06-06 19:34:00,2025-06,CUST-01725,Identified,POS,Northwood Toronto,paid,fulfilled,CAD,144.0,,0.0,0.0,18.72,162.72,0.0,162.72,2,1
#NW12289,2025-06-06 15:05:00,2025-06,CUST-01952,Identified,Online,Online Store,paid,fulfilled,CAD,110.0,WELCOME10,11.0,12.0,14.43,125.43,0.0,125.43,2,2
#NW12290,2025-06-12 11:14:00,2025-06,CUST-02309,Identified,Online,Online Store,paid,fulfilled,CAD,218.0,WELCOME10,21.8,0.0,25.51,221.71,0.0,221.71,1,1
#NW12291,2025-06-26 10:01:00,2025-06,CUST-00040,Identified,Online,Online Store,paid,fulfilled,CAD,264.0,,0.0,0.0,34.32,298.32,0.0,298.32,3,2
#NW12292,2025-06-25 19:10:00,2025-06,CUST-00260,Identified,Online,Online Store,paid,fulfilled,CAD,152.0,,0.0,0.0,19.76,171.76,0.0,171.76,4,3
#NW12293,2025-06-26 17:02:00,2025-06,CUST-01693,Identified,Online,Online Store,paid,fulfilled,CAD,216.0,,0.0,0.0,28.08,244.08,0.0,244.08,2,1
#NW12294,2025-06-26 12:45:00,2025-06,CUST-00286,Identified,Online,Online Store,paid,fulfilled,CAD,236.0,,0.0,0.0,30.68,266.68,0.0,266.68,2,1
#NW12295,2025-06-18 15:40:00,2025-06,CUST-01609,Identified,Online,Online Store,paid,fulfilled,CAD,364.0,,0.0,0.0,47.32,411.32,0.0,411.32,3,2
#NW12296,2025-06-20 14:04:00,2025-06,CUST-02266,Identified,Online,Online Store,paid,fulfilled,CAD,88.0,,0.0,12.0,13.0,113.0,0.0,113.0,1,1
#NW12297,2025-06-03 19:45:00,2025-06,CUST-00333,Identified,POS,Northwood Toronto,paid,fulfilled,CAD,286.0,,0.0,0.0,37.18,323.18,0.0,323.18,2,2
#NW12298,2025-06-14 19:38:00,2025-06,CUST-02215,Identified,Online,Online Store,paid,fulfilled,CAD,352.0,,0.0,0.0,45.76,397.76,0.0,397.76,3,2
#NW12299,2025-06-03 10:18:00,2025-06,CUST-02207,Identified,Online,Online Store,paid,fulfilled,CAD,72.0,,0.0,12.0,10.92,94.92,0.0,94.92,1,1
#NW12300,2025-06-24 17:59:00,2025-06,CUST-00127,Identified,Online,Online Store,paid,fulfilled,CAD,790.0,SPRING10,79.0,0.0,92.43,803.43,0.0,803.43,5,4
#NW12301,2025-06-27 11:58:00,2025-06,CUST-01824,Identified,POS,Northwood Toronto,paid,fulfilled,CAD,88.0,,0.0,0.0,11.44,99.44,0.0,99.44,1,1
#NW12302,2025-06-16 12:43:00,2025-06,CUST-00964,Identified,Online,Online Store,partially_refunded,fulfilled,CAD,206.0,,0.0,0.0,26.78,232.78,84.72,148.06,2,2
#NW12303,2025-06-25 14:48:00,2025-06,CUST-01446,Identified,POS,Northwood Toronto,paid,fulfilled,CAD,176.0,WELCOME10,17.6,0.0,20.59,178.99,0.0,178.99,2,1
#NW12304,2025-06-05 21:48:00,2025-06,CUST-01542,Identified,Online,Online Store,paid,fulfilled,CAD,198.0,,0.0,0.0,25.74,223.74,0.0,223.74,1,1
#NW12305,2025-06-19 10:40:00,2025-06,CUST-01467,Identified,Online,Online Store,paid,fulfilled,CAD,150.0,,0.0,0.0,19.5,169.5,0.0,169.5,2,2
#NW12306,2025-06-18 15:30:00,2025-06,CUST-00534,Identified,Online,Online Store,paid,fulfilled,CAD,128.0,,0.0,0.0,16.64,144.64,0.0,144.64,1,1
#NW12307,2025-06-25 12:23:00,2025-06,CUST-00726,Identified,Online,Online Store,refunded,fulfilled,CAD,112.0,,0.0,12.0,16.12,140.12,140.12,0.0,1,1
#NW12308,2025-06-15 12:26:00,2025-06,CUST-00035,Identified,POS,Northwood Toronto,refunded,fulfilled,CAD,232.0,,0.0,0.0,30.16,262.16,262.16,0.0,3,2
#NW12309,2025-06-13 10:01:00,2025-06,CUST-01717,Identified,Online,Online Store,paid,fulfilled,CAD,158.0,SPRING10,15.8,0.0,18.49,160.69,0.0,160.69,1,1
#NW12310,2025-06-16 14:42:00,2025-06,CUST-01896,Identified,Online,Online Store,paid,fulfilled,CAD,48.0,,0.0,12.0,7.8,67.8,0.0,67.8,1,1
#NW12311,2025-06-01 14:23:00,2025-06,CUST-01339,Identified,POS,Northwood Toronto,paid,fulfilled,CAD,78.0,,0.0,0.0,10.14,88.14,0.0,88.14,1,1
#NW12312,2025-06-27 12:51:00,2025-06,CUST-01065,Identified,Online,Online Store,paid,fulfilled,CAD,232.0,,0.0,0.0,30.16,262.16,0.0,262.16,3,2
#NW12313,2025-06-01 13:21:00,2025-06,CUST-01821,Identified,Online,Online Store,paid,fulfilled,CAD,38.0,,0.0,12.0,6.5,56.5,0.0,56.5,1,1
#NW12314,2025-06-25 14:41:00,2025-06,CUST-00039,Identified,POS,Northwood Toronto,paid,fulfilled,CAD,216.0,,0.0,0.0,28.08,244.08,0.0,244.08,2,1
#NW12315,2025-06-03 15:04:00,2025-06,CUST-01440,Identified,Online,Online Store,paid,fulfilled,CAD,68.0,,0.0,12.0,10.4,90.4,0.0,90.4,1,1
#NW12316,2025-06-11 17:49:00,2025-06,CUST-00082,Identified,Online,Online Store,paid,fulfilled,CAD,206.0,,0.0,0.0,26.78,232.78,0.0,232.78,2,2
#NW12317,2025-06-05 10:32:00,2025-06,CUST-01152,Identified,Online,Online Store,paid,fulfilled,CAD,166.0,,0.0,0.0,21.58,187.58,0.0,187.58,2,2
#NW12318,2025-06-21 19:48:00,2025-06,CUST-01466,Identified,Online,Online Store,paid,fulfilled,CAD,230.0,,0.0,0.0,29.9,259.9,0.0,259.9,2,2
#NW12319,2025-06-03 19:55:00,2025-06,CUST-00785,Identified,Online,Online Store,paid,fulfilled,CAD,496.0,,0.0,0.0,64.48,560.48,0.0,560.48,2,1
#NW12320,2025-06-30 09:35:00,2025-06,CUST-00369,Identified,POS,Northwood Toronto,paid,fulfilled,CAD,42.0,,0.0,0.0,5.46,47.46,0.0,47.46,1,1
#NW12321,2025-06-26 17:52:00,2025-06,CUST-01242,Identified,Online,Online Store,paid,fulfilled,CAD,38.0,,0.0,12.0,6.5,56.5,0.0,56.5,1,1
#NW12322,2025-06-12 14:31:00,2025-06,CUST-00906,Identified,Online,Online Store,paid,fulfilled,CAD,78.0,FALL15,11.7,12.0,10.18,88.48,0.0,88.48,1,1
#NW12323,2025-06-10 21:16:00,2025-06,CUST-00960,Identified,Online,Online Store,paid,fulfilled,CAD,48.0,,0.0,12.0,7.8,67.8,0.0,67.8,1,1
#NW12324,2025-06-21 10:34:00,2025-06,CUST-02268,Identified,Online,Online Store,paid,fulfilled,CAD,38.0,,0.0,12.0,6.5,56.5,0.0,56.5,1,1
#NW12325,2025-06-25 14:20:00,2025-06,CUST-01487,Identified,Online,Online Store,paid,fulfilled,CAD,524.0,,0.0,0.0,68.12,592.12,0.0,592.12,5,3
#NW12326,2025-06-24 11:49:00,2025-06,CUST-00151,Identified,Online,Online Store,paid,fulfilled,CAD,78.0,,0.0,12.0,11.7,101.7,0.0,101.7,1,1
#NW12327,2025-06-12 11:57:00,2025-06,CUST-01150,Identified,Online,Online Store,paid,fulfilled,CAD,186.0,,0.0,0.0,24.18,210.18,0.0,210.18,3,2
#NW12328,2025-06-21 11:28:00,2025-06,CUST-01212,Identified,Online,Online Store,paid,fulfilled,CAD,98.0,,0.0,12.0,14.3,124.3,0.0,124.3,1,1
#NW12329,2025-06-12 09:40:00,2025-06,CUST-00857,Identified,Online,Online Store,paid,fulfilled,CAD,256.0,,0.0,0.0,33.28,289.28,0.0,289.28,2,1
#NW12330,2025-06-20 19:54:00,2025-06,CUST-00030,Identified,Online,Online Store,paid,fulfilled,CAD,68.0,,0.0,12.0,10.4,90.4,0.0,90.4,1,1
#NW12331,2025-06-03 12:59:00,2025-06,CUST-00682,Identified,POS,Northwood Toronto,paid,fulfilled,CAD,296.0,,0.0,0.0,38.48,334.48,0.0,334.48,3,2
#NW12332,2025-06-13 21:19:00,2025-06,CUST-01623,Identified,Online,Online Store,paid,fulfilled,CAD,162.0,,0.0,0.0,21.06,183.06,0.0,183.06,3,2
#NW12333,2025-06-14 20:25:00,2025-06,CUST-00455,Identified,Online,Online Store,paid,fulfilled,CAD,346.0,,0.0,0.0,44.98,390.98,0.0,390.98,2,2
#NW12334,2025-06-30 09:42:00,2025-06,CUST-02107,Identified,Online,Online Store,paid,fulfilled,CAD,196.0,,0.0,0.0,25.48,221.48,0.0,221.48,2,2
#NW12335,2025-06-28 14:15:00,2025-06,CUST-00876,Identified,Online,Online Store,refunded,fulfilled,CAD,614.0,SPRING10,61.4,0.0,71.84,624.44,624.44,0.0,3,2
#NW12336,2025-06-22 09:25:00,2025-06,CUST-02024,Identified,Online,Online Store,paid,fulfilled,CAD,156.0,,0.0,0.0,20.28,176.28,0.0,176.28,2,2
#NW12337,2025-06-11 12:29:00,2025-06,CUST-01960,Identified,POS,Northwood Toronto,paid,fulfilled,CAD,532.0,,0.0,0.0,69.16,601.16,0.0,601.16,4,2
#NW12338,2025-06-29 13:13:00,2025-06,CUST-02261,Identified,Online,Online Store,refunded,fulfilled,CAD,48.0,,0.0,12.0,7.8,67.8,67.8,0.0,1,1
#NW12339,2025-06-20 17:00:00,2025-06,CUST-00794,Identified,Online,Online Store,paid,fulfilled,CAD,256.0,,0.0,0.0,33.28,289.28,0.0,289.28,3,2
#NW12340,2025-06-11 21:33:00,2025-06,CUST-00503,Identified,POS,Northwood Toronto,paid,fulfilled,CAD,176.0,,0.0,0.0,22.88,198.88,0.0,198.88,2,2
#NW12341,2025-06-05 09:51:00,2025-06,CUST-01655,Identified,Online,Online Store,paid,fulfilled,CAD,324.0,,0.0,0.0,42.12,366.12,0.0,366.12,3,2
#NW12342,2025-06-10 13:07:00,2025-06,CUST-01930,Identified,Online,Online Store,paid,fulfilled,CAD,118.0,,0.0,12.0,16.9,146.9,0.0,146.9,1,1
#NW12343,2025-06-23 12:15:00,2025-06,CUST-01655,Identified,Online,Online Store,paid,fulfilled,CAD,120.0,SPRING10,12.0,12.0,15.6,135.6,0.0,135.6,2,2
#NW12344,2025-06-03 20:48:00,2025-06,CUST-00522,Identified,POS,Northwood Toronto,paid,fulfilled,CAD,484.0,,0.0,0.0,62.92,546.92,0.0,546.92,5,3
#NW12345,2025-06-21 13:38:00,2025-06,CUST-01064,Identified,Online,Online Store,paid,fulfilled,CAD,68.0,SPRING10,6.8,12.0,9.52,82.72,0.0,82.72,1,1
#NW12346,2025-06-17 09:02:00,2025-06,CUST-01243,Identified,Online,Online Store,paid,fulfilled,CAD,32.0,,0.0,12.0,5.72,49.72,0.0,49.72,1,1
#NW12347,2025-06-19 09:04:00,2025-06,CUST-01853,Identified,Online,Online Store,paid,fulfilled,CAD,118.0,,0.0,12.0,16.9,146.9,0.0,146.9,1,1
#NW12348,2025-06-04 14:42:00,2025-06,CUST-01124,Identified,Online,Online Store,paid,fulfilled,CAD,358.0,,0.0,0.0,46.54,404.54,0.0,404.54,5,3
#NW12349,2025-06-14 19:42:00,2025-06,CUST-01337,Identified,POS,Northwood Toronto,paid,fulfilled,CAD,256.0,,0.0,0.0,33.28,289.28,0.0,289.28,2,1
#NW12350,2025-06-16 19:08:00,2025-06,CUST-00095,Identified,Online,Online Store,paid,fulfilled,CAD,48.0,,0.0,12.0,7.8,67.8,0.0,67.8,1,1
#NW12351,2025-06-13 09:16:00,2025-06,CUST-02183,Identified,Online,Online Store,paid,fulfilled,CAD,140.0,,0.0,0.0,18.2,158.2,0.0,158.2,2,2
#NW12352,2025-06-17 09:31:00,2025-06,CUST-01036,Identified,Online,Online Store,paid,fulfilled,CAD,72.0,,0.0,12.0,10.92,94.92,0.0,94.92,1,1
#NW12353,2025-06-06 14:14:00,2025-06,CUST-02261,Identified,POS,Northwood Toronto,refunded,fulfilled,CAD,88.0,,0.0,0.0,11.44,99.44,99.44,0.0,1,1
#NW12354,2025-06-17 16:30:00,2025-06,CUST-00994,Identified,Online,Online Store,paid,fulfilled,CAD,48.0,,0.0,12.0,7.8,67.8,0.0,67.8,1,1
#NW12355,2025-06-09 12:25:00,2025-06,CUST-00009,Identified,POS,Northwood Toronto,paid,fulfilled,CAD,204.0,,0.0,0.0,26.52,230.52,0.0,230.52,3,2
#NW12356,2025-06-21 18:53:00,2025-06,CUST-02006,Identified,Online,Online Store,paid,fulfilled,CAD,98.0,,0.0,12.0,14.3,124.3,0.0,124.3,1,1
#NW12357,2025-06-19 18:01:00,2025-06,CUST-00822,Identified,Online,Online Store,paid,fulfilled,CAD,98.0,,0.0,12.0,14.3,124.3,0.0,124.3,1,1
#NW12358,2025-06-19 11:26:00,2025-06,CUST-01888,Identified,Online,Online Store,paid,fulfilled,CAD,312.0,,0.0,0.0,40.56,352.56,0.0,352.56,4,2
#NW12359,2025-06-06 15:22:00,2025-06,CUST-01772,Identified,Online,Online Store,paid,fulfilled,CAD,128.0,,0.0,0.0,16.64,144.64,0.0,144.64,1,1
#NW12360,2025-06-08 16:13:00,2025-06,CUST-01988,Identified,Online,Online Store,paid,fulfilled,CAD,218.0,,0.0,0.0,28.34,246.34,0.0,246.34,1,1
#NW12361,2025-06-14 11:27:00,2025-06,CUST-01123,Identified,POS,Northwood Toronto,voided,unfulfilled,CAD,98.0,,0.0,0.0,12.74,110.74,0.0,0.0,1,1
#NW12362,2025-06-11 19:10:00,2025-06,CUST-01987,Identified,Online,Online Store,paid,fulfilled,CAD,28.0,,0.0,12.0,5.2,45.2,0.0,45.2,1,1
#NW12363,2025-06-21 15:34:00,2025-06,CUST-02123,Identified,Online,Online Store,paid,fulfilled,CAD,472.0,,0.0,0.0,61.36,533.36,0.0,533.36,4,4
#NW12364,2025-06-12 14:17:00,2025-06,CUST-01912,Identified,Online,Online Store,paid,fulfilled,CAD,78.0,,0.0,12.0,11.7,101.7,0.0,101.7,1,1
#NW12365,2025-06-22 17:59:00,2025-06,CUST-02030,Identified,Online,Online Store,paid,fulfilled,CAD,56.0,,0.0,12.0,8.84,76.84,0.0,76.84,2,1
#NW12366,2025-06-27 10:04:00,2025-06,CUST-01481,Identified,Online,Online Store,paid,fulfilled,CAD,324.0,,0.0,0.0,42.12,366.12,0.0,366.12,3,2
#NW12367,2025-06-22 10:52:00,2025-06,CUST-02119,Identified,Online,Online Store,paid,fulfilled,CAD,116.0,HOLIDAY15,17.4,12.0,14.38,124.98,0.0,124.98,2,2
#NW12368,2025-06-17 19:59:00,2025-06,CUST-00179,Identified,POS,Northwood Toronto,paid,fulfilled,CAD,200.0,HOLIDAY15,30.0,0.0,22.1,192.1,0.0,192.1,4,3
#NW12369,2025-06-29 12:58:00,2025-06,CUST-00920,Identified,POS,Northwood Toronto,paid,fulfilled,CAD,58.0,SPRING10,5.8,0.0,6.79,58.99,0.0,58.99,1,1
#NW12370,2025-06-26 21:34:00,2025-06,CUST-00193,Identified,Online,Online Store,paid,fulfilled,CAD,128.0,,0.0,0.0,16.64,144.64,0.0,144.64,1,1
#NW12371,2025-06-06 13:31:00,2025-06,CUST-01139,Identified,Online,Online Store,paid,fulfilled,CAD,38.0,,0.0,12.0,6.5,56.5,0.0,56.5,1,1
#NW12372,2025-06-29 21:52:00,2025-06,CUST-01721,Identified,Online,Online Store,paid,fulfilled,CAD,72.0,,0.0,12.0,10.92,94.92,0.0,94.92,1,1
#NW12373,2025-06-22 19:17:00,2025-06,CUST-00749,Identified,Online,Online Store,paid,fulfilled,CAD,248.0,,0.0,0.0,32.24,280.24,0.0,280.24,1,1
#NW12374,2025-06-22 21:27:00,2025-06,CUST-01839,Identified,Online,Online Store,paid,fulfilled,CAD,136.0,,0.0,0.0,17.68,153.68,0.0,153.68,2,2
#NW12375,2025-06-11 11:50:00,2025-06,CUST-01296,Identified,POS,Northwood Toronto,paid,fulfilled,CAD,98.0,,0.0,0.0,12.74,110.74,0.0,110.74,1,1
#NW12376,2025-06-21 17:25:00,2025-06,CUST-00022,Identified,POS,Northwood Toronto,paid,fulfilled,CAD,58.0,,0.0,0.0,7.54,65.54,0.0,65.54,1,1
#NW12377,2025-06-18 10:03:00,2025-06,CUST-01606,Identified,Online,Online Store,paid,fulfilled,CAD,38.0,,0.0,12.0,6.5,56.5,0.0,56.5,1,1
#NW12378,2025-06-03 13:09:00,2025-06,CUST-00798,Identified,POS,Northwood Toronto,paid,fulfilled,CAD,128.0,,0.0,0.0,16.64,144.64,0.0,144.64,1,1
#NW12379,2025-06-29 13:44:00,2025-06,CUST-01648,Identified,Online,Online Store,paid,fulfilled,CAD,98.0,,0.0,12.0,14.3,124.3,0.0,124.3,1,1
#NW12380,2025-06-27 18:09:00,2025-06,CUST-00336,Identified,Online,Online Store,paid,fulfilled,CAD,128.0,,0.0,0.0,16.64,144.64,0.0,144.64,1,1
#NW12381,2025-06-26 11:24:00,2025-06,CUST-02343,Identified,Online,Online Store,paid,fulfilled,CAD,72.0,,0.0,12.0,10.92,94.92,0.0,94.92,1,1
#NW12382,2025-06-14 20:55:00,2025-06,CUST-00104,Identified,Online,Online Store,paid,fulfilled,CAD,196.0,,0.0,0.0,25.48,221.48,0.0,221.48,2,1
#NW12383,2025-06-02 17:15:00,2025-06,CUST-00925,Identified,POS,Northwood Toronto,paid,fulfilled,CAD,282.0,,0.0,0.0,36.66,318.66,0.0,318.66,4,3
#NW12384,2025-06-30 15:51:00,2025-06,CUST-01736,Identified,POS,Northwood Toronto,paid,fulfilled,CAD,128.0,,0.0,0.0,16.64,144.64,0.0,144.64,1,1
#NW12385,2025-06-23 11:05:00,2025-06,CUST-00777,Identified,Online,Online Store,paid,fulfilled,CAD,150.0,,0.0,0.0,19.5,169.5,0.0,169.5,2,2
#NW12386,2025-06-02 17:12:00,2025-06,CUST-01024,Identified,Online,Online Store,paid,fulfilled,CAD,72.0,,0.0,12.0,10.92,94.92,0.0,94.92,1,1
#NW12387,2025-06-21 14:23:00,2025-06,CUST-00807,Identified,Online,Online Store,paid,fulfilled,CAD,38.0,,0.0,12.0,6.5,56.5,0.0,56.5,1,1
#NW12388,2025-06-09 21:24:00,2025-06,CUST-00674,Identified,Online,Online Store,paid,fulfilled,CAD,128.0,,0.0,0.0,16.64,144.64,0.0,144.64,1,1
#NW12389,2025-06-24 13:57:00,2025-06,CUST-01349,Identified,Online,Online Store,paid,fulfilled,CAD,72.0,,0.0,12.0,10.92,94.92,0.0,94.92,1,1
#NW12390,2025-06-19 16:37:00,2025-06,CUST-01280,Identified,Online,Online Store,paid,fulfilled,CAD,340.0,,0.0,0.0,44.2,384.2,0.0,384.2,4,4
#NW12391,2025-06-09 12:01:00,2025-06,CUST-00258,Identified,Online,Online Store,paid,fulfilled,CAD,332.0,,0.0,0.0,43.16,375.16,0.0,375.16,4,3
#NW12392,2025-06-01 21:07:00,2025-06,CUST-00397,Identified,POS,Northwood Toronto,partially_refunded,fulfilled,CAD,196.0,HOLIDAY15,29.4,0.0,21.66,188.26,36.72,151.54,2,1
#NW12393,2025-06-22 16:26:00,2025-06,CUST-00115,Identified,Online,Online Store,paid,fulfilled,CAD,90.0,,0.0,12.0,13.26,115.26,0.0,115.26,2,2
#NW12394,2025-06-20 12:24:00,2025-06,CUST-01966,Identified,Online,Online Store,paid,fulfilled,CAD,724.0,,0.0,0.0,94.12,818.12,0.0,818.12,7,4
#NW12395,2025-06-24 10:48:00,2025-06,CUST-01770,Identified,Online,Online Store,paid,fulfilled,CAD,32.0,,0.0,12.0,5.72,49.72,0.0,49.72,1,1
#NW12396,2025-06-18 17:19:00,2025-06,CUST-00099,Identified,Online,Online Store,paid,fulfilled,CAD,72.0,,0.0,12.0,10.92,94.92,0.0,94.92,1,1
#NW12397,2025-06-26 20:19:00,2025-06,CUST-01370,Identified,Online,Online Store,paid,fulfilled,CAD,28.0,,0.0,12.0,5.2,45.2,0.0,45.2,1,1
#NW12398,2025-06-19 12:36:00,2025-06,CUST-01026,Identified,Online,Online Store,paid,fulfilled,CAD,154.0,,0.0,0.0,20.02,174.02,0.0,174.02,3,2
#NW12399,2025-06-29 13:01:00,2025-06,CUST-01013,Identified,POS,Northwood Toronto,paid,fulfilled,CAD,436.0,,0.0,0.0,56.68,492.68,0.0,492.68,2,1
#NW12400,2025-06-07 15:46:00,2025-06,CUST-01425,Identified,Online,Online Store,paid,fulfilled,CAD,398.0,,0.0,0.0,51.74,449.74,0.0,449.74,6,4
#NW12401,2025-06-09 12:19:00,2025-06,CUST-01940,Identified,Online,Online Store,paid,fulfilled,CAD,76.0,,0.0,12.0,11.44,99.44,0.0,99.44,2,1
#NW12402,2025-06-14 20:00:00,2025-06,CUST-00977,Identified,Online,Online Store,paid,fulfilled,CAD,376.0,WELCOME10,37.6,0.0,43.99,382.39,0.0,382.39,4,3
#NW12403,2025-06-30 15:19:00,2025-06,CUST-01396,Identified,Online,Online Store,paid,fulfilled,CAD,56.0,,0.0,12.0,8.84,76.84,0.0,76.84,2,1
#NW12404,2025-06-26 19:54:00,2025-06,CUST-00223,Identified,Online,Online Store,paid,fulfilled,CAD,38.0,,0.0,12.0,6.5,56.5,0.0,56.5,1,1
#NW12405,2025-06-19 10:17:00,2025-06,CUST-01367,Identified,Online,Online Store,paid,fulfilled,CAD,98.0,,0.0,12.0,14.3,124.3,0.0,124.3,1,1
#NW12406,2025-06-06 14:26:00,2025-06,CUST-00009,Identified,POS,Northwood Toronto,paid,fulfilled,CAD,176.0,,0.0,0.0,22.88,198.88,0.0,198.88,2,1
#NW12407,2025-06-30 10:05:00,2025-06,CUST-00970,Identified,Online,Online Store,paid,fulfilled,CAD,512.0,,0.0,0.0,66.56,578.56,0.0,578.56,4,2
#NW12408,2025-06-02 09:00:00,2025-06,CUST-01225,Identified,Online,Online Store,paid,fulfilled,CAD,136.0,,0.0,0.0,17.68,153.68,0.0,153.68,2,1
#NW12409,2025-06-29 20:03:00,2025-06,CUST-01456,Identified,Online,Online Store,paid,fulfilled,CAD,116.0,,0.0,12.0,16.64,144.64,0.0,144.64,2,2
#NW12410,2025-06-06 17:59:00,2025-06,CUST-02267,Identified,Online,Online Store,paid,fulfilled,CAD,96.0,,0.0,12.0,14.04,122.04,0.0,122.04,2,1
#NW12411,2025-06-28 16:34:00,2025-06,CUST-01829,Identified,Online,Online Store,paid,fulfilled,CAD,78.0,,0.0,12.0,11.7,101.7,0.0,101.7,1,1
#NW12412,2025-06-17 17:27:00,2025-06,CUST-00512,Identified,Online,Online Store,voided,unfulfilled,CAD,186.0,WELCOME10,18.6,0.0,21.76,189.16,0.0,0.0,2,2
#NW12413,2025-06-16 17:23:00,2025-06,CUST-00351,Identified,Online,Online Store,paid,fulfilled,CAD,250.0,,0.0,0.0,32.5,282.5,0.0,282.5,6,4
#NW12414,2025-06-08 20:02:00,2025-06,CUST-00155,Identified,Online,Online Store,paid,fulfilled,CAD,568.0,,0.0,0.0,73.84,641.84,0.0,641.84,6,3
#NW12415,2025-06-17 15:56:00,2025-06,CUST-00137,Identified,Online,Online Store,paid,fulfilled,CAD,168.0,,0.0,0.0,21.84,189.84,0.0,189.84,3,3
#NW12416,2025-06-28 14:13:00,2025-06,CUST-01546,Identified,POS,Northwood Toronto,paid,fulfilled,CAD,188.0,,0.0,0.0,24.44,212.44,0.0,212.44,3,2
#NW12417,2025-06-12 09:23:00,2025-06,CUST-01284,Identified,POS,Northwood Toronto,paid,fulfilled,CAD,112.0,,0.0,0.0,14.56,126.56,0.0,126.56,1,1
#NW12418,2025-06-07 14:16:00,2025-06,CUST-00267,Identified,Online,Online Store,paid,fulfilled,CAD,48.0,,0.0,12.0,7.8,67.8,0.0,67.8,1,1
#NW12419,2025-06-22 16:04:00,2025-06,CUST-00523,Identified,POS,Northwood Toronto,paid,fulfilled,CAD,88.0,,0.0,0.0,11.44,99.44,0.0,99.44,1,1
#NW12420,2025-06-17 16:28:00,2025-06,CUST-01092,Identified,Online,Online Store,paid,fulfilled,CAD,180.0,SPRING10,18.0,0.0,21.06,183.06,0.0,183.06,2,2
#NW12421,2025-06-24 13:15:00,2025-06,CUST-01811,Identified,Online,Online Store,paid,fulfilled,CAD,58.0,,0.0,12.0,9.1,79.1,0.0,79.1,1,1
#NW12422,2025-06-22 19:50:00,2025-06,,Guest / Unidentified,POS,Northwood Toronto,paid,fulfilled,CAD,496.0,,0.0,0.0,64.48,560.48,0.0,560.48,2,1
#NW12423,2025-06-08 10:37:00,2025-06,CUST-01235,Identified,Online,Online Store,paid,fulfilled,CAD,112.0,,0.0,12.0,16.12,140.12,0.0,140.12,1,1
#NW12424,2025-06-05 21:45:00,2025-06,CUST-00636,Identified,Online,Online Store,paid,fulfilled,CAD,48.0,,0.0,12.0,7.8,67.8,0.0,67.8,1,1
#NW12425,2025-06-14 11:04:00,2025-06,CUST-00270,Identified,POS,Northwood Toronto,paid,fulfilled,CAD,224.0,,0.0,0.0,29.12,253.12,0.0,253.12,2,1
#NW12426,2025-06-08 21:49:00,2025-06,CUST-01163,Identified,Online,Online Store,paid,fulfilled,CAD,120.0,,0.0,12.0,17.16,149.16,0.0,149.16,2,2
#NW12427,2025-06-30 13:38:00,2025-06,CUST-00424,Identified,POS,Northwood Toronto,paid,fulfilled,CAD,108.0,,0.0,0.0,14.04,122.04,0.0,122.04,1,1
#NW12428,2025-06-06 20:56:00,2025-06,CUST-02291,Identified,POS,Northwood Toronto,paid,fulfilled,CAD,140.0,,0.0,0.0,18.2,158.2,0.0,158.2,2,2
#NW12429,2025-06-04 20:38:00,2025-06,CUST-00214,Identified,Online,Online Store,paid,fulfilled,CAD,574.0,HOLIDAY15,86.1,0.0,63.43,551.33,0.0,551.33,3,2
#NW12430,2025-06-24 19:12:00,2025-06,CUST-00501,Identified,POS,Northwood Toronto,paid,fulfilled,CAD,78.0,,0.0,0.0,10.14,88.14,0.0,88.14,1,1
#NW12431,2025-06-27 14:58:00,2025-06,CUST-01563,Identified,Online,Online Store,paid,fulfilled,CAD,128.0,HOLIDAY15,19.2,0.0,14.14,122.94,0.0,122.94,1,1
#NW12432,2025-06-19 21:20:00,2025-06,CUST-01646,Identified,Online,Online Store,refunded,fulfilled,CAD,304.0,,0.0,0.0,39.52,343.52,343.52,0.0,3,2
#NW12433,2025-06-15 10:02:00,2025-06,CUST-00393,Identified,Online,Online Store,paid,fulfilled,CAD,112.0,,0.0,12.0,16.12,140.12,0.0,140.12,1,1
#NW12434,2025-06-27 15:34:00,2025-06,CUST-02155,Identified,Online,Online Store,paid,fulfilled,CAD,88.0,,0.0,12.0,13.0,113.0,0.0,113.0,1,1
#NW12435,2025-06-06 10:57:00,2025-06,CUST-00955,Identified,Online,Online Store,paid,fulfilled,CAD,176.0,HOLIDAY15,26.4,0.0,19.45,169.05,0.0,169.05,2,1
#NW12436,2025-06-02 21:13:00,2025-06,CUST-00543,Identified,POS,Northwood Toronto,paid,fulfilled,CAD,160.0,FALL15,24.0,0.0,17.68,153.68,0.0,153.68,2,2
#NW12437,2025-06-20 16:06:00,2025-06,CUST-01858,Identified,Online,Online Store,paid,fulfilled,CAD,204.0,,0.0,0.0,26.52,230.52,0.0,230.52,3,3
#NW12438,2025-06-19 14:31:00,2025-06,CUST-01573,Identified,Online,Online Store,paid,fulfilled,CAD,56.0,,0.0,12.0,8.84,76.84,0.0,76.84,2,1
#NW12439,2025-06-17 19:03:00,2025-06,CUST-01902,Identified,Online,Online Store,paid,fulfilled,CAD,78.0,,0.0,12.0,11.7,101.7,0.0,101.7,1,1
#NW12440,2025-06-15 20:37:00,2025-06,CUST-01754,Identified,Online,Online Store,paid,fulfilled,CAD,128.0,,0.0,0.0,16.64,144.64,0.0,144.64,1,1
#NW12441,2025-06-06 21:31:00,2025-06,CUST-00415,Identified,Online,Online Store,paid,fulfilled,CAD,144.0,,0.0,0.0,18.72,162.72,0.0,162.72,2,1
#NW12442,2025-06-03 16:33:00,2025-06,CUST-01493,Identified,Online,Online Store,paid,fulfilled,CAD,48.0,,0.0,12.0,7.8,67.8,0.0,67.8,1,1
#NW12443,2025-06-27 09:42:00,2025-06,CUST-00107,Identified,Online,Online Store,paid,fulfilled,CAD,268.0,,0.0,0.0,34.84,302.84,0.0,302.84,3,2
#NW12444,2025-06-03 19:24:00,2025-06,CUST-01860,Identified,Online,Online Store,paid,fulfilled,CAD,320.0,,0.0,0.0,41.6,361.6,0.0,361.6,4,2
#NW12445,2025-06-19 12:46:00,2025-06,CUST-01534,Identified,Online,Online Store,paid,fulfilled,CAD,128.0,WELCOME10,12.8,0.0,14.98,130.18,0.0,130.18,1,1
#NW12446,2025-06-06 15:06:00,2025-06,CUST-01345,Identified,Online,Online Store,paid,fulfilled,CAD,118.0,HOLIDAY15,17.7,12.0,14.6,126.9,0.0,126.9,1,1
#NW12447,2025-06-03 20:10:00,2025-06,CUST-00789,Identified,Online,Online Store,paid,fulfilled,CAD,38.0,,0.0,12.0,6.5,56.5,0.0,56.5,1,1
#NW12448,2025-06-10 09:33:00,2025-06,CUST-00443,Identified,POS,Northwood Toronto,paid,fulfilled,CAD,72.0,,0.0,0.0,9.36,81.36,0.0,81.36,1,1
#NW12449,2025-06-26 14:23:00,2025-06,CUST-00421,Identified,POS,Northwood Toronto,paid,fulfilled,CAD,42.0,FALL15,6.3,0.0,4.64,40.34,0.0,40.34,1,1
#NW12450,2025-06-12 21:03:00,2025-06,CUST-00051,Identified,Online,Online Store,paid,fulfilled,CAD,248.0,,0.0,0.0,32.24,280.24,0.0,280.24,1,1
#NW12451,2025-06-24 13:41:00,2025-06,CUST-00277,Identified,Online,Online Store,paid,fulfilled,CAD,96.0,,0.0,12.0,14.04,122.04,0.0,122.04,2,1
#NW12452,2025-06-20 15:02:00,2025-06,CUST-00929,Identified,Online,Online Store,paid,fulfilled,CAD,176.0,,0.0,0.0,22.88,198.88,0.0,198.88,2,1
#NW12453,2025-06-27 21:47:00,2025-06,CUST-01367,Identified,Online,Online Store,paid,fulfilled,CAD,48.0,,0.0,12.0,7.8,67.8,0.0,67.8,1,1
#NW12454,2025-06-11 13:06:00,2025-06,CUST-00517,Identified,Online,Online Store,paid,fulfilled,CAD,128.0,FALL15,19.2,0.0,14.14,122.94,0.0,122.94,1,1
#NW12455,2025-06-17 20:37:00,2025-06,CUST-01828,Identified,Online,Online Store,paid,fulfilled,CAD,38.0,,0.0,12.0,6.5,56.5,0.0,56.5,1,1
#NW12456,2025-06-10 12:15:00,2025-06,CUST-01050,Identified,Online,Online Store,paid,fulfilled,CAD,304.0,,0.0,0.0,39.52,343.52,0.0,343.52,3,3
#NW12457,2025-06-25 11:26:00,2025-06,CUST-01535,Identified,POS,Northwood Toronto,paid,fulfilled,CAD,98.0,,0.0,0.0,12.74,110.74,0.0,110.74,1,1
#NW12458,2025-06-30 21:10:00,2025-06,CUST-00228,Identified,Online,Online Store,partially_refunded,fulfilled,CAD,58.0,,0.0,12.0,9.1,79.1,30.15,48.949999999999996,1,1
#NW12459,2025-06-30 09:51:00,2025-06,CUST-01972,Identified,Online,Online Store,paid,fulfilled,CAD,368.0,,0.0,0.0,47.84,415.84,0.0,415.84,3,2
#NW12460,2025-06-21 15:52:00,2025-06,CUST-01822,Identified,Online,Online Store,paid,fulfilled,CAD,48.0,,0.0,12.0,7.8,67.8,0.0,67.8,1,1
#NW12461,2025-06-26 13:45:00,2025-06,CUST-00762,Identified,Online,Online Store,paid,fulfilled,CAD,458.0,,0.0,0.0,59.54,517.54,0.0,517.54,5,4
#NW12462,2025-06-18 21:34:00,2025-06,,Guest / Unidentified,POS,Northwood Toronto,paid,fulfilled,CAD,344.0,,0.0,0.0,44.72,388.72,0.0,388.72,3,2
#NW12463,2025-06-05 18:50:00,2025-06,CUST-00564,Identified,Online,Online Store,paid,fulfilled,CAD,128.0,,0.0,0.0,16.64,144.64,0.0,144.64,1,1
#NW12464,2025-06-17 15:40:00,2025-06,CUST-00533,Identified,Online,Online Store,paid,fulfilled,CAD,184.0,,0.0,0.0,23.92,207.92,0.0,207.92,3,2
#NW12465,2025-06-11 12:19:00,2025-06,CUST-00248,Identified,Online,Online Store,paid,fulfilled,CAD,240.0,,0.0,0.0,31.2,271.2,0.0,271.2,2,2
#NW12466,2025-06-01 15:45:00,2025-06,CUST-00523,Identified,Online,Online Store,paid,fulfilled,CAD,38.0,,0.0,12.0,6.5,56.5,0.0,56.5,1,1
#NW12467,2025-06-23 13:47:00,2025-06,CUST-01277,Identified,Online,Online Store,paid,fulfilled,CAD,144.0,,0.0,0.0,18.72,162.72,0.0,162.72,3,2
#NW12468,2025-06-01 21:18:00,2025-06,CUST-02329,Identified,Online,Online Store,paid,fulfilled,CAD,58.0,,0.0,12.0,9.1,79.1,0.0,79.1,1,1
#NW12469,2025-06-02 16:15:00,2025-06,CUST-02102,Identified,Online,Online Store,paid,fulfilled,CAD,224.0,,0.0,0.0,29.12,253.12,0.0,253.12,2,1
#NW12470,2025-06-15 15:14:00,2025-06,CUST-01466,Identified,Online,Online Store,paid,fulfilled,CAD,126.0,,0.0,0.0,16.38,142.38,0.0,142.38,2,2
#NW12471,2025-06-18 15:28:00,2025-06,CUST-01275,Identified,POS,Northwood Toronto,paid,fulfilled,CAD,156.0,,0.0,0.0,20.28,176.28,0.0,176.28,2,2
#NW12472,2025-06-04 17:28:00,2025-06,CUST-02274,Identified,Online,Online Store,paid,fulfilled,CAD,312.0,,0.0,0.0,40.56,352.56,0.0,352.56,4,2
#NW12473,2025-06-10 19:11:00,2025-06,CUST-00021,Identified,Online,Online Store,paid,fulfilled,CAD,78.0,,0.0,12.0,11.7,101.7,0.0,101.7,1,1
#NW12474,2025-06-02 11:35:00,2025-06,CUST-00604,Identified,Online,Online Store,paid,fulfilled,CAD,48.0,,0.0,12.0,7.8,67.8,0.0,67.8,1,1
#NW12475,2025-06-13 16:03:00,2025-06,CUST-01470,Identified,Online,Online Store,paid,fulfilled,CAD,176.0,,0.0,0.0,22.88,198.88,0.0,198.88,2,1
#NW12476,2025-06-21 21:32:00,2025-06,CUST-00725,Identified,Online,Online Store,paid,fulfilled,CAD,638.0,,0.0,0.0,82.94,720.94,0.0,720.94,5,4
#NW12477,2025-06-04 16:51:00,2025-06,CUST-00968,Identified,Online,Online Store,paid,fulfilled,CAD,48.0,,0.0,12.0,7.8,67.8,0.0,67.8,1,1
#NW12478,2025-06-08 17:54:00,2025-06,CUST-01193,Identified,Online,Online Store,paid,fulfilled,CAD,48.0,,0.0,12.0,7.8,67.8,0.0,67.8,1,1
#NW12479,2025-06-21 14:26:00,2025-06,CUST-01442,Identified,Online,Online Store,paid,fulfilled,CAD,88.0,HOLIDAY15,13.2,12.0,11.28,98.08,0.0,98.08,1,1
#NW12480,2025-06-22 15:57:00,2025-06,CUST-00034,Identified,POS,Northwood Toronto,paid,fulfilled,CAD,158.0,,0.0,0.0,20.54,178.54,0.0,178.54,1,1
#NW12481,2025-06-18 11:19:00,2025-06,CUST-02121,Identified,Online,Online Store,paid,fulfilled,CAD,326.0,,0.0,0.0,42.38,368.38,0.0,368.38,2,2
#NW12482,2025-06-06 12:14:00,2025-06,CUST-01779,Identified,Online,Online Store,paid,fulfilled,CAD,160.0,FALL15,24.0,0.0,17.68,153.68,0.0,153.68,2,2
#NW12483,2025-06-25 12:53:00,2025-06,CUST-00289,Identified,Online,Online Store,paid,fulfilled,CAD,126.0,,0.0,0.0,16.38,142.38,0.0,142.38,2,2
#NW12484,2025-06-14 16:48:00,2025-06,CUST-02291,Identified,Online,Online Store,paid,fulfilled,CAD,466.0,,0.0,0.0,60.58,526.58,0.0,526.58,4,4
#NW12485,2025-06-27 15:59:00,2025-06,CUST-02078,Identified,Online,Online Store,paid,fulfilled,CAD,48.0,,0.0,12.0,7.8,67.8,0.0,67.8,1,1
#NW12486,2025-06-30 18:06:00,2025-06,CUST-02292,Identified,POS,Northwood Toronto,paid,fulfilled,CAD,156.0,,0.0,0.0,20.28,176.28,0.0,176.28,2,1
#NW12487,2025-06-20 21:29:00,2025-06,CUST-00224,Identified,POS,Northwood Toronto,paid,fulfilled,CAD,76.0,,0.0,0.0,9.88,85.88,0.0,85.88,2,1
#NW12488,2025-06-21 14:50:00,2025-06,CUST-01729,Identified,Online,Online Store,partially_refunded,fulfilled,CAD,304.0,,0.0,0.0,39.52,343.52,169.26,174.26,3,2
#NW12489,2025-06-14 16:24:00,2025-06,CUST-01409,Identified,Online,Online Store,paid,fulfilled,CAD,112.0,,0.0,12.0,16.12,140.12,0.0,140.12,1,1
#NW12490,2025-06-17 20:28:00,2025-06,CUST-00801,Identified,Online,Online Store,paid,fulfilled,CAD,108.0,,0.0,12.0,15.6,135.6,0.0,135.6,1,1
#NW12491,2025-06-07 12:55:00,2025-06,CUST-00821,Identified,Online,Online Store,paid,fulfilled,CAD,274.0,,0.0,0.0,35.62,309.62,0.0,309.62,3,2
#NW12492,2025-06-19 10:28:00,2025-06,CUST-01837,Identified,Online,Online Store,paid,fulfilled,CAD,176.0,,0.0,0.0,22.88,198.88,0.0,198.88,2,2
#NW12493,2025-06-09 15:41:00,2025-06,CUST-00281,Identified,POS,Northwood Toronto,partially_refunded,fulfilled,CAD,56.0,,0.0,0.0,7.28,63.28,31.7,31.580000000000002,2,1
#NW12494,2025-06-26 09:10:00,2025-06,CUST-00834,Identified,Online,Online Store,paid,fulfilled,CAD,48.0,,0.0,12.0,7.8,67.8,0.0,67.8,1,1
#NW12495,2025-06-10 20:47:00,2025-06,CUST-00088,Identified,Online,Online Store,paid,fulfilled,CAD,266.0,,0.0,0.0,34.58,300.58,0.0,300.58,2,2
#NW12496,2025-06-27 20:07:00,2025-06,CUST-01949,Identified,POS,Northwood Toronto,paid,fulfilled,CAD,80.0,,0.0,0.0,10.4,90.4,0.0,90.4,2,2
#NW12497,2025-06-14 11:47:00,2025-06,CUST-00818,Identified,Online,Online Store,paid,fulfilled,CAD,158.0,,0.0,0.0,20.54,178.54,0.0,178.54,1,1
#NW12498,2025-06-01 12:55:00,2025-06,CUST-01357,Identified,Online,Online Store,paid,fulfilled,CAD,206.0,,0.0,0.0,26.78,232.78,0.0,232.78,2,2
#NW12499,2025-06-24 12:00:00,2025-06,CUST-02319,Identified,POS,Northwood Toronto,paid,fulfilled,CAD,312.0,,0.0,0.0,40.56,352.56,0.0,352.56,4,2
#NW12500,2025-06-02 21:51:00,2025-06,CUST-00740,Identified,Online,Online Store,paid,fulfilled,CAD,128.0,,0.0,0.0,16.64,144.64,0.0,144.64,1,1
#NW12501,2025-06-05 09:08:00,2025-06,CUST-01340,Identified,Online,Online Store,paid,fulfilled,CAD,72.0,,0.0,12.0,10.92,94.92,0.0,94.92,1,1
#NW12502,2025-06-30 18:50:00,2025-06,CUST-00180,Identified,POS,Northwood Toronto,paid,fulfilled,CAD,204.0,,0.0,0.0,26.52,230.52,0.0,230.52,3,2
#NW12503,2025-06-23 11:37:00,2025-06,CUST-02195,Identified,Online,Online Store,paid,fulfilled,CAD,176.0,,0.0,0.0,22.88,198.88,0.0,198.88,2,2
#NW12504,2025-06-07 21:24:00,2025-06,CUST-02222,Identified,Online,Online Store,refunded,fulfilled,CAD,42.0,,0.0,12.0,7.02,61.02,61.02,0.0,1,1
#NW12505,2025-06-17 13:50:00,2025-06,CUST-00980,Identified,Online,Online Store,paid,fulfilled,CAD,98.0,,0.0,12.0,14.3,124.3,0.0,124.3,1,1
#NW12506,2025-06-12 17:27:00,2025-06,CUST-01861,Identified,Online,Online Store,paid,fulfilled,CAD,112.0,SPRING10,11.2,12.0,14.66,127.46,0.0,127.46,1,1
#NW12507,2025-06-07 15:02:00,2025-06,CUST-00173,Identified,Online,Online Store,paid,fulfilled,CAD,176.0,,0.0,0.0,22.88,198.88,0.0,198.88,2,2
#NW12508,2025-06-20 17:28:00,2025-06,CUST-02032,Identified,POS,Northwood Toronto,paid,fulfilled,CAD,120.0,WELCOME10,12.0,0.0,14.04,122.04,0.0,122.04,2,2
#NW12509,2025-06-27 11:15:00,2025-06,CUST-00899,Identified,Online,Online Store,paid,fulfilled,CAD,348.0,SPRING10,34.8,0.0,40.72,353.92,0.0,353.92,5,3
#NW12510,2025-06-30 14:45:00,2025-06,CUST-00016,Identified,Online,Online Store,paid,fulfilled,CAD,38.0,,0.0,12.0,6.5,56.5,0.0,56.5,1,1
#NW12511,2025-06-02 09:02:00,2025-06,CUST-00914,Identified,Online,Online Store,paid,fulfilled,CAD,58.0,,0.0,12.0,9.1,79.1,0.0,79.1,1,1
#NW12512,2025-06-18 13:13:00,2025-06,CUST-00944,Identified,Online,Online Store,paid,fulfilled,CAD,48.0,HOLIDAY15,7.2,12.0,6.86,59.66,0.0,59.66,1,1
#NW12513,2025-06-24 09:23:00,2025-06,CUST-00529,Identified,Online,Online Store,paid,fulfilled,CAD,196.0,WELCOME10,19.6,0.0,22.93,199.33,0.0,199.33,2,1
#NW12514,2025-06-21 16:25:00,2025-06,CUST-00874,Identified,Online,Online Store,paid,fulfilled,CAD,378.0,,0.0,0.0,49.14,427.14,0.0,427.14,6,4
#NW12515,2025-06-28 17:59:00,2025-06,CUST-00110,Identified,Online,Online Store,paid,fulfilled,CAD,38.0,,0.0,12.0,6.5,56.5,0.0,56.5,1,1
#NW12516,2025-06-15 11:50:00,2025-06,CUST-01970,Identified,Online,Online Store,paid,fulfilled,CAD,144.0,,0.0,0.0,18.72,162.72,0.0,162.72,2,1
#NW12517,2025-06-07 12:56:00,2025-06,CUST-01358,Identified,Online,Online Store,paid,fulfilled,CAD,38.0,,0.0,12.0,6.5,56.5,0.0,56.5,1,1
#NW12518,2025-06-11 12:09:00,2025-06,CUST-01540,Identified,Online,Online Store,paid,fulfilled,CAD,166.0,,0.0,0.0,21.58,187.58,0.0,187.58,2,2
#NW12519,2025-06-28 10:57:00,2025-06,CUST-01312,Identified,Online,Online Store,paid,fulfilled,CAD,58.0,,0.0,12.0,9.1,79.1,0.0,79.1,1,1
#NW12520,2025-06-10 09:00:00,2025-06,CUST-01640,Identified,Online,Online Store,paid,fulfilled,CAD,334.0,,0.0,0.0,43.42,377.42,0.0,377.42,3,2
#NW12521,2025-06-10 14:39:00,2025-06,CUST-00607,Identified,Online,Online Store,paid,fulfilled,CAD,220.0,,0.0,0.0,28.6,248.6,0.0,248.6,2,2
#NW12522,2025-06-08 15:13:00,2025-06,CUST-01196,Identified,POS,Northwood Toronto,paid,fulfilled,CAD,552.0,,0.0,0.0,71.76,623.76,0.0,623.76,4,3
#NW12523,2025-06-07 15:01:00,2025-06,CUST-00969,Identified,POS,Northwood Toronto,paid,fulfilled,CAD,98.0,HOLIDAY15,14.7,0.0,10.83,94.13,0.0,94.13,1,1
#NW12524,2025-06-11 12:33:00,2025-06,CUST-00041,Identified,POS,Northwood Toronto,paid,fulfilled,CAD,128.0,,0.0,0.0,16.64,144.64,0.0,144.64,1,1
#NW12525,2025-06-20 15:03:00,2025-06,CUST-00303,Identified,POS,Northwood Toronto,paid,fulfilled,CAD,114.0,,0.0,0.0,14.82,128.82,0.0,128.82,2,2
#NW12526,2025-06-22 17:24:00,2025-06,CUST-01487,Identified,POS,Northwood Toronto,paid,fulfilled,CAD,248.0,,0.0,0.0,32.24,280.24,0.0,280.24,3,2
#NW12527,2025-06-22 14:40:00,2025-06,CUST-01183,Identified,Online,Online Store,paid,fulfilled,CAD,58.0,SPRING10,5.8,12.0,8.35,72.55,0.0,72.55,1,1
#NW12528,2025-06-11 12:35:00,2025-06,CUST-02273,Identified,Online,Online Store,paid,fulfilled,CAD,170.0,,0.0,0.0,22.1,192.1,0.0,192.1,2,2
#NW12529,2025-06-27 09:56:00,2025-06,CUST-00655,Identified,Online,Online Store,paid,fulfilled,CAD,224.0,SPRING10,22.4,0.0,26.21,227.81,0.0,227.81,2,1
#NW12530,2025-06-10 21:25:00,2025-06,CUST-00584,Identified,Online,Online Store,paid,fulfilled,CAD,112.0,,0.0,12.0,16.12,140.12,0.0,140.12,1,1
#NW12531,2025-06-20 09:12:00,2025-06,CUST-01141,Identified,Online,Online Store,paid,fulfilled,CAD,176.0,,0.0,0.0,22.88,198.88,0.0,198.88,2,1
#NW12532,2025-06-04 13:51:00,2025-06,CUST-01804,Identified,Online,Online Store,paid,fulfilled,CAD,342.0,,0.0,0.0,44.46,386.46,0.0,386.46,3,2
#NW12533,2025-06-01 21:25:00,2025-06,CUST-00797,Identified,Online,Online Store,paid,fulfilled,CAD,218.0,,0.0,0.0,28.34,246.34,0.0,246.34,1,1
#NW12534,2025-06-25 10:39:00,2025-06,CUST-00801,Identified,Online,Online Store,paid,fulfilled,CAD,224.0,,0.0,0.0,29.12,253.12,0.0,253.12,2,1
#NW12535,2025-06-10 10:38:00,2025-06,CUST-01475,Identified,Online,Online Store,paid,fulfilled,CAD,108.0,,0.0,12.0,15.6,135.6,0.0,135.6,1,1
#NW12536,2025-06-11 09:27:00,2025-06,CUST-00180,Identified,Online,Online Store,paid,fulfilled,CAD,292.0,,0.0,0.0,37.96,329.96,0.0,329.96,4,3
#NW12537,2025-06-07 21:34:00,2025-06,CUST-00122,Identified,Online,Online Store,paid,fulfilled,CAD,144.0,,0.0,0.0,18.72,162.72,0.0,162.72,3,2
#NW12538,2025-06-30 10:53:00,2025-06,CUST-01806,Identified,POS,Northwood Toronto,paid,fulfilled,CAD,214.0,,0.0,0.0,27.82,241.82,0.0,241.82,3,3
#NW12539,2025-06-13 12:26:00,2025-06,CUST-00811,Identified,Online,Online Store,paid,fulfilled,CAD,28.0,FALL15,4.2,12.0,4.65,40.45,0.0,40.45,1,1
#NW12540,2025-06-09 12:31:00,2025-06,CUST-01164,Identified,Online,Online Store,paid,fulfilled,CAD,28.0,,0.0,12.0,5.2,45.2,0.0,45.2,1,1
#NW12541,2025-06-05 13:04:00,2025-06,CUST-00714,Identified,Online,Online Store,paid,fulfilled,CAD,172.0,,0.0,0.0,22.36,194.36,0.0,194.36,4,3
#NW12542,2025-06-14 13:28:00,2025-06,CUST-00897,Identified,POS,Northwood Toronto,paid,fulfilled,CAD,370.0,,0.0,0.0,48.1,418.1,0.0,418.1,5,3
#NW12543,2025-06-30 16:01:00,2025-06,CUST-01074,Identified,Online,Online Store,paid,fulfilled,CAD,186.0,,0.0,0.0,24.18,210.18,0.0,210.18,3,2
#NW12544,2025-06-21 11:30:00,2025-06,CUST-00714,Identified,Online,Online Store,paid,fulfilled,CAD,438.0,,0.0,0.0,56.94,494.94,0.0,494.94,5,3
#NW12545,2025-06-22 15:20:00,2025-06,CUST-01493,Identified,Online,Online Store,paid,fulfilled,CAD,56.0,,0.0,12.0,8.84,76.84,0.0,76.84,2,1
#NW12546,2025-06-22 17:27:00,2025-06,CUST-01152,Identified,Online,Online Store,paid,fulfilled,CAD,156.0,,0.0,0.0,20.28,176.28,0.0,176.28,2,1
#NW12547,2025-06-29 15:18:00,2025-06,CUST-01008,Identified,Online,Online Store,paid,fulfilled,CAD,56.0,,0.0,12.0,8.84,76.84,0.0,76.84,2,1
#NW12548,2025-06-17 19:22:00,2025-06,CUST-00772,Identified,Online,Online Store,paid,fulfilled,CAD,144.0,,0.0,0.0,18.72,162.72,0.0,162.72,2,1
#NW12549,2025-06-27 09:33:00,2025-06,CUST-00803,Identified,POS,Northwood Toronto,refunded,fulfilled,CAD,432.0,,0.0,0.0,56.16,488.16,488.15999999999997,5.684341886080802e-14,4,3
#NW12550,2025-06-21 16:26:00,2025-06,CUST-00089,Identified,Online,Online Store,partially_refunded,fulfilled,CAD,144.0,,0.0,0.0,18.72,162.72,69.88,92.84,2,1
#NW12551,2025-06-19 19:44:00,2025-06,CUST-00722,Identified,Online,Online Store,paid,fulfilled,CAD,118.0,,0.0,12.0,16.9,146.9,0.0,146.9,1,1
#NW12552,2025-06-10 21:33:00,2025-06,CUST-01073,Identified,Online,Online Store,paid,fulfilled,CAD,68.0,,0.0,12.0,10.4,90.4,0.0,90.4,1,1
#NW12553,2025-06-11 18:05:00,2025-06,CUST-00366,Identified,Online,Online Store,paid,fulfilled,CAD,76.0,,0.0,12.0,11.44,99.44,0.0,99.44,2,1
#NW12554,2025-06-26 19:49:00,2025-06,,Guest / Unidentified,POS,Northwood Toronto,paid,fulfilled,CAD,344.0,,0.0,0.0,44.72,388.72,0.0,388.72,3,2
#NW12555,2025-06-11 19:36:00,2025-06,CUST-00563,Identified,Online,Online Store,paid,fulfilled,CAD,72.0,,0.0,12.0,10.92,94.92,0.0,94.92,1,1
#NW12556,2025-06-01 14:56:00,2025-06,,Guest / Unidentified,POS,Northwood Toronto,paid,fulfilled,CAD,496.0,,0.0,0.0,64.48,560.48,0.0,560.48,2,1
#NW12557,2025-06-04 16:46:00,2025-06,CUST-00455,Identified,POS,Northwood Toronto,paid,fulfilled,CAD,150.0,,0.0,0.0,19.5,169.5,0.0,169.5,2,2
#NW12558,2025-06-10 09:27:00,2025-06,CUST-01387,Identified,Online,Online Store,paid,fulfilled,CAD,308.0,,0.0,0.0,40.04,348.04,0.0,348.04,3,2
#NW12559,2025-06-30 20:51:00,2025-06,CUST-01962,Identified,Online,Online Store,paid,fulfilled,CAD,248.0,WELCOME10,24.8,0.0,29.02,252.22,0.0,252.22,3,3
#NW12560,2025-06-11 19:40:00,2025-06,CUST-01250,Identified,Online,Online Store,paid,fulfilled,CAD,166.0,FALL15,24.9,0.0,18.34,159.44,0.0,159.44,2,2
#NW12561,2025-06-27 11:58:00,2025-06,CUST-01869,Identified,POS,Northwood Toronto,paid,fulfilled,CAD,202.0,,0.0,0.0,26.26,228.26,0.0,228.26,3,3
#NW12562,2025-06-12 09:39:00,2025-06,,Guest / Unidentified,POS,Northwood Toronto,paid,fulfilled,CAD,48.0,HOLIDAY15,7.2,0.0,5.3,46.1,0.0,46.1,1,1
#NW12563,2025-06-09 15:41:00,2025-06,CUST-01515,Identified,Online,Online Store,paid,fulfilled,CAD,194.0,,0.0,0.0,25.22,219.22,0.0,219.22,3,3
#NW12564,2025-06-26 11:21:00,2025-06,CUST-01526,Identified,Online,Online Store,paid,fulfilled,CAD,214.0,WELCOME10,21.4,0.0,25.04,217.64,0.0,217.64,3,2
#NW12565,2025-06-04 19:54:00,2025-06,CUST-00860,Identified,Online,Online Store,paid,fulfilled,CAD,160.0,,0.0,0.0,20.8,180.8,0.0,180.8,2,2
#NW12566,2025-06-16 11:55:00,2025-06,CUST-02059,Identified,Online,Online Store,paid,fulfilled,CAD,68.0,,0.0,12.0,10.4,90.4,0.0,90.4,1,1
#NW12567,2025-06-18 16:39:00,2025-06,CUST-01777,Identified,Online,Online Store,paid,fulfilled,CAD,304.0,,0.0,0.0,39.52,343.52,0.0,343.52,3,3
#NW12568,2025-06-29 16:34:00,2025-06,CUST-01655,Identified,Online,Online Store,paid,fulfilled,CAD,78.0,,0.0,12.0,11.7,101.7,0.0,101.7,1,1
#NW12569,2025-06-28 18:55:00,2025-06,CUST-01857,Identified,Online,Online Store,paid,fulfilled,CAD,38.0,,0.0,12.0,6.5,56.5,0.0,56.5,1,1
#NW12570,2025-06-06 11:01:00,2025-06,CUST-00592,Identified,Online,Online Store,paid,fulfilled,CAD,96.0,,0.0,12.0,14.04,122.04,0.0,122.04,2,2
#NW12571,2025-06-27 10:09:00,2025-06,CUST-00536,Identified,POS,Northwood Toronto,paid,fulfilled,CAD,474.0,,0.0,0.0,61.62,535.62,0.0,535.62,5,4
#NW12572,2025-06-06 16:02:00,2025-06,CUST-01195,Identified,Online,Online Store,voided,unfulfilled,CAD,354.0,,0.0,0.0,46.02,400.02,0.0,0.0,3,2
#NW12573,2025-06-25 20:44:00,2025-06,CUST-00786,Identified,Online,Online Store,paid,fulfilled,CAD,72.0,,0.0,12.0,10.92,94.92,0.0,94.92,1,1
#NW12574,2025-06-01 15:23:00,2025-06,CUST-02182,Identified,Online,Online Store,paid,fulfilled,CAD,286.0,,0.0,0.0,37.18,323.18,0.0,323.18,4,4
#NW12575,2025-06-17 14:46:00,2025-06,CUST-01550,Identified,Online,Online Store,paid,fulfilled,CAD,144.0,,0.0,0.0,18.72,162.72,0.0,162.72,2,2
#NW12576,2025-06-08 11:34:00,2025-06,CUST-01533,Identified,Online,Online Store,paid,fulfilled,CAD,88.0,,0.0,12.0,13.0,113.0,0.0,113.0,1,1
#NW12577,2025-06-13 13:48:00,2025-06,CUST-01303,Identified,Online,Online Store,paid,fulfilled,CAD,196.0,,0.0,0.0,25.48,221.48,0.0,221.48,2,1
#NW12578,2025-06-16 13:22:00,2025-06,CUST-01760,Identified,POS,Northwood Toronto,paid,fulfilled,CAD,736.0,,0.0,0.0,95.68,831.68,0.0,831.68,7,4
#NW12579,2025-06-03 14:39:00,2025-06,CUST-01002,Identified,Online,Online Store,paid,fulfilled,CAD,38.0,WELCOME10,3.8,12.0,6.01,52.21,0.0,52.21,1,1
#NW12580,2025-06-18 09:39:00,2025-06,CUST-00190,Identified,Online,Online Store,paid,fulfilled,CAD,78.0,,0.0,12.0,11.7,101.7,0.0,101.7,1,1
#NW12581,2025-06-10 13:15:00,2025-06,CUST-00914,Identified,Online,Online Store,paid,fulfilled,CAD,164.0,WELCOME10,16.4,0.0,19.19,166.79,0.0,166.79,3,2
#NW12582,2025-06-05 15:35:00,2025-06,CUST-00088,Identified,Online,Online Store,paid,fulfilled,CAD,88.0,,0.0,12.0,13.0,113.0,0.0,113.0,1,1
#NW12583,2025-06-26 18:36:00,2025-06,CUST-00405,Identified,Online,Online Store,paid,fulfilled,CAD,144.0,,0.0,0.0,18.72,162.72,0.0,162.72,2,1
#NW12584,2025-06-05 09:11:00,2025-06,CUST-01205,Identified,Online,Online Store,paid,fulfilled,CAD,396.0,,0.0,0.0,51.48,447.48,0.0,447.48,2,1
#NW12585,2025-06-24 09:38:00,2025-06,CUST-00138,Identified,Online,Online Store,paid,fulfilled,CAD,28.0,SPRING10,2.8,12.0,4.84,42.04,0.0,42.04,1,1
#NW12586,2025-06-19 13:18:00,2025-06,CUST-02036,Identified,Online,Online Store,paid,fulfilled,CAD,42.0,,0.0,12.0,7.02,61.02,0.0,61.02,1,1
#NW12587,2025-06-14 12:57:00,2025-06,CUST-01013,Identified,Online,Online Store,paid,fulfilled,CAD,210.0,,0.0,0.0,27.3,237.3,0.0,237.3,4,3
#NW12588,2025-06-14 14:57:00,2025-06,CUST-02016,Identified,Online,Online Store,paid,fulfilled,CAD,48.0,,0.0,12.0,7.8,67.8,0.0,67.8,1,1
#NW12589,2025-06-02 20:51:00,2025-06,CUST-00557,Identified,Online,Online Store,paid,fulfilled,CAD,48.0,,0.0,12.0,7.8,67.8,0.0,67.8,1,1
#NW12590,2025-06-25 21:52:00,2025-06,CUST-00518,Identified,Online,Online Store,paid,fulfilled,CAD,106.0,,0.0,12.0,15.34,133.34,0.0,133.34,2,2
#NW12591,2025-06-06 16:30:00,2025-06,CUST-00601,Identified,Online,Online Store,paid,fulfilled,CAD,496.0,,0.0,0.0,64.48,560.48,0.0,560.48,2,1
#NW12592,2025-06-05 20:20:00,2025-06,CUST-02003,Identified,Online,Online Store,voided,unfulfilled,CAD,166.0,,0.0,0.0,21.58,187.58,0.0,0.0,2,2
#NW12593,2025-06-28 19:12:00,2025-06,CUST-01388,Identified,Online,Online Store,paid,fulfilled,CAD,130.0,,0.0,0.0,16.9,146.9,0.0,146.9,2,2
#NW12594,2025-06-08 13:40:00,2025-06,CUST-00334,Identified,Online,Online Store,paid,fulfilled,CAD,78.0,,0.0,12.0,11.7,101.7,0.0,101.7,1,1
#NW12595,2025-06-13 15:15:00,2025-06,CUST-01928,Identified,Online,Online Store,paid,fulfilled,CAD,316.0,,0.0,0.0,41.08,357.08,0.0,357.08,4,4
#NW12596,2025-06-07 09:44:00,2025-06,CUST-00266,Identified,Online,Online Store,paid,fulfilled,CAD,136.0,,0.0,0.0,17.68,153.68,0.0,153.68,2,2
#NW12597,2025-06-12 20:19:00,2025-06,CUST-00686,Identified,Online,Online Store,paid,fulfilled,CAD,78.0,,0.0,12.0,11.7,101.7,0.0,101.7,1,1
#NW12598,2025-06-27 15:32:00,2025-06,CUST-02084,Identified,Online,Online Store,paid,fulfilled,CAD,166.0,,0.0,0.0,21.58,187.58,0.0,187.58,2,2
#NW12599,2025-06-28 10:55:00,2025-06,CUST-01590,Identified,Online,Online Store,paid,fulfilled,CAD,86.0,WELCOME10,8.6,12.0,11.62,101.02,0.0,101.02,2,2
#NW12600,2025-06-11 10:24:00,2025-06,CUST-01828,Identified,Online,Online Store,paid,fulfilled,CAD,432.0,,0.0,0.0,56.16,488.16,0.0,488.16,4,2
#NW12601,2025-06-21 18:21:00,2025-06,CUST-01533,Identified,Online,Online Store,paid,fulfilled,CAD,204.0,,0.0,0.0,26.52,230.52,0.0,230.52,3,2
#NW12602,2025-06-06 14:00:00,2025-06,CUST-02043,Identified,Online,Online Store,paid,fulfilled,CAD,348.0,,0.0,0.0,45.24,393.24,0.0,393.24,5,3
#NW12603,2025-06-15 19:39:00,2025-06,CUST-02126,Identified,Online,Online Store,paid,fulfilled,CAD,184.0,,0.0,0.0,23.92,207.92,0.0,207.92,3,3
#NW12604,2025-06-24 17:57:00,2025-06,CUST-01902,Identified,Online,Online Store,paid,fulfilled,CAD,350.0,,0.0,0.0,45.5,395.5,0.0,395.5,5,3
#NW12605,2025-06-18 21:35:00,2025-06,CUST-01876,Identified,Online,Online Store,paid,fulfilled,CAD,76.0,FALL15,11.4,12.0,9.96,86.56,0.0,86.56,2,2
#NW12606,2025-06-19 16:24:00,2025-06,CUST-00348,Identified,Online,Online Store,paid,fulfilled,CAD,158.0,,0.0,0.0,20.54,178.54,0.0,178.54,1,1
#NW12607,2025-06-29 12:04:00,2025-06,CUST-01642,Identified,Online,Online Store,paid,fulfilled,CAD,96.0,,0.0,12.0,14.04,122.04,0.0,122.04,2,1
#NW12608,2025-06-22 18:05:00,2025-06,CUST-02153,Identified,Online,Online Store,paid,fulfilled,CAD,216.0,,0.0,0.0,28.08,244.08,0.0,244.08,2,2
#NW12609,2025-06-12 18:38:00,2025-06,CUST-01980,Identified,Online,Online Store,paid,fulfilled,CAD,216.0,,0.0,0.0,28.08,244.08,0.0,244.08,2,1
#NW12610,2025-06-18 12:31:00,2025-06,CUST-02027,Identified,Online,Online Store,paid,fulfilled,CAD,72.0,,0.0,12.0,10.92,94.92,0.0,94.92,1,1
#NW12611,2025-06-17 17:47:00,2025-06,CUST-01941,Identified,Online,Online Store,paid,fulfilled,CAD,38.0,,0.0,12.0,6.5,56.5,0.0,56.5,1,1
#NW12612,2025-06-23 09:48:00,2025-06,CUST-01100,Identified,POS,Northwood Toronto,paid,fulfilled,CAD,364.0,,0.0,0.0,47.32,411.32,0.0,411.32,3,2
#NW12613,2025-06-25 09:13:00,2025-06,CUST-00564,Identified,Online,Online Store,paid,fulfilled,CAD,206.0,HOLIDAY15,30.9,0.0,22.76,197.86,0.0,197.86,2,2
#NW12614,2025-06-03 17:47:00,2025-06,CUST-01643,Identified,Online,Online Store,paid,fulfilled,CAD,224.0,,0.0,0.0,29.12,253.12,0.0,253.12,3,2
#NW12615,2025-06-08 11:17:00,2025-06,CUST-00034,Identified,Online,Online Store,paid,fulfilled,CAD,150.0,SPRING10,15.0,0.0,17.55,152.55,0.0,152.55,2,2
#NW12616,2025-06-22 14:27:00,2025-06,CUST-00150,Identified,Online,Online Store,paid,fulfilled,CAD,96.0,,0.0,12.0,14.04,122.04,0.0,122.04,2,1
#NW12617,2025-06-03 18:53:00,2025-06,CUST-00849,Identified,Online,Online Store,voided,unfulfilled,CAD,234.0,,0.0,0.0,30.42,264.42,0.0,0.0,3,2
#NW12618,2025-06-02 11:13:00,2025-06,CUST-00900,Identified,POS,Northwood Toronto,paid,fulfilled,CAD,256.0,,0.0,0.0,33.28,289.28,0.0,289.28,2,1
#NW12619,2025-06-30 21:42:00,2025-06,CUST-00832,Identified,Online,Online Store,paid,fulfilled,CAD,78.0,,0.0,12.0,11.7,101.7,0.0,101.7,1,1
#NW12620,2025-06-24 17:37:00,2025-06,CUST-00090,Identified,Online,Online Store,paid,fulfilled,CAD,88.0,,0.0,12.0,13.0,113.0,0.0,113.0,1,1
#NW12621,2025-06-12 10:50:00,2025-06,CUST-00961,Identified,POS,Northwood Toronto,paid,fulfilled,CAD,78.0,,0.0,0.0,10.14,88.14,0.0,88.14,1,1
#NW12622,2025-06-12 18:33:00,2025-06,CUST-01561,Identified,Online,Online Store,paid,fulfilled,CAD,442.0,SPRING10,44.2,0.0,51.71,449.51,0.0,449.51,3,2
#NW12623,2025-06-23 21:50:00,2025-06,CUST-01629,Identified,Online,Online Store,paid,fulfilled,CAD,360.0,,0.0,0.0,46.8,406.8,0.0,406.8,2,2
#NW12624,2025-06-03 12:10:00,2025-06,CUST-01254,Identified,Online,Online Store,voided,unfulfilled,CAD,112.0,,0.0,12.0,16.12,140.12,0.0,0.0,1,1
#NW12625,2025-06-24 17:00:00,2025-06,CUST-01741,Identified,Online,Online Store,paid,fulfilled,CAD,76.0,,0.0,12.0,11.44,99.44,0.0,99.44,2,1
#NW12626,2025-06-13 13:13:00,2025-06,CUST-01545,Identified,POS,Northwood Toronto,paid,fulfilled,CAD,118.0,,0.0,0.0,15.34,133.34,0.0,133.34,1,1
#NW12627,2025-06-02 13:29:00,2025-06,CUST-01026,Identified,Online,Online Store,paid,fulfilled,CAD,112.0,,0.0,12.0,16.12,140.12,0.0,140.12,1,1
#NW12628,2025-06-10 10:55:00,2025-06,CUST-00644,Identified,Online,Online Store,paid,fulfilled,CAD,76.0,,0.0,12.0,11.44,99.44,0.0,99.44,2,1
#NW12629,2025-06-15 14:39:00,2025-06,CUST-01252,Identified,Online,Online Store,paid,fulfilled,CAD,216.0,,0.0,0.0,28.08,244.08,0.0,244.08,2,1
#NW12630,2025-06-06 21:27:00,2025-06,CUST-01043,Identified,Online,Online Store,paid,fulfilled,CAD,324.0,,0.0,0.0,42.12,366.12,0.0,366.12,3,2
#NW12631,2025-06-05 11:59:00,2025-06,CUST-00548,Identified,POS,Northwood Toronto,paid,fulfilled,CAD,78.0,,0.0,0.0,10.14,88.14,0.0,88.14,1,1
#NW12632,2025-06-17 15:32:00,2025-06,CUST-00348,Identified,POS,Northwood Toronto,paid,fulfilled,CAD,98.0,,0.0,0.0,12.74,110.74,0.0,110.74,1,1
#NW12633,2025-06-17 17:12:00,2025-06,CUST-00551,Identified,POS,Northwood Toronto,voided,unfulfilled,CAD,484.0,HOLIDAY15,72.6,0.0,53.48,464.88,0.0,0.0,5,4
#NW12634,2025-06-30 20:29:00,2025-06,CUST-00345,Identified,Online,Online Store,paid,fulfilled,CAD,226.0,,0.0,0.0,29.38,255.38,0.0,255.38,2,2
#NW12635,2025-06-27 21:30:00,2025-06,CUST-01209,Identified,Online,Online Store,paid,fulfilled,CAD,200.0,,0.0,0.0,26.0,226.0,0.0,226.0,2,2
#NW12636,2025-06-08 13:12:00,2025-06,CUST-01821,Identified,Online,Online Store,voided,unfulfilled,CAD,542.0,FALL15,81.3,0.0,59.89,520.59,0.0,0.0,4,3
#NW12637,2025-06-11 15:01:00,2025-06,CUST-01162,Identified,POS,Northwood Toronto,paid,fulfilled,CAD,262.0,,0.0,0.0,34.06,296.06,0.0,296.06,4,3
#NW12638,2025-06-03 12:39:00,2025-06,,Guest / Unidentified,POS,Northwood Toronto,paid,fulfilled,CAD,112.0,FALL15,16.8,0.0,12.38,107.58,0.0,107.58,1,1
#NW12639,2025-06-08 15:53:00,2025-06,CUST-00943,Identified,Online,Online Store,paid,fulfilled,CAD,176.0,,0.0,0.0,22.88,198.88,0.0,198.88,2,1
#NW12640,2025-06-19 18:52:00,2025-06,CUST-00034,Identified,Online,Online Store,paid,fulfilled,CAD,38.0,,0.0,12.0,6.5,56.5,0.0,56.5,1,1
#NW12641,2025-06-11 21:25:00,2025-06,CUST-00169,Identified,Online,Online Store,paid,fulfilled,CAD,38.0,WELCOME10,3.8,12.0,6.01,52.21,0.0,52.21,1,1
#NW12642,2025-06-07 21:38:00,2025-06,CUST-01906,Identified,Online,Online Store,paid,fulfilled,CAD,264.0,,0.0,0.0,34.32,298.32,0.0,298.32,3,3
#NW12643,2025-06-17 13:44:00,2025-06,CUST-02099,Identified,Online,Online Store,paid,fulfilled,CAD,240.0,,0.0,0.0,31.2,271.2,0.0,271.2,2,2
#NW12644,2025-06-21 21:32:00,2025-06,CUST-01378,Identified,Online,Online Store,paid,fulfilled,CAD,160.0,WELCOME10,16.0,0.0,18.72,162.72,0.0,162.72,2,2
#NW12645,2025-06-18 10:26:00,2025-06,CUST-00538,Identified,POS,Northwood Toronto,refunded,fulfilled,CAD,382.0,SPRING10,38.2,0.0,44.69,388.49,388.5,-0.009999999999990905,4,3
#NW12646,2025-06-26 18:55:00,2025-06,CUST-01848,Identified,Online,Online Store,paid,fulfilled,CAD,166.0,,0.0,0.0,21.58,187.58,0.0,187.58,2,2
#NW12647,2025-06-25 16:12:00,2025-06,CUST-01916,Identified,Online,Online Store,paid,fulfilled,CAD,156.0,,0.0,0.0,20.28,176.28,0.0,176.28,2,2
#NW12648,2025-06-12 21:16:00,2025-06,CUST-01772,Identified,POS,Northwood Toronto,paid,fulfilled,CAD,32.0,,0.0,0.0,4.16,36.16,0.0,36.16,1,1
#NW12649,2025-06-22 10:12:00,2025-06,CUST-01676,Identified,Online,Online Store,paid,fulfilled,CAD,244.0,,0.0,0.0,31.72,275.72,0.0,275.72,3,3
#NW12650,2025-06-08 13:51:00,2025-06,CUST-01506,Identified,Online,Online Store,paid,fulfilled,CAD,116.0,,0.0,12.0,16.64,144.64,0.0,144.64,2,2
#NW12651,2025-06-11 11:57:00,2025-06,CUST-02038,Identified,Online,Online Store,paid,fulfilled,CAD,236.0,,0.0,0.0,30.68,266.68,0.0,266.68,2,2
#NW12652,2025-06-08 10:51:00,2025-06,CUST-00116,Identified,Online,Online Store,paid,fulfilled,CAD,720.0,HOLIDAY15,108.0,0.0,79.56,691.56,0.0,691.56,5,4
#NW12653,2025-06-16 15:52:00,2025-06,CUST-01119,Identified,Online,Online Store,paid,fulfilled,CAD,48.0,FALL15,7.2,12.0,6.86,59.66,0.0,59.66,1,1
#NW12654,2025-06-25 21:57:00,2025-06,CUST-01567,Identified,Online,Online Store,paid,fulfilled,CAD,112.0,,0.0,12.0,16.12,140.12,0.0,140.12,1,1
#NW12655,2025-06-30 16:06:00,2025-06,CUST-00102,Identified,Online,Online Store,paid,fulfilled,CAD,126.0,,0.0,0.0,16.38,142.38,0.0,142.38,2,2
#NW12656,2025-06-26 15:55:00,2025-06,CUST-00736,Identified,Online,Online Store,partially_refunded,fulfilled,CAD,78.0,,0.0,12.0,11.7,101.7,19.31,82.39,1,1
#NW12657,2025-06-17 15:11:00,2025-06,CUST-01810,Identified,POS,Northwood Toronto,paid,fulfilled,CAD,38.0,,0.0,0.0,4.94,42.94,0.0,42.94,1,1
#NW12658,2025-06-24 21:33:00,2025-06,CUST-00817,Identified,Online,Online Store,paid,fulfilled,CAD,214.0,,0.0,0.0,27.82,241.82,0.0,241.82,3,2
#NW12659,2025-06-17 19:01:00,2025-06,CUST-01088,Identified,Online,Online Store,paid,fulfilled,CAD,48.0,,0.0,12.0,7.8,67.8,0.0,67.8,1,1
#NW12660,2025-06-23 17:00:00,2025-06,CUST-00977,Identified,Online,Online Store,paid,fulfilled,CAD,42.0,,0.0,12.0,7.02,61.02,0.0,61.02,1,1
#NW12661,2025-06-22 19:03:00,2025-06,CUST-01263,Identified,POS,Northwood Toronto,paid,fulfilled,CAD,306.0,SPRING10,30.6,0.0,35.8,311.2,0.0,311.2,2,2
#NW12662,2025-06-12 11:28:00,2025-06,CUST-00338,Identified,Online,Online Store,paid,fulfilled,CAD,286.0,,0.0,0.0,37.18,323.18,0.0,323.18,2,2
#NW12663,2025-06-27 19:21:00,2025-06,CUST-01207,Identified,Online,Online Store,paid,fulfilled,CAD,108.0,,0.0,12.0,15.6,135.6,0.0,135.6,1,1
#NW12664,2025-06-06 16:18:00,2025-06,CUST-02056,Identified,Online,Online Store,paid,fulfilled,CAD,38.0,,0.0,12.0,6.5,56.5,0.0,56.5,1,1
#NW12665,2025-06-02 09:56:00,2025-06,CUST-02101,Identified,Online,Online Store,paid,fulfilled,CAD,128.0,,0.0,0.0,16.64,144.64,0.0,144.64,1,1
#NW12666,2025-06-23 19:41:00,2025-06,CUST-02240,Identified,POS,Northwood Toronto,partially_refunded,fulfilled,CAD,38.0,,0.0,0.0,4.94,42.94,21.56,21.38,1,1
#NW12667,2025-06-21 11:23:00,2025-06,CUST-00321,Identified,Online,Online Store,paid,fulfilled,CAD,164.0,,0.0,0.0,21.32,185.32,0.0,185.32,3,3
#NW12668,2025-06-07 18:56:00,2025-06,CUST-00440,Identified,Online,Online Store,paid,fulfilled,CAD,48.0,,0.0,12.0,7.8,67.8,0.0,67.8,1,1
#NW12669,2025-06-10 19:57:00,2025-06,CUST-00933,Identified,Online,Online Store,paid,fulfilled,CAD,48.0,,0.0,12.0,7.8,67.8,0.0,67.8,1,1
#NW12670,2025-06-26 11:40:00,2025-06,CUST-00647,Identified,Online,Online Store,paid,fulfilled,CAD,198.0,,0.0,0.0,25.74,223.74,0.0,223.74,1,1
#NW12671,2025-06-18 10:19:00,2025-06,CUST-00486,Identified,Online,Online Store,paid,fulfilled,CAD,76.0,,0.0,12.0,11.44,99.44,0.0,99.44,2,2
#NW12672,2025-06-26 11:22:00,2025-06,CUST-00293,Identified,Online,Online Store,paid,fulfilled,CAD,368.0,,0.0,0.0,47.84,415.84,0.0,415.84,3,2
#NW12673,2025-06-05 21:12:00,2025-06,CUST-00224,Identified,Online,Online Store,paid,fulfilled,CAD,234.0,,0.0,0.0,30.42,264.42,0.0,264.42,3,2
#NW12674,2025-06-28 13:13:00,2025-06,CUST-00157,Identified,Online,Online Store,paid,fulfilled,CAD,28.0,,0.0,12.0,5.2,45.2,0.0,45.2,1,1
#NW12675,2025-06-13 10:43:00,2025-06,CUST-02237,Identified,Online,Online Store,paid,fulfilled,CAD,88.0,,0.0,12.0,13.0,113.0,0.0,113.0,1,1
#NW12676,2025-06-15 21:49:00,2025-06,CUST-02304,Identified,Online,Online Store,paid,fulfilled,CAD,42.0,,0.0,12.0,7.02,61.02,0.0,61.02,1,1
#NW12677,2025-06-22 16:32:00,2025-06,CUST-01368,Identified,POS,Northwood Toronto,paid,fulfilled,CAD,96.0,,0.0,0.0,12.48,108.48,0.0,108.48,2,1
#NW12678,2025-06-09 18:18:00,2025-06,CUST-00806,Identified,Online,Online Store,paid,fulfilled,CAD,108.0,,0.0,12.0,15.6,135.6,0.0,135.6,1,1
#NW12679,2025-06-19 21:53:00,2025-06,CUST-00877,Identified,Online,Online Store,paid,fulfilled,CAD,256.0,,0.0,0.0,33.28,289.28,0.0,289.28,2,2
#NW12680,2025-06-07 20:20:00,2025-06,CUST-01719,Identified,POS,Northwood Toronto,paid,fulfilled,CAD,294.0,,0.0,0.0,38.22,332.22,0.0,332.22,3,2
#NW12681,2025-06-26 17:48:00,2025-06,CUST-01203,Identified,Online,Online Store,paid,fulfilled,CAD,196.0,,0.0,0.0,25.48,221.48,0.0,221.48,2,1
#NW12682,2025-06-25 19:08:00,2025-06,CUST-01125,Identified,Online,Online Store,paid,fulfilled,CAD,164.0,,0.0,0.0,21.32,185.32,0.0,185.32,4,3
#NW12683,2025-06-06 12:52:00,2025-06,CUST-00781,Identified,Online,Online Store,paid,fulfilled,CAD,312.0,,0.0,0.0,40.56,352.56,0.0,352.56,3,2
#NW12684,2025-06-14 10:38:00,2025-06,CUST-00565,Identified,Online,Online Store,paid,fulfilled,CAD,256.0,,0.0,0.0,33.28,289.28,0.0,289.28,2,1
#NW12685,2025-06-14 17:10:00,2025-06,CUST-00003,Identified,Online,Online Store,paid,fulfilled,CAD,38.0,,0.0,12.0,6.5,56.5,0.0,56.5,1,1
#NW12686,2025-06-22 19:29:00,2025-06,CUST-01070,Identified,Online,Online Store,paid,fulfilled,CAD,322.0,,0.0,0.0,41.86,363.86,0.0,363.86,4,3
#NW12687,2025-06-05 15:34:00,2025-06,CUST-00035,Identified,Online,Online Store,paid,fulfilled,CAD,256.0,,0.0,0.0,33.28,289.28,0.0,289.28,2,2
#NW12688,2025-06-30 19:22:00,2025-06,CUST-01227,Identified,Online,Online Store,paid,fulfilled,CAD,324.0,WELCOME10,32.4,0.0,37.91,329.51,0.0,329.51,3,3
#NW12689,2025-06-21 11:05:00,2025-06,CUST-01155,Identified,Online,Online Store,paid,fulfilled,CAD,32.0,,0.0,12.0,5.72,49.72,0.0,49.72,1,1
#NW12690,2025-06-07 12:34:00,2025-06,CUST-01420,Identified,Online,Online Store,refunded,fulfilled,CAD,234.0,,0.0,0.0,30.42,264.42,264.42,0.0,3,3
#NW12691,2025-06-28 19:13:00,2025-06,CUST-01655,Identified,Online,Online Store,paid,fulfilled,CAD,372.0,,0.0,0.0,48.36,420.36,0.0,420.36,4,3
#NW12692,2025-06-01 13:07:00,2025-06,CUST-01662,Identified,Online,Online Store,partially_refunded,fulfilled,CAD,48.0,,0.0,12.0,7.8,67.8,36.78,31.019999999999996,1,1
#NW12693,2025-06-30 14:47:00,2025-06,CUST-00049,Identified,POS,Northwood Toronto,paid,fulfilled,CAD,246.0,,0.0,0.0,31.98,277.98,0.0,277.98,2,2
#NW12694,2025-06-25 17:44:00,2025-06,CUST-01384,Identified,Online,Online Store,paid,fulfilled,CAD,196.0,,0.0,0.0,25.48,221.48,0.0,221.48,2,1
#NW12695,2025-06-19 17:37:00,2025-06,CUST-02100,Identified,Online,Online Store,paid,fulfilled,CAD,98.0,,0.0,12.0,14.3,124.3,0.0,124.3,1,1
#NW12696,2025-06-29 11:13:00,2025-06,CUST-00612,Identified,POS,Northwood Toronto,paid,fulfilled,CAD,142.0,,0.0,0.0,18.46,160.46,0.0,160.46,3,2
#NW12697,2025-06-02 15:34:00,2025-06,CUST-00696,Identified,Online,Online Store,paid,fulfilled,CAD,198.0,,0.0,0.0,25.74,223.74,0.0,223.74,1,1
#NW12698,2025-06-14 19:32:00,2025-06,CUST-01243,Identified,POS,Northwood Toronto,paid,fulfilled,CAD,690.0,,0.0,0.0,89.7,779.7,0.0,779.7,5,4
#NW12699,2025-06-03 17:43:00,2025-06,CUST-00589,Identified,Online,Online Store,paid,fulfilled,CAD,88.0,,0.0,12.0,13.0,113.0,0.0,113.0,1,1
#NW12700,2025-06-06 09:41:00,2025-06,CUST-00461,Identified,Online,Online Store,paid,fulfilled,CAD,294.0,,0.0,0.0,38.22,332.22,0.0,332.22,3,2
#NW12701,2025-06-22 18:16:00,2025-06,CUST-01944,Identified,Online,Online Store,paid,fulfilled,CAD,112.0,WELCOME10,11.2,12.0,14.66,127.46,0.0,127.46,1,1
#NW12702,2025-06-09 18:36:00,2025-06,CUST-00958,Identified,Online,Online Store,paid,fulfilled,CAD,88.0,SPRING10,8.8,12.0,11.86,103.06,0.0,103.06,1,1
#NW12703,2025-06-24 18:10:00,2025-06,CUST-02142,Identified,Online,Online Store,paid,fulfilled,CAD,198.0,HOLIDAY15,29.7,0.0,21.88,190.18,0.0,190.18,3,3
#NW12704,2025-06-04 12:21:00,2025-06,CUST-02264,Identified,Online,Online Store,paid,fulfilled,CAD,198.0,FALL15,29.7,0.0,21.88,190.18,0.0,190.18,1,1
#NW12705,2025-06-20 14:55:00,2025-06,CUST-01244,Identified,Online,Online Store,paid,fulfilled,CAD,96.0,SPRING10,9.6,12.0,12.79,111.19,0.0,111.19,2,1
#NW12706,2025-06-23 12:34:00,2025-06,CUST-01890,Identified,POS,Northwood Toronto,paid,fulfilled,CAD,38.0,,0.0,0.0,4.94,42.94,0.0,42.94,1,1
#NW12707,2025-06-03 14:34:00,2025-06,CUST-01396,Identified,POS,Northwood Toronto,paid,fulfilled,CAD,156.0,,0.0,0.0,20.28,176.28,0.0,176.28,2,2
#NW12708,2025-06-01 10:52:00,2025-06,CUST-00352,Identified,Online,Online Store,paid,fulfilled,CAD,364.0,,0.0,0.0,47.32,411.32,0.0,411.32,3,2
#NW12709,2025-06-20 16:54:00,2025-06,CUST-01283,Identified,Online,Online Store,paid,fulfilled,CAD,332.0,,0.0,0.0,43.16,375.16,0.0,375.16,4,2
#NW12710,2025-06-29 11:19:00,2025-06,CUST-00770,Identified,Online,Online Store,voided,unfulfilled,CAD,304.0,,0.0,0.0,39.52,343.52,0.0,0.0,3,3
#NW12711,2025-06-26 21:51:00,2025-06,CUST-01757,Identified,POS,Northwood Toronto,paid,fulfilled,CAD,200.0,,0.0,0.0,26.0,226.0,0.0,226.0,2,2
#NW12712,2025-06-26 11:02:00,2025-06,CUST-00024,Identified,Online,Online Store,paid,fulfilled,CAD,272.0,,0.0,0.0,35.36,307.36,0.0,307.36,4,3
#NW12713,2025-06-30 14:31:00,2025-06,CUST-00859,Identified,Online,Online Store,paid,fulfilled,CAD,160.0,,0.0,0.0,20.8,180.8,0.0,180.8,2,2
#NW12714,2025-06-15 18:15:00,2025-06,CUST-01456,Identified,Online,Online Store,paid,fulfilled,CAD,98.0,,0.0,12.0,14.3,124.3,0.0,124.3,1,1
#NW12715,2025-06-25 16:33:00,2025-06,CUST-01844,Identified,Online,Online Store,paid,fulfilled,CAD,176.0,,0.0,0.0,22.88,198.88,0.0,198.88,2,2
#NW12716,2025-06-14 19:12:00,2025-06,CUST-02288,Identified,Online,Online Store,paid,fulfilled,CAD,320.0,WELCOME10,32.0,0.0,37.44,325.44,0.0,325.44,5,3
#NW12717,2025-06-24 09:13:00,2025-06,CUST-00124,Identified,Online,Online Store,paid,fulfilled,CAD,88.0,,0.0,12.0,13.0,113.0,0.0,113.0,1,1
#NW12718,2025-06-30 15:32:00,2025-06,CUST-01286,Identified,POS,Northwood Toronto,partially_refunded,fulfilled,CAD,112.0,,0.0,0.0,14.56,126.56,69.36,57.2,1,1
#NW12719,2025-06-13 12:50:00,2025-06,CUST-00570,Identified,Online,Online Store,paid,fulfilled,CAD,316.0,,0.0,0.0,41.08,357.08,0.0,357.08,4,3
#NW12720,2025-06-03 16:57:00,2025-06,CUST-00526,Identified,Online,Online Store,paid,fulfilled,CAD,128.0,,0.0,0.0,16.64,144.64,0.0,144.64,1,1
#NW12721,2025-06-20 11:19:00,2025-06,CUST-01252,Identified,Online,Online Store,paid,fulfilled,CAD,88.0,,0.0,12.0,13.0,113.0,0.0,113.0,1,1
#NW12722,2025-06-20 15:47:00,2025-06,CUST-01139,Identified,Online,Online Store,paid,fulfilled,CAD,168.0,,0.0,0.0,21.84,189.84,0.0,189.84,3,3
#NW12723,2025-06-07 21:32:00,2025-06,CUST-02048,Identified,Online,Online Store,paid,fulfilled,CAD,98.0,,0.0,12.0,14.3,124.3,0.0,124.3,1,1
#NW12724,2025-06-05 18:50:00,2025-06,CUST-01453,Identified,POS,Northwood Toronto,paid,fulfilled,CAD,200.0,,0.0,0.0,26.0,226.0,0.0,226.0,2,2
#NW12725,2025-06-09 18:03:00,2025-06,CUST-01392,Identified,Online,Online Store,paid,fulfilled,CAD,88.0,FALL15,13.2,12.0,11.28,98.08,0.0,98.08,1,1
#NW12726,2025-06-22 15:31:00,2025-06,CUST-00924,Identified,Online,Online Store,paid,fulfilled,CAD,256.0,FALL15,38.4,0.0,28.29,245.89,0.0,245.89,2,2
#NW12727,2025-06-15 12:28:00,2025-06,CUST-01717,Identified,Online,Online Store,paid,fulfilled,CAD,352.0,,0.0,0.0,45.76,397.76,0.0,397.76,3,2
#NW12728,2025-06-30 18:19:00,2025-06,CUST-01744,Identified,Online,Online Store,voided,unfulfilled,CAD,196.0,,0.0,0.0,25.48,221.48,0.0,0.0,2,1
#NW12729,2025-06-06 16:09:00,2025-06,CUST-01653,Identified,Online,Online Store,paid,fulfilled,CAD,112.0,,0.0,12.0,16.12,140.12,0.0,140.12,1,1
#NW12730,2025-06-27 12:47:00,2025-06,CUST-02203,Identified,Online,Online Store,paid,fulfilled,CAD,88.0,,0.0,12.0,13.0,113.0,0.0,113.0,1,1
#NW12731,2025-06-26 09:58:00,2025-06,CUST-01340,Identified,Online,Online Store,paid,fulfilled,CAD,98.0,FALL15,14.7,12.0,12.39,107.69,0.0,107.69,1,1
#NW12732,2025-06-14 11:00:00,2025-06,CUST-01336,Identified,Online,Online Store,paid,fulfilled,CAD,38.0,,0.0,12.0,6.5,56.5,0.0,56.5,1,1
#NW12733,2025-06-27 09:26:00,2025-06,CUST-00914,Identified,Online,Online Store,paid,fulfilled,CAD,194.0,,0.0,0.0,25.22,219.22,0.0,219.22,3,2
#NW12734,2025-06-07 15:13:00,2025-06,CUST-00476,Identified,Online,Online Store,paid,fulfilled,CAD,96.0,,0.0,12.0,14.04,122.04,0.0,122.04,2,1
#NW12735,2025-06-02 15:27:00,2025-06,CUST-00336,Identified,Online,Online Store,paid,fulfilled,CAD,128.0,,0.0,0.0,16.64,144.64,0.0,144.64,1,1
#NW12736,2025-06-10 13:41:00,2025-06,CUST-00132,Identified,Online,Online Store,paid,fulfilled,CAD,218.0,,0.0,0.0,28.34,246.34,0.0,246.34,1,1
#NW12737,2025-06-25 13:32:00,2025-06,CUST-00570,Identified,Online,Online Store,paid,fulfilled,CAD,156.0,,0.0,0.0,20.28,176.28,0.0,176.28,2,1
#NW12738,2025-06-21 15:44:00,2025-06,CUST-00630,Identified,POS,Northwood Toronto,paid,fulfilled,CAD,66.0,,0.0,0.0,8.58,74.58,0.0,74.58,2,2
#NW12739,2025-06-08 19:32:00,2025-06,CUST-01218,Identified,POS,Northwood Toronto,paid,fulfilled,CAD,84.0,,0.0,0.0,10.92,94.92,0.0,94.92,2,1
#NW12740,2025-06-20 09:31:00,2025-06,CUST-02328,Identified,POS,Northwood Toronto,paid,fulfilled,CAD,42.0,,0.0,0.0,5.46,47.46,0.0,47.46,1,1
#NW12741,2025-06-15 15:41:00,2025-06,CUST-00334,Identified,Online,Online Store,paid,fulfilled,CAD,262.0,,0.0,0.0,34.06,296.06,0.0,296.06,3,2
#NW12742,2025-06-25 16:01:00,2025-06,CUST-01545,Identified,Online,Online Store,paid,fulfilled,CAD,86.0,,0.0,12.0,12.74,110.74,0.0,110.74,2,2
#NW12743,2025-06-13 19:13:00,2025-06,CUST-01602,Identified,Online,Online Store,paid,fulfilled,CAD,76.0,WELCOME10,7.6,12.0,10.45,90.85,0.0,90.85,2,1
#NW12744,2025-06-30 09:19:00,2025-06,CUST-01562,Identified,Online,Online Store,partially_refunded,fulfilled,CAD,128.0,,0.0,0.0,16.64,144.64,28.92,115.71999999999998,1,1
#NW12745,2025-06-12 20:49:00,2025-06,CUST-00596,Identified,Online,Online Store,paid,fulfilled,CAD,406.0,,0.0,0.0,52.78,458.78,0.0,458.78,4,3
#NW12746,2025-06-07 21:51:00,2025-06,CUST-01601,Identified,POS,Northwood Toronto,paid,fulfilled,CAD,106.0,,0.0,0.0,13.78,119.78,0.0,119.78,2,2
#NW12747,2025-06-02 16:41:00,2025-06,CUST-00261,Identified,Online,Online Store,paid,fulfilled,CAD,28.0,,0.0,12.0,5.2,45.2,0.0,45.2,1,1
#NW12748,2025-06-24 14:51:00,2025-06,CUST-02190,Identified,Online,Online Store,voided,unfulfilled,CAD,58.0,,0.0,12.0,9.1,79.1,0.0,0.0,1,1
#NW12749,2025-06-24 20:06:00,2025-06,,Guest / Unidentified,POS,Northwood Toronto,paid,fulfilled,CAD,332.0,,0.0,0.0,43.16,375.16,0.0,375.16,4,3
#NW12750,2025-06-23 21:19:00,2025-06,CUST-00772,Identified,Online,Online Store,refunded,fulfilled,CAD,48.0,,0.0,12.0,7.8,67.8,67.8,0.0,1,1
#NW12751,2025-06-14 15:06:00,2025-06,CUST-01945,Identified,Online,Online Store,paid,fulfilled,CAD,432.0,,0.0,0.0,56.16,488.16,0.0,488.16,4,3
#NW12752,2025-06-01 21:12:00,2025-06,CUST-00445,Identified,POS,Northwood Toronto,paid,fulfilled,CAD,384.0,,0.0,0.0,49.92,433.92,0.0,433.92,5,4
#NW12753,2025-06-20 11:37:00,2025-06,CUST-01347,Identified,Online,Online Store,paid,fulfilled,CAD,108.0,,0.0,12.0,15.6,135.6,0.0,135.6,1,1
#NW12754,2025-06-20 15:13:00,2025-06,CUST-02333,Identified,Online,Online Store,paid,fulfilled,CAD,88.0,,0.0,12.0,13.0,113.0,0.0,113.0,1,1
#NW12755,2025-06-19 12:19:00,2025-06,CUST-01850,Identified,Online,Online Store,paid,fulfilled,CAD,572.0,,0.0,0.0,74.36,646.36,0.0,646.36,4,2
#NW12756,2025-06-20 13:51:00,2025-06,CUST-01408,Identified,Online,Online Store,paid,fulfilled,CAD,88.0,,0.0,12.0,13.0,113.0,0.0,113.0,1,1
#NW12757,2025-06-28 19:22:00,2025-06,CUST-00382,Identified,Online,Online Store,paid,fulfilled,CAD,38.0,,0.0,12.0,6.5,56.5,0.0,56.5,1,1
#NW12758,2025-06-27 10:11:00,2025-06,CUST-00703,Identified,Online,Online Store,paid,fulfilled,CAD,222.0,,0.0,0.0,28.86,250.86,0.0,250.86,3,3
#NW12759,2025-06-20 13:34:00,2025-06,CUST-01688,Identified,Online,Online Store,paid,fulfilled,CAD,146.0,,0.0,0.0,18.98,164.98,0.0,164.98,2,2
#NW12760,2025-06-11 21:00:00,2025-06,CUST-02265,Identified,Online,Online Store,paid,fulfilled,CAD,492.0,,0.0,0.0,63.96,555.96,0.0,555.96,4,3
#NW12761,2025-06-18 16:13:00,2025-06,CUST-00728,Identified,POS,Northwood Toronto,paid,fulfilled,CAD,126.0,HOLIDAY15,18.9,0.0,13.92,121.02,0.0,121.02,2,2
#NW12762,2025-06-19 18:54:00,2025-06,CUST-00132,Identified,POS,Northwood Toronto,paid,fulfilled,CAD,256.0,,0.0,0.0,33.28,289.28,0.0,289.28,2,1
#NW12763,2025-06-08 12:40:00,2025-06,CUST-00266,Identified,POS,Northwood Toronto,paid,fulfilled,CAD,224.0,,0.0,0.0,29.12,253.12,0.0,253.12,2,1
#NW12764,2025-06-27 16:07:00,2025-06,CUST-02120,Identified,Online,Online Store,paid,fulfilled,CAD,78.0,,0.0,12.0,11.7,101.7,0.0,101.7,1,1
#NW12765,2025-06-20 20:39:00,2025-06,CUST-00110,Identified,Online,Online Store,paid,fulfilled,CAD,294.0,,0.0,0.0,38.22,332.22,0.0,332.22,3,2
#NW12766,2025-06-21 14:45:00,2025-06,CUST-00765,Identified,Online,Online Store,paid,fulfilled,CAD,240.0,,0.0,0.0,31.2,271.2,0.0,271.2,2,2
#NW12767,2025-06-02 17:09:00,2025-06,CUST-00816,Identified,Online,Online Store,paid,fulfilled,CAD,86.0,HOLIDAY15,12.9,12.0,11.06,96.16,0.0,96.16,2,2
#NW12768,2025-06-09 10:05:00,2025-06,CUST-00285,Identified,Online,Online Store,voided,unfulfilled,CAD,256.0,,0.0,0.0,33.28,289.28,0.0,0.0,2,1
#NW12769,2025-06-04 19:59:00,2025-06,CUST-01581,Identified,Online,Online Store,paid,fulfilled,CAD,96.0,,0.0,12.0,14.04,122.04,0.0,122.04,2,1
#NW12770,2025-06-05 18:35:00,2025-06,CUST-01163,Identified,Online,Online Store,paid,fulfilled,CAD,338.0,,0.0,0.0,43.94,381.94,0.0,381.94,3,3
#NW12771,2025-06-13 12:19:00,2025-06,CUST-00844,Identified,Online,Online Store,paid,fulfilled,CAD,68.0,,0.0,12.0,10.4,90.4,0.0,90.4,1,1
#NW12772,2025-06-15 14:23:00,2025-06,CUST-00955,Identified,Online,Online Store,paid,fulfilled,CAD,234.0,,0.0,0.0,30.42,264.42,0.0,264.42,3,2
#NW12773,2025-06-30 21:57:00,2025-06,CUST-01119,Identified,Online,Online Store,paid,fulfilled,CAD,128.0,,0.0,0.0,16.64,144.64,0.0,144.64,1,1
#NW12774,2025-06-19 16:49:00,2025-06,CUST-02148,Identified,Online,Online Store,refunded,fulfilled,CAD,242.0,,0.0,0.0,31.46,273.46,273.46,0.0,3,2
#NW12775,2025-06-02 14:09:00,2025-06,CUST-00287,Identified,Online,Online Store,paid,fulfilled,CAD,468.0,,0.0,0.0,60.84,528.84,0.0,528.84,5,3
#NW12776,2025-06-11 13:22:00,2025-06,CUST-01863,Identified,Online,Online Store,paid,fulfilled,CAD,320.0,,0.0,0.0,41.6,361.6,0.0,361.6,4,2
#NW12777,2025-06-19 09:15:00,2025-06,CUST-00236,Identified,Online,Online Store,paid,fulfilled,CAD,174.0,,0.0,0.0,22.62,196.62,0.0,196.62,3,2
#NW12778,2025-06-01 19:03:00,2025-06,CUST-01069,Identified,Online,Online Store,paid,fulfilled,CAD,96.0,,0.0,12.0,14.04,122.04,0.0,122.04,2,2
#NW12779,2025-06-14 18:35:00,2025-06,CUST-02124,Identified,Online,Online Store,paid,fulfilled,CAD,424.0,,0.0,0.0,55.12,479.12,0.0,479.12,4,3
#NW12780,2025-06-24 10:40:00,2025-06,CUST-01151,Identified,Online,Online Store,paid,fulfilled,CAD,58.0,SPRING10,5.8,12.0,8.35,72.55,0.0,72.55,1,1
#NW12781,2025-06-13 17:30:00,2025-06,CUST-00704,Identified,Online,Online Store,paid,fulfilled,CAD,72.0,,0.0,12.0,10.92,94.92,0.0,94.92,1,1
#NW12782,2025-06-08 21:24:00,2025-06,CUST-01391,Identified,Online,Online Store,paid,fulfilled,CAD,162.0,SPRING10,16.2,0.0,18.95,164.75,0.0,164.75,3,3
#NW12783,2025-06-15 14:35:00,2025-06,CUST-01683,Identified,Online,Online Store,paid,fulfilled,CAD,440.0,SPRING10,44.0,0.0,51.48,447.48,0.0,447.48,5,4
#NW12784,2025-06-26 16:00:00,2025-06,CUST-00546,Identified,Online,Online Store,paid,fulfilled,CAD,118.0,,0.0,12.0,16.9,146.9,0.0,146.9,1,1
#NW12785,2025-06-21 11:17:00,2025-06,CUST-00644,Identified,Online,Online Store,paid,fulfilled,CAD,28.0,WELCOME10,2.8,12.0,4.84,42.04,0.0,42.04,1,1
#NW12786,2025-07-13 11:08:00,2025-07,CUST-00454,Identified,Online,Online Store,paid,fulfilled,CAD,28.0,SPRING10,2.8,12.0,4.84,42.04,0.0,42.04,1,1
#NW12787,2025-07-11 11:14:00,2025-07,CUST-00223,Identified,Online,Online Store,paid,fulfilled,CAD,256.0,,0.0,0.0,33.28,289.28,0.0,289.28,2,1
#NW12788,2025-07-14 09:21:00,2025-07,CUST-01328,Identified,Online,Online Store,paid,fulfilled,CAD,48.0,,0.0,12.0,7.8,67.8,0.0,67.8,1,1
#NW12789,2025-07-19 09:02:00,2025-07,CUST-01714,Identified,Online,Online Store,paid,fulfilled,CAD,352.0,,0.0,0.0,45.76,397.76,0.0,397.76,3,2
#NW12790,2025-07-02 14:04:00,2025-07,CUST-01959,Identified,POS,Northwood Toronto,paid,fulfilled,CAD,452.0,HOLIDAY15,67.8,0.0,49.95,434.15,0.0,434.15,4,2
#NW12791,2025-07-20 09:01:00,2025-07,CUST-01241,Identified,Online,Online Store,paid,fulfilled,CAD,248.0,,0.0,0.0,32.24,280.24,0.0,280.24,1,1
#NW12792,2025-07-03 19:43:00,2025-07,,Guest / Unidentified,POS,Northwood Toronto,voided,unfulfilled,CAD,68.0,WELCOME10,6.8,0.0,7.96,69.16,0.0,0.0,1,1
#NW12793,2025-07-16 20:15:00,2025-07,CUST-02238,Identified,Online,Online Store,paid,fulfilled,CAD,38.0,,0.0,12.0,6.5,56.5,0.0,56.5,1,1
#NW12794,2025-07-28 13:43:00,2025-07,CUST-01864,Identified,Online,Online Store,paid,fulfilled,CAD,118.0,FALL15,17.7,12.0,14.6,126.9,0.0,126.9,1,1
#NW12795,2025-07-23 16:27:00,2025-07,CUST-00640,Identified,Online,Online Store,paid,fulfilled,CAD,38.0,,0.0,12.0,6.5,56.5,0.0,56.5,1,1
#NW12796,2025-07-29 20:10:00,2025-07,CUST-01765,Identified,Online,Online Store,paid,fulfilled,CAD,192.0,,0.0,0.0,24.96,216.96,0.0,216.96,3,3
#NW12797,2025-07-23 15:16:00,2025-07,CUST-02160,Identified,Online,Online Store,paid,fulfilled,CAD,128.0,,0.0,0.0,16.64,144.64,0.0,144.64,1,1
#NW12798,2025-07-04 10:51:00,2025-07,CUST-01945,Identified,Online,Online Store,paid,fulfilled,CAD,76.0,,0.0,12.0,11.44,99.44,0.0,99.44,2,2
#NW12799,2025-07-19 17:41:00,2025-07,CUST-00651,Identified,POS,Northwood Toronto,paid,fulfilled,CAD,112.0,,0.0,0.0,14.56,126.56,0.0,126.56,1,1
#NW12800,2025-07-03 09:54:00,2025-07,CUST-01272,Identified,Online,Online Store,paid,fulfilled,CAD,112.0,,0.0,12.0,16.12,140.12,0.0,140.12,1,1
#NW12801,2025-07-01 19:26:00,2025-07,CUST-00832,Identified,Online,Online Store,paid,fulfilled,CAD,28.0,,0.0,12.0,5.2,45.2,0.0,45.2,1,1
#NW12802,2025-07-09 20:36:00,2025-07,CUST-02059,Identified,Online,Online Store,paid,fulfilled,CAD,58.0,,0.0,12.0,9.1,79.1,0.0,79.1,1,1
#NW12803,2025-07-08 21:11:00,2025-07,CUST-00249,Identified,Online,Online Store,paid,fulfilled,CAD,224.0,,0.0,0.0,29.12,253.12,0.0,253.12,2,1
#NW12804,2025-07-14 13:01:00,2025-07,CUST-01129,Identified,Online,Online Store,paid,fulfilled,CAD,236.0,WELCOME10,23.6,0.0,27.61,240.01,0.0,240.01,2,2
#NW12805,2025-07-15 15:16:00,2025-07,CUST-00666,Identified,Online,Online Store,paid,fulfilled,CAD,254.0,,0.0,0.0,33.02,287.02,0.0,287.02,3,2
#NW12806,2025-07-25 09:51:00,2025-07,CUST-00031,Identified,Online,Online Store,paid,fulfilled,CAD,88.0,,0.0,12.0,13.0,113.0,0.0,113.0,1,1
#NW12807,2025-07-20 11:20:00,2025-07,CUST-00585,Identified,Online,Online Store,paid,fulfilled,CAD,48.0,,0.0,12.0,7.8,67.8,0.0,67.8,1,1
#NW12808,2025-07-22 17:39:00,2025-07,CUST-00055,Identified,Online,Online Store,paid,fulfilled,CAD,96.0,,0.0,12.0,14.04,122.04,0.0,122.04,2,1
#NW12809,2025-07-24 21:36:00,2025-07,CUST-00263,Identified,Online,Online Store,paid,fulfilled,CAD,150.0,,0.0,0.0,19.5,169.5,0.0,169.5,2,2
#NW12810,2025-07-06 09:32:00,2025-07,CUST-01636,Identified,POS,Northwood Toronto,paid,fulfilled,CAD,108.0,WELCOME10,10.8,0.0,12.64,109.84,0.0,109.84,1,1
#NW12811,2025-07-30 14:38:00,2025-07,CUST-01012,Identified,Online,Online Store,paid,fulfilled,CAD,344.0,,0.0,0.0,44.72,388.72,0.0,388.72,3,2
#NW12812,2025-07-17 19:45:00,2025-07,CUST-02154,Identified,Online,Online Store,paid,fulfilled,CAD,38.0,,0.0,12.0,6.5,56.5,0.0,56.5,1,1
#NW12813,2025-07-14 10:48:00,2025-07,CUST-02195,Identified,POS,Northwood Toronto,paid,fulfilled,CAD,136.0,,0.0,0.0,17.68,153.68,0.0,153.68,2,2
#NW12814,2025-07-16 10:01:00,2025-07,CUST-02332,Identified,Online,Online Store,paid,fulfilled,CAD,72.0,,0.0,12.0,10.92,94.92,0.0,94.92,1,1
#NW12815,2025-07-08 17:38:00,2025-07,CUST-02011,Identified,Online,Online Store,paid,fulfilled,CAD,38.0,,0.0,12.0,6.5,56.5,0.0,56.5,1,1
#NW12816,2025-07-14 21:18:00,2025-07,CUST-01885,Identified,Online,Online Store,paid,fulfilled,CAD,164.0,,0.0,0.0,21.32,185.32,0.0,185.32,3,2
#NW12817,2025-07-24 12:47:00,2025-07,CUST-01896,Identified,Online,Online Store,refunded,fulfilled,CAD,48.0,,0.0,12.0,7.8,67.8,67.8,0.0,1,1
#NW12818,2025-07-14 14:00:00,2025-07,CUST-00161,Identified,Online,Online Store,paid,fulfilled,CAD,256.0,,0.0,0.0,33.28,289.28,0.0,289.28,2,1
#NW12819,2025-07-25 21:10:00,2025-07,CUST-00374,Identified,POS,Northwood Toronto,paid,fulfilled,CAD,72.0,,0.0,0.0,9.36,81.36,0.0,81.36,1,1
#NW12820,2025-07-14 20:33:00,2025-07,CUST-01180,Identified,Online,Online Store,paid,fulfilled,CAD,38.0,,0.0,12.0,6.5,56.5,0.0,56.5,1,1
#NW12821,2025-07-19 21:19:00,2025-07,CUST-01368,Identified,Online,Online Store,refunded,fulfilled,CAD,146.0,,0.0,0.0,18.98,164.98,164.98,0.0,2,2
#NW12822,2025-07-23 17:00:00,2025-07,CUST-01421,Identified,Online,Online Store,paid,fulfilled,CAD,186.0,FALL15,27.9,0.0,20.55,178.65,0.0,178.65,2,2
#NW12823,2025-07-15 14:26:00,2025-07,CUST-01219,Identified,Online,Online Store,paid,fulfilled,CAD,204.0,,0.0,0.0,26.52,230.52,0.0,230.52,3,2
#NW12824,2025-07-03 14:02:00,2025-07,CUST-01602,Identified,Online,Online Store,paid,fulfilled,CAD,256.0,,0.0,0.0,33.28,289.28,0.0,289.28,2,1
#NW12825,2025-07-01 17:51:00,2025-07,CUST-00718,Identified,Online,Online Store,paid,fulfilled,CAD,312.0,,0.0,0.0,40.56,352.56,0.0,352.56,3,2
#NW12826,2025-07-25 19:09:00,2025-07,CUST-01701,Identified,Online,Online Store,paid,fulfilled,CAD,546.0,FALL15,81.9,0.0,60.33,524.43,0.0,524.43,4,4
#NW12827,2025-07-10 14:15:00,2025-07,CUST-01117,Identified,Online,Online Store,paid,fulfilled,CAD,302.0,,0.0,0.0,39.26,341.26,0.0,341.26,3,2
#NW12828,2025-07-17 15:30:00,2025-07,CUST-00358,Identified,Online,Online Store,paid,fulfilled,CAD,222.0,,0.0,0.0,28.86,250.86,0.0,250.86,3,3
#NW12829,2025-07-25 19:11:00,2025-07,CUST-02237,Identified,Online,Online Store,paid,fulfilled,CAD,104.0,,0.0,12.0,15.08,131.08,0.0,131.08,3,2
#NW12830,2025-07-06 21:56:00,2025-07,CUST-00636,Identified,Online,Online Store,partially_refunded,fulfilled,CAD,88.0,,0.0,12.0,13.0,113.0,43.42,69.58,1,1
#NW12831,2025-07-09 14:21:00,2025-07,CUST-01876,Identified,Online,Online Store,paid,fulfilled,CAD,78.0,,0.0,12.0,11.7,101.7,0.0,101.7,1,1
#NW12832,2025-07-05 10:57:00,2025-07,CUST-01576,Identified,Online,Online Store,paid,fulfilled,CAD,126.0,,0.0,0.0,16.38,142.38,0.0,142.38,2,2
#NW12833,2025-07-07 17:10:00,2025-07,CUST-00752,Identified,Online,Online Store,paid,fulfilled,CAD,48.0,,0.0,12.0,7.8,67.8,0.0,67.8,1,1
#NW12834,2025-07-30 14:01:00,2025-07,CUST-02330,Identified,POS,Northwood Toronto,paid,fulfilled,CAD,72.0,,0.0,0.0,9.36,81.36,0.0,81.36,1,1
#NW12835,2025-07-25 19:36:00,2025-07,CUST-00392,Identified,Online,Online Store,paid,fulfilled,CAD,242.0,,0.0,0.0,31.46,273.46,0.0,273.46,4,4
#NW12836,2025-07-13 20:48:00,2025-07,CUST-00300,Identified,Online,Online Store,paid,fulfilled,CAD,88.0,,0.0,12.0,13.0,113.0,0.0,113.0,1,1
#NW12837,2025-07-04 12:57:00,2025-07,CUST-00179,Identified,Online,Online Store,paid,fulfilled,CAD,98.0,WELCOME10,9.8,12.0,13.03,113.23,0.0,113.23,1,1
#NW12838,2025-07-21 11:08:00,2025-07,CUST-00982,Identified,Online,Online Store,paid,fulfilled,CAD,240.0,,0.0,0.0,31.2,271.2,0.0,271.2,2,2
#NW12839,2025-07-31 21:25:00,2025-07,CUST-01518,Identified,Online,Online Store,paid,fulfilled,CAD,350.0,,0.0,0.0,45.5,395.5,0.0,395.5,4,3
#NW12840,2025-07-11 11:52:00,2025-07,CUST-01122,Identified,Online,Online Store,paid,fulfilled,CAD,88.0,FALL15,13.2,12.0,11.28,98.08,0.0,98.08,1,1
#NW12841,2025-07-10 19:05:00,2025-07,CUST-02203,Identified,Online,Online Store,partially_refunded,fulfilled,CAD,240.0,,0.0,0.0,31.2,271.2,107.18,164.01999999999998,2,2
#NW12842,2025-07-08 18:03:00,2025-07,CUST-01640,Identified,Online,Online Store,paid,fulfilled,CAD,38.0,,0.0,12.0,6.5,56.5,0.0,56.5,1,1
#NW12843,2025-07-23 16:06:00,2025-07,CUST-00274,Identified,Online,Online Store,paid,fulfilled,CAD,76.0,,0.0,12.0,11.44,99.44,0.0,99.44,2,1
#NW12844,2025-07-14 12:19:00,2025-07,CUST-00890,Identified,Online,Online Store,paid,fulfilled,CAD,216.0,,0.0,0.0,28.08,244.08,0.0,244.08,2,1
#NW12845,2025-07-16 13:32:00,2025-07,CUST-01647,Identified,Online,Online Store,refunded,fulfilled,CAD,196.0,,0.0,0.0,25.48,221.48,221.48,0.0,2,1
#NW12846,2025-07-18 11:59:00,2025-07,CUST-01685,Identified,Online,Online Store,paid,fulfilled,CAD,324.0,,0.0,0.0,42.12,366.12,0.0,366.12,3,2
#NW12847,2025-07-18 19:15:00,2025-07,CUST-02265,Identified,Online,Online Store,paid,fulfilled,CAD,242.0,,0.0,0.0,31.46,273.46,0.0,273.46,3,2
#NW12848,2025-07-19 15:12:00,2025-07,CUST-00120,Identified,Online,Online Store,paid,fulfilled,CAD,78.0,,0.0,12.0,11.7,101.7,0.0,101.7,1,1
#NW12849,2025-07-08 09:11:00,2025-07,CUST-01511,Identified,Online,Online Store,paid,fulfilled,CAD,190.0,,0.0,0.0,24.7,214.7,0.0,214.7,2,2
#NW12850,2025-07-30 17:50:00,2025-07,CUST-00314,Identified,Online,Online Store,paid,fulfilled,CAD,38.0,WELCOME10,3.8,12.0,6.01,52.21,0.0,52.21,1,1
#NW12851,2025-07-03 16:27:00,2025-07,CUST-00715,Identified,POS,Northwood Toronto,paid,fulfilled,CAD,38.0,,0.0,0.0,4.94,42.94,0.0,42.94,1,1
#NW12852,2025-07-17 18:56:00,2025-07,CUST-01389,Identified,POS,Northwood Toronto,paid,fulfilled,CAD,128.0,,0.0,0.0,16.64,144.64,0.0,144.64,1,1
#NW12853,2025-07-28 12:45:00,2025-07,CUST-01336,Identified,Online,Online Store,paid,fulfilled,CAD,112.0,,0.0,12.0,16.12,140.12,0.0,140.12,1,1
#NW12854,2025-07-08 21:13:00,2025-07,CUST-01680,Identified,Online,Online Store,paid,fulfilled,CAD,316.0,,0.0,0.0,41.08,357.08,0.0,357.08,2,2
#NW12855,2025-07-01 12:09:00,2025-07,,Guest / Unidentified,POS,Northwood Toronto,paid,fulfilled,CAD,184.0,,0.0,0.0,23.92,207.92,0.0,207.92,3,3
#NW12856,2025-07-15 14:49:00,2025-07,CUST-00676,Identified,Online,Online Store,paid,fulfilled,CAD,108.0,SPRING10,10.8,12.0,14.2,123.4,0.0,123.4,1,1
#NW12857,2025-07-07 20:10:00,2025-07,CUST-01296,Identified,Online,Online Store,paid,fulfilled,CAD,78.0,HOLIDAY15,11.7,12.0,10.18,88.48,0.0,88.48,1,1
#NW12858,2025-07-02 15:15:00,2025-07,CUST-01211,Identified,Online,Online Store,paid,fulfilled,CAD,98.0,,0.0,12.0,14.3,124.3,0.0,124.3,1,1
#NW12859,2025-07-21 17:24:00,2025-07,CUST-02073,Identified,Online,Online Store,paid,fulfilled,CAD,186.0,,0.0,0.0,24.18,210.18,0.0,210.18,2,2
#NW12860,2025-07-17 18:14:00,2025-07,CUST-00183,Identified,POS,Northwood Toronto,paid,fulfilled,CAD,72.0,FALL15,10.8,0.0,7.96,69.16,0.0,69.16,1,1
#NW12861,2025-07-06 14:01:00,2025-07,CUST-01894,Identified,POS,Northwood Toronto,paid,fulfilled,CAD,112.0,,0.0,0.0,14.56,126.56,0.0,126.56,1,1
#NW12862,2025-07-16 19:03:00,2025-07,CUST-00110,Identified,Online,Online Store,paid,fulfilled,CAD,78.0,,0.0,12.0,11.7,101.7,0.0,101.7,1,1
#NW12863,2025-07-04 19:00:00,2025-07,CUST-01225,Identified,Online,Online Store,paid,fulfilled,CAD,66.0,,0.0,12.0,10.14,88.14,0.0,88.14,2,2
#NW12864,2025-07-25 11:12:00,2025-07,CUST-01892,Identified,POS,Northwood Toronto,paid,fulfilled,CAD,28.0,,0.0,0.0,3.64,31.64,0.0,31.64,1,1
#NW12865,2025-07-24 21:21:00,2025-07,,Guest / Unidentified,POS,Northwood Toronto,paid,fulfilled,CAD,226.0,,0.0,0.0,29.38,255.38,0.0,255.38,2,2
#NW12866,2025-07-14 09:33:00,2025-07,CUST-01663,Identified,Online,Online Store,paid,fulfilled,CAD,98.0,,0.0,12.0,14.3,124.3,0.0,124.3,1,1
#NW12867,2025-07-11 09:58:00,2025-07,CUST-01636,Identified,Online,Online Store,paid,fulfilled,CAD,236.0,,0.0,0.0,30.68,266.68,0.0,266.68,2,2
#NW12868,2025-07-19 20:33:00,2025-07,CUST-00194,Identified,Online,Online Store,paid,fulfilled,CAD,456.0,,0.0,0.0,59.28,515.28,0.0,515.28,4,3
#NW12869,2025-07-07 10:39:00,2025-07,CUST-01625,Identified,Online,Online Store,paid,fulfilled,CAD,340.0,,0.0,0.0,44.2,384.2,0.0,384.2,5,3
#NW12870,2025-07-10 20:01:00,2025-07,CUST-00155,Identified,Online,Online Store,paid,fulfilled,CAD,86.0,,0.0,12.0,12.74,110.74,0.0,110.74,2,2
#NW12871,2025-07-06 17:40:00,2025-07,CUST-00044,Identified,POS,Northwood Toronto,paid,fulfilled,CAD,116.0,,0.0,0.0,15.08,131.08,0.0,131.08,2,2
#NW12872,2025-07-24 18:45:00,2025-07,CUST-01459,Identified,Online,Online Store,paid,fulfilled,CAD,38.0,,0.0,12.0,6.5,56.5,0.0,56.5,1,1
#NW12873,2025-07-02 20:25:00,2025-07,CUST-00723,Identified,Online,Online Store,paid,fulfilled,CAD,330.0,,0.0,0.0,42.9,372.9,0.0,372.9,2,2
#NW12874,2025-07-13 19:56:00,2025-07,CUST-00560,Identified,Online,Online Store,paid,fulfilled,CAD,160.0,,0.0,0.0,20.8,180.8,0.0,180.8,2,2
#NW12875,2025-07-03 20:18:00,2025-07,CUST-01340,Identified,Online,Online Store,refunded,fulfilled,CAD,156.0,,0.0,0.0,20.28,176.28,176.28,0.0,2,2
#NW12876,2025-07-02 18:07:00,2025-07,CUST-01902,Identified,Online,Online Store,paid,fulfilled,CAD,256.0,,0.0,0.0,33.28,289.28,0.0,289.28,2,2
#NW12877,2025-07-08 18:47:00,2025-07,CUST-01986,Identified,POS,Northwood Toronto,paid,fulfilled,CAD,212.0,,0.0,0.0,27.56,239.56,0.0,239.56,4,2
#NW12878,2025-07-18 18:46:00,2025-07,CUST-01890,Identified,Online,Online Store,paid,fulfilled,CAD,270.0,,0.0,0.0,35.1,305.1,0.0,305.1,2,2
#NW12879,2025-07-31 15:16:00,2025-07,CUST-00280,Identified,Online,Online Store,paid,fulfilled,CAD,240.0,WELCOME10,24.0,0.0,28.08,244.08,0.0,244.08,5,3
#NW12880,2025-07-06 11:14:00,2025-07,CUST-00955,Identified,POS,Northwood Toronto,paid,fulfilled,CAD,118.0,HOLIDAY15,17.7,0.0,13.04,113.34,0.0,113.34,1,1
#NW12881,2025-07-21 14:42:00,2025-07,CUST-02247,Identified,Online,Online Store,paid,fulfilled,CAD,150.0,,0.0,0.0,19.5,169.5,0.0,169.5,2,2
#NW12882,2025-07-12 21:43:00,2025-07,CUST-00993,Identified,Online,Online Store,paid,fulfilled,CAD,236.0,,0.0,0.0,30.68,266.68,0.0,266.68,2,1
#NW12883,2025-07-07 09:22:00,2025-07,CUST-01793,Identified,POS,Northwood Toronto,paid,fulfilled,CAD,96.0,,0.0,0.0,12.48,108.48,0.0,108.48,2,1
#NW12884,2025-07-10 09:45:00,2025-07,CUST-02265,Identified,Online,Online Store,paid,fulfilled,CAD,234.0,,0.0,0.0,30.42,264.42,0.0,264.42,3,2
#NW12885,2025-07-30 11:09:00,2025-07,CUST-00131,Identified,POS,Northwood Toronto,paid,fulfilled,CAD,422.0,,0.0,0.0,54.86,476.86,0.0,476.86,3,2
#NW12886,2025-07-04 13:11:00,2025-07,CUST-01144,Identified,POS,Northwood Toronto,paid,fulfilled,CAD,424.0,,0.0,0.0,55.12,479.12,0.0,479.12,3,2
#NW12887,2025-07-12 17:58:00,2025-07,CUST-01745,Identified,Online,Online Store,paid,fulfilled,CAD,354.0,,0.0,0.0,46.02,400.02,0.0,400.02,3,2
#NW12888,2025-07-20 13:15:00,2025-07,CUST-01960,Identified,Online,Online Store,paid,fulfilled,CAD,72.0,,0.0,12.0,10.92,94.92,0.0,94.92,1,1
#NW12889,2025-07-08 09:43:00,2025-07,CUST-00074,Identified,Online,Online Store,paid,fulfilled,CAD,88.0,,0.0,12.0,13.0,113.0,0.0,113.0,1,1
#NW12890,2025-07-13 20:59:00,2025-07,CUST-00412,Identified,Online,Online Store,paid,fulfilled,CAD,284.0,,0.0,0.0,36.92,320.92,0.0,320.92,3,2
#NW12891,2025-07-01 10:34:00,2025-07,CUST-00726,Identified,Online,Online Store,paid,fulfilled,CAD,64.0,WELCOME10,6.4,12.0,9.05,78.65,0.0,78.65,2,1
#NW12892,2025-07-02 19:04:00,2025-07,CUST-01205,Identified,Online,Online Store,paid,fulfilled,CAD,88.0,,0.0,12.0,13.0,113.0,0.0,113.0,1,1
#NW12893,2025-07-02 13:21:00,2025-07,CUST-00509,Identified,Online,Online Store,paid,fulfilled,CAD,184.0,,0.0,0.0,23.92,207.92,0.0,207.92,2,2
#NW12894,2025-07-29 20:48:00,2025-07,CUST-02190,Identified,Online,Online Store,paid,fulfilled,CAD,118.0,,0.0,12.0,16.9,146.9,0.0,146.9,1,1
#NW12895,2025-07-28 15:40:00,2025-07,CUST-01601,Identified,Online,Online Store,paid,fulfilled,CAD,38.0,,0.0,12.0,6.5,56.5,0.0,56.5,1,1
#NW12896,2025-07-07 12:14:00,2025-07,CUST-02297,Identified,Online,Online Store,paid,fulfilled,CAD,444.0,HOLIDAY15,66.6,0.0,49.06,426.46,0.0,426.46,3,2
#NW12897,2025-07-26 14:32:00,2025-07,CUST-00318,Identified,Online,Online Store,paid,fulfilled,CAD,296.0,,0.0,0.0,38.48,334.48,0.0,334.48,3,2
#NW12898,2025-07-07 17:57:00,2025-07,CUST-01151,Identified,Online,Online Store,paid,fulfilled,CAD,136.0,WELCOME10,13.6,0.0,15.91,138.31,0.0,138.31,2,1
#NW12899,2025-07-22 11:42:00,2025-07,CUST-01120,Identified,Online,Online Store,paid,fulfilled,CAD,174.0,,0.0,0.0,22.62,196.62,0.0,196.62,3,3
#NW12900,2025-07-21 12:22:00,2025-07,CUST-00051,Identified,Online,Online Store,paid,fulfilled,CAD,84.0,,0.0,12.0,12.48,108.48,0.0,108.48,2,1
#NW12901,2025-07-28 09:30:00,2025-07,CUST-01805,Identified,Online,Online Store,paid,fulfilled,CAD,58.0,HOLIDAY15,8.7,12.0,7.97,69.27,0.0,69.27,1,1
#NW12902,2025-07-08 11:08:00,2025-07,CUST-01467,Identified,Online,Online Store,paid,fulfilled,CAD,88.0,,0.0,12.0,13.0,113.0,0.0,113.0,1,1
#NW12903,2025-07-27 16:50:00,2025-07,CUST-00729,Identified,Online,Online Store,paid,fulfilled,CAD,38.0,,0.0,12.0,6.5,56.5,0.0,56.5,1,1
#NW12904,2025-07-24 20:21:00,2025-07,CUST-00888,Identified,Online,Online Store,paid,fulfilled,CAD,88.0,,0.0,12.0,13.0,113.0,0.0,113.0,1,1
#NW12905,2025-07-24 15:57:00,2025-07,CUST-00142,Identified,Online,Online Store,paid,fulfilled,CAD,78.0,,0.0,12.0,11.7,101.7,0.0,101.7,1,1
#NW12906,2025-07-01 19:47:00,2025-07,CUST-02181,Identified,Online,Online Store,paid,fulfilled,CAD,100.0,,0.0,12.0,14.56,126.56,0.0,126.56,2,2
#NW12907,2025-07-18 18:30:00,2025-07,CUST-00886,Identified,Online,Online Store,paid,fulfilled,CAD,48.0,,0.0,12.0,7.8,67.8,0.0,67.8,1,1
#NW12908,2025-07-24 09:20:00,2025-07,CUST-01811,Identified,Online,Online Store,paid,fulfilled,CAD,158.0,,0.0,0.0,20.54,178.54,0.0,178.54,1,1
#NW12909,2025-07-14 20:26:00,2025-07,CUST-00196,Identified,Online,Online Store,paid,fulfilled,CAD,170.0,,0.0,0.0,22.1,192.1,0.0,192.1,2,2
#NW12910,2025-07-23 14:11:00,2025-07,CUST-01129,Identified,Online,Online Store,paid,fulfilled,CAD,72.0,,0.0,12.0,10.92,94.92,0.0,94.92,1,1
#NW12911,2025-07-19 18:28:00,2025-07,CUST-02142,Identified,Online,Online Store,paid,fulfilled,CAD,236.0,,0.0,0.0,30.68,266.68,0.0,266.68,2,2
#NW12912,2025-07-13 17:04:00,2025-07,CUST-02330,Identified,Online,Online Store,paid,fulfilled,CAD,128.0,,0.0,0.0,16.64,144.64,0.0,144.64,1,1
#NW12913,2025-07-23 13:43:00,2025-07,CUST-00845,Identified,Online,Online Store,paid,fulfilled,CAD,278.0,,0.0,0.0,36.14,314.14,0.0,314.14,3,3
#NW12914,2025-07-09 12:07:00,2025-07,CUST-01600,Identified,Online,Online Store,paid,fulfilled,CAD,28.0,,0.0,12.0,5.2,45.2,0.0,45.2,1,1
#NW12915,2025-07-27 12:16:00,2025-07,CUST-01263,Identified,Online,Online Store,paid,fulfilled,CAD,48.0,,0.0,12.0,7.8,67.8,0.0,67.8,1,1
#NW12916,2025-07-24 15:14:00,2025-07,CUST-01063,Identified,POS,Northwood Toronto,paid,fulfilled,CAD,214.0,,0.0,0.0,27.82,241.82,0.0,241.82,3,2
#NW12917,2025-07-14 14:24:00,2025-07,CUST-01609,Identified,Online,Online Store,refunded,fulfilled,CAD,128.0,,0.0,0.0,16.64,144.64,144.64,0.0,1,1
#NW12918,2025-07-15 20:42:00,2025-07,CUST-00020,Identified,Online,Online Store,paid,fulfilled,CAD,38.0,,0.0,12.0,6.5,56.5,0.0,56.5,1,1
#NW12919,2025-07-11 12:14:00,2025-07,CUST-00200,Identified,Online,Online Store,paid,fulfilled,CAD,72.0,,0.0,12.0,10.92,94.92,0.0,94.92,1,1
#NW12920,2025-07-21 12:22:00,2025-07,CUST-01546,Identified,Online,Online Store,paid,fulfilled,CAD,232.0,,0.0,0.0,30.16,262.16,0.0,262.16,4,2
#NW12921,2025-07-27 10:40:00,2025-07,CUST-00827,Identified,Online,Online Store,paid,fulfilled,CAD,302.0,,0.0,0.0,39.26,341.26,0.0,341.26,3,2
#NW12922,2025-07-15 12:00:00,2025-07,CUST-01480,Identified,Online,Online Store,paid,fulfilled,CAD,670.0,,0.0,0.0,87.1,757.1,0.0,757.1,5,3
#NW12923,2025-07-24 11:14:00,2025-07,CUST-01535,Identified,Online,Online Store,paid,fulfilled,CAD,42.0,,0.0,12.0,7.02,61.02,0.0,61.02,1,1
#NW12924,2025-07-15 11:54:00,2025-07,CUST-00978,Identified,Online,Online Store,paid,fulfilled,CAD,120.0,,0.0,12.0,17.16,149.16,0.0,149.16,2,2
#NW12925,2025-07-13 20:06:00,2025-07,CUST-00820,Identified,Online,Online Store,paid,fulfilled,CAD,72.0,,0.0,12.0,10.92,94.92,0.0,94.92,1,1
#NW12926,2025-07-09 19:08:00,2025-07,CUST-01318,Identified,Online,Online Store,partially_refunded,fulfilled,CAD,196.0,,0.0,0.0,25.48,221.48,39.88,181.6,2,1
#NW12927,2025-07-14 13:08:00,2025-07,CUST-00741,Identified,POS,Northwood Toronto,paid,fulfilled,CAD,130.0,,0.0,0.0,16.9,146.9,0.0,146.9,2,2
#NW12928,2025-07-11 10:16:00,2025-07,CUST-01728,Identified,Online,Online Store,paid,fulfilled,CAD,112.0,SPRING10,11.2,12.0,14.66,127.46,0.0,127.46,1,1
#NW12929,2025-07-10 21:56:00,2025-07,CUST-00115,Identified,Online,Online Store,paid,fulfilled,CAD,42.0,,0.0,12.0,7.02,61.02,0.0,61.02,1,1
#NW12930,2025-07-02 18:12:00,2025-07,CUST-00060,Identified,Online,Online Store,paid,fulfilled,CAD,38.0,FALL15,5.7,12.0,5.76,50.06,0.0,50.06,1,1
#NW12931,2025-07-26 15:40:00,2025-07,CUST-01381,Identified,Online,Online Store,paid,fulfilled,CAD,48.0,,0.0,12.0,7.8,67.8,0.0,67.8,1,1
#NW12932,2025-07-10 13:20:00,2025-07,CUST-00788,Identified,Online,Online Store,paid,fulfilled,CAD,512.0,,0.0,0.0,66.56,578.56,0.0,578.56,4,4
#NW12933,2025-07-08 18:23:00,2025-07,CUST-00016,Identified,Online,Online Store,paid,fulfilled,CAD,292.0,,0.0,0.0,37.96,329.96,0.0,329.96,4,2
#NW12934,2025-07-27 11:21:00,2025-07,CUST-01166,Identified,Online,Online Store,paid,fulfilled,CAD,160.0,,0.0,0.0,20.8,180.8,0.0,180.8,2,2
#NW12935,2025-07-01 09:50:00,2025-07,CUST-00396,Identified,Online,Online Store,refunded,fulfilled,CAD,196.0,,0.0,0.0,25.48,221.48,221.48,0.0,2,2
#NW12936,2025-07-07 11:13:00,2025-07,CUST-00688,Identified,Online,Online Store,paid,fulfilled,CAD,156.0,,0.0,0.0,20.28,176.28,0.0,176.28,2,2
#NW12937,2025-07-08 14:49:00,2025-07,CUST-02289,Identified,Online,Online Store,refunded,fulfilled,CAD,144.0,,0.0,0.0,18.72,162.72,162.72,0.0,3,2
#NW12938,2025-07-27 14:59:00,2025-07,CUST-00533,Identified,POS,Northwood Toronto,paid,fulfilled,CAD,126.0,,0.0,0.0,16.38,142.38,0.0,142.38,2,2
#NW12939,2025-07-26 17:09:00,2025-07,CUST-01326,Identified,Online,Online Store,paid,fulfilled,CAD,88.0,,0.0,12.0,13.0,113.0,0.0,113.0,1,1
#NW12940,2025-07-04 17:22:00,2025-07,CUST-02100,Identified,POS,Northwood Toronto,paid,fulfilled,CAD,166.0,,0.0,0.0,21.58,187.58,0.0,187.58,2,2
#NW12941,2025-07-16 09:27:00,2025-07,CUST-00442,Identified,Online,Online Store,paid,fulfilled,CAD,98.0,,0.0,12.0,14.3,124.3,0.0,124.3,1,1
#NW12942,2025-07-18 11:41:00,2025-07,CUST-01391,Identified,Online,Online Store,paid,fulfilled,CAD,88.0,,0.0,12.0,13.0,113.0,0.0,113.0,1,1
#NW12943,2025-07-17 13:43:00,2025-07,CUST-01322,Identified,Online,Online Store,paid,fulfilled,CAD,176.0,,0.0,0.0,22.88,198.88,0.0,198.88,2,2
#NW12944,2025-07-03 18:46:00,2025-07,CUST-01036,Identified,Online,Online Store,paid,fulfilled,CAD,88.0,,0.0,12.0,13.0,113.0,0.0,113.0,1,1
#NW12945,2025-07-15 21:33:00,2025-07,CUST-00777,Identified,Online,Online Store,paid,fulfilled,CAD,108.0,,0.0,12.0,15.6,135.6,0.0,135.6,1,1
#NW12946,2025-07-12 15:48:00,2025-07,CUST-02203,Identified,Online,Online Store,paid,fulfilled,CAD,28.0,,0.0,12.0,5.2,45.2,0.0,45.2,1,1
#NW12947,2025-07-10 13:32:00,2025-07,,Guest / Unidentified,POS,Northwood Toronto,partially_refunded,fulfilled,CAD,98.0,,0.0,0.0,12.74,110.74,23.3,87.44,1,1
#NW12948,2025-07-22 21:45:00,2025-07,CUST-02219,Identified,Online,Online Store,paid,fulfilled,CAD,38.0,,0.0,12.0,6.5,56.5,0.0,56.5,1,1
#NW12949,2025-07-03 14:31:00,2025-07,CUST-01619,Identified,Online,Online Store,paid,fulfilled,CAD,112.0,,0.0,12.0,16.12,140.12,0.0,140.12,1,1
#NW12950,2025-07-30 10:15:00,2025-07,CUST-01952,Identified,Online,Online Store,paid,fulfilled,CAD,480.0,,0.0,0.0,62.4,542.4,0.0,542.4,4,4
#NW12951,2025-07-08 15:48:00,2025-07,CUST-00495,Identified,Online,Online Store,paid,fulfilled,CAD,218.0,,0.0,0.0,28.34,246.34,0.0,246.34,1,1
#NW12952,2025-07-04 20:22:00,2025-07,CUST-02277,Identified,POS,Northwood Toronto,paid,fulfilled,CAD,436.0,,0.0,0.0,56.68,492.68,0.0,492.68,4,4
#NW12953,2025-07-24 10:24:00,2025-07,CUST-00876,Identified,Online,Online Store,paid,fulfilled,CAD,32.0,,0.0,12.0,5.72,49.72,0.0,49.72,1,1
#NW12954,2025-07-20 14:42:00,2025-07,CUST-00434,Identified,Online,Online Store,partially_refunded,fulfilled,CAD,510.0,,0.0,0.0,66.3,576.3,131.97,444.3299999999999,5,3
#NW12955,2025-07-25 14:30:00,2025-07,CUST-01010,Identified,POS,Northwood Toronto,voided,unfulfilled,CAD,136.0,,0.0,0.0,17.68,153.68,0.0,0.0,2,1
#NW12956,2025-07-28 15:21:00,2025-07,CUST-01325,Identified,Online,Online Store,paid,fulfilled,CAD,244.0,,0.0,0.0,31.72,275.72,0.0,275.72,3,2
#NW12957,2025-07-16 17:25:00,2025-07,CUST-00712,Identified,Online,Online Store,paid,fulfilled,CAD,160.0,,0.0,0.0,20.8,180.8,0.0,180.8,2,2
#NW12958,2025-07-07 17:44:00,2025-07,CUST-00062,Identified,Online,Online Store,paid,fulfilled,CAD,84.0,,0.0,12.0,12.48,108.48,0.0,108.48,2,1
#NW12959,2025-07-06 15:20:00,2025-07,CUST-01081,Identified,Online,Online Store,paid,fulfilled,CAD,300.0,,0.0,0.0,39.0,339.0,0.0,339.0,4,2
#NW12960,2025-07-14 19:07:00,2025-07,CUST-01296,Identified,Online,Online Store,paid,fulfilled,CAD,176.0,HOLIDAY15,26.4,0.0,19.45,169.05,0.0,169.05,2,1
#NW12961,2025-07-09 15:26:00,2025-07,CUST-01053,Identified,POS,Northwood Toronto,paid,fulfilled,CAD,214.0,,0.0,0.0,27.82,241.82,0.0,241.82,3,2
#NW12962,2025-07-16 21:14:00,2025-07,CUST-01595,Identified,Online,Online Store,paid,fulfilled,CAD,136.0,FALL15,20.4,0.0,15.03,130.63,0.0,130.63,2,1
#NW12963,2025-07-02 15:47:00,2025-07,CUST-00872,Identified,Online,Online Store,paid,fulfilled,CAD,88.0,,0.0,12.0,13.0,113.0,0.0,113.0,1,1
#NW12964,2025-07-14 09:23:00,2025-07,CUST-01880,Identified,Online,Online Store,paid,fulfilled,CAD,306.0,,0.0,0.0,39.78,345.78,0.0,345.78,4,4
#NW12965,2025-07-11 15:55:00,2025-07,CUST-01582,Identified,Online,Online Store,paid,fulfilled,CAD,236.0,,0.0,0.0,30.68,266.68,0.0,266.68,2,1
#NW12966,2025-07-24 18:48:00,2025-07,CUST-01975,Identified,Online,Online Store,paid,fulfilled,CAD,48.0,,0.0,12.0,7.8,67.8,0.0,67.8,1,1
#NW12967,2025-07-24 19:35:00,2025-07,CUST-01670,Identified,Online,Online Store,paid,fulfilled,CAD,432.0,WELCOME10,43.2,0.0,50.54,439.34,0.0,439.34,4,3
#NW12968,2025-07-07 17:50:00,2025-07,,Guest / Unidentified,POS,Northwood Toronto,refunded,fulfilled,CAD,234.0,,0.0,0.0,30.42,264.42,264.42,0.0,3,2
#NW12969,2025-07-31 20:42:00,2025-07,CUST-01392,Identified,Online,Online Store,paid,fulfilled,CAD,304.0,,0.0,0.0,39.52,343.52,0.0,343.52,3,2
#NW12970,2025-07-25 19:30:00,2025-07,CUST-01512,Identified,Online,Online Store,paid,fulfilled,CAD,28.0,,0.0,12.0,5.2,45.2,0.0,45.2,1,1
#NW12971,2025-07-18 19:24:00,2025-07,CUST-00354,Identified,POS,Northwood Toronto,paid,fulfilled,CAD,364.0,HOLIDAY15,54.6,0.0,40.22,349.62,0.0,349.62,3,2
#NW12972,2025-07-07 20:43:00,2025-07,CUST-00276,Identified,Online,Online Store,paid,fulfilled,CAD,330.0,FALL15,49.5,0.0,36.47,316.97,0.0,316.97,2,2
#NW12973,2025-07-06 19:03:00,2025-07,CUST-01629,Identified,Online,Online Store,refunded,fulfilled,CAD,224.0,,0.0,0.0,29.12,253.12,253.12,0.0,2,1
#NW12974,2025-07-01 17:55:00,2025-07,CUST-02155,Identified,Online,Online Store,paid,fulfilled,CAD,72.0,,0.0,12.0,10.92,94.92,0.0,94.92,1,1
#NW12975,2025-07-08 16:38:00,2025-07,CUST-01236,Identified,Online,Online Store,paid,fulfilled,CAD,232.0,,0.0,0.0,30.16,262.16,0.0,262.16,3,2
#NW12976,2025-07-10 18:24:00,2025-07,CUST-02047,Identified,Online,Online Store,paid,fulfilled,CAD,234.0,,0.0,0.0,30.42,264.42,0.0,264.42,5,4
#NW12977,2025-07-10 12:34:00,2025-07,CUST-01163,Identified,Online,Online Store,paid,fulfilled,CAD,78.0,,0.0,12.0,11.7,101.7,0.0,101.7,1,1
#NW12978,2025-07-22 19:14:00,2025-07,CUST-02197,Identified,Online,Online Store,paid,fulfilled,CAD,216.0,,0.0,0.0,28.08,244.08,0.0,244.08,2,2
#NW12979,2025-07-20 11:06:00,2025-07,CUST-02332,Identified,Online,Online Store,paid,fulfilled,CAD,128.0,,0.0,0.0,16.64,144.64,0.0,144.64,1,1
#NW12980,2025-07-18 16:16:00,2025-07,CUST-00924,Identified,Online,Online Store,paid,fulfilled,CAD,136.0,,0.0,0.0,17.68,153.68,0.0,153.68,2,2
#NW12981,2025-07-02 10:32:00,2025-07,CUST-01032,Identified,POS,Northwood Toronto,refunded,fulfilled,CAD,156.0,,0.0,0.0,20.28,176.28,176.28,0.0,2,1
#NW12982,2025-07-14 21:56:00,2025-07,CUST-01516,Identified,Online,Online Store,paid,fulfilled,CAD,284.0,,0.0,0.0,36.92,320.92,0.0,320.92,3,2
#NW12983,2025-07-09 17:34:00,2025-07,CUST-01303,Identified,Online,Online Store,paid,fulfilled,CAD,580.0,FALL15,87.0,0.0,64.09,557.09,0.0,557.09,5,3
#NW12984,2025-07-30 15:23:00,2025-07,CUST-01093,Identified,Online,Online Store,paid,fulfilled,CAD,98.0,,0.0,12.0,14.3,124.3,0.0,124.3,1,1
#NW12985,2025-07-23 17:49:00,2025-07,CUST-01592,Identified,Online,Online Store,paid,fulfilled,CAD,286.0,,0.0,0.0,37.18,323.18,0.0,323.18,4,4
#NW12986,2025-07-12 20:38:00,2025-07,CUST-00545,Identified,Online,Online Store,paid,fulfilled,CAD,78.0,,0.0,12.0,11.7,101.7,0.0,101.7,1,1
#NW12987,2025-07-02 15:46:00,2025-07,CUST-01423,Identified,Online,Online Store,paid,fulfilled,CAD,218.0,,0.0,0.0,28.34,246.34,0.0,246.34,3,2
#NW12988,2025-07-16 15:35:00,2025-07,CUST-00719,Identified,Online,Online Store,paid,fulfilled,CAD,176.0,,0.0,0.0,22.88,198.88,0.0,198.88,2,1
#NW12989,2025-07-11 14:39:00,2025-07,CUST-00031,Identified,Online,Online Store,paid,fulfilled,CAD,112.0,FALL15,16.8,12.0,13.94,121.14,0.0,121.14,1,1
#NW12990,2025-07-23 11:05:00,2025-07,CUST-01303,Identified,POS,Northwood Toronto,paid,fulfilled,CAD,204.0,,0.0,0.0,26.52,230.52,0.0,230.52,3,3
#NW12991,2025-07-12 09:31:00,2025-07,CUST-01941,Identified,POS,Northwood Toronto,paid,fulfilled,CAD,496.0,,0.0,0.0,64.48,560.48,0.0,560.48,2,1
#NW12992,2025-07-03 19:25:00,2025-07,CUST-00277,Identified,Online,Online Store,paid,fulfilled,CAD,248.0,,0.0,0.0,32.24,280.24,0.0,280.24,3,2
#NW12993,2025-07-02 11:03:00,2025-07,CUST-01373,Identified,Online,Online Store,paid,fulfilled,CAD,148.0,,0.0,0.0,19.24,167.24,0.0,167.24,3,2
#NW12994,2025-07-01 11:41:00,2025-07,CUST-00073,Identified,Online,Online Store,paid,fulfilled,CAD,66.0,,0.0,12.0,10.14,88.14,0.0,88.14,2,2
#NW12995,2025-07-21 12:42:00,2025-07,CUST-01839,Identified,Online,Online Store,paid,fulfilled,CAD,88.0,WELCOME10,8.8,12.0,11.86,103.06,0.0,103.06,1,1
#NW12996,2025-07-09 18:15:00,2025-07,CUST-01567,Identified,Online,Online Store,paid,fulfilled,CAD,118.0,,0.0,12.0,16.9,146.9,0.0,146.9,1,1
#NW12997,2025-07-24 15:26:00,2025-07,CUST-02094,Identified,POS,Northwood Toronto,voided,unfulfilled,CAD,392.0,,0.0,0.0,50.96,442.96,0.0,0.0,4,2
#NW12998,2025-07-19 14:41:00,2025-07,CUST-00953,Identified,POS,Northwood Toronto,paid,fulfilled,CAD,220.0,,0.0,0.0,28.6,248.6,0.0,248.6,2,2
#NW12999,2025-07-27 10:52:00,2025-07,CUST-02063,Identified,Online,Online Store,paid,fulfilled,CAD,58.0,,0.0,12.0,9.1,79.1,0.0,79.1,1,1
#NW13000,2025-07-19 20:05:00,2025-07,CUST-00055,Identified,Online,Online Store,paid,fulfilled,CAD,248.0,,0.0,0.0,32.24,280.24,0.0,280.24,1,1
#NW13001,2025-07-11 17:36:00,2025-07,CUST-00953,Identified,Online,Online Store,paid,fulfilled,CAD,186.0,,0.0,0.0,24.18,210.18,0.0,210.18,2,2
#NW13002,2025-07-23 18:06:00,2025-07,CUST-00087,Identified,Online,Online Store,paid,fulfilled,CAD,286.0,,0.0,0.0,37.18,323.18,0.0,323.18,2,2
#NW13003,2025-07-29 21:45:00,2025-07,CUST-02240,Identified,Online,Online Store,paid,fulfilled,CAD,780.0,,0.0,0.0,101.4,881.4,0.0,881.4,5,3
#NW13004,2025-07-13 11:09:00,2025-07,CUST-00509,Identified,Online,Online Store,refunded,fulfilled,CAD,592.0,,0.0,0.0,76.96,668.96,668.96,0.0,5,4
#NW13005,2025-07-04 16:47:00,2025-07,CUST-01266,Identified,Online,Online Store,paid,fulfilled,CAD,160.0,,0.0,0.0,20.8,180.8,0.0,180.8,2,2
#NW13006,2025-07-02 10:34:00,2025-07,CUST-00969,Identified,Online,Online Store,paid,fulfilled,CAD,296.0,,0.0,0.0,38.48,334.48,0.0,334.48,4,4
#NW13007,2025-07-07 12:04:00,2025-07,CUST-01100,Identified,POS,Northwood Toronto,paid,fulfilled,CAD,674.0,,0.0,0.0,87.62,761.62,0.0,761.62,6,4
#NW13008,2025-07-13 15:38:00,2025-07,CUST-00998,Identified,Online,Online Store,paid,fulfilled,CAD,162.0,,0.0,0.0,21.06,183.06,0.0,183.06,3,2
#NW13009,2025-07-11 18:04:00,2025-07,CUST-01662,Identified,Online,Online Store,paid,fulfilled,CAD,98.0,,0.0,12.0,14.3,124.3,0.0,124.3,1,1
#NW13010,2025-07-30 09:33:00,2025-07,CUST-00326,Identified,Online,Online Store,paid,fulfilled,CAD,78.0,,0.0,12.0,11.7,101.7,0.0,101.7,1,1
#NW13011,2025-07-05 13:24:00,2025-07,CUST-00610,Identified,POS,Northwood Toronto,paid,fulfilled,CAD,118.0,,0.0,0.0,15.34,133.34,0.0,133.34,1,1
#NW13012,2025-07-07 10:08:00,2025-07,CUST-00564,Identified,POS,Northwood Toronto,paid,fulfilled,CAD,48.0,,0.0,0.0,6.24,54.24,0.0,54.24,1,1
#NW13013,2025-07-23 13:08:00,2025-07,CUST-01286,Identified,Online,Online Store,refunded,fulfilled,CAD,236.0,,0.0,0.0,30.68,266.68,266.68,0.0,2,1
#NW13014,2025-07-06 10:17:00,2025-07,CUST-02043,Identified,Online,Online Store,paid,fulfilled,CAD,292.0,,0.0,0.0,37.96,329.96,0.0,329.96,4,2
#NW13015,2025-07-27 20:01:00,2025-07,CUST-00552,Identified,POS,Northwood Toronto,paid,fulfilled,CAD,350.0,FALL15,52.5,0.0,38.68,336.18,0.0,336.18,5,3
#NW13016,2025-07-02 20:06:00,2025-07,CUST-00828,Identified,POS,Northwood Toronto,paid,fulfilled,CAD,88.0,,0.0,0.0,11.44,99.44,0.0,99.44,1,1
#NW13017,2025-07-29 17:12:00,2025-07,CUST-00622,Identified,Online,Online Store,partially_refunded,fulfilled,CAD,88.0,,0.0,12.0,13.0,113.0,56.94,56.06,1,1
#NW13018,2025-07-25 21:36:00,2025-07,CUST-01540,Identified,Online,Online Store,paid,fulfilled,CAD,88.0,,0.0,12.0,13.0,113.0,0.0,113.0,1,1
#NW13019,2025-07-23 18:11:00,2025-07,CUST-00596,Identified,Online,Online Store,paid,fulfilled,CAD,48.0,,0.0,12.0,7.8,67.8,0.0,67.8,1,1
#NW13020,2025-07-23 12:58:00,2025-07,CUST-00156,Identified,Online,Online Store,paid,fulfilled,CAD,126.0,FALL15,18.9,0.0,13.92,121.02,0.0,121.02,2,2
#NW13021,2025-07-07 20:02:00,2025-07,CUST-00976,Identified,Online,Online Store,paid,fulfilled,CAD,274.0,,0.0,0.0,35.62,309.62,0.0,309.62,3,2
#NW13022,2025-07-13 09:37:00,2025-07,CUST-01818,Identified,Online,Online Store,paid,fulfilled,CAD,38.0,,0.0,12.0,6.5,56.5,0.0,56.5,1,1
#NW13023,2025-07-02 18:39:00,2025-07,CUST-01347,Identified,Online,Online Store,paid,fulfilled,CAD,224.0,,0.0,0.0,29.12,253.12,0.0,253.12,2,1
#NW13024,2025-07-06 17:18:00,2025-07,CUST-00829,Identified,Online,Online Store,paid,fulfilled,CAD,28.0,,0.0,12.0,5.2,45.2,0.0,45.2,1,1
#NW13025,2025-07-27 17:47:00,2025-07,CUST-00933,Identified,Online,Online Store,paid,fulfilled,CAD,112.0,,0.0,12.0,16.12,140.12,0.0,140.12,1,1
#NW13026,2025-07-18 11:04:00,2025-07,CUST-01301,Identified,Online,Online Store,refunded,fulfilled,CAD,596.0,,0.0,0.0,77.48,673.48,673.47,0.009999999999990905,4,3
#NW13027,2025-07-14 18:18:00,2025-07,CUST-00163,Identified,Online,Online Store,paid,fulfilled,CAD,108.0,FALL15,16.2,12.0,13.49,117.29,0.0,117.29,1,1
#NW13028,2025-07-10 12:58:00,2025-07,CUST-02134,Identified,POS,Northwood Toronto,paid,fulfilled,CAD,38.0,,0.0,0.0,4.94,42.94,0.0,42.94,1,1
#NW13029,2025-07-10 12:19:00,2025-07,CUST-01700,Identified,Online,Online Store,partially_refunded,fulfilled,CAD,108.0,,0.0,12.0,15.6,135.6,42.73,92.87,1,1
#NW13030,2025-07-03 09:58:00,2025-07,CUST-00318,Identified,Online,Online Store,paid,fulfilled,CAD,112.0,,0.0,12.0,16.12,140.12,0.0,140.12,1,1
#NW13031,2025-07-13 15:51:00,2025-07,CUST-00821,Identified,Online,Online Store,paid,fulfilled,CAD,114.0,HOLIDAY15,17.1,12.0,14.16,123.06,0.0,123.06,2,2
#NW13032,2025-07-23 09:51:00,2025-07,CUST-00098,Identified,Online,Online Store,paid,fulfilled,CAD,294.0,HOLIDAY15,44.1,0.0,32.49,282.39,0.0,282.39,3,2
#NW13033,2025-07-25 09:57:00,2025-07,CUST-00939,Identified,Online,Online Store,paid,fulfilled,CAD,492.0,,0.0,0.0,63.96,555.96,0.0,555.96,4,2
#NW13034,2025-07-21 16:21:00,2025-07,CUST-01380,Identified,Online,Online Store,paid,fulfilled,CAD,244.0,FALL15,36.6,0.0,26.96,234.36,0.0,234.36,3,2
#NW13035,2025-07-12 12:54:00,2025-07,CUST-01051,Identified,Online,Online Store,paid,fulfilled,CAD,206.0,SPRING10,20.6,0.0,24.1,209.5,0.0,209.5,2,2
#NW13036,2025-07-08 16:02:00,2025-07,CUST-00117,Identified,Online,Online Store,paid,fulfilled,CAD,68.0,,0.0,12.0,10.4,90.4,0.0,90.4,1,1
#NW13037,2025-07-02 09:43:00,2025-07,CUST-00640,Identified,Online,Online Store,paid,fulfilled,CAD,112.0,,0.0,12.0,16.12,140.12,0.0,140.12,1,1
#NW13038,2025-07-06 21:13:00,2025-07,CUST-01103,Identified,Online,Online Store,paid,fulfilled,CAD,128.0,,0.0,0.0,16.64,144.64,0.0,144.64,1,1
#NW13039,2025-07-31 10:47:00,2025-07,CUST-00222,Identified,Online,Online Store,paid,fulfilled,CAD,118.0,FALL15,17.7,12.0,14.6,126.9,0.0,126.9,1,1
#NW13040,2025-07-25 13:28:00,2025-07,CUST-01018,Identified,Online,Online Store,paid,fulfilled,CAD,120.0,,0.0,12.0,17.16,149.16,0.0,149.16,2,2
#NW13041,2025-07-08 15:36:00,2025-07,CUST-00912,Identified,Online,Online Store,paid,fulfilled,CAD,120.0,,0.0,12.0,17.16,149.16,0.0,149.16,2,2
#NW13042,2025-07-06 11:50:00,2025-07,CUST-01563,Identified,Online,Online Store,paid,fulfilled,CAD,196.0,,0.0,0.0,25.48,221.48,0.0,221.48,2,2
#NW13043,2025-07-27 18:59:00,2025-07,CUST-02136,Identified,Online,Online Store,paid,fulfilled,CAD,98.0,,0.0,12.0,14.3,124.3,0.0,124.3,1,1
#NW13044,2025-07-17 09:27:00,2025-07,CUST-01318,Identified,Online,Online Store,paid,fulfilled,CAD,76.0,,0.0,12.0,11.44,99.44,0.0,99.44,2,1
#NW13045,2025-07-29 19:13:00,2025-07,CUST-00752,Identified,Online,Online Store,paid,fulfilled,CAD,128.0,,0.0,0.0,16.64,144.64,0.0,144.64,1,1
#NW13046,2025-07-08 17:19:00,2025-07,CUST-01812,Identified,Online,Online Store,paid,fulfilled,CAD,282.0,,0.0,0.0,36.66,318.66,0.0,318.66,3,3
#NW13047,2025-07-03 14:18:00,2025-07,CUST-01581,Identified,Online,Online Store,paid,fulfilled,CAD,88.0,,0.0,12.0,13.0,113.0,0.0,113.0,1,1
#NW13048,2025-07-16 13:05:00,2025-07,CUST-00025,Identified,Online,Online Store,paid,fulfilled,CAD,38.0,,0.0,12.0,6.5,56.5,0.0,56.5,1,1
#NW13049,2025-07-28 18:13:00,2025-07,CUST-00265,Identified,Online,Online Store,paid,fulfilled,CAD,144.0,,0.0,0.0,18.72,162.72,0.0,162.72,2,1
#NW13050,2025-07-09 09:30:00,2025-07,CUST-02014,Identified,Online,Online Store,paid,fulfilled,CAD,362.0,,0.0,0.0,47.06,409.06,0.0,409.06,3,2
#NW13051,2025-07-13 11:37:00,2025-07,CUST-00287,Identified,POS,Northwood Toronto,paid,fulfilled,CAD,436.0,HOLIDAY15,65.4,0.0,48.18,418.78,0.0,418.78,2,1
#NW13052,2025-07-10 12:20:00,2025-07,CUST-00789,Identified,Online,Online Store,paid,fulfilled,CAD,72.0,SPRING10,7.2,12.0,9.98,86.78,0.0,86.78,1,1
#NW13053,2025-07-16 19:04:00,2025-07,CUST-00214,Identified,Online,Online Store,paid,fulfilled,CAD,334.0,,0.0,0.0,43.42,377.42,0.0,377.42,3,3
#NW13054,2025-07-22 21:13:00,2025-07,CUST-00580,Identified,Online,Online Store,paid,fulfilled,CAD,354.0,,0.0,0.0,46.02,400.02,0.0,400.02,3,3
#NW13055,2025-07-21 14:07:00,2025-07,CUST-00837,Identified,Online,Online Store,refunded,fulfilled,CAD,522.0,,0.0,0.0,67.86,589.86,589.86,0.0,4,3
#NW13056,2025-07-06 21:25:00,2025-07,CUST-00515,Identified,Online,Online Store,paid,fulfilled,CAD,38.0,,0.0,12.0,6.5,56.5,0.0,56.5,1,1
#NW13057,2025-07-04 12:23:00,2025-07,CUST-00376,Identified,Online,Online Store,paid,fulfilled,CAD,96.0,,0.0,12.0,14.04,122.04,0.0,122.04,2,1
#NW13058,2025-07-13 12:42:00,2025-07,,Guest / Unidentified,POS,Northwood Toronto,paid,fulfilled,CAD,756.0,,0.0,0.0,98.28,854.28,0.0,854.28,6,4
#NW13059,2025-07-17 19:13:00,2025-07,CUST-02249,Identified,Online,Online Store,paid,fulfilled,CAD,206.0,HOLIDAY15,30.9,0.0,22.76,197.86,0.0,197.86,4,3
#NW13060,2025-07-18 12:15:00,2025-07,CUST-00596,Identified,Online,Online Store,paid,fulfilled,CAD,224.0,FALL15,33.6,0.0,24.75,215.15,0.0,215.15,3,2
#NW13061,2025-07-11 19:42:00,2025-07,CUST-00968,Identified,Online,Online Store,paid,fulfilled,CAD,260.0,,0.0,0.0,33.8,293.8,0.0,293.8,5,3
#NW13062,2025-07-16 17:30:00,2025-07,CUST-02079,Identified,Online,Online Store,paid,fulfilled,CAD,256.0,,0.0,0.0,33.28,289.28,0.0,289.28,2,1
#NW13063,2025-07-25 10:14:00,2025-07,CUST-00321,Identified,Online,Online Store,partially_refunded,fulfilled,CAD,88.0,HOLIDAY15,13.2,12.0,11.28,98.08,50.26,47.82,1,1
#NW13064,2025-07-07 21:08:00,2025-07,CUST-01746,Identified,Online,Online Store,paid,fulfilled,CAD,224.0,,0.0,0.0,29.12,253.12,0.0,253.12,3,3
#NW13065,2025-07-01 19:39:00,2025-07,CUST-00710,Identified,Online,Online Store,paid,fulfilled,CAD,252.0,,0.0,0.0,32.76,284.76,0.0,284.76,4,2
#NW13066,2025-07-06 12:42:00,2025-07,CUST-01276,Identified,Online,Online Store,paid,fulfilled,CAD,304.0,,0.0,0.0,39.52,343.52,0.0,343.52,3,2
#NW13067,2025-07-19 18:11:00,2025-07,CUST-00673,Identified,Online,Online Store,paid,fulfilled,CAD,336.0,,0.0,0.0,43.68,379.68,0.0,379.68,3,2
#NW13068,2025-07-26 11:16:00,2025-07,CUST-00810,Identified,Online,Online Store,paid,fulfilled,CAD,78.0,,0.0,12.0,11.7,101.7,0.0,101.7,1,1
#NW13069,2025-07-29 19:52:00,2025-07,CUST-01004,Identified,POS,Northwood Toronto,paid,fulfilled,CAD,156.0,HOLIDAY15,23.4,0.0,17.24,149.84,0.0,149.84,2,1
#NW13070,2025-07-28 17:54:00,2025-07,CUST-01737,Identified,Online,Online Store,paid,fulfilled,CAD,328.0,,0.0,0.0,42.64,370.64,0.0,370.64,3,2
#NW13071,2025-07-01 09:07:00,2025-07,CUST-02183,Identified,Online,Online Store,paid,fulfilled,CAD,112.0,,0.0,12.0,16.12,140.12,0.0,140.12,1,1
#NW13072,2025-07-13 20:12:00,2025-07,CUST-00150,Identified,Online,Online Store,paid,fulfilled,CAD,264.0,,0.0,0.0,34.32,298.32,0.0,298.32,5,3
#NW13073,2025-07-17 19:47:00,2025-07,CUST-01020,Identified,Online,Online Store,paid,fulfilled,CAD,108.0,,0.0,12.0,15.6,135.6,0.0,135.6,1,1
#NW13074,2025-07-04 12:25:00,2025-07,CUST-01242,Identified,Online,Online Store,paid,fulfilled,CAD,176.0,,0.0,0.0,22.88,198.88,0.0,198.88,2,1
#NW13075,2025-07-08 15:08:00,2025-07,CUST-01169,Identified,Online,Online Store,paid,fulfilled,CAD,72.0,SPRING10,7.2,12.0,9.98,86.78,0.0,86.78,1,1
#NW13076,2025-07-20 21:07:00,2025-07,CUST-01837,Identified,Online,Online Store,paid,fulfilled,CAD,88.0,WELCOME10,8.8,12.0,11.86,103.06,0.0,103.06,1,1
#NW13077,2025-07-07 20:38:00,2025-07,CUST-00825,Identified,Online,Online Store,paid,fulfilled,CAD,76.0,,0.0,12.0,11.44,99.44,0.0,99.44,2,1
#NW13078,2025-07-15 09:25:00,2025-07,CUST-02051,Identified,Online,Online Store,paid,fulfilled,CAD,392.0,,0.0,0.0,50.96,442.96,0.0,442.96,4,3
#NW13079,2025-07-13 14:07:00,2025-07,CUST-01971,Identified,Online,Online Store,partially_refunded,fulfilled,CAD,224.0,,0.0,0.0,29.12,253.12,46.96,206.16,2,1
#NW13080,2025-07-25 15:18:00,2025-07,CUST-00328,Identified,Online,Online Store,paid,fulfilled,CAD,186.0,,0.0,0.0,24.18,210.18,0.0,210.18,2,2
#NW13081,2025-07-19 09:36:00,2025-07,,Guest / Unidentified,POS,Northwood Toronto,paid,fulfilled,CAD,482.0,HOLIDAY15,72.3,0.0,53.26,462.96,0.0,462.96,4,3
#NW13082,2025-07-09 20:53:00,2025-07,CUST-02064,Identified,Online,Online Store,paid,fulfilled,CAD,88.0,FALL15,13.2,12.0,11.28,98.08,0.0,98.08,1,1
#NW13083,2025-07-13 12:38:00,2025-07,CUST-01155,Identified,Online,Online Store,paid,fulfilled,CAD,128.0,,0.0,0.0,16.64,144.64,0.0,144.64,1,1
#NW13084,2025-07-13 19:05:00,2025-07,CUST-00688,Identified,Online,Online Store,paid,fulfilled,CAD,108.0,,0.0,12.0,15.6,135.6,0.0,135.6,1,1
#NW13085,2025-07-04 13:35:00,2025-07,CUST-00131,Identified,Online,Online Store,paid,fulfilled,CAD,218.0,WELCOME10,21.8,0.0,25.51,221.71,0.0,221.71,1,1
#NW13086,2025-07-07 20:57:00,2025-07,CUST-01843,Identified,POS,Northwood Toronto,paid,fulfilled,CAD,118.0,WELCOME10,11.8,0.0,13.81,120.01,0.0,120.01,1,1
#NW13087,2025-07-05 13:31:00,2025-07,CUST-00380,Identified,Online,Online Store,paid,fulfilled,CAD,42.0,,0.0,12.0,7.02,61.02,0.0,61.02,1,1
#NW13088,2025-07-28 09:32:00,2025-07,CUST-02317,Identified,Online,Online Store,paid,fulfilled,CAD,118.0,,0.0,12.0,16.9,146.9,0.0,146.9,1,1
#NW13089,2025-07-15 13:16:00,2025-07,CUST-01776,Identified,Online,Online Store,paid,fulfilled,CAD,64.0,,0.0,12.0,9.88,85.88,0.0,85.88,2,1
#NW13090,2025-07-25 11:54:00,2025-07,CUST-00639,Identified,Online,Online Store,paid,fulfilled,CAD,42.0,,0.0,12.0,7.02,61.02,0.0,61.02,1,1
#NW13091,2025-07-03 13:49:00,2025-07,CUST-01975,Identified,Online,Online Store,paid,fulfilled,CAD,372.0,WELCOME10,37.2,0.0,43.52,378.32,0.0,378.32,4,3
#NW13092,2025-07-12 17:05:00,2025-07,CUST-00082,Identified,Online,Online Store,paid,fulfilled,CAD,284.0,FALL15,42.6,0.0,31.38,272.78,0.0,272.78,3,2
#NW13093,2025-07-16 16:34:00,2025-07,CUST-01563,Identified,Online,Online Store,paid,fulfilled,CAD,112.0,,0.0,12.0,16.12,140.12,0.0,140.12,1,1
#NW13094,2025-07-27 14:14:00,2025-07,CUST-01590,Identified,Online,Online Store,paid,fulfilled,CAD,38.0,,0.0,12.0,6.5,56.5,0.0,56.5,1,1
#NW13095,2025-07-14 10:29:00,2025-07,CUST-00580,Identified,Online,Online Store,paid,fulfilled,CAD,508.0,,0.0,0.0,66.04,574.04,0.0,574.04,3,2
#NW13096,2025-07-06 18:36:00,2025-07,CUST-00626,Identified,Online,Online Store,paid,fulfilled,CAD,416.0,,0.0,0.0,54.08,470.08,0.0,470.08,6,4
#NW13097,2025-07-18 09:56:00,2025-07,CUST-02201,Identified,Online,Online Store,paid,fulfilled,CAD,256.0,,0.0,0.0,33.28,289.28,0.0,289.28,2,1
#NW13098,2025-07-02 10:19:00,2025-07,CUST-00341,Identified,Online,Online Store,paid,fulfilled,CAD,38.0,,0.0,12.0,6.5,56.5,0.0,56.5,1,1
#NW13099,2025-07-01 13:01:00,2025-07,CUST-00726,Identified,Online,Online Store,paid,fulfilled,CAD,118.0,,0.0,12.0,16.9,146.9,0.0,146.9,1,1
#NW13100,2025-07-27 17:55:00,2025-07,CUST-00503,Identified,Online,Online Store,paid,fulfilled,CAD,284.0,,0.0,0.0,36.92,320.92,0.0,320.92,3,3
#NW13101,2025-07-15 17:19:00,2025-07,CUST-01054,Identified,Online,Online Store,paid,fulfilled,CAD,236.0,,0.0,0.0,30.68,266.68,0.0,266.68,2,1
#NW13102,2025-07-14 11:17:00,2025-07,CUST-01559,Identified,Online,Online Store,paid,fulfilled,CAD,156.0,,0.0,0.0,20.28,176.28,0.0,176.28,2,2
#NW13103,2025-07-20 19:49:00,2025-07,CUST-01900,Identified,Online,Online Store,paid,fulfilled,CAD,320.0,,0.0,0.0,41.6,361.6,0.0,361.6,4,2
#NW13104,2025-07-18 14:04:00,2025-07,CUST-01253,Identified,Online,Online Store,paid,fulfilled,CAD,212.0,,0.0,0.0,27.56,239.56,0.0,239.56,3,2
#NW13105,2025-07-20 09:34:00,2025-07,CUST-01858,Identified,Online,Online Store,paid,fulfilled,CAD,312.0,,0.0,0.0,40.56,352.56,0.0,352.56,3,3
#NW13106,2025-07-04 09:43:00,2025-07,CUST-01161,Identified,Online,Online Store,paid,fulfilled,CAD,552.0,,0.0,0.0,71.76,623.76,0.0,623.76,4,3
#NW13107,2025-07-20 16:48:00,2025-07,CUST-00337,Identified,POS,Northwood Toronto,paid,fulfilled,CAD,128.0,,0.0,0.0,16.64,144.64,0.0,144.64,1,1
#NW13108,2025-07-28 16:14:00,2025-07,CUST-01036,Identified,Online,Online Store,paid,fulfilled,CAD,114.0,WELCOME10,11.4,12.0,14.9,129.5,0.0,129.5,3,2
#NW13109,2025-07-21 20:09:00,2025-07,CUST-00832,Identified,Online,Online Store,paid,fulfilled,CAD,136.0,,0.0,0.0,17.68,153.68,0.0,153.68,2,1
#NW13110,2025-07-02 16:24:00,2025-07,CUST-01970,Identified,Online,Online Store,paid,fulfilled,CAD,332.0,,0.0,0.0,43.16,375.16,0.0,375.16,3,3
#NW13111,2025-07-29 21:00:00,2025-07,CUST-00295,Identified,Online,Online Store,paid,fulfilled,CAD,38.0,HOLIDAY15,5.7,12.0,5.76,50.06,0.0,50.06,1,1
#NW13112,2025-07-08 14:10:00,2025-07,CUST-01365,Identified,Online,Online Store,paid,fulfilled,CAD,76.0,,0.0,12.0,11.44,99.44,0.0,99.44,2,1
#NW13113,2025-07-28 13:23:00,2025-07,CUST-01907,Identified,Online,Online Store,paid,fulfilled,CAD,128.0,,0.0,0.0,16.64,144.64,0.0,144.64,1,1
#NW13114,2025-07-10 18:20:00,2025-07,CUST-01923,Identified,POS,Northwood Toronto,paid,fulfilled,CAD,68.0,,0.0,0.0,8.84,76.84,0.0,76.84,1,1
#NW13115,2025-07-30 21:39:00,2025-07,CUST-01447,Identified,Online,Online Store,paid,fulfilled,CAD,128.0,,0.0,0.0,16.64,144.64,0.0,144.64,1,1
#NW13116,2025-07-26 14:00:00,2025-07,CUST-00893,Identified,Online,Online Store,paid,fulfilled,CAD,48.0,,0.0,12.0,7.8,67.8,0.0,67.8,1,1
#NW13117,2025-07-25 16:25:00,2025-07,CUST-01195,Identified,POS,Northwood Toronto,paid,fulfilled,CAD,248.0,,0.0,0.0,32.24,280.24,0.0,280.24,1,1
#NW13118,2025-07-05 14:57:00,2025-07,CUST-02309,Identified,POS,Northwood Toronto,paid,fulfilled,CAD,236.0,FALL15,35.4,0.0,26.08,226.68,0.0,226.68,2,1
#NW13119,2025-07-21 19:28:00,2025-07,CUST-00053,Identified,Online,Online Store,paid,fulfilled,CAD,192.0,,0.0,0.0,24.96,216.96,0.0,216.96,3,2
#NW13120,2025-07-25 21:26:00,2025-07,CUST-02051,Identified,Online,Online Store,paid,fulfilled,CAD,78.0,,0.0,12.0,11.7,101.7,0.0,101.7,1,1
#NW13121,2025-07-06 16:01:00,2025-07,CUST-01533,Identified,POS,Northwood Toronto,paid,fulfilled,CAD,262.0,,0.0,0.0,34.06,296.06,0.0,296.06,3,2
#NW13122,2025-07-15 11:06:00,2025-07,CUST-00619,Identified,Online,Online Store,paid,fulfilled,CAD,294.0,,0.0,0.0,38.22,332.22,0.0,332.22,3,3
#NW13123,2025-07-21 21:11:00,2025-07,CUST-01658,Identified,Online,Online Store,paid,fulfilled,CAD,316.0,SPRING10,31.6,0.0,36.97,321.37,0.0,321.37,2,1
#NW13124,2025-07-21 16:02:00,2025-07,CUST-01704,Identified,Online,Online Store,paid,fulfilled,CAD,38.0,,0.0,12.0,6.5,56.5,0.0,56.5,1,1
#NW13125,2025-07-23 14:24:00,2025-07,CUST-01617,Identified,Online,Online Store,paid,fulfilled,CAD,176.0,,0.0,0.0,22.88,198.88,0.0,198.88,2,2
#NW13126,2025-07-29 12:12:00,2025-07,CUST-00013,Identified,POS,Northwood Toronto,paid,fulfilled,CAD,164.0,,0.0,0.0,21.32,185.32,0.0,185.32,3,2
#NW13127,2025-07-03 10:04:00,2025-07,CUST-01859,Identified,Online,Online Store,paid,fulfilled,CAD,264.0,,0.0,0.0,34.32,298.32,0.0,298.32,3,2
#NW13128,2025-07-11 18:44:00,2025-07,CUST-02006,Identified,Online,Online Store,paid,fulfilled,CAD,496.0,,0.0,0.0,64.48,560.48,0.0,560.48,2,1
#NW13129,2025-07-29 14:05:00,2025-07,CUST-01261,Identified,POS,Northwood Toronto,paid,fulfilled,CAD,278.0,,0.0,0.0,36.14,314.14,0.0,314.14,3,2
#NW13130,2025-07-10 14:36:00,2025-07,CUST-02330,Identified,Online,Online Store,paid,fulfilled,CAD,68.0,,0.0,12.0,10.4,90.4,0.0,90.4,1,1
#NW13131,2025-07-11 12:14:00,2025-07,,Guest / Unidentified,POS,Northwood Toronto,paid,fulfilled,CAD,98.0,,0.0,0.0,12.74,110.74,0.0,110.74,1,1
#NW13132,2025-07-15 15:15:00,2025-07,CUST-00330,Identified,Online,Online Store,paid,fulfilled,CAD,42.0,,0.0,12.0,7.02,61.02,0.0,61.02,1,1
#NW13133,2025-07-24 21:25:00,2025-07,CUST-01675,Identified,Online,Online Store,paid,fulfilled,CAD,120.0,,0.0,12.0,17.16,149.16,0.0,149.16,2,2
#NW13134,2025-07-31 14:41:00,2025-07,CUST-00160,Identified,Online,Online Store,paid,fulfilled,CAD,112.0,SPRING10,11.2,12.0,14.66,127.46,0.0,127.46,1,1
#NW13135,2025-07-27 16:40:00,2025-07,CUST-00510,Identified,Online,Online Store,paid,fulfilled,CAD,88.0,,0.0,12.0,13.0,113.0,0.0,113.0,1,1
#NW13136,2025-07-12 15:03:00,2025-07,CUST-01577,Identified,Online,Online Store,paid,fulfilled,CAD,176.0,HOLIDAY15,26.4,0.0,19.45,169.05,0.0,169.05,2,1
#NW13137,2025-07-18 11:07:00,2025-07,CUST-02317,Identified,Online,Online Store,paid,fulfilled,CAD,286.0,WELCOME10,28.6,0.0,33.46,290.86,0.0,290.86,2,2
#NW13138,2025-07-19 16:59:00,2025-07,CUST-02222,Identified,POS,Northwood Toronto,paid,fulfilled,CAD,236.0,,0.0,0.0,30.68,266.68,0.0,266.68,2,1
#NW13139,2025-07-31 12:08:00,2025-07,CUST-01181,Identified,Online,Online Store,paid,fulfilled,CAD,218.0,,0.0,0.0,28.34,246.34,0.0,246.34,1,1
#NW13140,2025-07-11 12:35:00,2025-07,CUST-00196,Identified,Online,Online Store,paid,fulfilled,CAD,254.0,,0.0,0.0,33.02,287.02,0.0,287.02,3,2
#NW13141,2025-07-06 14:02:00,2025-07,CUST-02123,Identified,Online,Online Store,paid,fulfilled,CAD,332.0,,0.0,0.0,43.16,375.16,0.0,375.16,4,2
#NW13142,2025-07-01 16:18:00,2025-07,CUST-01428,Identified,Online,Online Store,paid,fulfilled,CAD,256.0,,0.0,0.0,33.28,289.28,0.0,289.28,2,1
#NW13143,2025-07-14 17:16:00,2025-07,CUST-02088,Identified,Online,Online Store,paid,fulfilled,CAD,188.0,,0.0,0.0,24.44,212.44,0.0,212.44,3,2
#NW13144,2025-07-11 11:49:00,2025-07,CUST-02002,Identified,Online,Online Store,paid,fulfilled,CAD,198.0,FALL15,29.7,0.0,21.88,190.18,0.0,190.18,1,1
#NW13145,2025-07-08 19:44:00,2025-07,CUST-01509,Identified,POS,Northwood Toronto,paid,fulfilled,CAD,86.0,,0.0,0.0,11.18,97.18,0.0,97.18,2,2
#NW13146,2025-07-05 13:11:00,2025-07,CUST-02341,Identified,Online,Online Store,paid,fulfilled,CAD,146.0,,0.0,0.0,18.98,164.98,0.0,164.98,2,2
#NW13147,2025-07-23 17:00:00,2025-07,,Guest / Unidentified,POS,Northwood Toronto,refunded,fulfilled,CAD,126.0,FALL15,18.9,0.0,13.92,121.02,121.02,0.0,2,2
#NW13148,2025-07-10 18:54:00,2025-07,CUST-00781,Identified,Online,Online Store,paid,fulfilled,CAD,112.0,,0.0,12.0,16.12,140.12,0.0,140.12,1,1
#NW13149,2025-07-21 09:14:00,2025-07,CUST-00494,Identified,Online,Online Store,paid,fulfilled,CAD,242.0,WELCOME10,24.2,0.0,28.31,246.11,0.0,246.11,4,3
#NW13150,2025-07-26 19:34:00,2025-07,CUST-01011,Identified,Online,Online Store,paid,fulfilled,CAD,196.0,,0.0,0.0,25.48,221.48,0.0,221.48,2,1
#NW13151,2025-07-05 15:06:00,2025-07,CUST-00117,Identified,Online,Online Store,paid,fulfilled,CAD,226.0,SPRING10,22.6,0.0,26.44,229.84,0.0,229.84,2,2
#NW13152,2025-07-19 18:18:00,2025-07,CUST-01197,Identified,Online,Online Store,paid,fulfilled,CAD,68.0,,0.0,12.0,10.4,90.4,0.0,90.4,1,1
#NW13153,2025-07-20 19:08:00,2025-07,CUST-00142,Identified,Online,Online Store,partially_refunded,fulfilled,CAD,38.0,,0.0,12.0,6.5,56.5,22.25,34.25,1,1
#NW13154,2025-07-27 15:22:00,2025-07,CUST-01576,Identified,POS,Northwood Toronto,partially_refunded,fulfilled,CAD,206.0,,0.0,0.0,26.78,232.78,50.78,182.0,2,2
#NW13155,2025-07-26 21:37:00,2025-07,CUST-00116,Identified,Online,Online Store,paid,fulfilled,CAD,154.0,,0.0,0.0,20.02,174.02,0.0,174.02,3,2
#NW13156,2025-07-04 10:56:00,2025-07,CUST-00606,Identified,Online,Online Store,paid,fulfilled,CAD,110.0,WELCOME10,11.0,12.0,14.43,125.43,0.0,125.43,2,2
#NW13157,2025-07-09 17:47:00,2025-07,CUST-01071,Identified,Online,Online Store,paid,fulfilled,CAD,108.0,,0.0,12.0,15.6,135.6,0.0,135.6,1,1
#NW13158,2025-07-29 14:37:00,2025-07,CUST-01866,Identified,Online,Online Store,paid,fulfilled,CAD,332.0,,0.0,0.0,43.16,375.16,0.0,375.16,4,3
#NW13159,2025-07-08 14:10:00,2025-07,CUST-02088,Identified,Online,Online Store,paid,fulfilled,CAD,614.0,,0.0,0.0,79.82,693.82,0.0,693.82,5,4
#NW13160,2025-07-31 14:27:00,2025-07,CUST-00604,Identified,Online,Online Store,paid,fulfilled,CAD,144.0,,0.0,0.0,18.72,162.72,0.0,162.72,2,1
#NW13161,2025-07-17 15:57:00,2025-07,CUST-01441,Identified,Online,Online Store,paid,fulfilled,CAD,42.0,,0.0,12.0,7.02,61.02,0.0,61.02,1,1
#NW13162,2025-07-03 15:49:00,2025-07,CUST-01014,Identified,Online,Online Store,paid,fulfilled,CAD,216.0,,0.0,0.0,28.08,244.08,0.0,244.08,2,1
#NW13163,2025-07-23 19:14:00,2025-07,CUST-00662,Identified,Online,Online Store,paid,fulfilled,CAD,38.0,,0.0,12.0,6.5,56.5,0.0,56.5,1,1
#NW13164,2025-07-19 10:23:00,2025-07,CUST-00457,Identified,Online,Online Store,paid,fulfilled,CAD,298.0,,0.0,0.0,38.74,336.74,0.0,336.74,3,2
#NW13165,2025-07-15 11:33:00,2025-07,CUST-01168,Identified,POS,Northwood Toronto,paid,fulfilled,CAD,136.0,WELCOME10,13.6,0.0,15.91,138.31,0.0,138.31,2,2
#NW13166,2025-07-15 13:25:00,2025-07,CUST-00379,Identified,Online,Online Store,paid,fulfilled,CAD,172.0,SPRING10,17.2,0.0,20.12,174.92,0.0,174.92,3,3
#NW13167,2025-07-21 16:00:00,2025-07,CUST-01894,Identified,Online,Online Store,paid,fulfilled,CAD,56.0,,0.0,12.0,8.84,76.84,0.0,76.84,2,1
#NW13168,2025-07-23 14:16:00,2025-07,CUST-01575,Identified,Online,Online Store,paid,fulfilled,CAD,224.0,,0.0,0.0,29.12,253.12,0.0,253.12,2,1
#NW13169,2025-07-03 20:22:00,2025-07,CUST-00696,Identified,Online,Online Store,paid,fulfilled,CAD,208.0,,0.0,0.0,27.04,235.04,0.0,235.04,3,2
#NW13170,2025-07-26 11:41:00,2025-07,CUST-00330,Identified,Online,Online Store,paid,fulfilled,CAD,196.0,,0.0,0.0,25.48,221.48,0.0,221.48,2,1
#NW13171,2025-07-27 20:43:00,2025-07,CUST-02124,Identified,Online,Online Store,paid,fulfilled,CAD,420.0,,0.0,0.0,54.6,474.6,0.0,474.6,5,3
#NW13172,2025-07-11 10:00:00,2025-07,CUST-01721,Identified,Online,Online Store,partially_refunded,fulfilled,CAD,206.0,,0.0,0.0,26.78,232.78,80.96,151.82,2,2
#NW13173,2025-07-18 09:21:00,2025-07,CUST-00984,Identified,Online,Online Store,paid,fulfilled,CAD,128.0,,0.0,0.0,16.64,144.64,0.0,144.64,1,1
#NW13174,2025-07-15 13:03:00,2025-07,CUST-00168,Identified,Online,Online Store,paid,fulfilled,CAD,32.0,,0.0,12.0,5.72,49.72,0.0,49.72,1,1
#NW13175,2025-07-04 21:10:00,2025-07,CUST-01749,Identified,Online,Online Store,paid,fulfilled,CAD,48.0,,0.0,12.0,7.8,67.8,0.0,67.8,1,1
#NW13176,2025-07-10 15:17:00,2025-07,CUST-01296,Identified,Online,Online Store,paid,fulfilled,CAD,166.0,,0.0,0.0,21.58,187.58,0.0,187.58,2,2
#NW13177,2025-07-13 18:36:00,2025-07,CUST-00828,Identified,POS,Northwood Toronto,paid,fulfilled,CAD,274.0,HOLIDAY15,41.1,0.0,30.28,263.18,0.0,263.18,3,2
#NW13178,2025-07-08 14:56:00,2025-07,CUST-02051,Identified,POS,Northwood Toronto,paid,fulfilled,CAD,400.0,,0.0,0.0,52.0,452.0,0.0,452.0,4,2
#NW13179,2025-07-02 16:15:00,2025-07,CUST-02184,Identified,POS,Northwood Toronto,paid,fulfilled,CAD,166.0,,0.0,0.0,21.58,187.58,0.0,187.58,2,2
#NW13180,2025-07-20 12:26:00,2025-07,CUST-01568,Identified,Online,Online Store,paid,fulfilled,CAD,72.0,,0.0,12.0,10.92,94.92,0.0,94.92,1,1
#NW13181,2025-07-24 12:16:00,2025-07,CUST-01262,Identified,Online,Online Store,paid,fulfilled,CAD,760.0,,0.0,0.0,98.8,858.8,0.0,858.8,5,3
#NW13182,2025-07-04 21:37:00,2025-07,CUST-01686,Identified,Online,Online Store,paid,fulfilled,CAD,158.0,FALL15,23.7,0.0,17.46,151.76,0.0,151.76,3,3
#NW13183,2025-07-08 09:57:00,2025-07,CUST-00365,Identified,Online,Online Store,refunded,fulfilled,CAD,112.0,,0.0,12.0,16.12,140.12,140.12,0.0,1,1
#NW13184,2025-07-14 18:39:00,2025-07,CUST-00448,Identified,Online,Online Store,voided,unfulfilled,CAD,88.0,,0.0,12.0,13.0,113.0,0.0,0.0,1,1
#NW13185,2025-07-05 18:46:00,2025-07,CUST-02346,Identified,Online,Online Store,paid,fulfilled,CAD,190.0,,0.0,0.0,24.7,214.7,0.0,214.7,2,2
#NW13186,2025-07-16 13:47:00,2025-07,CUST-01411,Identified,POS,Northwood Toronto,paid,fulfilled,CAD,136.0,,0.0,0.0,17.68,153.68,0.0,153.68,2,2
#NW13187,2025-07-08 13:08:00,2025-07,CUST-01940,Identified,Online,Online Store,paid,fulfilled,CAD,1178.0,,0.0,0.0,153.14,1331.14,0.0,1331.14,6,4
#NW13188,2025-07-20 10:12:00,2025-07,CUST-01102,Identified,Online,Online Store,paid,fulfilled,CAD,128.0,WELCOME10,12.8,0.0,14.98,130.18,0.0,130.18,1,1
#NW13189,2025-07-24 21:54:00,2025-07,CUST-00859,Identified,Online,Online Store,paid,fulfilled,CAD,176.0,,0.0,0.0,22.88,198.88,0.0,198.88,2,1
#NW13190,2025-07-14 09:50:00,2025-07,CUST-01631,Identified,POS,Northwood Toronto,paid,fulfilled,CAD,224.0,,0.0,0.0,29.12,253.12,0.0,253.12,3,2
#NW13191,2025-07-14 20:16:00,2025-07,CUST-01289,Identified,Online,Online Store,paid,fulfilled,CAD,234.0,,0.0,0.0,30.42,264.42,0.0,264.42,3,2
#NW13192,2025-07-01 10:30:00,2025-07,CUST-00027,Identified,POS,Northwood Toronto,paid,fulfilled,CAD,112.0,,0.0,0.0,14.56,126.56,0.0,126.56,1,1
#NW13193,2025-07-08 11:50:00,2025-07,CUST-00690,Identified,Online,Online Store,paid,fulfilled,CAD,38.0,FALL15,5.7,12.0,5.76,50.06,0.0,50.06,1,1
#NW13194,2025-07-25 16:20:00,2025-07,CUST-02015,Identified,Online,Online Store,paid,fulfilled,CAD,136.0,,0.0,0.0,17.68,153.68,0.0,153.68,2,1
#NW13195,2025-07-03 13:32:00,2025-07,CUST-00007,Identified,Online,Online Store,paid,fulfilled,CAD,96.0,HOLIDAY15,14.4,12.0,12.17,105.77,0.0,105.77,2,1
#NW13196,2025-07-25 20:01:00,2025-07,CUST-00397,Identified,Online,Online Store,paid,fulfilled,CAD,72.0,HOLIDAY15,10.8,12.0,9.52,82.72,0.0,82.72,1,1
#NW13197,2025-07-03 10:41:00,2025-07,CUST-01497,Identified,Online,Online Store,paid,fulfilled,CAD,108.0,,0.0,12.0,15.6,135.6,0.0,135.6,1,1
#NW13198,2025-07-31 14:18:00,2025-07,CUST-01712,Identified,Online,Online Store,paid,fulfilled,CAD,200.0,,0.0,0.0,26.0,226.0,0.0,226.0,2,2
#NW13199,2025-07-03 21:04:00,2025-07,CUST-02151,Identified,Online,Online Store,paid,fulfilled,CAD,256.0,FALL15,38.4,0.0,28.29,245.89,0.0,245.89,2,2
#NW13200,2025-07-11 15:43:00,2025-07,CUST-01708,Identified,Online,Online Store,paid,fulfilled,CAD,312.0,,0.0,0.0,40.56,352.56,0.0,352.56,4,2
#NW13201,2025-07-07 11:33:00,2025-07,CUST-01182,Identified,Online,Online Store,paid,fulfilled,CAD,312.0,,0.0,0.0,40.56,352.56,0.0,352.56,4,2
#NW13202,2025-07-05 13:05:00,2025-07,CUST-01766,Identified,Online,Online Store,paid,fulfilled,CAD,182.0,,0.0,0.0,23.66,205.66,0.0,205.66,3,2
#NW13203,2025-07-09 15:39:00,2025-07,CUST-00699,Identified,Online,Online Store,paid,fulfilled,CAD,164.0,,0.0,0.0,21.32,185.32,0.0,185.32,3,2
#NW13204,2025-07-23 16:11:00,2025-07,CUST-00723,Identified,Online,Online Store,paid,fulfilled,CAD,48.0,,0.0,12.0,7.8,67.8,0.0,67.8,1,1
#NW13205,2025-07-17 20:59:00,2025-07,CUST-01286,Identified,Online,Online Store,paid,fulfilled,CAD,84.0,WELCOME10,8.4,12.0,11.39,98.99,0.0,98.99,2,1
#NW13206,2025-07-11 11:03:00,2025-07,CUST-00093,Identified,Online,Online Store,paid,fulfilled,CAD,76.0,,0.0,12.0,11.44,99.44,0.0,99.44,2,1
#NW13207,2025-07-17 11:19:00,2025-07,CUST-00551,Identified,Online,Online Store,paid,fulfilled,CAD,116.0,,0.0,12.0,16.64,144.64,0.0,144.64,2,2
#NW13208,2025-07-08 11:36:00,2025-07,CUST-00812,Identified,Online,Online Store,paid,fulfilled,CAD,28.0,,0.0,12.0,5.2,45.2,0.0,45.2,1,1
#NW13209,2025-07-12 16:54:00,2025-07,CUST-01993,Identified,Online,Online Store,paid,fulfilled,CAD,58.0,,0.0,12.0,9.1,79.1,0.0,79.1,1,1
#NW13210,2025-07-02 20:49:00,2025-07,CUST-00746,Identified,POS,Northwood Toronto,paid,fulfilled,CAD,76.0,,0.0,0.0,9.88,85.88,0.0,85.88,2,1
#NW13211,2025-07-29 13:53:00,2025-07,CUST-02059,Identified,Online,Online Store,paid,fulfilled,CAD,78.0,SPRING10,7.8,12.0,10.69,92.89,0.0,92.89,1,1
#NW13212,2025-07-28 17:25:00,2025-07,CUST-00452,Identified,Online,Online Store,paid,fulfilled,CAD,88.0,,0.0,12.0,13.0,113.0,0.0,113.0,1,1
#NW13213,2025-07-17 14:28:00,2025-07,CUST-00771,Identified,Online,Online Store,paid,fulfilled,CAD,88.0,SPRING10,8.8,12.0,11.86,103.06,0.0,103.06,1,1
#NW13214,2025-07-03 21:25:00,2025-07,CUST-00798,Identified,Online,Online Store,paid,fulfilled,CAD,32.0,,0.0,12.0,5.72,49.72,0.0,49.72,1,1
#NW13215,2025-07-21 13:05:00,2025-07,CUST-00903,Identified,Online,Online Store,paid,fulfilled,CAD,462.0,,0.0,0.0,60.06,522.06,0.0,522.06,4,3
#NW13216,2025-07-03 12:49:00,2025-07,CUST-00837,Identified,Online,Online Store,paid,fulfilled,CAD,348.0,,0.0,0.0,45.24,393.24,0.0,393.24,3,2
#NW13217,2025-07-26 20:25:00,2025-07,CUST-00824,Identified,Online,Online Store,paid,fulfilled,CAD,38.0,,0.0,12.0,6.5,56.5,0.0,56.5,1,1
#NW13218,2025-07-05 09:44:00,2025-07,CUST-00077,Identified,Online,Online Store,paid,fulfilled,CAD,146.0,,0.0,0.0,18.98,164.98,0.0,164.98,2,2
#NW13219,2025-07-02 10:56:00,2025-07,CUST-00749,Identified,Online,Online Store,paid,fulfilled,CAD,332.0,,0.0,0.0,43.16,375.16,0.0,375.16,4,3
#NW13220,2025-07-20 19:33:00,2025-07,CUST-00786,Identified,Online,Online Store,paid,fulfilled,CAD,98.0,,0.0,12.0,14.3,124.3,0.0,124.3,1,1
#NW13221,2025-07-11 20:16:00,2025-07,CUST-01063,Identified,Online,Online Store,paid,fulfilled,CAD,692.0,,0.0,0.0,89.96,781.96,0.0,781.96,4,2
#NW13222,2025-07-28 09:11:00,2025-07,,Guest / Unidentified,POS,Northwood Toronto,paid,fulfilled,CAD,112.0,,0.0,0.0,14.56,126.56,0.0,126.56,1,1
#NW13223,2025-07-10 15:54:00,2025-07,CUST-01806,Identified,Online,Online Store,paid,fulfilled,CAD,98.0,,0.0,12.0,14.3,124.3,0.0,124.3,1,1
#NW13224,2025-07-30 11:48:00,2025-07,CUST-00448,Identified,Online,Online Store,refunded,fulfilled,CAD,392.0,,0.0,0.0,50.96,442.96,442.95000000000005,0.009999999999934062,4,3
#NW13225,2025-07-12 20:15:00,2025-07,CUST-00263,Identified,Online,Online Store,paid,fulfilled,CAD,88.0,FALL15,13.2,12.0,11.28,98.08,0.0,98.08,1,1
#NW13226,2025-07-30 20:48:00,2025-07,,Guest / Unidentified,POS,Northwood Toronto,paid,fulfilled,CAD,76.0,,0.0,0.0,9.88,85.88,0.0,85.88,2,1
#NW13227,2025-07-21 18:20:00,2025-07,CUST-00327,Identified,Online,Online Store,paid,fulfilled,CAD,118.0,FALL15,17.7,12.0,14.6,126.9,0.0,126.9,1,1
#NW13228,2025-07-08 15:08:00,2025-07,CUST-01201,Identified,Online,Online Store,paid,fulfilled,CAD,48.0,SPRING10,4.8,12.0,7.18,62.38,0.0,62.38,1,1
#NW13229,2025-07-06 15:39:00,2025-07,CUST-00059,Identified,Online,Online Store,paid,fulfilled,CAD,48.0,,0.0,12.0,7.8,67.8,0.0,67.8,1,1
#NW13230,2025-07-31 09:10:00,2025-07,CUST-01548,Identified,Online,Online Store,paid,fulfilled,CAD,128.0,,0.0,0.0,16.64,144.64,0.0,144.64,1,1
#NW13231,2025-07-09 19:41:00,2025-07,CUST-00511,Identified,Online,Online Store,paid,fulfilled,CAD,88.0,,0.0,12.0,13.0,113.0,0.0,113.0,1,1
#NW13232,2025-07-12 09:35:00,2025-07,CUST-00440,Identified,Online,Online Store,paid,fulfilled,CAD,48.0,FALL15,7.2,12.0,6.86,59.66,0.0,59.66,1,1
#NW13233,2025-07-14 09:59:00,2025-07,CUST-02010,Identified,Online,Online Store,paid,fulfilled,CAD,170.0,,0.0,0.0,22.1,192.1,0.0,192.1,2,2
#NW13234,2025-07-20 20:22:00,2025-07,CUST-01402,Identified,Online,Online Store,paid,fulfilled,CAD,298.0,,0.0,0.0,38.74,336.74,0.0,336.74,3,3
#NW13235,2025-07-17 13:06:00,2025-07,CUST-00122,Identified,Online,Online Store,paid,fulfilled,CAD,118.0,SPRING10,11.8,12.0,15.37,133.57,0.0,133.57,1,1
#NW13236,2025-07-16 12:24:00,2025-07,CUST-00801,Identified,Online,Online Store,paid,fulfilled,CAD,256.0,,0.0,0.0,33.28,289.28,0.0,289.28,2,1
#NW13237,2025-07-17 14:36:00,2025-07,CUST-00962,Identified,Online,Online Store,paid,fulfilled,CAD,156.0,,0.0,0.0,20.28,176.28,0.0,176.28,2,1
#NW13238,2025-07-17 18:54:00,2025-07,CUST-01958,Identified,Online,Online Store,paid,fulfilled,CAD,114.0,,0.0,12.0,16.38,142.38,0.0,142.38,2,2
#NW13239,2025-07-04 19:59:00,2025-07,CUST-01988,Identified,Online,Online Store,paid,fulfilled,CAD,98.0,,0.0,12.0,14.3,124.3,0.0,124.3,1,1
#NW13240,2025-07-22 12:10:00,2025-07,CUST-00413,Identified,Online,Online Store,paid,fulfilled,CAD,220.0,,0.0,0.0,28.6,248.6,0.0,248.6,2,2
#NW13241,2025-07-09 15:57:00,2025-07,CUST-00039,Identified,Online,Online Store,paid,fulfilled,CAD,88.0,,0.0,12.0,13.0,113.0,0.0,113.0,1,1
#NW13242,2025-07-23 18:14:00,2025-07,CUST-00251,Identified,POS,Northwood Toronto,paid,fulfilled,CAD,78.0,HOLIDAY15,11.7,0.0,8.62,74.92,0.0,74.92,1,1
#NW13243,2025-07-29 18:14:00,2025-07,CUST-01090,Identified,Online,Online Store,paid,fulfilled,CAD,700.0,SPRING10,70.0,0.0,81.9,711.9,0.0,711.9,5,3
#NW13244,2025-07-06 20:53:00,2025-07,CUST-00030,Identified,POS,Northwood Toronto,paid,fulfilled,CAD,112.0,,0.0,0.0,14.56,126.56,0.0,126.56,1,1
#NW13245,2025-07-31 20:36:00,2025-07,CUST-00172,Identified,Online,Online Store,paid,fulfilled,CAD,158.0,,0.0,0.0,20.54,178.54,0.0,178.54,3,2
#NW13246,2025-07-20 12:18:00,2025-07,CUST-00167,Identified,Online,Online Store,paid,fulfilled,CAD,76.0,,0.0,12.0,11.44,99.44,0.0,99.44,2,1
#NW13247,2025-07-27 21:49:00,2025-07,CUST-02257,Identified,Online,Online Store,partially_refunded,fulfilled,CAD,174.0,,0.0,0.0,22.62,196.62,102.92,93.7,3,2
#NW13248,2025-07-15 20:13:00,2025-07,CUST-02140,Identified,Online,Online Store,paid,fulfilled,CAD,88.0,,0.0,12.0,13.0,113.0,0.0,113.0,1,1
#NW13249,2025-07-25 14:38:00,2025-07,CUST-00030,Identified,POS,Northwood Toronto,paid,fulfilled,CAD,48.0,,0.0,0.0,6.24,54.24,0.0,54.24,1,1
#NW13250,2025-07-24 12:53:00,2025-07,CUST-01539,Identified,Online,Online Store,paid,fulfilled,CAD,196.0,,0.0,0.0,25.48,221.48,0.0,221.48,2,2
#NW13251,2025-07-06 16:59:00,2025-07,CUST-02131,Identified,POS,Northwood Toronto,paid,fulfilled,CAD,74.0,,0.0,0.0,9.62,83.62,0.0,83.62,2,2
#NW13252,2025-07-25 19:07:00,2025-07,CUST-01089,Identified,POS,Northwood Toronto,paid,fulfilled,CAD,68.0,,0.0,0.0,8.84,76.84,0.0,76.84,1,1
#NW13253,2025-07-01 12:05:00,2025-07,,Guest / Unidentified,POS,Northwood Toronto,paid,fulfilled,CAD,156.0,,0.0,0.0,20.28,176.28,0.0,176.28,2,2
#NW13254,2025-07-26 09:12:00,2025-07,CUST-01939,Identified,Online,Online Store,partially_refunded,fulfilled,CAD,148.0,,0.0,0.0,19.24,167.24,33.24,134.0,3,2
#NW13255,2025-07-16 13:46:00,2025-07,CUST-01381,Identified,Online,Online Store,paid,fulfilled,CAD,304.0,,0.0,0.0,39.52,343.52,0.0,343.52,3,2
#NW13256,2025-07-30 09:59:00,2025-07,CUST-01760,Identified,Online,Online Store,paid,fulfilled,CAD,128.0,,0.0,0.0,16.64,144.64,0.0,144.64,1,1
#NW13257,2025-07-13 17:22:00,2025-07,CUST-01379,Identified,POS,Northwood Toronto,paid,fulfilled,CAD,176.0,,0.0,0.0,22.88,198.88,0.0,198.88,2,1
#NW13258,2025-07-21 18:41:00,2025-07,CUST-01519,Identified,POS,Northwood Toronto,paid,fulfilled,CAD,88.0,,0.0,0.0,11.44,99.44,0.0,99.44,1,1
#NW13259,2025-07-17 10:34:00,2025-07,CUST-01509,Identified,POS,Northwood Toronto,paid,fulfilled,CAD,88.0,,0.0,0.0,11.44,99.44,0.0,99.44,1,1
#NW13260,2025-07-10 11:24:00,2025-07,CUST-01406,Identified,POS,Northwood Toronto,paid,fulfilled,CAD,68.0,,0.0,0.0,8.84,76.84,0.0,76.84,1,1
#NW13261,2025-07-07 18:42:00,2025-07,CUST-01292,Identified,Online,Online Store,paid,fulfilled,CAD,72.0,,0.0,12.0,10.92,94.92,0.0,94.92,1,1
#NW13262,2025-07-25 18:42:00,2025-07,CUST-00982,Identified,Online,Online Store,paid,fulfilled,CAD,170.0,,0.0,0.0,22.1,192.1,0.0,192.1,2,2
#NW13263,2025-07-07 18:55:00,2025-07,CUST-01480,Identified,Online,Online Store,paid,fulfilled,CAD,334.0,,0.0,0.0,43.42,377.42,0.0,377.42,3,2
#NW13264,2025-07-31 15:50:00,2025-07,CUST-00939,Identified,Online,Online Store,paid,fulfilled,CAD,150.0,,0.0,0.0,19.5,169.5,0.0,169.5,2,2
#NW13265,2025-07-22 09:33:00,2025-07,CUST-01633,Identified,Online,Online Store,paid,fulfilled,CAD,186.0,,0.0,0.0,24.18,210.18,0.0,210.18,2,2
#NW13266,2025-07-05 10:42:00,2025-07,CUST-00746,Identified,Online,Online Store,paid,fulfilled,CAD,38.0,,0.0,12.0,6.5,56.5,0.0,56.5,1,1
#NW13267,2025-07-08 14:58:00,2025-07,CUST-00235,Identified,POS,Northwood Toronto,paid,fulfilled,CAD,176.0,,0.0,0.0,22.88,198.88,0.0,198.88,2,1
#NW13268,2025-07-03 11:17:00,2025-07,CUST-01459,Identified,Online,Online Store,paid,fulfilled,CAD,108.0,,0.0,12.0,15.6,135.6,0.0,135.6,1,1
#NW13269,2025-07-02 20:26:00,2025-07,,Guest / Unidentified,POS,Northwood Toronto,paid,fulfilled,CAD,282.0,,0.0,0.0,36.66,318.66,0.0,318.66,4,3
#NW13270,2025-07-04 18:38:00,2025-07,CUST-00411,Identified,Online,Online Store,paid,fulfilled,CAD,108.0,,0.0,12.0,15.6,135.6,0.0,135.6,1,1
#NW13271,2025-08-03 17:12:00,2025-08,CUST-00013,Identified,Online,Online Store,paid,fulfilled,CAD,256.0,,0.0,0.0,33.28,289.28,0.0,289.28,2,1
#NW13272,2025-08-05 09:50:00,2025-08,CUST-01872,Identified,Online,Online Store,paid,fulfilled,CAD,128.0,,0.0,0.0,16.64,144.64,0.0,144.64,1,1
#NW13273,2025-08-12 19:42:00,2025-08,CUST-01646,Identified,Online,Online Store,paid,fulfilled,CAD,38.0,FALL15,5.7,12.0,5.76,50.06,0.0,50.06,1,1
#NW13274,2025-08-06 15:19:00,2025-08,CUST-00569,Identified,POS,Northwood Toronto,refunded,fulfilled,CAD,144.0,,0.0,0.0,18.72,162.72,162.72,0.0,2,1
#NW13275,2025-08-29 20:43:00,2025-08,,Guest / Unidentified,POS,Northwood Toronto,paid,fulfilled,CAD,194.0,,0.0,0.0,25.22,219.22,0.0,219.22,3,2
#NW13276,2025-08-03 17:13:00,2025-08,CUST-00504,Identified,Online,Online Store,paid,fulfilled,CAD,118.0,,0.0,12.0,16.9,146.9,0.0,146.9,1,1
#NW13277,2025-08-20 18:48:00,2025-08,CUST-02174,Identified,Online,Online Store,paid,fulfilled,CAD,78.0,FALL15,11.7,12.0,10.18,88.48,0.0,88.48,1,1
#NW13278,2025-08-14 17:59:00,2025-08,CUST-01909,Identified,POS,Northwood Toronto,paid,fulfilled,CAD,206.0,,0.0,0.0,26.78,232.78,0.0,232.78,2,2
#NW13279,2025-08-09 15:53:00,2025-08,CUST-01019,Identified,POS,Northwood Toronto,paid,fulfilled,CAD,218.0,,0.0,0.0,28.34,246.34,0.0,246.34,1,1
#NW13280,2025-08-18 14:58:00,2025-08,CUST-01069,Identified,Online,Online Store,paid,fulfilled,CAD,88.0,,0.0,12.0,13.0,113.0,0.0,113.0,1,1
#NW13281,2025-08-21 17:25:00,2025-08,CUST-00090,Identified,Online,Online Store,paid,fulfilled,CAD,176.0,,0.0,0.0,22.88,198.88,0.0,198.88,2,1
#NW13282,2025-08-12 10:31:00,2025-08,CUST-00806,Identified,Online,Online Store,voided,unfulfilled,CAD,336.0,,0.0,0.0,43.68,379.68,0.0,0.0,3,2
#NW13283,2025-08-22 17:14:00,2025-08,CUST-01102,Identified,POS,Northwood Toronto,paid,fulfilled,CAD,58.0,,0.0,0.0,7.54,65.54,0.0,65.54,1,1
#NW13284,2025-08-10 18:13:00,2025-08,CUST-01947,Identified,POS,Northwood Toronto,paid,fulfilled,CAD,128.0,,0.0,0.0,16.64,144.64,0.0,144.64,1,1
#NW13285,2025-08-08 19:00:00,2025-08,CUST-02110,Identified,Online,Online Store,paid,fulfilled,CAD,38.0,,0.0,12.0,6.5,56.5,0.0,56.5,1,1
#NW13286,2025-08-05 19:23:00,2025-08,CUST-01347,Identified,Online,Online Store,paid,fulfilled,CAD,166.0,,0.0,0.0,21.58,187.58,0.0,187.58,2,2
#NW13287,2025-08-22 12:39:00,2025-08,CUST-00770,Identified,Online,Online Store,paid,fulfilled,CAD,328.0,,0.0,0.0,42.64,370.64,0.0,370.64,3,2
#NW13288,2025-08-30 13:33:00,2025-08,,Guest / Unidentified,POS,Northwood Toronto,paid,fulfilled,CAD,216.0,,0.0,0.0,28.08,244.08,0.0,244.08,2,1
#NW13289,2025-08-21 15:54:00,2025-08,CUST-01320,Identified,Online,Online Store,paid,fulfilled,CAD,360.0,,0.0,0.0,46.8,406.8,0.0,406.8,2,2
#NW13290,2025-08-30 17:09:00,2025-08,CUST-00069,Identified,Online,Online Store,paid,fulfilled,CAD,38.0,,0.0,12.0,6.5,56.5,0.0,56.5,1,1
#NW13291,2025-08-19 21:14:00,2025-08,CUST-01959,Identified,Online,Online Store,paid,fulfilled,CAD,144.0,,0.0,0.0,18.72,162.72,0.0,162.72,2,1
#NW13292,2025-08-24 14:56:00,2025-08,CUST-01476,Identified,Online,Online Store,refunded,fulfilled,CAD,396.0,,0.0,0.0,51.48,447.48,447.48,0.0,2,1
#NW13293,2025-08-26 12:50:00,2025-08,CUST-00188,Identified,Online,Online Store,paid,fulfilled,CAD,504.0,,0.0,0.0,65.52,569.52,0.0,569.52,3,3
#NW13294,2025-08-23 14:00:00,2025-08,CUST-01334,Identified,Online,Online Store,paid,fulfilled,CAD,176.0,,0.0,0.0,22.88,198.88,0.0,198.88,2,2
#NW13295,2025-08-21 17:49:00,2025-08,CUST-01820,Identified,Online,Online Store,paid,fulfilled,CAD,176.0,,0.0,0.0,22.88,198.88,0.0,198.88,2,1
#NW13296,2025-08-07 21:21:00,2025-08,CUST-00957,Identified,Online,Online Store,paid,fulfilled,CAD,284.0,,0.0,0.0,36.92,320.92,0.0,320.92,3,2
#NW13297,2025-08-28 10:47:00,2025-08,CUST-01985,Identified,Online,Online Store,paid,fulfilled,CAD,302.0,,0.0,0.0,39.26,341.26,0.0,341.26,4,3
#NW13298,2025-08-22 20:59:00,2025-08,CUST-00181,Identified,Online,Online Store,paid,fulfilled,CAD,48.0,,0.0,12.0,7.8,67.8,0.0,67.8,1,1
#NW13299,2025-08-21 09:34:00,2025-08,CUST-00334,Identified,Online,Online Store,paid,fulfilled,CAD,360.0,SPRING10,36.0,0.0,42.12,366.12,0.0,366.12,4,2
#NW13300,2025-08-11 21:04:00,2025-08,CUST-01427,Identified,Online,Online Store,paid,fulfilled,CAD,156.0,HOLIDAY15,23.4,0.0,17.24,149.84,0.0,149.84,2,1
#NW13301,2025-08-24 12:28:00,2025-08,CUST-01753,Identified,Online,Online Store,paid,fulfilled,CAD,214.0,,0.0,0.0,27.82,241.82,0.0,241.82,3,2
#NW13302,2025-08-28 15:00:00,2025-08,CUST-01951,Identified,Online,Online Store,paid,fulfilled,CAD,48.0,WELCOME10,4.8,12.0,7.18,62.38,0.0,62.38,1,1
#NW13303,2025-08-20 18:31:00,2025-08,CUST-00412,Identified,Online,Online Store,paid,fulfilled,CAD,176.0,,0.0,0.0,22.88,198.88,0.0,198.88,2,2
#NW13304,2025-08-03 14:08:00,2025-08,CUST-01577,Identified,POS,Northwood Toronto,paid,fulfilled,CAD,204.0,,0.0,0.0,26.52,230.52,0.0,230.52,3,2
#NW13305,2025-08-20 12:46:00,2025-08,,Guest / Unidentified,POS,Northwood Toronto,paid,fulfilled,CAD,374.0,,0.0,0.0,48.62,422.62,0.0,422.62,5,4
#NW13306,2025-08-19 19:22:00,2025-08,CUST-00800,Identified,Online,Online Store,paid,fulfilled,CAD,92.0,,0.0,12.0,13.52,117.52,0.0,117.52,3,2
#NW13307,2025-08-31 18:16:00,2025-08,CUST-00587,Identified,Online,Online Store,paid,fulfilled,CAD,128.0,,0.0,0.0,16.64,144.64,0.0,144.64,1,1
#NW13308,2025-08-13 15:27:00,2025-08,CUST-02131,Identified,Online,Online Store,paid,fulfilled,CAD,118.0,HOLIDAY15,17.7,12.0,14.6,126.9,0.0,126.9,1,1
#NW13309,2025-08-26 12:39:00,2025-08,CUST-02343,Identified,Online,Online Store,paid,fulfilled,CAD,176.0,,0.0,0.0,22.88,198.88,0.0,198.88,2,1
#NW13310,2025-08-18 19:07:00,2025-08,CUST-02067,Identified,Online,Online Store,paid,fulfilled,CAD,58.0,,0.0,12.0,9.1,79.1,0.0,79.1,1,1
#NW13311,2025-08-07 21:57:00,2025-08,CUST-00131,Identified,Online,Online Store,paid,fulfilled,CAD,38.0,HOLIDAY15,5.7,12.0,5.76,50.06,0.0,50.06,1,1
#NW13312,2025-08-15 17:20:00,2025-08,CUST-00524,Identified,Online,Online Store,paid,fulfilled,CAD,88.0,,0.0,12.0,13.0,113.0,0.0,113.0,1,1
#NW13313,2025-08-01 10:41:00,2025-08,CUST-02040,Identified,Online,Online Store,paid,fulfilled,CAD,98.0,,0.0,12.0,14.3,124.3,0.0,124.3,1,1
#NW13314,2025-08-25 09:13:00,2025-08,CUST-00357,Identified,POS,Northwood Toronto,partially_refunded,fulfilled,CAD,64.0,,0.0,0.0,8.32,72.32,33.76,38.559999999999995,2,1
#NW13315,2025-08-20 14:50:00,2025-08,CUST-02017,Identified,POS,Northwood Toronto,paid,fulfilled,CAD,128.0,,0.0,0.0,16.64,144.64,0.0,144.64,1,1
#NW13316,2025-08-06 14:00:00,2025-08,,Guest / Unidentified,POS,Northwood Toronto,paid,fulfilled,CAD,84.0,,0.0,0.0,10.92,94.92,0.0,94.92,2,1
#NW13317,2025-08-31 18:38:00,2025-08,CUST-01913,Identified,Online,Online Store,paid,fulfilled,CAD,88.0,,0.0,12.0,13.0,113.0,0.0,113.0,1,1
#NW13318,2025-08-22 15:46:00,2025-08,CUST-00689,Identified,Online,Online Store,paid,fulfilled,CAD,340.0,,0.0,0.0,44.2,384.2,0.0,384.2,4,2
#NW13319,2025-08-02 13:08:00,2025-08,CUST-01955,Identified,Online,Online Store,paid,fulfilled,CAD,304.0,,0.0,0.0,39.52,343.52,0.0,343.52,3,2
#NW13320,2025-08-24 16:01:00,2025-08,CUST-00177,Identified,Online,Online Store,paid,fulfilled,CAD,166.0,,0.0,0.0,21.58,187.58,0.0,187.58,2,2
#NW13321,2025-08-15 15:29:00,2025-08,CUST-01975,Identified,Online,Online Store,paid,fulfilled,CAD,64.0,,0.0,12.0,9.88,85.88,0.0,85.88,2,1
#NW13322,2025-08-29 11:19:00,2025-08,CUST-02215,Identified,Online,Online Store,paid,fulfilled,CAD,98.0,,0.0,12.0,14.3,124.3,0.0,124.3,1,1
#NW13323,2025-08-07 09:31:00,2025-08,CUST-00509,Identified,Online,Online Store,paid,fulfilled,CAD,88.0,,0.0,12.0,13.0,113.0,0.0,113.0,1,1
#NW13324,2025-08-04 13:58:00,2025-08,CUST-02020,Identified,Online,Online Store,paid,fulfilled,CAD,180.0,,0.0,0.0,23.4,203.4,0.0,203.4,2,2
#NW13325,2025-08-18 19:31:00,2025-08,CUST-00867,Identified,POS,Northwood Toronto,paid,fulfilled,CAD,156.0,,0.0,0.0,20.28,176.28,0.0,176.28,2,2
#NW13326,2025-08-26 15:37:00,2025-08,CUST-01960,Identified,POS,Northwood Toronto,paid,fulfilled,CAD,224.0,SPRING10,22.4,0.0,26.21,227.81,0.0,227.81,2,1
#NW13327,2025-08-23 19:29:00,2025-08,CUST-00367,Identified,Online,Online Store,paid,fulfilled,CAD,328.0,,0.0,0.0,42.64,370.64,0.0,370.64,3,3
#NW13328,2025-08-07 14:04:00,2025-08,CUST-00433,Identified,POS,Northwood Toronto,paid,fulfilled,CAD,248.0,,0.0,0.0,32.24,280.24,0.0,280.24,3,3
#NW13329,2025-08-23 12:16:00,2025-08,CUST-01782,Identified,Online,Online Store,paid,fulfilled,CAD,242.0,,0.0,0.0,31.46,273.46,0.0,273.46,4,3
#NW13330,2025-08-10 19:34:00,2025-08,CUST-00120,Identified,Online,Online Store,paid,fulfilled,CAD,472.0,,0.0,0.0,61.36,533.36,0.0,533.36,4,2
#NW13331,2025-08-27 16:39:00,2025-08,CUST-00657,Identified,POS,Northwood Toronto,paid,fulfilled,CAD,420.0,,0.0,0.0,54.6,474.6,0.0,474.6,5,3
#NW13332,2025-08-12 11:03:00,2025-08,CUST-01338,Identified,POS,Northwood Toronto,paid,fulfilled,CAD,110.0,,0.0,0.0,14.3,124.3,0.0,124.3,2,2
#NW13333,2025-08-01 19:26:00,2025-08,CUST-01571,Identified,Online,Online Store,paid,fulfilled,CAD,88.0,,0.0,12.0,13.0,113.0,0.0,113.0,1,1
#NW13334,2025-08-30 17:54:00,2025-08,CUST-01149,Identified,Online,Online Store,paid,fulfilled,CAD,284.0,,0.0,0.0,36.92,320.92,0.0,320.92,3,2
#NW13335,2025-08-26 19:06:00,2025-08,CUST-00903,Identified,Online,Online Store,partially_refunded,fulfilled,CAD,302.0,,0.0,0.0,39.26,341.26,145.35000000000002,195.90999999999997,3,3
#NW13336,2025-08-02 21:26:00,2025-08,,Guest / Unidentified,POS,Northwood Toronto,paid,fulfilled,CAD,112.0,,0.0,0.0,14.56,126.56,0.0,126.56,1,1
#NW13337,2025-08-15 18:02:00,2025-08,CUST-01951,Identified,Online,Online Store,paid,fulfilled,CAD,72.0,,0.0,12.0,10.92,94.92,0.0,94.92,1,1
#NW13338,2025-08-10 16:57:00,2025-08,CUST-00505,Identified,POS,Northwood Toronto,paid,fulfilled,CAD,240.0,,0.0,0.0,31.2,271.2,0.0,271.2,2,2
#NW13339,2025-08-29 16:50:00,2025-08,CUST-00557,Identified,Online,Online Store,paid,fulfilled,CAD,324.0,,0.0,0.0,42.12,366.12,0.0,366.12,3,3
#NW13340,2025-08-09 12:03:00,2025-08,CUST-02190,Identified,POS,Northwood Toronto,paid,fulfilled,CAD,98.0,WELCOME10,9.8,0.0,11.47,99.67,0.0,99.67,1,1
#NW13341,2025-08-29 15:41:00,2025-08,CUST-02016,Identified,Online,Online Store,paid,fulfilled,CAD,68.0,,0.0,12.0,10.4,90.4,0.0,90.4,1,1
#NW13342,2025-08-22 20:16:00,2025-08,CUST-00371,Identified,Online,Online Store,paid,fulfilled,CAD,128.0,,0.0,0.0,16.64,144.64,0.0,144.64,1,1
#NW13343,2025-08-06 10:09:00,2025-08,CUST-01364,Identified,Online,Online Store,paid,fulfilled,CAD,118.0,,0.0,12.0,16.9,146.9,0.0,146.9,1,1
#NW13344,2025-08-21 12:03:00,2025-08,CUST-00917,Identified,Online,Online Store,paid,fulfilled,CAD,80.0,,0.0,12.0,11.96,103.96,0.0,103.96,2,2
#NW13345,2025-08-19 10:24:00,2025-08,CUST-01546,Identified,Online,Online Store,paid,fulfilled,CAD,38.0,,0.0,12.0,6.5,56.5,0.0,56.5,1,1
#NW13346,2025-08-28 18:34:00,2025-08,CUST-00265,Identified,Online,Online Store,partially_refunded,fulfilled,CAD,118.0,,0.0,12.0,16.9,146.9,78.73,68.17,1,1
#NW13347,2025-08-25 16:51:00,2025-08,CUST-00183,Identified,Online,Online Store,paid,fulfilled,CAD,88.0,,0.0,12.0,13.0,113.0,0.0,113.0,1,1
#NW13348,2025-08-28 20:12:00,2025-08,CUST-00968,Identified,Online,Online Store,partially_refunded,fulfilled,CAD,410.0,,0.0,0.0,53.3,463.3,140.67000000000002,322.63,4,3
#NW13349,2025-08-26 14:23:00,2025-08,CUST-01545,Identified,Online,Online Store,paid,fulfilled,CAD,38.0,,0.0,12.0,6.5,56.5,0.0,56.5,1,1
#NW13350,2025-08-26 19:20:00,2025-08,CUST-01564,Identified,Online,Online Store,paid,fulfilled,CAD,158.0,,0.0,0.0,20.54,178.54,0.0,178.54,1,1
#NW13351,2025-08-30 09:01:00,2025-08,CUST-02302,Identified,Online,Online Store,paid,fulfilled,CAD,48.0,,0.0,12.0,7.8,67.8,0.0,67.8,1,1
#NW13352,2025-08-20 16:04:00,2025-08,CUST-02092,Identified,POS,Northwood Toronto,paid,fulfilled,CAD,76.0,,0.0,0.0,9.88,85.88,0.0,85.88,2,1
#NW13353,2025-08-06 14:10:00,2025-08,CUST-02327,Identified,Online,Online Store,paid,fulfilled,CAD,244.0,,0.0,0.0,31.72,275.72,0.0,275.72,3,3
#NW13354,2025-08-03 12:44:00,2025-08,CUST-00884,Identified,Online,Online Store,paid,fulfilled,CAD,196.0,,0.0,0.0,25.48,221.48,0.0,221.48,2,1
#NW13355,2025-08-25 14:48:00,2025-08,CUST-01062,Identified,Online,Online Store,paid,fulfilled,CAD,176.0,,0.0,0.0,22.88,198.88,0.0,198.88,2,1
#NW13356,2025-08-06 17:26:00,2025-08,CUST-00474,Identified,POS,Northwood Toronto,paid,fulfilled,CAD,116.0,,0.0,0.0,15.08,131.08,0.0,131.08,2,2
#NW13357,2025-08-21 17:35:00,2025-08,CUST-01192,Identified,Online,Online Store,paid,fulfilled,CAD,218.0,,0.0,0.0,28.34,246.34,0.0,246.34,1,1
#NW13358,2025-08-01 15:15:00,2025-08,CUST-00360,Identified,Online,Online Store,refunded,fulfilled,CAD,240.0,,0.0,0.0,31.2,271.2,271.2,0.0,2,2
#NW13359,2025-08-28 16:30:00,2025-08,CUST-00457,Identified,Online,Online Store,paid,fulfilled,CAD,122.0,,0.0,12.0,17.42,151.42,0.0,151.42,3,2
#NW13360,2025-08-07 12:31:00,2025-08,CUST-00366,Identified,Online,Online Store,partially_refunded,fulfilled,CAD,42.0,SPRING10,4.2,12.0,6.47,56.27,14.32,41.95,1,1
#NW13361,2025-08-04 10:01:00,2025-08,CUST-01394,Identified,POS,Northwood Toronto,paid,fulfilled,CAD,186.0,,0.0,0.0,24.18,210.18,0.0,210.18,2,2
#NW13362,2025-08-12 21:46:00,2025-08,CUST-00714,Identified,Online,Online Store,paid,fulfilled,CAD,68.0,,0.0,12.0,10.4,90.4,0.0,90.4,1,1
#NW13363,2025-08-06 15:30:00,2025-08,CUST-01942,Identified,Online,Online Store,paid,fulfilled,CAD,206.0,,0.0,0.0,26.78,232.78,0.0,232.78,2,2
#NW13364,2025-08-06 12:43:00,2025-08,CUST-00476,Identified,Online,Online Store,paid,fulfilled,CAD,232.0,,0.0,0.0,30.16,262.16,0.0,262.16,3,2
#NW13365,2025-08-23 13:24:00,2025-08,CUST-01367,Identified,Online,Online Store,paid,fulfilled,CAD,286.0,,0.0,0.0,37.18,323.18,0.0,323.18,2,2
#NW13366,2025-08-15 11:27:00,2025-08,CUST-01507,Identified,POS,Northwood Toronto,paid,fulfilled,CAD,196.0,,0.0,0.0,25.48,221.48,0.0,221.48,2,2
#NW13367,2025-08-14 19:47:00,2025-08,CUST-00522,Identified,POS,Northwood Toronto,paid,fulfilled,CAD,112.0,SPRING10,11.2,0.0,13.1,113.9,0.0,113.9,1,1
#NW13368,2025-08-05 11:51:00,2025-08,CUST-01925,Identified,Online,Online Store,paid,fulfilled,CAD,246.0,,0.0,0.0,31.98,277.98,0.0,277.98,2,2
#NW13369,2025-08-13 12:44:00,2025-08,CUST-01558,Identified,Online,Online Store,paid,fulfilled,CAD,28.0,FALL15,4.2,12.0,4.65,40.45,0.0,40.45,1,1
#NW13370,2025-08-07 10:47:00,2025-08,CUST-00007,Identified,Online,Online Store,paid,fulfilled,CAD,38.0,,0.0,12.0,6.5,56.5,0.0,56.5,1,1
#NW13371,2025-08-07 10:45:00,2025-08,CUST-01280,Identified,Online,Online Store,paid,fulfilled,CAD,188.0,,0.0,0.0,24.44,212.44,0.0,212.44,3,2
#NW13372,2025-08-20 20:34:00,2025-08,CUST-00254,Identified,Online,Online Store,paid,fulfilled,CAD,42.0,,0.0,12.0,7.02,61.02,0.0,61.02,1,1
#NW13373,2025-08-25 14:04:00,2025-08,,Guest / Unidentified,POS,Northwood Toronto,paid,fulfilled,CAD,156.0,WELCOME10,15.6,0.0,18.25,158.65,0.0,158.65,2,2
#NW13374,2025-08-28 14:33:00,2025-08,CUST-01195,Identified,Online,Online Store,paid,fulfilled,CAD,198.0,,0.0,0.0,25.74,223.74,0.0,223.74,1,1
#NW13375,2025-08-10 16:57:00,2025-08,CUST-01590,Identified,Online,Online Store,paid,fulfilled,CAD,206.0,,0.0,0.0,26.78,232.78,0.0,232.78,2,2
#NW13376,2025-08-23 18:14:00,2025-08,CUST-01736,Identified,Online,Online Store,paid,fulfilled,CAD,336.0,,0.0,0.0,43.68,379.68,0.0,379.68,2,2
#NW13377,2025-08-04 09:13:00,2025-08,CUST-01310,Identified,Online,Online Store,paid,fulfilled,CAD,88.0,,0.0,12.0,13.0,113.0,0.0,113.0,1,1
#NW13378,2025-08-22 21:52:00,2025-08,CUST-01219,Identified,Online,Online Store,voided,unfulfilled,CAD,38.0,,0.0,12.0,6.5,56.5,0.0,0.0,1,1
#NW13379,2025-08-07 14:48:00,2025-08,CUST-00518,Identified,Online,Online Store,paid,fulfilled,CAD,112.0,,0.0,12.0,16.12,140.12,0.0,140.12,1,1
#NW13380,2025-08-24 10:11:00,2025-08,CUST-02129,Identified,Online,Online Store,voided,unfulfilled,CAD,166.0,,0.0,0.0,21.58,187.58,0.0,0.0,2,2
#NW13381,2025-08-03 13:31:00,2025-08,CUST-00910,Identified,Online,Online Store,paid,fulfilled,CAD,48.0,,0.0,12.0,7.8,67.8,0.0,67.8,1,1
#NW13382,2025-08-20 20:57:00,2025-08,CUST-00437,Identified,Online,Online Store,paid,fulfilled,CAD,214.0,,0.0,0.0,27.82,241.82,0.0,241.82,3,3
#NW13383,2025-08-08 15:36:00,2025-08,CUST-00022,Identified,Online,Online Store,paid,fulfilled,CAD,194.0,,0.0,0.0,25.22,219.22,0.0,219.22,3,2
#NW13384,2025-08-28 15:01:00,2025-08,CUST-00038,Identified,Online,Online Store,paid,fulfilled,CAD,72.0,,0.0,12.0,10.92,94.92,0.0,94.92,1,1
#NW13385,2025-08-05 19:39:00,2025-08,CUST-02205,Identified,Online,Online Store,paid,fulfilled,CAD,256.0,,0.0,0.0,33.28,289.28,0.0,289.28,2,2
#NW13386,2025-08-11 10:50:00,2025-08,CUST-01421,Identified,Online,Online Store,paid,fulfilled,CAD,394.0,HOLIDAY15,59.1,0.0,43.54,378.44,0.0,378.44,4,3
#NW13387,2025-08-19 21:48:00,2025-08,CUST-01313,Identified,Online,Online Store,paid,fulfilled,CAD,72.0,WELCOME10,7.2,12.0,9.98,86.78,0.0,86.78,1,1
#NW13388,2025-08-20 09:42:00,2025-08,CUST-01779,Identified,Online,Online Store,paid,fulfilled,CAD,48.0,,0.0,12.0,7.8,67.8,0.0,67.8,1,1
#NW13389,2025-08-04 15:28:00,2025-08,CUST-00552,Identified,POS,Northwood Toronto,partially_refunded,fulfilled,CAD,454.0,,0.0,0.0,59.02,513.02,170.72,342.29999999999995,3,2
#NW13390,2025-08-08 16:48:00,2025-08,CUST-00606,Identified,Online,Online Store,paid,fulfilled,CAD,396.0,,0.0,0.0,51.48,447.48,0.0,447.48,4,4
#NW13391,2025-08-22 20:13:00,2025-08,CUST-02216,Identified,Online,Online Store,paid,fulfilled,CAD,282.0,,0.0,0.0,36.66,318.66,0.0,318.66,3,3
#NW13392,2025-08-29 19:05:00,2025-08,CUST-01867,Identified,Online,Online Store,paid,fulfilled,CAD,396.0,FALL15,59.4,0.0,43.76,380.36,0.0,380.36,2,1
#NW13393,2025-08-22 13:04:00,2025-08,,Guest / Unidentified,POS,Northwood Toronto,paid,fulfilled,CAD,436.0,FALL15,65.4,0.0,48.18,418.78,0.0,418.78,2,1
#NW13394,2025-08-05 15:37:00,2025-08,CUST-01161,Identified,Online,Online Store,paid,fulfilled,CAD,136.0,,0.0,0.0,17.68,153.68,0.0,153.68,2,2
#NW13395,2025-08-06 09:34:00,2025-08,CUST-00021,Identified,Online,Online Store,paid,fulfilled,CAD,78.0,,0.0,12.0,11.7,101.7,0.0,101.7,1,1
#NW13396,2025-08-26 17:29:00,2025-08,CUST-00141,Identified,Online,Online Store,voided,unfulfilled,CAD,128.0,,0.0,0.0,16.64,144.64,0.0,0.0,1,1
#NW13397,2025-08-30 12:46:00,2025-08,CUST-01550,Identified,Online,Online Store,paid,fulfilled,CAD,146.0,,0.0,0.0,18.98,164.98,0.0,164.98,2,2
#NW13398,2025-08-16 20:40:00,2025-08,CUST-01312,Identified,POS,Northwood Toronto,paid,fulfilled,CAD,38.0,,0.0,0.0,4.94,42.94,0.0,42.94,1,1
#NW13399,2025-08-22 17:03:00,2025-08,CUST-01266,Identified,Online,Online Store,paid,fulfilled,CAD,156.0,FALL15,23.4,0.0,17.24,149.84,0.0,149.84,2,1
#NW13400,2025-08-26 21:37:00,2025-08,CUST-02058,Identified,Online,Online Store,paid,fulfilled,CAD,182.0,,0.0,0.0,23.66,205.66,0.0,205.66,3,2
#NW13401,2025-08-09 18:00:00,2025-08,CUST-00506,Identified,Online,Online Store,paid,fulfilled,CAD,88.0,,0.0,12.0,13.0,113.0,0.0,113.0,1,1
#NW13402,2025-08-19 13:49:00,2025-08,CUST-01121,Identified,Online,Online Store,paid,fulfilled,CAD,244.0,SPRING10,24.4,0.0,28.55,248.15,0.0,248.15,3,2
#NW13403,2025-08-17 11:42:00,2025-08,CUST-01149,Identified,Online,Online Store,paid,fulfilled,CAD,68.0,,0.0,12.0,10.4,90.4,0.0,90.4,1,1
#NW13404,2025-08-04 18:57:00,2025-08,CUST-01960,Identified,Online,Online Store,paid,fulfilled,CAD,396.0,,0.0,0.0,51.48,447.48,0.0,447.48,2,1
#NW13405,2025-08-09 14:18:00,2025-08,CUST-00884,Identified,POS,Northwood Toronto,paid,fulfilled,CAD,76.0,HOLIDAY15,11.4,0.0,8.4,73.0,0.0,73.0,2,1
#NW13406,2025-08-20 15:46:00,2025-08,CUST-02028,Identified,Online,Online Store,paid,fulfilled,CAD,118.0,,0.0,12.0,16.9,146.9,0.0,146.9,1,1
#NW13407,2025-08-09 16:27:00,2025-08,CUST-01119,Identified,Online,Online Store,paid,fulfilled,CAD,256.0,,0.0,0.0,33.28,289.28,0.0,289.28,2,2
#NW13408,2025-08-20 20:37:00,2025-08,CUST-00367,Identified,Online,Online Store,paid,fulfilled,CAD,160.0,,0.0,0.0,20.8,180.8,0.0,180.8,2,2
#NW13409,2025-08-22 14:30:00,2025-08,CUST-01543,Identified,POS,Northwood Toronto,paid,fulfilled,CAD,328.0,,0.0,0.0,42.64,370.64,0.0,370.64,3,3
#NW13410,2025-08-17 19:06:00,2025-08,CUST-00241,Identified,Online,Online Store,paid,fulfilled,CAD,38.0,,0.0,12.0,6.5,56.5,0.0,56.5,1,1
#NW13411,2025-08-07 15:46:00,2025-08,CUST-01365,Identified,Online,Online Store,paid,fulfilled,CAD,158.0,,0.0,0.0,20.54,178.54,0.0,178.54,1,1
#NW13412,2025-08-02 11:53:00,2025-08,CUST-00626,Identified,Online,Online Store,paid,fulfilled,CAD,346.0,,0.0,0.0,44.98,390.98,0.0,390.98,2,2
#NW13413,2025-08-14 20:31:00,2025-08,CUST-00572,Identified,Online,Online Store,paid,fulfilled,CAD,80.0,,0.0,12.0,11.96,103.96,0.0,103.96,2,2
#NW13414,2025-08-24 21:45:00,2025-08,CUST-01813,Identified,Online,Online Store,paid,fulfilled,CAD,366.0,,0.0,0.0,47.58,413.58,0.0,413.58,4,3
#NW13415,2025-08-12 12:31:00,2025-08,CUST-00216,Identified,Online,Online Store,paid,fulfilled,CAD,128.0,,0.0,0.0,16.64,144.64,0.0,144.64,1,1
#NW13416,2025-08-12 21:58:00,2025-08,CUST-01876,Identified,Online,Online Store,partially_refunded,fulfilled,CAD,38.0,,0.0,12.0,6.5,56.5,29.45,27.05,1,1
#NW13417,2025-08-18 13:09:00,2025-08,CUST-01880,Identified,POS,Northwood Toronto,paid,fulfilled,CAD,198.0,,0.0,0.0,25.74,223.74,0.0,223.74,1,1
#NW13418,2025-08-08 15:27:00,2025-08,CUST-01571,Identified,POS,Northwood Toronto,refunded,fulfilled,CAD,360.0,,0.0,0.0,46.8,406.8,406.8,0.0,4,2
#NW13419,2025-08-25 21:28:00,2025-08,CUST-01226,Identified,Online,Online Store,paid,fulfilled,CAD,164.0,,0.0,0.0,21.32,185.32,0.0,185.32,3,2
#NW13420,2025-08-11 15:58:00,2025-08,CUST-00653,Identified,Online,Online Store,paid,fulfilled,CAD,38.0,,0.0,12.0,6.5,56.5,0.0,56.5,1,1
#NW13421,2025-08-08 10:44:00,2025-08,CUST-00089,Identified,Online,Online Store,paid,fulfilled,CAD,98.0,,0.0,12.0,14.3,124.3,0.0,124.3,1,1
#NW13422,2025-08-07 11:04:00,2025-08,CUST-01304,Identified,Online,Online Store,paid,fulfilled,CAD,374.0,,0.0,0.0,48.62,422.62,0.0,422.62,3,3
#NW13423,2025-08-27 15:16:00,2025-08,CUST-01734,Identified,POS,Northwood Toronto,voided,unfulfilled,CAD,112.0,,0.0,0.0,14.56,126.56,0.0,0.0,1,1
#NW13424,2025-08-03 17:08:00,2025-08,CUST-01383,Identified,POS,Northwood Toronto,paid,fulfilled,CAD,38.0,,0.0,0.0,4.94,42.94,0.0,42.94,1,1
#NW13425,2025-08-04 13:12:00,2025-08,CUST-01731,Identified,POS,Northwood Toronto,paid,fulfilled,CAD,160.0,,0.0,0.0,20.8,180.8,0.0,180.8,2,2
#NW13426,2025-08-24 12:50:00,2025-08,CUST-01940,Identified,Online,Online Store,paid,fulfilled,CAD,372.0,,0.0,0.0,48.36,420.36,0.0,420.36,4,3
#NW13427,2025-08-06 21:23:00,2025-08,CUST-01427,Identified,Online,Online Store,paid,fulfilled,CAD,210.0,,0.0,0.0,27.3,237.3,0.0,237.3,2,2
#NW13428,2025-08-13 09:34:00,2025-08,CUST-01604,Identified,Online,Online Store,voided,unfulfilled,CAD,188.0,,0.0,0.0,24.44,212.44,0.0,0.0,3,3
#NW13429,2025-08-26 18:27:00,2025-08,CUST-01602,Identified,Online,Online Store,paid,fulfilled,CAD,200.0,,0.0,0.0,26.0,226.0,0.0,226.0,2,2
#NW13430,2025-08-20 10:42:00,2025-08,CUST-00295,Identified,Online,Online Store,paid,fulfilled,CAD,436.0,SPRING10,43.6,0.0,51.01,443.41,0.0,443.41,2,1
#NW13431,2025-08-04 15:10:00,2025-08,CUST-02163,Identified,Online,Online Store,paid,fulfilled,CAD,98.0,,0.0,12.0,14.3,124.3,0.0,124.3,1,1
#NW13432,2025-08-31 19:09:00,2025-08,CUST-01160,Identified,Online,Online Store,paid,fulfilled,CAD,98.0,,0.0,12.0,14.3,124.3,0.0,124.3,1,1
#NW13433,2025-08-22 09:39:00,2025-08,CUST-01157,Identified,POS,Northwood Toronto,paid,fulfilled,CAD,204.0,,0.0,0.0,26.52,230.52,0.0,230.52,3,2
#NW13434,2025-08-24 14:29:00,2025-08,CUST-01633,Identified,Online,Online Store,paid,fulfilled,CAD,196.0,,0.0,0.0,25.48,221.48,0.0,221.48,2,1
#NW13435,2025-08-26 20:18:00,2025-08,CUST-00800,Identified,Online,Online Store,paid,fulfilled,CAD,248.0,,0.0,0.0,32.24,280.24,0.0,280.24,1,1
#NW13436,2025-08-09 18:31:00,2025-08,CUST-02245,Identified,Online,Online Store,paid,fulfilled,CAD,42.0,,0.0,12.0,7.02,61.02,0.0,61.02,1,1
#NW13437,2025-08-05 10:07:00,2025-08,CUST-01613,Identified,Online,Online Store,paid,fulfilled,CAD,88.0,,0.0,12.0,13.0,113.0,0.0,113.0,1,1
#NW13438,2025-08-07 10:26:00,2025-08,CUST-00547,Identified,Online,Online Store,paid,fulfilled,CAD,156.0,,0.0,0.0,20.28,176.28,0.0,176.28,2,1
#NW13439,2025-08-13 13:02:00,2025-08,CUST-00537,Identified,Online,Online Store,paid,fulfilled,CAD,396.0,,0.0,0.0,51.48,447.48,0.0,447.48,2,1
#NW13440,2025-08-25 18:17:00,2025-08,CUST-01325,Identified,Online,Online Store,paid,fulfilled,CAD,96.0,,0.0,12.0,14.04,122.04,0.0,122.04,2,1
#NW13441,2025-08-29 11:43:00,2025-08,CUST-01972,Identified,Online,Online Store,paid,fulfilled,CAD,64.0,,0.0,12.0,9.88,85.88,0.0,85.88,2,1
#NW13442,2025-08-27 13:28:00,2025-08,CUST-00222,Identified,Online,Online Store,paid,fulfilled,CAD,218.0,,0.0,0.0,28.34,246.34,0.0,246.34,1,1
#NW13443,2025-08-27 18:37:00,2025-08,CUST-01246,Identified,Online,Online Store,paid,fulfilled,CAD,182.0,,0.0,0.0,23.66,205.66,0.0,205.66,3,2
#NW13444,2025-08-26 13:48:00,2025-08,CUST-01999,Identified,Online,Online Store,paid,fulfilled,CAD,520.0,,0.0,0.0,67.6,587.6,0.0,587.6,5,3
#NW13445,2025-08-03 15:29:00,2025-08,CUST-00671,Identified,Online,Online Store,paid,fulfilled,CAD,158.0,,0.0,0.0,20.54,178.54,0.0,178.54,1,1
#NW13446,2025-08-16 10:35:00,2025-08,CUST-00270,Identified,Online,Online Store,voided,unfulfilled,CAD,256.0,HOLIDAY15,38.4,0.0,28.29,245.89,0.0,0.0,2,1
#NW13447,2025-08-07 20:51:00,2025-08,CUST-01714,Identified,POS,Northwood Toronto,paid,fulfilled,CAD,128.0,,0.0,0.0,16.64,144.64,0.0,144.64,1,1
#NW13448,2025-08-20 20:54:00,2025-08,CUST-01810,Identified,Online,Online Store,paid,fulfilled,CAD,88.0,,0.0,12.0,13.0,113.0,0.0,113.0,1,1
#NW13449,2025-08-03 10:33:00,2025-08,CUST-01292,Identified,Online,Online Store,paid,fulfilled,CAD,240.0,,0.0,0.0,31.2,271.2,0.0,271.2,4,2
#NW13450,2025-08-05 21:22:00,2025-08,CUST-01977,Identified,Online,Online Store,paid,fulfilled,CAD,166.0,,0.0,0.0,21.58,187.58,0.0,187.58,2,2
#NW13451,2025-08-13 19:38:00,2025-08,CUST-01193,Identified,POS,Northwood Toronto,paid,fulfilled,CAD,116.0,,0.0,0.0,15.08,131.08,0.0,131.08,2,2
#NW13452,2025-08-04 20:47:00,2025-08,CUST-00594,Identified,Online,Online Store,paid,fulfilled,CAD,48.0,,0.0,12.0,7.8,67.8,0.0,67.8,1,1
#NW13453,2025-08-12 10:59:00,2025-08,CUST-00860,Identified,Online,Online Store,paid,fulfilled,CAD,164.0,,0.0,0.0,21.32,185.32,0.0,185.32,3,2
#NW13454,2025-08-03 12:21:00,2025-08,CUST-00894,Identified,Online,Online Store,paid,fulfilled,CAD,234.0,,0.0,0.0,30.42,264.42,0.0,264.42,3,2
#NW13455,2025-08-02 16:02:00,2025-08,CUST-00802,Identified,Online,Online Store,voided,unfulfilled,CAD,486.0,,0.0,0.0,63.18,549.18,0.0,0.0,4,3
#NW13456,2025-08-08 15:46:00,2025-08,CUST-00038,Identified,POS,Northwood Toronto,paid,fulfilled,CAD,78.0,,0.0,0.0,10.14,88.14,0.0,88.14,1,1
#NW13457,2025-08-17 16:17:00,2025-08,CUST-00500,Identified,Online,Online Store,voided,unfulfilled,CAD,620.0,,0.0,0.0,80.6,700.6,0.0,0.0,5,3
#NW13458,2025-08-09 19:49:00,2025-08,CUST-00418,Identified,Online,Online Store,paid,fulfilled,CAD,48.0,,0.0,12.0,7.8,67.8,0.0,67.8,1,1
#NW13459,2025-08-25 18:19:00,2025-08,CUST-00605,Identified,Online,Online Store,paid,fulfilled,CAD,38.0,,0.0,12.0,6.5,56.5,0.0,56.5,1,1
#NW13460,2025-08-05 17:36:00,2025-08,CUST-01068,Identified,POS,Northwood Toronto,paid,fulfilled,CAD,88.0,SPRING10,8.8,0.0,10.3,89.5,0.0,89.5,1,1
#NW13461,2025-08-19 17:41:00,2025-08,CUST-01750,Identified,Online,Online Store,paid,fulfilled,CAD,576.0,,0.0,0.0,74.88,650.88,0.0,650.88,6,4
#NW13462,2025-08-21 16:17:00,2025-08,CUST-00690,Identified,Online,Online Store,paid,fulfilled,CAD,170.0,,0.0,0.0,22.1,192.1,0.0,192.1,2,2
#NW13463,2025-08-29 15:01:00,2025-08,CUST-00143,Identified,Online,Online Store,paid,fulfilled,CAD,112.0,,0.0,12.0,16.12,140.12,0.0,140.12,1,1
#NW13464,2025-08-20 09:07:00,2025-08,CUST-00394,Identified,Online,Online Store,paid,fulfilled,CAD,118.0,,0.0,12.0,16.9,146.9,0.0,146.9,1,1
#NW13465,2025-08-04 12:29:00,2025-08,CUST-01457,Identified,Online,Online Store,paid,fulfilled,CAD,312.0,,0.0,0.0,40.56,352.56,0.0,352.56,3,2
#NW13466,2025-08-25 12:25:00,2025-08,CUST-01941,Identified,POS,Northwood Toronto,paid,fulfilled,CAD,216.0,,0.0,0.0,28.08,244.08,0.0,244.08,2,1
#NW13467,2025-08-26 20:05:00,2025-08,CUST-00736,Identified,Online,Online Store,paid,fulfilled,CAD,322.0,,0.0,0.0,41.86,363.86,0.0,363.86,3,2
#NW13468,2025-08-23 13:07:00,2025-08,CUST-01609,Identified,Online,Online Store,paid,fulfilled,CAD,32.0,,0.0,12.0,5.72,49.72,0.0,49.72,1,1
#NW13469,2025-08-25 21:20:00,2025-08,CUST-00859,Identified,Online,Online Store,partially_refunded,fulfilled,CAD,72.0,,0.0,12.0,10.92,94.92,31.83,63.09,1,1
#NW13470,2025-08-31 11:00:00,2025-08,CUST-02342,Identified,Online,Online Store,paid,fulfilled,CAD,28.0,,0.0,12.0,5.2,45.2,0.0,45.2,1,1
#NW13471,2025-08-27 15:04:00,2025-08,CUST-01387,Identified,Online,Online Store,paid,fulfilled,CAD,158.0,HOLIDAY15,23.7,0.0,17.46,151.76,0.0,151.76,1,1
#NW13472,2025-08-30 09:11:00,2025-08,CUST-01777,Identified,POS,Northwood Toronto,paid,fulfilled,CAD,88.0,,0.0,0.0,11.44,99.44,0.0,99.44,1,1
#NW13473,2025-08-14 12:34:00,2025-08,CUST-00138,Identified,Online,Online Store,paid,fulfilled,CAD,56.0,,0.0,12.0,8.84,76.84,0.0,76.84,2,1
#NW13474,2025-08-01 12:39:00,2025-08,CUST-01850,Identified,Online,Online Store,paid,fulfilled,CAD,84.0,,0.0,12.0,12.48,108.48,0.0,108.48,2,1
#NW13475,2025-08-03 10:07:00,2025-08,CUST-01655,Identified,Online,Online Store,paid,fulfilled,CAD,480.0,,0.0,0.0,62.4,542.4,0.0,542.4,4,2
#NW13476,2025-08-12 12:07:00,2025-08,CUST-01004,Identified,Online,Online Store,paid,fulfilled,CAD,824.0,,0.0,0.0,107.12,931.12,0.0,931.12,5,4
#NW13477,2025-08-16 11:07:00,2025-08,CUST-00140,Identified,Online,Online Store,paid,fulfilled,CAD,128.0,,0.0,0.0,16.64,144.64,0.0,144.64,1,1
#NW13478,2025-08-18 21:52:00,2025-08,CUST-00487,Identified,Online,Online Store,paid,fulfilled,CAD,58.0,,0.0,12.0,9.1,79.1,0.0,79.1,1,1
#NW13479,2025-08-15 13:09:00,2025-08,CUST-00987,Identified,Online,Online Store,voided,unfulfilled,CAD,176.0,FALL15,26.4,0.0,19.45,169.05,0.0,0.0,2,2
#NW13480,2025-08-31 20:22:00,2025-08,CUST-01625,Identified,Online,Online Store,refunded,fulfilled,CAD,236.0,,0.0,0.0,30.68,266.68,266.68,0.0,2,1
#NW13481,2025-08-29 15:19:00,2025-08,CUST-02120,Identified,Online,Online Store,paid,fulfilled,CAD,72.0,SPRING10,7.2,12.0,9.98,86.78,0.0,86.78,1,1
#NW13482,2025-08-28 11:21:00,2025-08,CUST-01240,Identified,Online,Online Store,paid,fulfilled,CAD,332.0,,0.0,0.0,43.16,375.16,0.0,375.16,3,2
#NW13483,2025-08-09 16:00:00,2025-08,CUST-02151,Identified,Online,Online Store,paid,fulfilled,CAD,128.0,,0.0,0.0,16.64,144.64,0.0,144.64,1,1
#NW13484,2025-08-15 17:16:00,2025-08,CUST-00707,Identified,Online,Online Store,paid,fulfilled,CAD,176.0,,0.0,0.0,22.88,198.88,0.0,198.88,2,1
#NW13485,2025-08-06 16:37:00,2025-08,CUST-00978,Identified,Online,Online Store,paid,fulfilled,CAD,108.0,,0.0,12.0,15.6,135.6,0.0,135.6,1,1
#NW13486,2025-08-17 09:48:00,2025-08,CUST-01538,Identified,Online,Online Store,voided,unfulfilled,CAD,186.0,,0.0,0.0,24.18,210.18,0.0,0.0,2,2
#NW13487,2025-08-06 12:29:00,2025-08,CUST-00368,Identified,Online,Online Store,paid,fulfilled,CAD,28.0,,0.0,12.0,5.2,45.2,0.0,45.2,1,1
#NW13488,2025-08-15 20:15:00,2025-08,CUST-01900,Identified,Online,Online Store,paid,fulfilled,CAD,98.0,,0.0,12.0,14.3,124.3,0.0,124.3,1,1
#NW13489,2025-08-19 18:01:00,2025-08,CUST-00142,Identified,POS,Northwood Toronto,paid,fulfilled,CAD,210.0,,0.0,0.0,27.3,237.3,0.0,237.3,2,2
#NW13490,2025-08-12 16:36:00,2025-08,CUST-01757,Identified,Online,Online Store,paid,fulfilled,CAD,476.0,,0.0,0.0,61.88,537.88,0.0,537.88,4,3
#NW13491,2025-08-12 16:06:00,2025-08,CUST-00018,Identified,Online,Online Store,paid,fulfilled,CAD,222.0,,0.0,0.0,28.86,250.86,0.0,250.86,3,3
#NW13492,2025-08-02 12:43:00,2025-08,CUST-01824,Identified,Online,Online Store,paid,fulfilled,CAD,128.0,,0.0,0.0,16.64,144.64,0.0,144.64,1,1
#NW13493,2025-08-17 09:52:00,2025-08,CUST-01505,Identified,Online,Online Store,paid,fulfilled,CAD,38.0,,0.0,12.0,6.5,56.5,0.0,56.5,1,1
#NW13494,2025-08-05 16:57:00,2025-08,CUST-01128,Identified,Online,Online Store,paid,fulfilled,CAD,380.0,,0.0,0.0,49.4,429.4,0.0,429.4,5,4
#NW13495,2025-08-11 21:00:00,2025-08,CUST-02202,Identified,Online,Online Store,paid,fulfilled,CAD,644.0,,0.0,0.0,83.72,727.72,0.0,727.72,7,4
#NW13496,2025-08-18 19:37:00,2025-08,CUST-00478,Identified,Online,Online Store,paid,fulfilled,CAD,72.0,FALL15,10.8,12.0,9.52,82.72,0.0,82.72,1,1
#NW13497,2025-08-11 10:01:00,2025-08,CUST-00339,Identified,Online,Online Store,paid,fulfilled,CAD,136.0,,0.0,0.0,17.68,153.68,0.0,153.68,2,2
#NW13498,2025-08-24 18:00:00,2025-08,CUST-00500,Identified,Online,Online Store,paid,fulfilled,CAD,196.0,,0.0,0.0,25.48,221.48,0.0,221.48,2,1
#NW13499,2025-08-16 09:29:00,2025-08,CUST-02004,Identified,Online,Online Store,paid,fulfilled,CAD,412.0,,0.0,0.0,53.56,465.56,0.0,465.56,4,3
#NW13500,2025-08-20 09:25:00,2025-08,CUST-02088,Identified,Online,Online Store,paid,fulfilled,CAD,98.0,SPRING10,9.8,12.0,13.03,113.23,0.0,113.23,1,1
#NW13501,2025-08-24 10:28:00,2025-08,CUST-01813,Identified,Online,Online Store,paid,fulfilled,CAD,316.0,,0.0,0.0,41.08,357.08,0.0,357.08,4,3
#NW13502,2025-08-14 17:45:00,2025-08,CUST-00476,Identified,Online,Online Store,paid,fulfilled,CAD,56.0,SPRING10,5.6,12.0,8.11,70.51,0.0,70.51,2,1
#NW13503,2025-08-27 14:34:00,2025-08,CUST-01861,Identified,Online,Online Store,paid,fulfilled,CAD,76.0,,0.0,12.0,11.44,99.44,0.0,99.44,2,1
#NW13504,2025-08-11 11:13:00,2025-08,CUST-01367,Identified,POS,Northwood Toronto,paid,fulfilled,CAD,198.0,,0.0,0.0,25.74,223.74,0.0,223.74,1,1
#NW13505,2025-08-28 10:59:00,2025-08,CUST-02346,Identified,POS,Northwood Toronto,paid,fulfilled,CAD,458.0,,0.0,0.0,59.54,517.54,0.0,517.54,5,3
#NW13506,2025-08-20 19:53:00,2025-08,CUST-01965,Identified,Online,Online Store,paid,fulfilled,CAD,466.0,,0.0,0.0,60.58,526.58,0.0,526.58,6,4
#NW13507,2025-08-29 12:12:00,2025-08,CUST-01122,Identified,Online,Online Store,paid,fulfilled,CAD,106.0,,0.0,12.0,15.34,133.34,0.0,133.34,2,2
#NW13508,2025-08-22 20:02:00,2025-08,CUST-02131,Identified,Online,Online Store,paid,fulfilled,CAD,126.0,,0.0,0.0,16.38,142.38,0.0,142.38,2,2
#NW13509,2025-08-04 16:37:00,2025-08,CUST-00388,Identified,Online,Online Store,paid,fulfilled,CAD,118.0,,0.0,12.0,16.9,146.9,0.0,146.9,1,1
#NW13510,2025-08-09 20:56:00,2025-08,CUST-00742,Identified,Online,Online Store,paid,fulfilled,CAD,304.0,,0.0,0.0,39.52,343.52,0.0,343.52,3,2
#NW13511,2025-08-11 17:53:00,2025-08,CUST-01573,Identified,Online,Online Store,paid,fulfilled,CAD,96.0,,0.0,12.0,14.04,122.04,0.0,122.04,2,1
#NW13512,2025-08-13 14:56:00,2025-08,CUST-01984,Identified,Online,Online Store,paid,fulfilled,CAD,98.0,,0.0,12.0,14.3,124.3,0.0,124.3,1,1
#NW13513,2025-08-07 16:38:00,2025-08,CUST-01777,Identified,POS,Northwood Toronto,paid,fulfilled,CAD,254.0,HOLIDAY15,38.1,0.0,28.07,243.97,0.0,243.97,3,3
#NW13514,2025-08-17 21:55:00,2025-08,CUST-01223,Identified,Online,Online Store,voided,unfulfilled,CAD,334.0,,0.0,0.0,43.42,377.42,0.0,0.0,3,2
#NW13515,2025-08-29 12:03:00,2025-08,CUST-01026,Identified,POS,Northwood Toronto,paid,fulfilled,CAD,328.0,,0.0,0.0,42.64,370.64,0.0,370.64,3,3
#NW13516,2025-08-06 13:26:00,2025-08,CUST-00513,Identified,Online,Online Store,paid,fulfilled,CAD,284.0,,0.0,0.0,36.92,320.92,0.0,320.92,3,3
#NW13517,2025-08-28 14:15:00,2025-08,CUST-00408,Identified,Online,Online Store,paid,fulfilled,CAD,144.0,,0.0,0.0,18.72,162.72,0.0,162.72,2,1
#NW13518,2025-08-27 18:34:00,2025-08,CUST-01333,Identified,POS,Northwood Toronto,paid,fulfilled,CAD,98.0,,0.0,0.0,12.74,110.74,0.0,110.74,1,1
#NW13519,2025-08-19 20:19:00,2025-08,CUST-02112,Identified,Online,Online Store,paid,fulfilled,CAD,78.0,FALL15,11.7,12.0,10.18,88.48,0.0,88.48,1,1
#NW13520,2025-08-19 11:55:00,2025-08,CUST-02202,Identified,Online,Online Store,paid,fulfilled,CAD,38.0,,0.0,12.0,6.5,56.5,0.0,56.5,1,1
#NW13521,2025-08-29 09:26:00,2025-08,CUST-02033,Identified,Online,Online Store,paid,fulfilled,CAD,72.0,,0.0,12.0,10.92,94.92,0.0,94.92,1,1
#NW13522,2025-08-03 16:13:00,2025-08,CUST-01661,Identified,Online,Online Store,paid,fulfilled,CAD,128.0,,0.0,0.0,16.64,144.64,0.0,144.64,1,1
#NW13523,2025-08-16 10:01:00,2025-08,CUST-00081,Identified,POS,Northwood Toronto,paid,fulfilled,CAD,112.0,,0.0,0.0,14.56,126.56,0.0,126.56,1,1
#NW13524,2025-08-19 13:59:00,2025-08,CUST-01613,Identified,Online,Online Store,paid,fulfilled,CAD,454.0,,0.0,0.0,59.02,513.02,0.0,513.02,3,2
#NW13525,2025-08-13 17:40:00,2025-08,CUST-00369,Identified,Online,Online Store,paid,fulfilled,CAD,262.0,,0.0,0.0,34.06,296.06,0.0,296.06,3,2
#NW13526,2025-08-07 11:48:00,2025-08,CUST-02198,Identified,Online,Online Store,paid,fulfilled,CAD,564.0,,0.0,0.0,73.32,637.32,0.0,637.32,3,2
#NW13527,2025-08-23 20:48:00,2025-08,CUST-01791,Identified,Online,Online Store,paid,fulfilled,CAD,112.0,,0.0,12.0,16.12,140.12,0.0,140.12,1,1
#NW13528,2025-08-29 16:01:00,2025-08,CUST-02002,Identified,Online,Online Store,paid,fulfilled,CAD,48.0,WELCOME10,4.8,12.0,7.18,62.38,0.0,62.38,1,1
#NW13529,2025-08-30 10:52:00,2025-08,CUST-00262,Identified,Online,Online Store,paid,fulfilled,CAD,116.0,,0.0,12.0,16.64,144.64,0.0,144.64,2,1
#NW13530,2025-08-31 20:28:00,2025-08,CUST-02126,Identified,POS,Northwood Toronto,paid,fulfilled,CAD,98.0,,0.0,0.0,12.74,110.74,0.0,110.74,1,1
#NW13531,2025-08-01 09:16:00,2025-08,CUST-02208,Identified,Online,Online Store,paid,fulfilled,CAD,302.0,,0.0,0.0,39.26,341.26,0.0,341.26,3,2
#NW13532,2025-08-03 09:48:00,2025-08,CUST-00509,Identified,Online,Online Store,paid,fulfilled,CAD,306.0,,0.0,0.0,39.78,345.78,0.0,345.78,2,2
#NW13533,2025-08-12 09:52:00,2025-08,CUST-01211,Identified,POS,Northwood Toronto,paid,fulfilled,CAD,224.0,,0.0,0.0,29.12,253.12,0.0,253.12,2,1
#NW13534,2025-08-03 11:13:00,2025-08,CUST-00481,Identified,Online,Online Store,paid,fulfilled,CAD,38.0,,0.0,12.0,6.5,56.5,0.0,56.5,1,1
#NW13535,2025-08-27 16:39:00,2025-08,CUST-00741,Identified,Online,Online Store,refunded,fulfilled,CAD,86.0,,0.0,12.0,12.74,110.74,110.74,0.0,2,2
#NW13536,2025-08-06 14:49:00,2025-08,CUST-00738,Identified,Online,Online Store,paid,fulfilled,CAD,78.0,,0.0,12.0,11.7,101.7,0.0,101.7,1,1
#NW13537,2025-08-05 20:36:00,2025-08,CUST-00022,Identified,Online,Online Store,paid,fulfilled,CAD,38.0,,0.0,12.0,6.5,56.5,0.0,56.5,1,1
#NW13538,2025-08-21 14:34:00,2025-08,CUST-02273,Identified,Online,Online Store,paid,fulfilled,CAD,72.0,,0.0,12.0,10.92,94.92,0.0,94.92,1,1
#NW13539,2025-08-13 13:06:00,2025-08,CUST-01832,Identified,Online,Online Store,paid,fulfilled,CAD,244.0,,0.0,0.0,31.72,275.72,0.0,275.72,3,2
#NW13540,2025-08-22 09:51:00,2025-08,CUST-00641,Identified,Online,Online Store,paid,fulfilled,CAD,432.0,SPRING10,43.2,0.0,50.54,439.34,0.0,439.34,4,3
#NW13541,2025-08-02 13:53:00,2025-08,CUST-00291,Identified,Online,Online Store,paid,fulfilled,CAD,68.0,,0.0,12.0,10.4,90.4,0.0,90.4,1,1
#NW13542,2025-08-04 19:53:00,2025-08,CUST-00401,Identified,Online,Online Store,paid,fulfilled,CAD,316.0,,0.0,0.0,41.08,357.08,0.0,357.08,2,1
#NW13543,2025-08-08 17:44:00,2025-08,CUST-00528,Identified,Online,Online Store,paid,fulfilled,CAD,128.0,,0.0,0.0,16.64,144.64,0.0,144.64,1,1
#NW13544,2025-08-09 17:03:00,2025-08,CUST-00845,Identified,Online,Online Store,paid,fulfilled,CAD,278.0,,0.0,0.0,36.14,314.14,0.0,314.14,3,3
#NW13545,2025-08-12 20:01:00,2025-08,CUST-00661,Identified,Online,Online Store,paid,fulfilled,CAD,346.0,,0.0,0.0,44.98,390.98,0.0,390.98,2,2
#NW13546,2025-08-24 19:28:00,2025-08,CUST-00360,Identified,Online,Online Store,paid,fulfilled,CAD,216.0,,0.0,0.0,28.08,244.08,0.0,244.08,2,1
#NW13547,2025-08-14 17:57:00,2025-08,CUST-01036,Identified,Online,Online Store,paid,fulfilled,CAD,38.0,,0.0,12.0,6.5,56.5,0.0,56.5,1,1
#NW13548,2025-08-01 14:31:00,2025-08,CUST-01052,Identified,Online,Online Store,paid,fulfilled,CAD,88.0,,0.0,12.0,13.0,113.0,0.0,113.0,1,1
#NW13549,2025-08-08 09:48:00,2025-08,CUST-01094,Identified,Online,Online Store,paid,fulfilled,CAD,136.0,,0.0,0.0,17.68,153.68,0.0,153.68,2,1
#NW13550,2025-08-28 20:22:00,2025-08,CUST-00995,Identified,POS,Northwood Toronto,paid,fulfilled,CAD,392.0,,0.0,0.0,50.96,442.96,0.0,442.96,4,3
#NW13551,2025-08-11 21:56:00,2025-08,CUST-01717,Identified,Online,Online Store,paid,fulfilled,CAD,108.0,,0.0,12.0,15.6,135.6,0.0,135.6,1,1
#NW13552,2025-08-07 10:54:00,2025-08,CUST-01435,Identified,Online,Online Store,paid,fulfilled,CAD,334.0,,0.0,0.0,43.42,377.42,0.0,377.42,3,2
#NW13553,2025-08-05 20:44:00,2025-08,CUST-01223,Identified,Online,Online Store,paid,fulfilled,CAD,108.0,,0.0,12.0,15.6,135.6,0.0,135.6,3,2
#NW13554,2025-08-26 21:05:00,2025-08,CUST-01490,Identified,POS,Northwood Toronto,paid,fulfilled,CAD,218.0,,0.0,0.0,28.34,246.34,0.0,246.34,1,1
#NW13555,2025-08-11 13:31:00,2025-08,CUST-01028,Identified,Online,Online Store,paid,fulfilled,CAD,72.0,,0.0,12.0,10.92,94.92,0.0,94.92,1,1
#NW13556,2025-08-19 15:23:00,2025-08,CUST-00703,Identified,Online,Online Store,paid,fulfilled,CAD,194.0,HOLIDAY15,29.1,0.0,21.44,186.34,0.0,186.34,3,2
#NW13557,2025-08-04 21:41:00,2025-08,CUST-00984,Identified,Online,Online Store,paid,fulfilled,CAD,98.0,,0.0,12.0,14.3,124.3,0.0,124.3,1,1
#NW13558,2025-08-17 16:59:00,2025-08,CUST-01512,Identified,Online,Online Store,paid,fulfilled,CAD,244.0,,0.0,0.0,31.72,275.72,0.0,275.72,3,3
#NW13559,2025-08-06 15:25:00,2025-08,,Guest / Unidentified,POS,Northwood Toronto,paid,fulfilled,CAD,78.0,,0.0,0.0,10.14,88.14,0.0,88.14,1,1
#NW13560,2025-08-19 09:20:00,2025-08,CUST-01018,Identified,Online,Online Store,paid,fulfilled,CAD,28.0,SPRING10,2.8,12.0,4.84,42.04,0.0,42.04,1,1
#NW13561,2025-08-25 21:25:00,2025-08,CUST-01232,Identified,Online,Online Store,voided,unfulfilled,CAD,436.0,,0.0,0.0,56.68,492.68,0.0,0.0,2,1
#NW13562,2025-08-03 16:36:00,2025-08,CUST-00190,Identified,Online,Online Store,paid,fulfilled,CAD,436.0,,0.0,0.0,56.68,492.68,0.0,492.68,2,1
#NW13563,2025-08-28 15:01:00,2025-08,CUST-02128,Identified,Online,Online Store,paid,fulfilled,CAD,126.0,,0.0,0.0,16.38,142.38,0.0,142.38,2,2
#NW13564,2025-08-01 18:12:00,2025-08,CUST-01143,Identified,Online,Online Store,paid,fulfilled,CAD,220.0,,0.0,0.0,28.6,248.6,0.0,248.6,4,4
#NW13565,2025-08-04 20:25:00,2025-08,CUST-02197,Identified,Online,Online Store,paid,fulfilled,CAD,72.0,HOLIDAY15,10.8,12.0,9.52,82.72,0.0,82.72,1,1
#NW13566,2025-08-28 18:09:00,2025-08,CUST-02188,Identified,Online,Online Store,paid,fulfilled,CAD,98.0,,0.0,12.0,14.3,124.3,0.0,124.3,1,1
#NW13567,2025-08-13 17:06:00,2025-08,CUST-01823,Identified,Online,Online Store,paid,fulfilled,CAD,38.0,,0.0,12.0,6.5,56.5,0.0,56.5,1,1
#NW13568,2025-08-16 09:41:00,2025-08,CUST-00573,Identified,Online,Online Store,paid,fulfilled,CAD,76.0,,0.0,12.0,11.44,99.44,0.0,99.44,2,1
#NW13569,2025-08-25 13:23:00,2025-08,CUST-00523,Identified,Online,Online Store,paid,fulfilled,CAD,224.0,,0.0,0.0,29.12,253.12,0.0,253.12,2,1
#NW13570,2025-08-01 20:57:00,2025-08,CUST-00674,Identified,Online,Online Store,paid,fulfilled,CAD,92.0,,0.0,12.0,13.52,117.52,0.0,117.52,3,2
#NW13571,2025-08-12 19:29:00,2025-08,CUST-01282,Identified,Online,Online Store,paid,fulfilled,CAD,256.0,,0.0,0.0,33.28,289.28,0.0,289.28,2,1
#NW13572,2025-08-03 19:00:00,2025-08,CUST-02141,Identified,Online,Online Store,voided,unfulfilled,CAD,98.0,,0.0,12.0,14.3,124.3,0.0,0.0,1,1
#NW13573,2025-08-15 19:46:00,2025-08,CUST-01443,Identified,Online,Online Store,paid,fulfilled,CAD,72.0,,0.0,12.0,10.92,94.92,0.0,94.92,1,1
#NW13574,2025-08-12 12:47:00,2025-08,CUST-00832,Identified,Online,Online Store,paid,fulfilled,CAD,244.0,,0.0,0.0,31.72,275.72,0.0,275.72,3,3
#NW13575,2025-08-09 10:46:00,2025-08,CUST-02266,Identified,Online,Online Store,paid,fulfilled,CAD,464.0,,0.0,0.0,60.32,524.32,0.0,524.32,7,4
#NW13576,2025-08-12 14:39:00,2025-08,CUST-02092,Identified,Online,Online Store,paid,fulfilled,CAD,136.0,,0.0,0.0,17.68,153.68,0.0,153.68,2,1
#NW13577,2025-08-08 14:19:00,2025-08,CUST-00860,Identified,Online,Online Store,paid,fulfilled,CAD,336.0,,0.0,0.0,43.68,379.68,0.0,379.68,2,2
#NW13578,2025-08-07 16:03:00,2025-08,CUST-02151,Identified,Online,Online Store,paid,fulfilled,CAD,78.0,,0.0,12.0,11.7,101.7,0.0,101.7,1,1
#NW13579,2025-08-28 11:31:00,2025-08,CUST-00406,Identified,Online,Online Store,paid,fulfilled,CAD,158.0,,0.0,0.0,20.54,178.54,0.0,178.54,1,1
#NW13580,2025-08-17 13:52:00,2025-08,CUST-01818,Identified,Online,Online Store,paid,fulfilled,CAD,452.0,,0.0,0.0,58.76,510.76,0.0,510.76,4,2
#NW13581,2025-08-06 18:27:00,2025-08,CUST-00184,Identified,Online,Online Store,paid,fulfilled,CAD,266.0,,0.0,0.0,34.58,300.58,0.0,300.58,2,2
#NW13582,2025-08-23 20:57:00,2025-08,CUST-00972,Identified,Online,Online Store,paid,fulfilled,CAD,564.0,SPRING10,56.4,0.0,65.99,573.59,0.0,573.59,3,2
#NW13583,2025-08-27 09:19:00,2025-08,,Guest / Unidentified,POS,Northwood Toronto,paid,fulfilled,CAD,156.0,,0.0,0.0,20.28,176.28,0.0,176.28,2,1
#NW13584,2025-08-08 19:07:00,2025-08,CUST-01942,Identified,Online,Online Store,paid,fulfilled,CAD,78.0,,0.0,12.0,11.7,101.7,0.0,101.7,1,1
#NW13585,2025-08-01 11:05:00,2025-08,CUST-02138,Identified,Online,Online Store,paid,fulfilled,CAD,396.0,,0.0,0.0,51.48,447.48,0.0,447.48,2,1
#NW13586,2025-08-09 17:32:00,2025-08,CUST-01340,Identified,Online,Online Store,paid,fulfilled,CAD,236.0,,0.0,0.0,30.68,266.68,0.0,266.68,2,1
#NW13587,2025-08-05 10:31:00,2025-08,CUST-00882,Identified,Online,Online Store,paid,fulfilled,CAD,198.0,,0.0,0.0,25.74,223.74,0.0,223.74,1,1
#NW13588,2025-08-10 17:16:00,2025-08,CUST-00550,Identified,Online,Online Store,paid,fulfilled,CAD,236.0,,0.0,0.0,30.68,266.68,0.0,266.68,2,1
#NW13589,2025-08-27 20:57:00,2025-08,CUST-02262,Identified,Online,Online Store,paid,fulfilled,CAD,108.0,,0.0,12.0,15.6,135.6,0.0,135.6,1,1
#NW13590,2025-08-11 12:18:00,2025-08,CUST-00885,Identified,Online,Online Store,paid,fulfilled,CAD,98.0,,0.0,12.0,14.3,124.3,0.0,124.3,1,1
#NW13591,2025-08-30 09:02:00,2025-08,CUST-00811,Identified,Online,Online Store,paid,fulfilled,CAD,160.0,,0.0,0.0,20.8,180.8,0.0,180.8,2,2
#NW13592,2025-08-01 21:58:00,2025-08,CUST-01471,Identified,Online,Online Store,paid,fulfilled,CAD,158.0,,0.0,0.0,20.54,178.54,0.0,178.54,1,1
#NW13593,2025-08-22 13:50:00,2025-08,CUST-01137,Identified,Online,Online Store,paid,fulfilled,CAD,98.0,,0.0,12.0,14.3,124.3,0.0,124.3,1,1
#NW13594,2025-08-30 18:32:00,2025-08,CUST-00527,Identified,Online,Online Store,paid,fulfilled,CAD,84.0,,0.0,12.0,12.48,108.48,0.0,108.48,2,1
#NW13595,2025-08-20 20:57:00,2025-08,CUST-00661,Identified,Online,Online Store,paid,fulfilled,CAD,288.0,,0.0,0.0,37.44,325.44,0.0,325.44,3,2
#NW13596,2025-08-04 12:22:00,2025-08,CUST-01729,Identified,Online,Online Store,paid,fulfilled,CAD,256.0,,0.0,0.0,33.28,289.28,0.0,289.28,2,1
#NW13597,2025-08-04 16:25:00,2025-08,CUST-00305,Identified,Online,Online Store,paid,fulfilled,CAD,302.0,,0.0,0.0,39.26,341.26,0.0,341.26,4,3
#NW13598,2025-08-08 21:28:00,2025-08,CUST-02253,Identified,Online,Online Store,paid,fulfilled,CAD,700.0,,0.0,0.0,91.0,791.0,0.0,791.0,5,4
#NW13599,2025-08-03 09:01:00,2025-08,CUST-01045,Identified,Online,Online Store,paid,fulfilled,CAD,614.0,SPRING10,61.4,0.0,71.84,624.44,0.0,624.44,5,4
#NW13600,2025-08-12 12:25:00,2025-08,CUST-00478,Identified,Online,Online Store,paid,fulfilled,CAD,282.0,,0.0,0.0,36.66,318.66,0.0,318.66,4,3
#NW13601,2025-08-20 11:59:00,2025-08,CUST-01564,Identified,Online,Online Store,paid,fulfilled,CAD,314.0,,0.0,0.0,40.82,354.82,0.0,354.82,3,2
#NW13602,2025-08-28 12:59:00,2025-08,CUST-00669,Identified,POS,Northwood Toronto,paid,fulfilled,CAD,128.0,,0.0,0.0,16.64,144.64,0.0,144.64,1,1
#NW13603,2025-08-31 14:40:00,2025-08,CUST-00181,Identified,POS,Northwood Toronto,paid,fulfilled,CAD,144.0,,0.0,0.0,18.72,162.72,0.0,162.72,3,2
#NW13604,2025-08-03 16:40:00,2025-08,CUST-01368,Identified,Online,Online Store,paid,fulfilled,CAD,128.0,,0.0,0.0,16.64,144.64,0.0,144.64,1,1
#NW13605,2025-08-29 14:09:00,2025-08,CUST-00342,Identified,Online,Online Store,paid,fulfilled,CAD,166.0,,0.0,0.0,21.58,187.58,0.0,187.58,2,2
#NW13606,2025-08-09 19:16:00,2025-08,CUST-01441,Identified,Online,Online Store,paid,fulfilled,CAD,432.0,HOLIDAY15,64.8,0.0,47.74,414.94,0.0,414.94,5,3
#NW13607,2025-08-30 15:20:00,2025-08,CUST-01161,Identified,Online,Online Store,paid,fulfilled,CAD,144.0,,0.0,0.0,18.72,162.72,0.0,162.72,2,1
#NW13608,2025-08-19 20:53:00,2025-08,CUST-01271,Identified,Online,Online Store,paid,fulfilled,CAD,292.0,,0.0,0.0,37.96,329.96,0.0,329.96,4,3
#NW13609,2025-08-18 20:48:00,2025-08,CUST-00587,Identified,Online,Online Store,paid,fulfilled,CAD,156.0,,0.0,0.0,20.28,176.28,0.0,176.28,2,1
#NW13610,2025-08-30 09:01:00,2025-08,CUST-02196,Identified,POS,Northwood Toronto,paid,fulfilled,CAD,112.0,,0.0,0.0,14.56,126.56,0.0,126.56,1,1
#NW13611,2025-08-03 19:26:00,2025-08,CUST-02046,Identified,Online,Online Store,paid,fulfilled,CAD,38.0,,0.0,12.0,6.5,56.5,0.0,56.5,1,1
#NW13612,2025-08-18 16:59:00,2025-08,CUST-02190,Identified,Online,Online Store,paid,fulfilled,CAD,176.0,,0.0,0.0,22.88,198.88,0.0,198.88,2,1
#NW13613,2025-08-05 09:53:00,2025-08,CUST-01581,Identified,Online,Online Store,paid,fulfilled,CAD,38.0,,0.0,12.0,6.5,56.5,0.0,56.5,1,1
#NW13614,2025-08-23 13:21:00,2025-08,CUST-00184,Identified,Online,Online Store,paid,fulfilled,CAD,214.0,,0.0,0.0,27.82,241.82,0.0,241.82,3,2
#NW13615,2025-08-15 16:10:00,2025-08,CUST-00272,Identified,Online,Online Store,paid,fulfilled,CAD,64.0,,0.0,12.0,9.88,85.88,0.0,85.88,2,1
#NW13616,2025-08-19 16:04:00,2025-08,CUST-00790,Identified,Online,Online Store,paid,fulfilled,CAD,76.0,,0.0,12.0,11.44,99.44,0.0,99.44,2,1
#NW13617,2025-08-21 18:56:00,2025-08,CUST-01525,Identified,Online,Online Store,paid,fulfilled,CAD,78.0,,0.0,12.0,11.7,101.7,0.0,101.7,1,1
#NW13618,2025-08-12 11:40:00,2025-08,CUST-01912,Identified,Online,Online Store,paid,fulfilled,CAD,118.0,,0.0,12.0,16.9,146.9,0.0,146.9,3,2
#NW13619,2025-08-28 17:52:00,2025-08,CUST-02095,Identified,POS,Northwood Toronto,paid,fulfilled,CAD,276.0,,0.0,0.0,35.88,311.88,0.0,311.88,4,3
#NW13620,2025-08-27 11:11:00,2025-08,CUST-00672,Identified,Online,Online Store,paid,fulfilled,CAD,108.0,,0.0,12.0,15.6,135.6,0.0,135.6,1,1
#NW13621,2025-08-30 13:32:00,2025-08,CUST-01720,Identified,Online,Online Store,paid,fulfilled,CAD,856.0,,0.0,0.0,111.28,967.28,0.0,967.28,4,3
#NW13622,2025-08-23 11:28:00,2025-08,CUST-00629,Identified,Online,Online Store,paid,fulfilled,CAD,224.0,HOLIDAY15,33.6,0.0,24.75,215.15,0.0,215.15,2,1
#NW13623,2025-08-22 12:46:00,2025-08,CUST-01313,Identified,Online,Online Store,paid,fulfilled,CAD,98.0,,0.0,12.0,14.3,124.3,0.0,124.3,1,1
#NW13624,2025-08-23 17:26:00,2025-08,CUST-01777,Identified,Online,Online Store,paid,fulfilled,CAD,564.0,,0.0,0.0,73.32,637.32,0.0,637.32,3,2
#NW13625,2025-08-19 14:05:00,2025-08,CUST-01553,Identified,Online,Online Store,partially_refunded,fulfilled,CAD,144.0,,0.0,0.0,18.72,162.72,88.27,74.45,2,1
#NW13626,2025-08-03 21:26:00,2025-08,CUST-00107,Identified,Online,Online Store,paid,fulfilled,CAD,256.0,SPRING10,25.6,0.0,29.95,260.35,0.0,260.35,2,1
#NW13627,2025-08-16 16:45:00,2025-08,CUST-01014,Identified,Online,Online Store,paid,fulfilled,CAD,78.0,,0.0,12.0,11.7,101.7,0.0,101.7,1,1
#NW13628,2025-08-08 12:06:00,2025-08,CUST-00318,Identified,POS,Northwood Toronto,paid,fulfilled,CAD,176.0,HOLIDAY15,26.4,0.0,19.45,169.05,0.0,169.05,2,1
#NW13629,2025-08-30 21:16:00,2025-08,CUST-01107,Identified,Online,Online Store,paid,fulfilled,CAD,98.0,WELCOME10,9.8,12.0,13.03,113.23,0.0,113.23,1,1
#NW13630,2025-08-04 17:15:00,2025-08,CUST-00511,Identified,Online,Online Store,paid,fulfilled,CAD,108.0,,0.0,12.0,15.6,135.6,0.0,135.6,1,1
#NW13631,2025-08-17 19:51:00,2025-08,CUST-02177,Identified,Online,Online Store,paid,fulfilled,CAD,112.0,,0.0,12.0,16.12,140.12,0.0,140.12,1,1
#NW13632,2025-08-15 14:04:00,2025-08,CUST-00482,Identified,Online,Online Store,paid,fulfilled,CAD,688.0,,0.0,0.0,89.44,777.44,0.0,777.44,6,3
#NW13633,2025-08-21 15:04:00,2025-08,CUST-02247,Identified,Online,Online Store,paid,fulfilled,CAD,28.0,,0.0,12.0,5.2,45.2,0.0,45.2,1,1
#NW13634,2025-08-20 10:42:00,2025-08,CUST-01667,Identified,POS,Northwood Toronto,paid,fulfilled,CAD,256.0,,0.0,0.0,33.28,289.28,0.0,289.28,2,1
#NW13635,2025-08-10 16:48:00,2025-08,CUST-00271,Identified,Online,Online Store,paid,fulfilled,CAD,156.0,,0.0,0.0,20.28,176.28,0.0,176.28,2,2
#NW13636,2025-08-19 15:02:00,2025-08,CUST-01350,Identified,Online,Online Store,paid,fulfilled,CAD,98.0,,0.0,12.0,14.3,124.3,0.0,124.3,1,1
#NW13637,2025-08-01 14:56:00,2025-08,CUST-00752,Identified,POS,Northwood Toronto,paid,fulfilled,CAD,78.0,,0.0,0.0,10.14,88.14,0.0,88.14,1,1
#NW13638,2025-08-04 16:02:00,2025-08,CUST-00259,Identified,Online,Online Store,paid,fulfilled,CAD,38.0,FALL15,5.7,12.0,5.76,50.06,0.0,50.06,1,1
#NW13639,2025-08-10 11:15:00,2025-08,CUST-00969,Identified,Online,Online Store,partially_refunded,fulfilled,CAD,192.0,,0.0,0.0,24.96,216.96,54.54,162.42000000000002,4,3
#NW13640,2025-08-26 14:03:00,2025-08,CUST-01367,Identified,POS,Northwood Toronto,paid,fulfilled,CAD,200.0,,0.0,0.0,26.0,226.0,0.0,226.0,2,2
#NW13641,2025-08-22 21:00:00,2025-08,CUST-01120,Identified,Online,Online Store,paid,fulfilled,CAD,88.0,,0.0,12.0,13.0,113.0,0.0,113.0,1,1
#NW13642,2025-08-02 12:28:00,2025-08,CUST-00600,Identified,Online,Online Store,paid,fulfilled,CAD,124.0,,0.0,12.0,17.68,153.68,0.0,153.68,3,2
#NW13643,2025-08-16 16:43:00,2025-08,CUST-00925,Identified,Online,Online Store,paid,fulfilled,CAD,112.0,,0.0,12.0,16.12,140.12,0.0,140.12,1,1
#NW13644,2025-08-27 14:29:00,2025-08,CUST-02167,Identified,POS,Northwood Toronto,paid,fulfilled,CAD,200.0,,0.0,0.0,26.0,226.0,0.0,226.0,2,2
#NW13645,2025-08-18 11:50:00,2025-08,CUST-01033,Identified,Online,Online Store,paid,fulfilled,CAD,316.0,,0.0,0.0,41.08,357.08,0.0,357.08,2,1
#NW13646,2025-08-29 21:36:00,2025-08,CUST-00402,Identified,Online,Online Store,paid,fulfilled,CAD,256.0,FALL15,38.4,0.0,28.29,245.89,0.0,245.89,2,1
#NW13647,2025-08-10 20:24:00,2025-08,CUST-01545,Identified,Online,Online Store,paid,fulfilled,CAD,158.0,,0.0,0.0,20.54,178.54,0.0,178.54,1,1
#NW13648,2025-08-18 16:16:00,2025-08,CUST-00911,Identified,Online,Online Store,paid,fulfilled,CAD,48.0,HOLIDAY15,7.2,12.0,6.86,59.66,0.0,59.66,1,1
#NW13649,2025-08-16 17:59:00,2025-08,CUST-01551,Identified,Online,Online Store,paid,fulfilled,CAD,120.0,SPRING10,12.0,12.0,15.6,135.6,0.0,135.6,2,2
#NW13650,2025-08-23 11:35:00,2025-08,CUST-00431,Identified,POS,Northwood Toronto,paid,fulfilled,CAD,128.0,,0.0,0.0,16.64,144.64,0.0,144.64,1,1
#NW13651,2025-08-14 12:18:00,2025-08,CUST-00964,Identified,Online,Online Store,paid,fulfilled,CAD,516.0,,0.0,0.0,67.08,583.08,0.0,583.08,4,4
#NW13652,2025-08-22 16:15:00,2025-08,CUST-00720,Identified,POS,Northwood Toronto,paid,fulfilled,CAD,116.0,,0.0,0.0,15.08,131.08,0.0,131.08,2,2
#NW13653,2025-08-12 14:45:00,2025-08,CUST-02157,Identified,Online,Online Store,paid,fulfilled,CAD,58.0,SPRING10,5.8,12.0,8.35,72.55,0.0,72.55,1,1
#NW13654,2025-08-06 12:44:00,2025-08,CUST-01256,Identified,Online,Online Store,paid,fulfilled,CAD,48.0,,0.0,12.0,7.8,67.8,0.0,67.8,1,1
#NW13655,2025-08-05 20:25:00,2025-08,CUST-02006,Identified,Online,Online Store,paid,fulfilled,CAD,1130.0,,0.0,0.0,146.9,1276.9,0.0,1276.9,5,3
#NW13656,2025-08-25 15:50:00,2025-08,CUST-00392,Identified,POS,Northwood Toronto,paid,fulfilled,CAD,112.0,,0.0,0.0,14.56,126.56,0.0,126.56,1,1
#NW13657,2025-08-11 20:33:00,2025-08,CUST-02167,Identified,Online,Online Store,paid,fulfilled,CAD,196.0,SPRING10,19.6,0.0,22.93,199.33,0.0,199.33,2,2
#NW13658,2025-08-30 16:00:00,2025-08,CUST-01430,Identified,POS,Northwood Toronto,paid,fulfilled,CAD,190.0,,0.0,0.0,24.7,214.7,0.0,214.7,2,2
#NW13659,2025-08-29 12:06:00,2025-08,CUST-01334,Identified,Online,Online Store,paid,fulfilled,CAD,276.0,,0.0,0.0,35.88,311.88,0.0,311.88,2,2
#NW13660,2025-08-05 13:29:00,2025-08,CUST-01013,Identified,Online,Online Store,paid,fulfilled,CAD,176.0,,0.0,0.0,22.88,198.88,0.0,198.88,2,2
#NW13661,2025-08-03 13:05:00,2025-08,CUST-01156,Identified,POS,Northwood Toronto,paid,fulfilled,CAD,198.0,,0.0,0.0,25.74,223.74,0.0,223.74,1,1
#NW13662,2025-08-23 11:38:00,2025-08,CUST-02260,Identified,Online,Online Store,paid,fulfilled,CAD,344.0,HOLIDAY15,51.6,0.0,38.01,330.41,0.0,330.41,3,3
#NW13663,2025-08-27 12:34:00,2025-08,CUST-01443,Identified,Online,Online Store,paid,fulfilled,CAD,112.0,,0.0,12.0,16.12,140.12,0.0,140.12,1,1
#NW13664,2025-08-04 09:44:00,2025-08,CUST-00406,Identified,Online,Online Store,paid,fulfilled,CAD,88.0,,0.0,12.0,13.0,113.0,0.0,113.0,1,1
#NW13665,2025-08-16 21:50:00,2025-08,CUST-01325,Identified,Online,Online Store,paid,fulfilled,CAD,38.0,WELCOME10,3.8,12.0,6.01,52.21,0.0,52.21,1,1
#NW13666,2025-08-27 16:18:00,2025-08,CUST-00700,Identified,Online,Online Store,paid,fulfilled,CAD,68.0,,0.0,12.0,10.4,90.4,0.0,90.4,1,1
#NW13667,2025-08-26 20:44:00,2025-08,CUST-01303,Identified,Online,Online Store,paid,fulfilled,CAD,78.0,WELCOME10,7.8,12.0,10.69,92.89,0.0,92.89,1,1
#NW13668,2025-08-29 10:17:00,2025-08,CUST-01596,Identified,Online,Online Store,paid,fulfilled,CAD,78.0,,0.0,12.0,11.7,101.7,0.0,101.7,1,1
#NW13669,2025-08-31 14:19:00,2025-08,CUST-00741,Identified,POS,Northwood Toronto,paid,fulfilled,CAD,510.0,,0.0,0.0,66.3,576.3,0.0,576.3,4,4
#NW13670,2025-08-16 18:23:00,2025-08,CUST-01729,Identified,Online,Online Store,paid,fulfilled,CAD,156.0,,0.0,0.0,20.28,176.28,0.0,176.28,2,2
#NW13671,2025-08-13 10:28:00,2025-08,CUST-00600,Identified,Online,Online Store,paid,fulfilled,CAD,108.0,,0.0,12.0,15.6,135.6,0.0,135.6,1,1
#NW13672,2025-08-21 12:33:00,2025-08,CUST-02178,Identified,Online,Online Store,paid,fulfilled,CAD,48.0,,0.0,12.0,7.8,67.8,0.0,67.8,1,1
#NW13673,2025-08-10 16:45:00,2025-08,CUST-01693,Identified,Online,Online Store,paid,fulfilled,CAD,396.0,,0.0,0.0,51.48,447.48,0.0,447.48,4,4
#NW13674,2025-08-06 18:15:00,2025-08,CUST-00089,Identified,Online,Online Store,paid,fulfilled,CAD,38.0,WELCOME10,3.8,12.0,6.01,52.21,0.0,52.21,1,1
#NW13675,2025-08-26 11:17:00,2025-08,CUST-01650,Identified,Online,Online Store,paid,fulfilled,CAD,186.0,SPRING10,18.6,0.0,21.76,189.16,0.0,189.16,2,2
#NW13676,2025-08-30 14:37:00,2025-08,CUST-00418,Identified,Online,Online Store,paid,fulfilled,CAD,98.0,,0.0,12.0,14.3,124.3,0.0,124.3,1,1
#NW13677,2025-08-18 15:54:00,2025-08,CUST-00897,Identified,Online,Online Store,paid,fulfilled,CAD,384.0,WELCOME10,38.4,0.0,44.93,390.53,0.0,390.53,3,3
#NW13678,2025-08-18 18:57:00,2025-08,CUST-00302,Identified,Online,Online Store,paid,fulfilled,CAD,332.0,,0.0,0.0,43.16,375.16,0.0,375.16,4,2
#NW13679,2025-08-08 14:34:00,2025-08,CUST-01062,Identified,Online,Online Store,paid,fulfilled,CAD,38.0,,0.0,12.0,6.5,56.5,0.0,56.5,1,1
#NW13680,2025-08-31 12:11:00,2025-08,CUST-00039,Identified,POS,Northwood Toronto,paid,fulfilled,CAD,240.0,,0.0,0.0,31.2,271.2,0.0,271.2,2,2
#NW13681,2025-08-26 14:33:00,2025-08,CUST-02104,Identified,Online,Online Store,paid,fulfilled,CAD,194.0,,0.0,0.0,25.22,219.22,0.0,219.22,3,2
#NW13682,2025-08-29 19:22:00,2025-08,CUST-00637,Identified,Online,Online Store,paid,fulfilled,CAD,118.0,,0.0,12.0,16.9,146.9,0.0,146.9,1,1
#NW13683,2025-08-26 13:39:00,2025-08,CUST-00518,Identified,POS,Northwood Toronto,paid,fulfilled,CAD,290.0,,0.0,0.0,37.7,327.7,0.0,327.7,2,2
#NW13684,2025-08-07 16:45:00,2025-08,CUST-00585,Identified,POS,Northwood Toronto,voided,unfulfilled,CAD,198.0,,0.0,0.0,25.74,223.74,0.0,0.0,1,1
#NW13685,2025-08-20 11:25:00,2025-08,CUST-00746,Identified,Online,Online Store,paid,fulfilled,CAD,130.0,,0.0,0.0,16.9,146.9,0.0,146.9,2,2
#NW13686,2025-08-17 21:05:00,2025-08,CUST-02325,Identified,Online,Online Store,paid,fulfilled,CAD,128.0,,0.0,0.0,16.64,144.64,0.0,144.64,1,1
#NW13687,2025-08-18 17:49:00,2025-08,CUST-00305,Identified,Online,Online Store,paid,fulfilled,CAD,254.0,,0.0,0.0,33.02,287.02,0.0,287.02,3,2
#NW13688,2025-08-03 18:27:00,2025-08,CUST-01096,Identified,Online,Online Store,paid,fulfilled,CAD,70.0,FALL15,10.5,12.0,9.29,80.79,0.0,80.79,2,2
#NW13689,2025-08-19 09:55:00,2025-08,CUST-00217,Identified,Online,Online Store,paid,fulfilled,CAD,334.0,,0.0,0.0,43.42,377.42,0.0,377.42,3,2
#NW13690,2025-08-27 14:59:00,2025-08,CUST-01517,Identified,Online,Online Store,paid,fulfilled,CAD,28.0,,0.0,12.0,5.2,45.2,0.0,45.2,1,1
#NW13691,2025-08-05 14:00:00,2025-08,CUST-00371,Identified,Online,Online Store,paid,fulfilled,CAD,166.0,,0.0,0.0,21.58,187.58,0.0,187.58,2,2
#NW13692,2025-08-31 11:59:00,2025-08,CUST-01021,Identified,Online,Online Store,paid,fulfilled,CAD,38.0,,0.0,12.0,6.5,56.5,0.0,56.5,1,1
#NW13693,2025-08-19 11:12:00,2025-08,CUST-01714,Identified,Online,Online Store,paid,fulfilled,CAD,126.0,,0.0,0.0,16.38,142.38,0.0,142.38,2,2
#NW13694,2025-08-12 11:32:00,2025-08,,Guest / Unidentified,POS,Northwood Toronto,paid,fulfilled,CAD,58.0,SPRING10,5.8,0.0,6.79,58.99,0.0,58.99,1,1
#NW13695,2025-08-22 12:28:00,2025-08,CUST-00750,Identified,Online,Online Store,paid,fulfilled,CAD,28.0,,0.0,12.0,5.2,45.2,0.0,45.2,1,1
#NW13696,2025-08-07 14:52:00,2025-08,CUST-01456,Identified,Online,Online Store,paid,fulfilled,CAD,32.0,,0.0,12.0,5.72,49.72,0.0,49.72,1,1
#NW13697,2025-08-08 10:24:00,2025-08,CUST-01450,Identified,Online,Online Store,paid,fulfilled,CAD,284.0,,0.0,0.0,36.92,320.92,0.0,320.92,3,3
#NW13698,2025-08-22 21:00:00,2025-08,CUST-01244,Identified,Online,Online Store,paid,fulfilled,CAD,244.0,,0.0,0.0,31.72,275.72,0.0,275.72,3,2
#NW13699,2025-08-23 16:24:00,2025-08,CUST-02058,Identified,POS,Northwood Toronto,paid,fulfilled,CAD,224.0,,0.0,0.0,29.12,253.12,0.0,253.12,2,1
#NW13700,2025-08-31 12:56:00,2025-08,CUST-01175,Identified,Online,Online Store,paid,fulfilled,CAD,112.0,,0.0,12.0,16.12,140.12,0.0,140.12,1,1
#NW13701,2025-08-19 14:37:00,2025-08,CUST-01130,Identified,Online,Online Store,paid,fulfilled,CAD,224.0,,0.0,0.0,29.12,253.12,0.0,253.12,2,1
#NW13702,2025-08-06 11:15:00,2025-08,CUST-01952,Identified,Online,Online Store,paid,fulfilled,CAD,56.0,,0.0,12.0,8.84,76.84,0.0,76.84,2,1
#NW13703,2025-08-20 14:51:00,2025-08,CUST-02133,Identified,Online,Online Store,paid,fulfilled,CAD,88.0,,0.0,12.0,13.0,113.0,0.0,113.0,1,1
#NW13704,2025-08-03 13:44:00,2025-08,CUST-00938,Identified,Online,Online Store,paid,fulfilled,CAD,538.0,SPRING10,53.8,0.0,62.95,547.15,0.0,547.15,5,3
#NW13705,2025-08-17 12:01:00,2025-08,CUST-01251,Identified,Online,Online Store,paid,fulfilled,CAD,78.0,,0.0,12.0,11.7,101.7,0.0,101.7,1,1
#NW13706,2025-08-19 13:18:00,2025-08,CUST-00031,Identified,Online,Online Store,paid,fulfilled,CAD,48.0,,0.0,12.0,7.8,67.8,0.0,67.8,1,1
#NW13707,2025-08-26 09:07:00,2025-08,CUST-00357,Identified,Online,Online Store,paid,fulfilled,CAD,342.0,,0.0,0.0,44.46,386.46,0.0,386.46,3,2
#NW13708,2025-08-29 13:53:00,2025-08,CUST-00073,Identified,Online,Online Store,paid,fulfilled,CAD,142.0,,0.0,0.0,18.46,160.46,0.0,160.46,3,2
#NW13709,2025-08-29 19:08:00,2025-08,CUST-02028,Identified,Online,Online Store,paid,fulfilled,CAD,72.0,,0.0,12.0,10.92,94.92,0.0,94.92,1,1
#NW13710,2025-08-29 10:14:00,2025-08,CUST-01281,Identified,Online,Online Store,paid,fulfilled,CAD,156.0,,0.0,0.0,20.28,176.28,0.0,176.28,2,2
#NW13711,2025-08-23 09:20:00,2025-08,CUST-00370,Identified,Online,Online Store,voided,unfulfilled,CAD,112.0,FALL15,16.8,12.0,13.94,121.14,0.0,0.0,1,1
#NW13712,2025-08-27 13:17:00,2025-08,CUST-00326,Identified,POS,Northwood Toronto,paid,fulfilled,CAD,156.0,SPRING10,15.6,0.0,18.25,158.65,0.0,158.65,2,2
#NW13713,2025-08-21 09:02:00,2025-08,CUST-00315,Identified,Online,Online Store,paid,fulfilled,CAD,424.0,WELCOME10,42.4,0.0,49.61,431.21,0.0,431.21,3,2
#NW13714,2025-08-04 13:33:00,2025-08,CUST-00984,Identified,Online,Online Store,paid,fulfilled,CAD,522.0,,0.0,0.0,67.86,589.86,0.0,589.86,4,3
#NW13715,2025-08-06 19:53:00,2025-08,CUST-00384,Identified,Online,Online Store,paid,fulfilled,CAD,42.0,,0.0,12.0,7.02,61.02,0.0,61.02,1,1
#NW13716,2025-08-13 14:50:00,2025-08,CUST-00677,Identified,Online,Online Store,paid,fulfilled,CAD,374.0,,0.0,0.0,48.62,422.62,0.0,422.62,3,2
#NW13717,2025-08-17 09:07:00,2025-08,CUST-00236,Identified,Online,Online Store,paid,fulfilled,CAD,128.0,,0.0,0.0,16.64,144.64,0.0,144.64,1,1
#NW13718,2025-08-24 14:56:00,2025-08,CUST-00347,Identified,Online,Online Store,paid,fulfilled,CAD,372.0,,0.0,0.0,48.36,420.36,0.0,420.36,4,2
#NW13719,2025-08-01 12:05:00,2025-08,,Guest / Unidentified,POS,Northwood Toronto,paid,fulfilled,CAD,224.0,,0.0,0.0,29.12,253.12,0.0,253.12,2,1
#NW13720,2025-08-03 14:19:00,2025-08,CUST-00039,Identified,Online,Online Store,paid,fulfilled,CAD,68.0,,0.0,12.0,10.4,90.4,0.0,90.4,1,1
#NW13721,2025-08-01 17:05:00,2025-08,CUST-01212,Identified,Online,Online Store,paid,fulfilled,CAD,98.0,,0.0,12.0,14.3,124.3,0.0,124.3,1,1
#NW13722,2025-08-06 16:25:00,2025-08,CUST-00044,Identified,POS,Northwood Toronto,paid,fulfilled,CAD,172.0,,0.0,0.0,22.36,194.36,0.0,194.36,3,2
#NW13723,2025-08-25 21:03:00,2025-08,CUST-01737,Identified,Online,Online Store,paid,fulfilled,CAD,128.0,,0.0,0.0,16.64,144.64,0.0,144.64,1,1
#NW13724,2025-08-22 13:10:00,2025-08,CUST-02084,Identified,Online,Online Store,paid,fulfilled,CAD,68.0,,0.0,12.0,10.4,90.4,0.0,90.4,1,1
#NW13725,2025-08-10 13:52:00,2025-08,CUST-02128,Identified,Online,Online Store,paid,fulfilled,CAD,158.0,,0.0,0.0,20.54,178.54,0.0,178.54,1,1
#NW13726,2025-08-03 19:28:00,2025-08,CUST-00559,Identified,Online,Online Store,paid,fulfilled,CAD,236.0,,0.0,0.0,30.68,266.68,0.0,266.68,2,1
#NW13727,2025-08-01 11:28:00,2025-08,CUST-01965,Identified,Online,Online Store,paid,fulfilled,CAD,352.0,,0.0,0.0,45.76,397.76,0.0,397.76,4,2
#NW13728,2025-08-25 10:11:00,2025-08,CUST-02040,Identified,Online,Online Store,paid,fulfilled,CAD,136.0,,0.0,0.0,17.68,153.68,0.0,153.68,2,1
#NW13729,2025-08-26 20:37:00,2025-08,CUST-02110,Identified,Online,Online Store,paid,fulfilled,CAD,80.0,SPRING10,8.0,12.0,10.92,94.92,0.0,94.92,2,2
#NW13730,2025-08-26 11:48:00,2025-08,CUST-02181,Identified,Online,Online Store,paid,fulfilled,CAD,48.0,,0.0,12.0,7.8,67.8,0.0,67.8,1,1
#NW13731,2025-08-05 10:09:00,2025-08,CUST-00411,Identified,Online,Online Store,paid,fulfilled,CAD,166.0,,0.0,0.0,21.58,187.58,0.0,187.58,2,2
#NW13732,2025-08-24 19:15:00,2025-08,CUST-00511,Identified,POS,Northwood Toronto,paid,fulfilled,CAD,126.0,,0.0,0.0,16.38,142.38,0.0,142.38,2,2
#NW13733,2025-08-21 11:06:00,2025-08,CUST-01661,Identified,Online,Online Store,voided,unfulfilled,CAD,176.0,,0.0,0.0,22.88,198.88,0.0,0.0,2,1
#NW13734,2025-08-08 16:08:00,2025-08,CUST-01830,Identified,POS,Northwood Toronto,paid,fulfilled,CAD,156.0,,0.0,0.0,20.28,176.28,0.0,176.28,2,2
#NW13735,2025-08-09 18:43:00,2025-08,CUST-00779,Identified,Online,Online Store,paid,fulfilled,CAD,72.0,HOLIDAY15,10.8,12.0,9.52,82.72,0.0,82.72,1,1
#NW13736,2025-08-29 15:14:00,2025-08,CUST-00030,Identified,Online,Online Store,refunded,fulfilled,CAD,218.0,HOLIDAY15,32.7,0.0,24.09,209.39,209.39,0.0,1,1
#NW13737,2025-08-22 21:24:00,2025-08,CUST-02058,Identified,Online,Online Store,paid,fulfilled,CAD,248.0,,0.0,0.0,32.24,280.24,0.0,280.24,1,1
#NW13738,2025-08-24 12:32:00,2025-08,CUST-01741,Identified,Online,Online Store,partially_refunded,fulfilled,CAD,104.0,,0.0,12.0,15.08,131.08,69.32,61.76000000000002,3,2
#NW13739,2025-08-18 17:11:00,2025-08,CUST-02189,Identified,Online,Online Store,paid,fulfilled,CAD,108.0,,0.0,12.0,15.6,135.6,0.0,135.6,1,1
#NW13740,2025-08-15 12:28:00,2025-08,,Guest / Unidentified,POS,Northwood Toronto,paid,fulfilled,CAD,216.0,,0.0,0.0,28.08,244.08,0.0,244.08,2,2
#NW13741,2025-08-31 16:34:00,2025-08,CUST-01482,Identified,Online,Online Store,paid,fulfilled,CAD,112.0,,0.0,12.0,16.12,140.12,0.0,140.12,1,1
#NW13742,2025-08-23 16:47:00,2025-08,CUST-02164,Identified,Online,Online Store,paid,fulfilled,CAD,38.0,,0.0,12.0,6.5,56.5,0.0,56.5,1,1
#NW13743,2025-08-26 10:54:00,2025-08,CUST-00174,Identified,Online,Online Store,paid,fulfilled,CAD,232.0,,0.0,0.0,30.16,262.16,0.0,262.16,4,2
#NW13744,2025-08-14 21:00:00,2025-08,CUST-01838,Identified,Online,Online Store,paid,fulfilled,CAD,384.0,SPRING10,38.4,0.0,44.93,390.53,0.0,390.53,3,2
#NW13745,2025-08-21 15:45:00,2025-08,CUST-00839,Identified,Online,Online Store,paid,fulfilled,CAD,126.0,SPRING10,12.6,0.0,14.74,128.14,0.0,128.14,2,2
#NW13746,2025-08-25 16:38:00,2025-08,CUST-00639,Identified,POS,Northwood Toronto,paid,fulfilled,CAD,42.0,,0.0,0.0,5.46,47.46,0.0,47.46,1,1
#NW13747,2025-08-27 16:32:00,2025-08,CUST-02145,Identified,Online,Online Store,paid,fulfilled,CAD,218.0,WELCOME10,21.8,0.0,25.51,221.71,0.0,221.71,1,1
#NW13748,2025-08-25 14:07:00,2025-08,,Guest / Unidentified,POS,Northwood Toronto,paid,fulfilled,CAD,198.0,,0.0,0.0,25.74,223.74,0.0,223.74,1,1
#NW13749,2025-08-29 10:19:00,2025-08,CUST-00717,Identified,Online,Online Store,voided,unfulfilled,CAD,98.0,,0.0,12.0,14.3,124.3,0.0,0.0,1,1
#NW13750,2025-08-23 17:13:00,2025-08,CUST-00308,Identified,POS,Northwood Toronto,paid,fulfilled,CAD,198.0,,0.0,0.0,25.74,223.74,0.0,223.74,1,1
#NW13751,2025-08-10 20:13:00,2025-08,CUST-01504,Identified,POS,Northwood Toronto,paid,fulfilled,CAD,98.0,,0.0,0.0,12.74,110.74,0.0,110.74,1,1
#NW13752,2025-08-18 09:02:00,2025-08,CUST-00547,Identified,Online,Online Store,paid,fulfilled,CAD,72.0,,0.0,12.0,10.92,94.92,0.0,94.92,1,1
#NW13753,2025-08-05 15:35:00,2025-08,CUST-01866,Identified,POS,Northwood Toronto,paid,fulfilled,CAD,56.0,,0.0,0.0,7.28,63.28,0.0,63.28,2,1
#NW13754,2025-08-21 10:58:00,2025-08,CUST-01125,Identified,Online,Online Store,paid,fulfilled,CAD,292.0,SPRING10,29.2,0.0,34.16,296.96,0.0,296.96,4,2
#NW13755,2025-08-15 15:41:00,2025-08,CUST-00209,Identified,POS,Northwood Toronto,partially_refunded,fulfilled,CAD,236.0,HOLIDAY15,35.4,0.0,26.08,226.68,123.22,103.46000000000001,2,2
#NW13756,2025-08-09 20:32:00,2025-08,CUST-01732,Identified,Online,Online Store,refunded,fulfilled,CAD,72.0,,0.0,12.0,10.92,94.92,94.92,0.0,1,1
#NW13757,2025-08-15 13:57:00,2025-08,CUST-02030,Identified,Online,Online Store,paid,fulfilled,CAD,136.0,WELCOME10,13.6,0.0,15.91,138.31,0.0,138.31,2,2
#NW13758,2025-08-26 18:23:00,2025-08,CUST-01553,Identified,Online,Online Store,paid,fulfilled,CAD,144.0,,0.0,0.0,18.72,162.72,0.0,162.72,2,1
#NW13759,2025-08-27 19:58:00,2025-08,CUST-00699,Identified,POS,Northwood Toronto,paid,fulfilled,CAD,534.0,,0.0,0.0,69.42,603.42,0.0,603.42,3,2
#NW13760,2025-08-02 19:04:00,2025-08,CUST-01529,Identified,Online,Online Store,paid,fulfilled,CAD,194.0,,0.0,0.0,25.22,219.22,0.0,219.22,3,2
#NW13761,2025-08-26 13:48:00,2025-08,CUST-00464,Identified,POS,Northwood Toronto,paid,fulfilled,CAD,72.0,,0.0,0.0,9.36,81.36,0.0,81.36,1,1
#NW13762,2025-08-23 13:57:00,2025-08,CUST-01098,Identified,Online,Online Store,paid,fulfilled,CAD,210.0,,0.0,0.0,27.3,237.3,0.0,237.3,2,2
#NW13763,2025-08-27 12:39:00,2025-08,CUST-01024,Identified,Online,Online Store,paid,fulfilled,CAD,116.0,,0.0,12.0,16.64,144.64,0.0,144.64,2,1
#NW13764,2025-08-05 17:21:00,2025-08,CUST-02209,Identified,Online,Online Store,paid,fulfilled,CAD,156.0,HOLIDAY15,23.4,0.0,17.24,149.84,0.0,149.84,2,1
#NW13765,2025-08-19 21:51:00,2025-08,CUST-01370,Identified,POS,Northwood Toronto,paid,fulfilled,CAD,332.0,,0.0,0.0,43.16,375.16,0.0,375.16,4,2
#NW13766,2025-08-19 18:07:00,2025-08,CUST-02045,Identified,Online,Online Store,paid,fulfilled,CAD,254.0,,0.0,0.0,33.02,287.02,0.0,287.02,3,2
#NW13767,2025-08-20 11:21:00,2025-08,CUST-01568,Identified,Online,Online Store,partially_refunded,fulfilled,CAD,120.0,HOLIDAY15,18.0,12.0,14.82,128.82,32.160000000000004,96.66,4,3
#NW13768,2025-08-02 13:21:00,2025-08,CUST-01090,Identified,Online,Online Store,paid,fulfilled,CAD,680.0,,0.0,0.0,88.4,768.4,0.0,768.4,5,3
#NW13769,2025-08-14 14:38:00,2025-08,CUST-00604,Identified,Online,Online Store,paid,fulfilled,CAD,342.0,,0.0,0.0,44.46,386.46,0.0,386.46,4,3
#NW13770,2025-08-02 18:55:00,2025-08,CUST-00322,Identified,POS,Northwood Toronto,paid,fulfilled,CAD,196.0,,0.0,0.0,25.48,221.48,0.0,221.48,2,2
#NW13771,2025-09-02 14:24:00,2025-09,CUST-00873,Identified,Online,Online Store,paid,fulfilled,CAD,68.0,,0.0,12.0,10.4,90.4,0.0,90.4,1,1
#NW13772,2025-09-25 18:31:00,2025-09,CUST-00010,Identified,Online,Online Store,paid,fulfilled,CAD,496.0,,0.0,0.0,64.48,560.48,0.0,560.48,2,1
#NW13773,2025-09-22 17:50:00,2025-09,CUST-02330,Identified,Online,Online Store,paid,fulfilled,CAD,290.0,,0.0,0.0,37.7,327.7,0.0,327.7,2,2
#NW13774,2025-09-05 15:44:00,2025-09,CUST-01613,Identified,Online,Online Store,paid,fulfilled,CAD,128.0,,0.0,0.0,16.64,144.64,0.0,144.64,1,1
#NW13775,2025-09-09 15:10:00,2025-09,CUST-00891,Identified,Online,Online Store,paid,fulfilled,CAD,28.0,,0.0,12.0,5.2,45.2,0.0,45.2,1,1
#NW13776,2025-09-24 15:59:00,2025-09,CUST-01249,Identified,Online,Online Store,paid,fulfilled,CAD,204.0,HOLIDAY15,30.6,0.0,22.54,195.94,0.0,195.94,3,2
#NW13777,2025-09-25 18:28:00,2025-09,CUST-02112,Identified,Online,Online Store,paid,fulfilled,CAD,88.0,FALL15,13.2,12.0,11.28,98.08,0.0,98.08,1,1
#NW13778,2025-09-26 16:13:00,2025-09,CUST-00146,Identified,POS,Northwood Toronto,paid,fulfilled,CAD,230.0,,0.0,0.0,29.9,259.9,0.0,259.9,2,2
#NW13779,2025-09-07 18:28:00,2025-09,CUST-00900,Identified,POS,Northwood Toronto,paid,fulfilled,CAD,812.0,,0.0,0.0,105.56,917.56,0.0,917.56,4,3
#NW13780,2025-09-17 11:30:00,2025-09,CUST-02237,Identified,Online,Online Store,paid,fulfilled,CAD,98.0,,0.0,12.0,14.3,124.3,0.0,124.3,1,1
#NW13781,2025-09-09 19:00:00,2025-09,CUST-00041,Identified,Online,Online Store,paid,fulfilled,CAD,48.0,,0.0,12.0,7.8,67.8,0.0,67.8,1,1
#NW13782,2025-09-04 14:29:00,2025-09,,Guest / Unidentified,POS,Northwood Toronto,paid,fulfilled,CAD,442.0,,0.0,0.0,57.46,499.46,0.0,499.46,4,3
#NW13783,2025-09-15 09:04:00,2025-09,CUST-01458,Identified,Online,Online Store,paid,fulfilled,CAD,452.0,FALL15,67.8,0.0,49.95,434.15,0.0,434.15,4,4
#NW13784,2025-09-22 13:21:00,2025-09,CUST-00025,Identified,Online,Online Store,paid,fulfilled,CAD,28.0,HOLIDAY15,4.2,12.0,4.65,40.45,0.0,40.45,1,1
#NW13785,2025-09-18 19:11:00,2025-09,CUST-01886,Identified,Online,Online Store,partially_refunded,fulfilled,CAD,156.0,,0.0,0.0,20.28,176.28,74.79,101.49,2,1
#NW13786,2025-09-29 09:43:00,2025-09,CUST-01346,Identified,Online,Online Store,paid,fulfilled,CAD,248.0,,0.0,0.0,32.24,280.24,0.0,280.24,1,1
#NW13787,2025-09-19 13:37:00,2025-09,CUST-01223,Identified,POS,Northwood Toronto,paid,fulfilled,CAD,84.0,,0.0,0.0,10.92,94.92,0.0,94.92,2,1
#NW13788,2025-09-18 18:18:00,2025-09,CUST-01801,Identified,Online,Online Store,paid,fulfilled,CAD,396.0,,0.0,0.0,51.48,447.48,0.0,447.48,4,3
#NW13789,2025-09-20 09:24:00,2025-09,CUST-00439,Identified,Online,Online Store,paid,fulfilled,CAD,38.0,FALL15,5.7,12.0,5.76,50.06,0.0,50.06,1,1
#NW13790,2025-09-21 09:08:00,2025-09,CUST-01939,Identified,Online,Online Store,paid,fulfilled,CAD,680.0,,0.0,0.0,88.4,768.4,0.0,768.4,5,4
#NW13791,2025-09-01 11:33:00,2025-09,CUST-01433,Identified,Online,Online Store,paid,fulfilled,CAD,396.0,,0.0,0.0,51.48,447.48,0.0,447.48,2,1
#NW13792,2025-09-07 13:24:00,2025-09,CUST-01457,Identified,Online,Online Store,refunded,fulfilled,CAD,186.0,,0.0,0.0,24.18,210.18,210.18,0.0,3,2
#NW13793,2025-09-27 13:20:00,2025-09,CUST-00763,Identified,Online,Online Store,paid,fulfilled,CAD,246.0,,0.0,0.0,31.98,277.98,0.0,277.98,2,2
#NW13794,2025-09-10 18:16:00,2025-09,CUST-01647,Identified,Online,Online Store,paid,fulfilled,CAD,114.0,,0.0,12.0,16.38,142.38,0.0,142.38,3,2
#NW13795,2025-09-14 15:26:00,2025-09,CUST-01453,Identified,Online,Online Store,paid,fulfilled,CAD,344.0,,0.0,0.0,44.72,388.72,0.0,388.72,3,2
#NW13796,2025-09-07 19:14:00,2025-09,CUST-00037,Identified,Online,Online Store,paid,fulfilled,CAD,436.0,,0.0,0.0,56.68,492.68,0.0,492.68,2,1
#NW13797,2025-09-01 15:41:00,2025-09,,Guest / Unidentified,POS,Northwood Toronto,paid,fulfilled,CAD,118.0,SPRING10,11.8,0.0,13.81,120.01,0.0,120.01,1,1
#NW13798,2025-09-19 16:17:00,2025-09,CUST-01765,Identified,Online,Online Store,paid,fulfilled,CAD,946.0,,0.0,0.0,122.98,1068.98,0.0,1068.98,6,4
#NW13799,2025-09-25 12:18:00,2025-09,,Guest / Unidentified,POS,Northwood Toronto,paid,fulfilled,CAD,158.0,,0.0,0.0,20.54,178.54,0.0,178.54,1,1
#NW13800,2025-09-18 09:22:00,2025-09,CUST-00629,Identified,POS,Northwood Toronto,paid,fulfilled,CAD,112.0,,0.0,0.0,14.56,126.56,0.0,126.56,1,1
#NW13801,2025-09-24 12:18:00,2025-09,CUST-00348,Identified,Online,Online Store,paid,fulfilled,CAD,72.0,,0.0,12.0,10.92,94.92,0.0,94.92,1,1
#NW13802,2025-09-30 16:02:00,2025-09,CUST-02168,Identified,Online,Online Store,paid,fulfilled,CAD,260.0,,0.0,0.0,33.8,293.8,0.0,293.8,5,3
#NW13803,2025-09-24 13:15:00,2025-09,CUST-02107,Identified,Online,Online Store,paid,fulfilled,CAD,48.0,,0.0,12.0,7.8,67.8,0.0,67.8,1,1
#NW13804,2025-09-28 14:56:00,2025-09,CUST-00630,Identified,Online,Online Store,paid,fulfilled,CAD,166.0,,0.0,0.0,21.58,187.58,0.0,187.58,2,2
#NW13805,2025-09-12 14:41:00,2025-09,CUST-01683,Identified,POS,Northwood Toronto,paid,fulfilled,CAD,130.0,,0.0,0.0,16.9,146.9,0.0,146.9,2,2
#NW13806,2025-09-21 09:39:00,2025-09,CUST-00508,Identified,Online,Online Store,paid,fulfilled,CAD,48.0,,0.0,12.0,7.8,67.8,0.0,67.8,1,1
#NW13807,2025-09-28 14:08:00,2025-09,CUST-01880,Identified,Online,Online Store,paid,fulfilled,CAD,158.0,,0.0,0.0,20.54,178.54,0.0,178.54,1,1
#NW13808,2025-09-19 15:36:00,2025-09,CUST-00029,Identified,Online,Online Store,refunded,fulfilled,CAD,108.0,WELCOME10,10.8,12.0,14.2,123.4,123.4,0.0,1,1
#NW13809,2025-09-25 20:22:00,2025-09,CUST-00638,Identified,Online,Online Store,paid,fulfilled,CAD,218.0,,0.0,0.0,28.34,246.34,0.0,246.34,1,1
#NW13810,2025-09-04 21:54:00,2025-09,CUST-00062,Identified,Online,Online Store,paid,fulfilled,CAD,216.0,,0.0,0.0,28.08,244.08,0.0,244.08,2,1
#NW13811,2025-09-05 09:21:00,2025-09,CUST-01025,Identified,Online,Online Store,paid,fulfilled,CAD,390.0,WELCOME10,39.0,0.0,45.63,396.63,0.0,396.63,4,3
#NW13812,2025-09-13 21:35:00,2025-09,CUST-00927,Identified,POS,Northwood Toronto,paid,fulfilled,CAD,106.0,,0.0,0.0,13.78,119.78,0.0,119.78,2,2
#NW13813,2025-09-23 11:19:00,2025-09,CUST-01928,Identified,Online,Online Store,paid,fulfilled,CAD,316.0,SPRING10,31.6,0.0,36.97,321.37,0.0,321.37,2,1
#NW13814,2025-09-08 20:29:00,2025-09,CUST-00022,Identified,Online,Online Store,paid,fulfilled,CAD,514.0,,0.0,0.0,66.82,580.82,0.0,580.82,3,2
#NW13815,2025-09-08 17:12:00,2025-09,CUST-01534,Identified,Online,Online Store,paid,fulfilled,CAD,128.0,,0.0,0.0,16.64,144.64,0.0,144.64,1,1
#NW13816,2025-09-11 19:03:00,2025-09,CUST-01568,Identified,Online,Online Store,paid,fulfilled,CAD,156.0,,0.0,0.0,20.28,176.28,0.0,176.28,2,1
#NW13817,2025-09-04 10:44:00,2025-09,CUST-01493,Identified,Online,Online Store,refunded,fulfilled,CAD,58.0,,0.0,12.0,9.1,79.1,79.1,0.0,1,1
#NW13818,2025-09-18 17:29:00,2025-09,,Guest / Unidentified,POS,Northwood Toronto,partially_refunded,fulfilled,CAD,38.0,,0.0,0.0,4.94,42.94,19.14,23.799999999999997,1,1
#NW13819,2025-09-02 20:58:00,2025-09,CUST-00747,Identified,Online,Online Store,paid,fulfilled,CAD,212.0,WELCOME10,21.2,0.0,24.8,215.6,0.0,215.6,3,2
#NW13820,2025-09-01 11:09:00,2025-09,CUST-02198,Identified,Online,Online Store,paid,fulfilled,CAD,750.0,,0.0,0.0,97.5,847.5,0.0,847.5,5,3
#NW13821,2025-09-25 10:51:00,2025-09,CUST-01104,Identified,Online,Online Store,paid,fulfilled,CAD,294.0,,0.0,0.0,38.22,332.22,0.0,332.22,3,2
#NW13822,2025-09-13 20:17:00,2025-09,CUST-00446,Identified,Online,Online Store,paid,fulfilled,CAD,96.0,,0.0,12.0,14.04,122.04,0.0,122.04,3,2
#NW13823,2025-09-28 09:47:00,2025-09,,Guest / Unidentified,POS,Northwood Toronto,paid,fulfilled,CAD,136.0,,0.0,0.0,17.68,153.68,0.0,153.68,2,1
#NW13824,2025-09-28 21:49:00,2025-09,CUST-00062,Identified,Online,Online Store,paid,fulfilled,CAD,28.0,,0.0,12.0,5.2,45.2,0.0,45.2,1,1
#NW13825,2025-09-08 15:11:00,2025-09,CUST-01800,Identified,Online,Online Store,paid,fulfilled,CAD,248.0,,0.0,0.0,32.24,280.24,0.0,280.24,3,3
#NW13826,2025-09-03 10:42:00,2025-09,CUST-00663,Identified,Online,Online Store,paid,fulfilled,CAD,88.0,,0.0,12.0,13.0,113.0,0.0,113.0,1,1
#NW13827,2025-09-08 13:38:00,2025-09,CUST-00573,Identified,Online,Online Store,paid,fulfilled,CAD,256.0,SPRING10,25.6,0.0,29.95,260.35,0.0,260.35,2,1
#NW13828,2025-09-16 18:39:00,2025-09,CUST-01449,Identified,Online,Online Store,paid,fulfilled,CAD,316.0,,0.0,0.0,41.08,357.08,0.0,357.08,2,2
#NW13829,2025-09-05 15:41:00,2025-09,CUST-01021,Identified,Online,Online Store,paid,fulfilled,CAD,234.0,,0.0,0.0,30.42,264.42,0.0,264.42,3,3
#NW13830,2025-09-25 17:34:00,2025-09,CUST-01957,Identified,Online,Online Store,paid,fulfilled,CAD,28.0,,0.0,12.0,5.2,45.2,0.0,45.2,1,1
#NW13831,2025-09-02 13:10:00,2025-09,CUST-00693,Identified,Online,Online Store,paid,fulfilled,CAD,256.0,FALL15,38.4,0.0,28.29,245.89,0.0,245.89,2,1
#NW13832,2025-09-11 21:22:00,2025-09,CUST-01472,Identified,Online,Online Store,paid,fulfilled,CAD,354.0,,0.0,0.0,46.02,400.02,0.0,400.02,3,3
#NW13833,2025-09-01 16:01:00,2025-09,CUST-00813,Identified,Online,Online Store,paid,fulfilled,CAD,42.0,,0.0,12.0,7.02,61.02,0.0,61.02,1,1
#NW13834,2025-09-30 12:35:00,2025-09,CUST-00454,Identified,Online,Online Store,paid,fulfilled,CAD,48.0,,0.0,12.0,7.8,67.8,0.0,67.8,1,1
#NW13835,2025-09-20 18:51:00,2025-09,CUST-00777,Identified,Online,Online Store,paid,fulfilled,CAD,184.0,,0.0,0.0,23.92,207.92,0.0,207.92,2,2
#NW13836,2025-09-08 12:10:00,2025-09,CUST-01624,Identified,Online,Online Store,paid,fulfilled,CAD,108.0,,0.0,12.0,15.6,135.6,0.0,135.6,1,1
#NW13837,2025-09-09 16:43:00,2025-09,CUST-00165,Identified,POS,Northwood Toronto,paid,fulfilled,CAD,96.0,WELCOME10,9.6,0.0,11.23,97.63,0.0,97.63,2,2
#NW13838,2025-09-15 19:06:00,2025-09,CUST-00548,Identified,Online,Online Store,paid,fulfilled,CAD,286.0,,0.0,0.0,37.18,323.18,0.0,323.18,2,2
#NW13839,2025-09-28 18:31:00,2025-09,CUST-01617,Identified,Online,Online Store,paid,fulfilled,CAD,302.0,,0.0,0.0,39.26,341.26,0.0,341.26,3,2
#NW13840,2025-09-01 18:12:00,2025-09,CUST-01725,Identified,Online,Online Store,paid,fulfilled,CAD,198.0,,0.0,0.0,25.74,223.74,0.0,223.74,1,1
#NW13841,2025-09-13 09:55:00,2025-09,CUST-01357,Identified,Online,Online Store,paid,fulfilled,CAD,248.0,,0.0,0.0,32.24,280.24,0.0,280.24,1,1
#NW13842,2025-09-16 21:52:00,2025-09,CUST-00130,Identified,Online,Online Store,paid,fulfilled,CAD,98.0,,0.0,12.0,14.3,124.3,0.0,124.3,1,1
#NW13843,2025-09-02 10:30:00,2025-09,CUST-00134,Identified,Online,Online Store,paid,fulfilled,CAD,76.0,,0.0,12.0,11.44,99.44,0.0,99.44,2,1
#NW13844,2025-09-23 18:40:00,2025-09,CUST-00912,Identified,Online,Online Store,paid,fulfilled,CAD,336.0,,0.0,0.0,43.68,379.68,0.0,379.68,2,2
#NW13845,2025-09-03 20:39:00,2025-09,CUST-00816,Identified,POS,Northwood Toronto,paid,fulfilled,CAD,48.0,,0.0,0.0,6.24,54.24,0.0,54.24,1,1
#NW13846,2025-09-23 14:42:00,2025-09,CUST-01964,Identified,Online,Online Store,paid,fulfilled,CAD,96.0,,0.0,12.0,14.04,122.04,0.0,122.04,2,1
#NW13847,2025-09-28 10:14:00,2025-09,CUST-01089,Identified,Online,Online Store,paid,fulfilled,CAD,48.0,,0.0,12.0,7.8,67.8,0.0,67.8,1,1
#NW13848,2025-09-11 13:06:00,2025-09,CUST-00487,Identified,Online,Online Store,paid,fulfilled,CAD,216.0,,0.0,0.0,28.08,244.08,0.0,244.08,2,1
#NW13849,2025-09-27 10:50:00,2025-09,,Guest / Unidentified,POS,Northwood Toronto,paid,fulfilled,CAD,198.0,,0.0,0.0,25.74,223.74,0.0,223.74,1,1
#NW13850,2025-09-15 19:50:00,2025-09,CUST-02004,Identified,Online,Online Store,paid,fulfilled,CAD,382.0,,0.0,0.0,49.66,431.66,0.0,431.66,4,3
#NW13851,2025-09-29 12:15:00,2025-09,CUST-02254,Identified,Online,Online Store,paid,fulfilled,CAD,334.0,,0.0,0.0,43.42,377.42,0.0,377.42,3,3
#NW13852,2025-09-20 14:17:00,2025-09,CUST-02030,Identified,POS,Northwood Toronto,paid,fulfilled,CAD,494.0,,0.0,0.0,64.22,558.22,0.0,558.22,3,2
#NW13853,2025-09-28 19:47:00,2025-09,CUST-00522,Identified,Online,Online Store,paid,fulfilled,CAD,176.0,,0.0,0.0,22.88,198.88,0.0,198.88,2,1
#NW13854,2025-09-22 18:44:00,2025-09,CUST-01331,Identified,Online,Online Store,refunded,fulfilled,CAD,338.0,,0.0,0.0,43.94,381.94,381.93,0.009999999999990905,5,3
#NW13855,2025-09-03 17:11:00,2025-09,CUST-01638,Identified,Online,Online Store,paid,fulfilled,CAD,436.0,,0.0,0.0,56.68,492.68,0.0,492.68,2,1
#NW13856,2025-09-21 09:16:00,2025-09,CUST-02056,Identified,Online,Online Store,paid,fulfilled,CAD,88.0,,0.0,12.0,13.0,113.0,0.0,113.0,1,1
#NW13857,2025-09-05 18:41:00,2025-09,CUST-01593,Identified,POS,Northwood Toronto,paid,fulfilled,CAD,32.0,,0.0,0.0,4.16,36.16,0.0,36.16,1,1
#NW13858,2025-09-02 19:30:00,2025-09,CUST-00539,Identified,Online,Online Store,paid,fulfilled,CAD,28.0,FALL15,4.2,12.0,4.65,40.45,0.0,40.45,1,1
#NW13859,2025-09-30 10:37:00,2025-09,CUST-00450,Identified,Online,Online Store,paid,fulfilled,CAD,28.0,,0.0,12.0,5.2,45.2,0.0,45.2,1,1
#NW13860,2025-09-26 15:29:00,2025-09,CUST-00442,Identified,Online,Online Store,paid,fulfilled,CAD,118.0,,0.0,12.0,16.9,146.9,0.0,146.9,1,1
#NW13861,2025-09-05 19:32:00,2025-09,CUST-01803,Identified,POS,Northwood Toronto,paid,fulfilled,CAD,204.0,,0.0,0.0,26.52,230.52,0.0,230.52,3,2
#NW13862,2025-09-28 13:14:00,2025-09,CUST-00972,Identified,POS,Northwood Toronto,paid,fulfilled,CAD,200.0,HOLIDAY15,30.0,0.0,22.1,192.1,0.0,192.1,2,2
#NW13863,2025-09-04 10:14:00,2025-09,CUST-00638,Identified,POS,Northwood Toronto,paid,fulfilled,CAD,128.0,WELCOME10,12.8,0.0,14.98,130.18,0.0,130.18,1,1
#NW13864,2025-09-21 12:08:00,2025-09,CUST-00114,Identified,Online,Online Store,paid,fulfilled,CAD,98.0,,0.0,12.0,14.3,124.3,0.0,124.3,1,1
#NW13865,2025-09-20 09:58:00,2025-09,CUST-02049,Identified,Online,Online Store,paid,fulfilled,CAD,216.0,,0.0,0.0,28.08,244.08,0.0,244.08,2,1
#NW13866,2025-09-14 21:30:00,2025-09,CUST-00056,Identified,Online,Online Store,paid,fulfilled,CAD,158.0,,0.0,0.0,20.54,178.54,0.0,178.54,1,1
#NW13867,2025-09-04 17:20:00,2025-09,CUST-00969,Identified,Online,Online Store,paid,fulfilled,CAD,240.0,,0.0,0.0,31.2,271.2,0.0,271.2,2,2
#NW13868,2025-09-02 10:24:00,2025-09,CUST-00822,Identified,POS,Northwood Toronto,paid,fulfilled,CAD,390.0,,0.0,0.0,50.7,440.7,0.0,440.7,4,3
#NW13869,2025-09-08 13:16:00,2025-09,CUST-01402,Identified,Online,Online Store,paid,fulfilled,CAD,32.0,,0.0,12.0,5.72,49.72,0.0,49.72,1,1
#NW13870,2025-09-11 20:56:00,2025-09,CUST-01760,Identified,Online,Online Store,paid,fulfilled,CAD,530.0,,0.0,0.0,68.9,598.9,0.0,598.9,5,3
#NW13871,2025-09-05 20:38:00,2025-09,CUST-00033,Identified,Online,Online Store,refunded,fulfilled,CAD,454.0,SPRING10,45.4,0.0,53.12,461.72,461.72,0.0,3,2
#NW13872,2025-09-27 13:54:00,2025-09,CUST-01780,Identified,POS,Northwood Toronto,paid,fulfilled,CAD,190.0,,0.0,0.0,24.7,214.7,0.0,214.7,2,2
#NW13873,2025-09-19 09:27:00,2025-09,CUST-01967,Identified,POS,Northwood Toronto,voided,unfulfilled,CAD,158.0,HOLIDAY15,23.7,0.0,17.46,151.76,0.0,0.0,3,3
#NW13874,2025-09-12 14:05:00,2025-09,CUST-01186,Identified,Online,Online Store,partially_refunded,fulfilled,CAD,88.0,WELCOME10,8.8,12.0,11.86,103.06,51.84,51.22,1,1
#NW13875,2025-09-26 14:58:00,2025-09,CUST-01156,Identified,Online,Online Store,paid,fulfilled,CAD,124.0,,0.0,12.0,17.68,153.68,0.0,153.68,3,2
#NW13876,2025-09-16 18:04:00,2025-09,CUST-01991,Identified,POS,Northwood Toronto,voided,unfulfilled,CAD,248.0,,0.0,0.0,32.24,280.24,0.0,0.0,1,1
#NW13877,2025-09-16 20:43:00,2025-09,CUST-00339,Identified,POS,Northwood Toronto,paid,fulfilled,CAD,200.0,,0.0,0.0,26.0,226.0,0.0,226.0,2,2
#NW13878,2025-09-07 16:52:00,2025-09,,Guest / Unidentified,POS,Northwood Toronto,paid,fulfilled,CAD,38.0,FALL15,5.7,0.0,4.2,36.5,0.0,36.5,1,1
#NW13879,2025-09-18 19:00:00,2025-09,CUST-00764,Identified,Online,Online Store,paid,fulfilled,CAD,128.0,,0.0,0.0,16.64,144.64,0.0,144.64,1,1
#NW13880,2025-09-18 21:56:00,2025-09,CUST-00599,Identified,Online,Online Store,paid,fulfilled,CAD,98.0,,0.0,12.0,14.3,124.3,0.0,124.3,1,1
#NW13881,2025-09-24 21:50:00,2025-09,CUST-00625,Identified,Online,Online Store,paid,fulfilled,CAD,28.0,,0.0,12.0,5.2,45.2,0.0,45.2,1,1
#NW13882,2025-09-21 11:54:00,2025-09,CUST-00661,Identified,Online,Online Store,paid,fulfilled,CAD,176.0,HOLIDAY15,26.4,0.0,19.45,169.05,0.0,169.05,2,1
#NW13883,2025-09-20 14:54:00,2025-09,CUST-02095,Identified,Online,Online Store,paid,fulfilled,CAD,38.0,,0.0,12.0,6.5,56.5,0.0,56.5,1,1
#NW13884,2025-09-02 16:04:00,2025-09,CUST-00766,Identified,Online,Online Store,paid,fulfilled,CAD,432.0,,0.0,0.0,56.16,488.16,0.0,488.16,4,3
#NW13885,2025-09-23 19:18:00,2025-09,CUST-01022,Identified,Online,Online Store,paid,fulfilled,CAD,156.0,,0.0,0.0,20.28,176.28,0.0,176.28,2,1
#NW13886,2025-09-06 15:09:00,2025-09,CUST-01152,Identified,Online,Online Store,paid,fulfilled,CAD,120.0,,0.0,12.0,17.16,149.16,0.0,149.16,2,2
#NW13887,2025-09-17 21:05:00,2025-09,CUST-00450,Identified,Online,Online Store,paid,fulfilled,CAD,176.0,,0.0,0.0,22.88,198.88,0.0,198.88,2,1
#NW13888,2025-09-03 14:06:00,2025-09,CUST-00655,Identified,POS,Northwood Toronto,refunded,fulfilled,CAD,112.0,,0.0,0.0,14.56,126.56,126.56,0.0,1,1
#NW13889,2025-09-02 10:52:00,2025-09,CUST-01080,Identified,Online,Online Store,paid,fulfilled,CAD,374.0,,0.0,0.0,48.62,422.62,0.0,422.62,3,2
#NW13890,2025-09-13 12:31:00,2025-09,CUST-01014,Identified,Online,Online Store,paid,fulfilled,CAD,48.0,,0.0,12.0,7.8,67.8,0.0,67.8,1,1
#NW13891,2025-09-01 14:13:00,2025-09,CUST-00912,Identified,Online,Online Store,paid,fulfilled,CAD,58.0,,0.0,12.0,9.1,79.1,0.0,79.1,1,1
#NW13892,2025-09-20 15:18:00,2025-09,CUST-01758,Identified,POS,Northwood Toronto,paid,fulfilled,CAD,196.0,,0.0,0.0,25.48,221.48,0.0,221.48,2,1
#NW13893,2025-09-26 14:10:00,2025-09,CUST-00813,Identified,Online,Online Store,paid,fulfilled,CAD,76.0,WELCOME10,7.6,12.0,10.45,90.85,0.0,90.85,2,1
#NW13894,2025-09-05 16:52:00,2025-09,CUST-01942,Identified,Online,Online Store,paid,fulfilled,CAD,362.0,,0.0,0.0,47.06,409.06,0.0,409.06,3,2
#NW13895,2025-09-14 13:11:00,2025-09,CUST-01149,Identified,Online,Online Store,paid,fulfilled,CAD,136.0,,0.0,0.0,17.68,153.68,0.0,153.68,2,1
#NW13896,2025-09-14 19:46:00,2025-09,CUST-00423,Identified,Online,Online Store,paid,fulfilled,CAD,176.0,,0.0,0.0,22.88,198.88,0.0,198.88,2,1
#NW13897,2025-09-14 12:38:00,2025-09,CUST-00957,Identified,POS,Northwood Toronto,paid,fulfilled,CAD,346.0,FALL15,51.9,0.0,38.23,332.33,0.0,332.33,2,2
#NW13898,2025-09-23 18:07:00,2025-09,CUST-02058,Identified,POS,Northwood Toronto,paid,fulfilled,CAD,112.0,,0.0,0.0,14.56,126.56,0.0,126.56,1,1
#NW13899,2025-09-21 15:42:00,2025-09,CUST-00743,Identified,POS,Northwood Toronto,paid,fulfilled,CAD,404.0,,0.0,0.0,52.52,456.52,0.0,456.52,3,2
#NW13900,2025-09-30 21:01:00,2025-09,CUST-00773,Identified,Online,Online Store,paid,fulfilled,CAD,624.0,,0.0,0.0,81.12,705.12,0.0,705.12,3,2
#NW13901,2025-09-14 12:07:00,2025-09,CUST-01475,Identified,Online,Online Store,paid,fulfilled,CAD,226.0,,0.0,0.0,29.38,255.38,0.0,255.38,2,2
#NW13902,2025-09-04 15:56:00,2025-09,CUST-00610,Identified,POS,Northwood Toronto,partially_refunded,fulfilled,CAD,376.0,,0.0,0.0,48.88,424.88,121.6,303.28,2,2
#NW13903,2025-09-16 19:33:00,2025-09,,Guest / Unidentified,POS,Northwood Toronto,voided,unfulfilled,CAD,76.0,,0.0,0.0,9.88,85.88,0.0,0.0,2,1
#NW13904,2025-09-21 20:12:00,2025-09,CUST-00494,Identified,Online,Online Store,paid,fulfilled,CAD,118.0,,0.0,12.0,16.9,146.9,0.0,146.9,1,1
#NW13905,2025-09-26 21:54:00,2025-09,CUST-00542,Identified,Online,Online Store,paid,fulfilled,CAD,28.0,,0.0,12.0,5.2,45.2,0.0,45.2,1,1
#NW13906,2025-09-16 20:30:00,2025-09,CUST-01644,Identified,Online,Online Store,paid,fulfilled,CAD,28.0,WELCOME10,2.8,12.0,4.84,42.04,0.0,42.04,1,1
#NW13907,2025-09-04 21:48:00,2025-09,CUST-00035,Identified,Online,Online Store,paid,fulfilled,CAD,112.0,,0.0,12.0,16.12,140.12,0.0,140.12,1,1
#NW13908,2025-09-03 13:37:00,2025-09,CUST-01122,Identified,Online,Online Store,paid,fulfilled,CAD,98.0,,0.0,12.0,14.3,124.3,0.0,124.3,1,1
#NW13909,2025-09-10 14:27:00,2025-09,CUST-02247,Identified,Online,Online Store,paid,fulfilled,CAD,158.0,WELCOME10,15.8,0.0,18.49,160.69,0.0,160.69,1,1
#NW13910,2025-09-05 14:16:00,2025-09,CUST-00599,Identified,Online,Online Store,paid,fulfilled,CAD,198.0,SPRING10,19.8,0.0,23.17,201.37,0.0,201.37,1,1
#NW13911,2025-09-04 16:34:00,2025-09,CUST-01747,Identified,Online,Online Store,paid,fulfilled,CAD,186.0,HOLIDAY15,27.9,0.0,20.55,178.65,0.0,178.65,2,2
#NW13912,2025-09-13 16:48:00,2025-09,CUST-00346,Identified,Online,Online Store,paid,fulfilled,CAD,108.0,,0.0,12.0,15.6,135.6,0.0,135.6,1,1
#NW13913,2025-09-03 17:07:00,2025-09,CUST-02240,Identified,Online,Online Store,paid,fulfilled,CAD,64.0,,0.0,12.0,9.88,85.88,0.0,85.88,2,1
#NW13914,2025-09-24 09:49:00,2025-09,CUST-00818,Identified,Online,Online Store,paid,fulfilled,CAD,792.0,,0.0,0.0,102.96,894.96,0.0,894.96,4,3
#NW13915,2025-09-26 11:00:00,2025-09,CUST-00373,Identified,Online,Online Store,paid,fulfilled,CAD,496.0,,0.0,0.0,64.48,560.48,0.0,560.48,2,1
#NW13916,2025-09-20 09:37:00,2025-09,CUST-01085,Identified,Online,Online Store,paid,fulfilled,CAD,216.0,,0.0,0.0,28.08,244.08,0.0,244.08,2,1
#NW13917,2025-09-05 20:59:00,2025-09,CUST-00365,Identified,Online,Online Store,paid,fulfilled,CAD,224.0,,0.0,0.0,29.12,253.12,0.0,253.12,2,1
#NW13918,2025-09-11 15:09:00,2025-09,CUST-01432,Identified,Online,Online Store,paid,fulfilled,CAD,176.0,,0.0,0.0,22.88,198.88,0.0,198.88,2,1
#NW13919,2025-09-07 16:33:00,2025-09,CUST-01137,Identified,Online,Online Store,paid,fulfilled,CAD,362.0,,0.0,0.0,47.06,409.06,0.0,409.06,4,3
#NW13920,2025-09-24 14:04:00,2025-09,CUST-01256,Identified,POS,Northwood Toronto,paid,fulfilled,CAD,116.0,FALL15,17.4,0.0,12.82,111.42,0.0,111.42,2,2
#NW13921,2025-09-28 21:59:00,2025-09,CUST-00948,Identified,Online,Online Store,paid,fulfilled,CAD,284.0,,0.0,0.0,36.92,320.92,0.0,320.92,3,3
#NW13922,2025-09-07 21:25:00,2025-09,CUST-00909,Identified,Online,Online Store,paid,fulfilled,CAD,218.0,,0.0,0.0,28.34,246.34,0.0,246.34,1,1
#NW13923,2025-09-21 09:31:00,2025-09,CUST-02115,Identified,Online,Online Store,paid,fulfilled,CAD,78.0,,0.0,12.0,11.7,101.7,0.0,101.7,1,1
#NW13924,2025-09-09 09:08:00,2025-09,CUST-01746,Identified,POS,Northwood Toronto,paid,fulfilled,CAD,216.0,HOLIDAY15,32.4,0.0,23.87,207.47,0.0,207.47,2,1
#NW13925,2025-09-02 17:29:00,2025-09,CUST-01963,Identified,POS,Northwood Toronto,paid,fulfilled,CAD,256.0,SPRING10,25.6,0.0,29.95,260.35,0.0,260.35,2,1
#NW13926,2025-09-28 21:27:00,2025-09,CUST-00252,Identified,Online,Online Store,paid,fulfilled,CAD,444.0,,0.0,0.0,57.72,501.72,0.0,501.72,3,2
#NW13927,2025-09-06 15:40:00,2025-09,CUST-01513,Identified,POS,Northwood Toronto,paid,fulfilled,CAD,454.0,,0.0,0.0,59.02,513.02,0.0,513.02,3,2
#NW13928,2025-09-01 19:43:00,2025-09,CUST-01750,Identified,Online,Online Store,paid,fulfilled,CAD,108.0,,0.0,12.0,15.6,135.6,0.0,135.6,1,1
#NW13929,2025-09-20 21:59:00,2025-09,CUST-00183,Identified,Online,Online Store,paid,fulfilled,CAD,280.0,,0.0,0.0,36.4,316.4,0.0,316.4,2,2
#NW13930,2025-09-30 11:44:00,2025-09,CUST-02015,Identified,Online,Online Store,paid,fulfilled,CAD,334.0,,0.0,0.0,43.42,377.42,0.0,377.42,5,4
#NW13931,2025-09-05 18:12:00,2025-09,CUST-01408,Identified,Online,Online Store,paid,fulfilled,CAD,28.0,,0.0,12.0,5.2,45.2,0.0,45.2,1,1
#NW13932,2025-09-26 12:40:00,2025-09,CUST-00451,Identified,Online,Online Store,partially_refunded,fulfilled,CAD,28.0,,0.0,12.0,5.2,45.2,8.33,36.870000000000005,1,1
#NW13933,2025-09-16 10:53:00,2025-09,CUST-01103,Identified,Online,Online Store,paid,fulfilled,CAD,750.0,,0.0,0.0,97.5,847.5,0.0,847.5,5,4
#NW13934,2025-09-22 11:05:00,2025-09,CUST-01490,Identified,Online,Online Store,paid,fulfilled,CAD,248.0,,0.0,0.0,32.24,280.24,0.0,280.24,1,1
#NW13935,2025-09-07 10:42:00,2025-09,CUST-01150,Identified,Online,Online Store,paid,fulfilled,CAD,248.0,,0.0,0.0,32.24,280.24,0.0,280.24,1,1
#NW13936,2025-09-16 18:22:00,2025-09,CUST-00576,Identified,Online,Online Store,paid,fulfilled,CAD,236.0,SPRING10,23.6,0.0,27.61,240.01,0.0,240.01,2,1
#NW13937,2025-09-22 18:19:00,2025-09,CUST-00437,Identified,Online,Online Store,paid,fulfilled,CAD,42.0,,0.0,12.0,7.02,61.02,0.0,61.02,1,1
#NW13938,2025-09-17 18:41:00,2025-09,CUST-01350,Identified,Online,Online Store,paid,fulfilled,CAD,542.0,,0.0,0.0,70.46,612.46,0.0,612.46,4,3
#NW13939,2025-09-30 18:50:00,2025-09,CUST-01012,Identified,Online,Online Store,paid,fulfilled,CAD,48.0,,0.0,12.0,7.8,67.8,0.0,67.8,1,1
#NW13940,2025-09-16 15:37:00,2025-09,CUST-01311,Identified,Online,Online Store,paid,fulfilled,CAD,232.0,,0.0,0.0,30.16,262.16,0.0,262.16,4,3
#NW13941,2025-09-06 17:00:00,2025-09,CUST-00195,Identified,Online,Online Store,paid,fulfilled,CAD,128.0,FALL15,19.2,0.0,14.14,122.94,0.0,122.94,1,1
#NW13942,2025-09-18 15:20:00,2025-09,CUST-00316,Identified,Online,Online Store,paid,fulfilled,CAD,224.0,,0.0,0.0,29.12,253.12,0.0,253.12,2,1
#NW13943,2025-09-08 21:03:00,2025-09,CUST-00168,Identified,Online,Online Store,paid,fulfilled,CAD,126.0,,0.0,0.0,16.38,142.38,0.0,142.38,2,2
#NW13944,2025-09-23 11:53:00,2025-09,CUST-00045,Identified,Online,Online Store,paid,fulfilled,CAD,198.0,,0.0,0.0,25.74,223.74,0.0,223.74,1,1
#NW13945,2025-09-10 19:13:00,2025-09,CUST-00214,Identified,POS,Northwood Toronto,paid,fulfilled,CAD,176.0,,0.0,0.0,22.88,198.88,0.0,198.88,2,1
#NW13946,2025-09-20 15:06:00,2025-09,CUST-00953,Identified,Online,Online Store,paid,fulfilled,CAD,112.0,,0.0,12.0,16.12,140.12,0.0,140.12,1,1
#NW13947,2025-09-14 12:13:00,2025-09,CUST-01318,Identified,Online,Online Store,paid,fulfilled,CAD,108.0,,0.0,12.0,15.6,135.6,0.0,135.6,1,1
#NW13948,2025-09-02 15:10:00,2025-09,CUST-00869,Identified,Online,Online Store,paid,fulfilled,CAD,218.0,,0.0,0.0,28.34,246.34,0.0,246.34,1,1
#NW13949,2025-09-15 10:13:00,2025-09,CUST-01169,Identified,POS,Northwood Toronto,paid,fulfilled,CAD,392.0,,0.0,0.0,50.96,442.96,0.0,442.96,3,2
#NW13950,2025-09-14 13:40:00,2025-09,CUST-01384,Identified,Online,Online Store,paid,fulfilled,CAD,642.0,,0.0,0.0,83.46,725.46,0.0,725.46,4,3
#NW13951,2025-09-15 09:28:00,2025-09,CUST-01148,Identified,Online,Online Store,paid,fulfilled,CAD,226.0,,0.0,0.0,29.38,255.38,0.0,255.38,2,2
#NW13952,2025-09-17 15:50:00,2025-09,CUST-00413,Identified,Online,Online Store,paid,fulfilled,CAD,88.0,,0.0,12.0,13.0,113.0,0.0,113.0,1,1
#NW13953,2025-09-09 10:18:00,2025-09,CUST-01400,Identified,Online,Online Store,paid,fulfilled,CAD,228.0,,0.0,0.0,29.64,257.64,0.0,257.64,3,3
#NW13954,2025-09-29 16:49:00,2025-09,CUST-00758,Identified,Online,Online Store,voided,unfulfilled,CAD,88.0,,0.0,12.0,13.0,113.0,0.0,0.0,1,1
#NW13955,2025-09-09 14:09:00,2025-09,CUST-01034,Identified,Online,Online Store,paid,fulfilled,CAD,714.0,,0.0,0.0,92.82,806.82,0.0,806.82,3,2
#NW13956,2025-09-12 17:14:00,2025-09,CUST-02013,Identified,Online,Online Store,paid,fulfilled,CAD,72.0,,0.0,12.0,10.92,94.92,0.0,94.92,1,1
#NW13957,2025-09-09 18:44:00,2025-09,CUST-00033,Identified,POS,Northwood Toronto,paid,fulfilled,CAD,160.0,,0.0,0.0,20.8,180.8,0.0,180.8,2,2
#NW13958,2025-09-11 16:48:00,2025-09,CUST-01370,Identified,Online,Online Store,paid,fulfilled,CAD,396.0,,0.0,0.0,51.48,447.48,0.0,447.48,2,1
#NW13959,2025-09-27 13:48:00,2025-09,CUST-01247,Identified,POS,Northwood Toronto,paid,fulfilled,CAD,88.0,,0.0,0.0,11.44,99.44,0.0,99.44,1,1
#NW13960,2025-09-11 11:02:00,2025-09,CUST-00457,Identified,Online,Online Store,paid,fulfilled,CAD,158.0,,0.0,0.0,20.54,178.54,0.0,178.54,1,1
#NW13961,2025-09-13 09:23:00,2025-09,CUST-00167,Identified,Online,Online Store,paid,fulfilled,CAD,88.0,,0.0,12.0,13.0,113.0,0.0,113.0,1,1
#NW13962,2025-09-13 15:55:00,2025-09,CUST-00056,Identified,Online,Online Store,paid,fulfilled,CAD,98.0,WELCOME10,9.8,12.0,13.03,113.23,0.0,113.23,1,1
#NW13963,2025-09-22 09:01:00,2025-09,CUST-00662,Identified,Online,Online Store,paid,fulfilled,CAD,830.0,SPRING10,83.0,0.0,97.11,844.11,0.0,844.11,5,3
#NW13964,2025-09-18 19:22:00,2025-09,CUST-02261,Identified,POS,Northwood Toronto,paid,fulfilled,CAD,332.0,,0.0,0.0,43.16,375.16,0.0,375.16,4,2
#NW13965,2025-09-15 19:37:00,2025-09,CUST-01080,Identified,POS,Northwood Toronto,paid,fulfilled,CAD,494.0,,0.0,0.0,64.22,558.22,0.0,558.22,5,4
#NW13966,2025-09-25 20:24:00,2025-09,CUST-01864,Identified,Online,Online Store,paid,fulfilled,CAD,48.0,,0.0,12.0,7.8,67.8,0.0,67.8,1,1
#NW13967,2025-09-21 18:46:00,2025-09,CUST-01357,Identified,Online,Online Store,paid,fulfilled,CAD,174.0,WELCOME10,17.4,0.0,20.36,176.96,0.0,176.96,3,2
#NW13968,2025-09-02 21:20:00,2025-09,CUST-01477,Identified,POS,Northwood Toronto,refunded,fulfilled,CAD,112.0,,0.0,0.0,14.56,126.56,126.56,0.0,1,1
#NW13969,2025-09-01 20:33:00,2025-09,CUST-00600,Identified,Online,Online Store,paid,fulfilled,CAD,42.0,,0.0,12.0,7.02,61.02,0.0,61.02,1,1
#NW13970,2025-09-25 12:48:00,2025-09,CUST-01481,Identified,Online,Online Store,paid,fulfilled,CAD,246.0,,0.0,0.0,31.98,277.98,0.0,277.98,2,2
#NW13971,2025-09-20 21:33:00,2025-09,CUST-02167,Identified,Online,Online Store,paid,fulfilled,CAD,88.0,WELCOME10,8.8,12.0,11.86,103.06,0.0,103.06,1,1
#NW13972,2025-09-01 19:32:00,2025-09,CUST-01980,Identified,POS,Northwood Toronto,paid,fulfilled,CAD,666.0,HOLIDAY15,99.9,0.0,73.59,639.69,0.0,639.69,4,3
#NW13973,2025-09-05 09:17:00,2025-09,CUST-00753,Identified,Online,Online Store,paid,fulfilled,CAD,118.0,SPRING10,11.8,12.0,15.37,133.57,0.0,133.57,1,1
#NW13974,2025-09-14 11:32:00,2025-09,CUST-00976,Identified,Online,Online Store,paid,fulfilled,CAD,88.0,,0.0,12.0,13.0,113.0,0.0,113.0,1,1
#NW13975,2025-09-14 21:47:00,2025-09,CUST-00142,Identified,Online,Online Store,paid,fulfilled,CAD,288.0,,0.0,0.0,37.44,325.44,0.0,325.44,3,2
#NW13976,2025-09-09 11:02:00,2025-09,CUST-01131,Identified,Online,Online Store,paid,fulfilled,CAD,88.0,,0.0,12.0,13.0,113.0,0.0,113.0,1,1
#NW13977,2025-09-06 17:37:00,2025-09,CUST-00861,Identified,POS,Northwood Toronto,paid,fulfilled,CAD,296.0,,0.0,0.0,38.48,334.48,0.0,334.48,2,2
#NW13978,2025-09-05 11:47:00,2025-09,CUST-01574,Identified,Online,Online Store,paid,fulfilled,CAD,374.0,,0.0,0.0,48.62,422.62,0.0,422.62,3,3
#NW13979,2025-09-04 13:05:00,2025-09,CUST-01259,Identified,Online,Online Store,paid,fulfilled,CAD,112.0,,0.0,12.0,16.12,140.12,0.0,140.12,1,1
#NW13980,2025-09-05 16:21:00,2025-09,CUST-00436,Identified,Online,Online Store,paid,fulfilled,CAD,42.0,,0.0,12.0,7.02,61.02,0.0,61.02,1,1
#NW13981,2025-09-28 10:32:00,2025-09,CUST-00730,Identified,Online,Online Store,partially_refunded,fulfilled,CAD,108.0,,0.0,12.0,15.6,135.6,72.2,63.39999999999999,1,1
#NW13982,2025-09-03 14:09:00,2025-09,CUST-00493,Identified,POS,Northwood Toronto,paid,fulfilled,CAD,116.0,,0.0,0.0,15.08,131.08,0.0,131.08,2,1
#NW13983,2025-09-12 16:42:00,2025-09,CUST-00169,Identified,Online,Online Store,paid,fulfilled,CAD,158.0,HOLIDAY15,23.7,0.0,17.46,151.76,0.0,151.76,1,1
#NW13984,2025-09-27 19:40:00,2025-09,CUST-00781,Identified,Online,Online Store,paid,fulfilled,CAD,436.0,,0.0,0.0,56.68,492.68,0.0,492.68,2,1
#NW13985,2025-09-20 09:39:00,2025-09,CUST-00791,Identified,Online,Online Store,paid,fulfilled,CAD,218.0,,0.0,0.0,28.34,246.34,0.0,246.34,1,1
#NW13986,2025-09-20 17:50:00,2025-09,CUST-01826,Identified,Online,Online Store,paid,fulfilled,CAD,692.0,,0.0,0.0,89.96,781.96,0.0,781.96,4,3
#NW13987,2025-09-18 18:09:00,2025-09,CUST-01995,Identified,POS,Northwood Toronto,paid,fulfilled,CAD,198.0,,0.0,0.0,25.74,223.74,0.0,223.74,1,1
#NW13988,2025-09-03 12:02:00,2025-09,CUST-00147,Identified,Online,Online Store,paid,fulfilled,CAD,128.0,,0.0,0.0,16.64,144.64,0.0,144.64,1,1
#NW13989,2025-09-03 10:55:00,2025-09,CUST-02239,Identified,Online,Online Store,paid,fulfilled,CAD,198.0,,0.0,0.0,25.74,223.74,0.0,223.74,1,1
#NW13990,2025-09-03 18:20:00,2025-09,CUST-01070,Identified,Online,Online Store,partially_refunded,fulfilled,CAD,196.0,,0.0,0.0,25.48,221.48,112.76,108.71999999999998,2,2
#NW13991,2025-09-21 11:57:00,2025-09,CUST-01405,Identified,Online,Online Store,paid,fulfilled,CAD,136.0,,0.0,0.0,17.68,153.68,0.0,153.68,2,2
#NW13992,2025-09-25 14:40:00,2025-09,CUST-01235,Identified,POS,Northwood Toronto,paid,fulfilled,CAD,76.0,,0.0,0.0,9.88,85.88,0.0,85.88,2,1
#NW13993,2025-09-04 12:58:00,2025-09,CUST-00339,Identified,Online,Online Store,paid,fulfilled,CAD,274.0,WELCOME10,27.4,0.0,32.06,278.66,0.0,278.66,3,2
#NW13994,2025-09-22 15:14:00,2025-09,CUST-00427,Identified,Online,Online Store,paid,fulfilled,CAD,236.0,,0.0,0.0,30.68,266.68,0.0,266.68,2,1
#NW13995,2025-09-07 15:03:00,2025-09,CUST-00416,Identified,POS,Northwood Toronto,paid,fulfilled,CAD,56.0,,0.0,0.0,7.28,63.28,0.0,63.28,2,1
#NW13996,2025-09-21 11:01:00,2025-09,CUST-00828,Identified,Online,Online Store,refunded,fulfilled,CAD,48.0,,0.0,12.0,7.8,67.8,67.8,0.0,1,1
#NW13997,2025-09-07 12:05:00,2025-09,CUST-01669,Identified,Online,Online Store,paid,fulfilled,CAD,158.0,FALL15,23.7,0.0,17.46,151.76,0.0,151.76,1,1
#NW13998,2025-09-25 12:35:00,2025-09,CUST-00630,Identified,Online,Online Store,paid,fulfilled,CAD,356.0,,0.0,0.0,46.28,402.28,0.0,402.28,2,2
#NW13999,2025-09-11 20:40:00,2025-09,CUST-00180,Identified,Online,Online Store,refunded,fulfilled,CAD,98.0,,0.0,12.0,14.3,124.3,124.3,0.0,1,1
#NW14000,2025-09-16 10:56:00,2025-09,CUST-00524,Identified,Online,Online Store,paid,fulfilled,CAD,110.0,,0.0,12.0,15.86,137.86,0.0,137.86,2,2
#NW14001,2025-09-05 13:48:00,2025-09,CUST-00786,Identified,POS,Northwood Toronto,partially_refunded,fulfilled,CAD,176.0,,0.0,0.0,22.88,198.88,74.1,124.78,2,1
#NW14002,2025-09-22 20:05:00,2025-09,CUST-01713,Identified,Online,Online Store,partially_refunded,fulfilled,CAD,304.0,,0.0,0.0,39.52,343.52,96.46,247.06,3,2
#NW14003,2025-09-12 15:17:00,2025-09,CUST-02255,Identified,Online,Online Store,paid,fulfilled,CAD,88.0,,0.0,12.0,13.0,113.0,0.0,113.0,1,1
#NW14004,2025-09-02 10:14:00,2025-09,CUST-00437,Identified,Online,Online Store,paid,fulfilled,CAD,158.0,,0.0,0.0,20.54,178.54,0.0,178.54,1,1
#NW14005,2025-09-01 11:28:00,2025-09,CUST-01296,Identified,POS,Northwood Toronto,paid,fulfilled,CAD,42.0,,0.0,0.0,5.46,47.46,0.0,47.46,1,1
#NW14006,2025-09-01 12:25:00,2025-09,CUST-02296,Identified,Online,Online Store,paid,fulfilled,CAD,324.0,,0.0,0.0,42.12,366.12,0.0,366.12,3,2
#NW14007,2025-09-07 18:55:00,2025-09,CUST-01423,Identified,Online,Online Store,paid,fulfilled,CAD,136.0,,0.0,0.0,17.68,153.68,0.0,153.68,2,2
#NW14008,2025-09-14 18:49:00,2025-09,CUST-00657,Identified,Online,Online Store,paid,fulfilled,CAD,158.0,,0.0,0.0,20.54,178.54,0.0,178.54,1,1
#NW14009,2025-09-19 15:13:00,2025-09,CUST-01837,Identified,Online,Online Store,paid,fulfilled,CAD,160.0,SPRING10,16.0,0.0,18.72,162.72,0.0,162.72,2,2
#NW14010,2025-09-03 15:00:00,2025-09,CUST-00481,Identified,Online,Online Store,paid,fulfilled,CAD,68.0,,0.0,12.0,10.4,90.4,0.0,90.4,1,1
#NW14011,2025-09-20 12:59:00,2025-09,CUST-01787,Identified,Online,Online Store,paid,fulfilled,CAD,38.0,,0.0,12.0,6.5,56.5,0.0,56.5,1,1
#NW14012,2025-09-07 15:34:00,2025-09,CUST-00278,Identified,Online,Online Store,paid,fulfilled,CAD,88.0,,0.0,12.0,13.0,113.0,0.0,113.0,1,1
#NW14013,2025-09-26 10:31:00,2025-09,CUST-01978,Identified,POS,Northwood Toronto,paid,fulfilled,CAD,78.0,,0.0,0.0,10.14,88.14,0.0,88.14,1,1
#NW14014,2025-09-05 21:50:00,2025-09,CUST-01856,Identified,POS,Northwood Toronto,paid,fulfilled,CAD,88.0,,0.0,0.0,11.44,99.44,0.0,99.44,1,1
#NW14015,2025-09-19 11:59:00,2025-09,CUST-00568,Identified,Online,Online Store,refunded,fulfilled,CAD,446.0,,0.0,0.0,57.98,503.98,504.0,-0.01999999999998181,4,4
#NW14016,2025-09-12 14:00:00,2025-09,CUST-00511,Identified,Online,Online Store,paid,fulfilled,CAD,162.0,,0.0,0.0,21.06,183.06,0.0,183.06,3,2
#NW14017,2025-09-21 21:41:00,2025-09,CUST-00090,Identified,Online,Online Store,paid,fulfilled,CAD,436.0,,0.0,0.0,56.68,492.68,0.0,492.68,2,1
#NW14018,2025-09-13 21:19:00,2025-09,CUST-00718,Identified,Online,Online Store,paid,fulfilled,CAD,204.0,WELCOME10,20.4,0.0,23.87,207.47,0.0,207.47,3,2
#NW14019,2025-09-19 11:15:00,2025-09,CUST-01123,Identified,Online,Online Store,paid,fulfilled,CAD,108.0,,0.0,12.0,15.6,135.6,0.0,135.6,1,1
#NW14020,2025-09-27 15:59:00,2025-09,CUST-00529,Identified,Online,Online Store,paid,fulfilled,CAD,248.0,,0.0,0.0,32.24,280.24,0.0,280.24,1,1
#NW14021,2025-09-08 14:08:00,2025-09,CUST-01187,Identified,Online,Online Store,paid,fulfilled,CAD,42.0,FALL15,6.3,12.0,6.2,53.9,0.0,53.9,1,1
#NW14022,2025-09-12 21:39:00,2025-09,CUST-00187,Identified,Online,Online Store,paid,fulfilled,CAD,128.0,SPRING10,12.8,0.0,14.98,130.18,0.0,130.18,1,1
#NW14023,2025-09-22 18:23:00,2025-09,CUST-02320,Identified,Online,Online Store,voided,unfulfilled,CAD,88.0,,0.0,12.0,13.0,113.0,0.0,0.0,1,1
#NW14024,2025-09-20 21:56:00,2025-09,CUST-00250,Identified,POS,Northwood Toronto,paid,fulfilled,CAD,190.0,,0.0,0.0,24.7,214.7,0.0,214.7,2,2
#NW14025,2025-09-01 10:33:00,2025-09,CUST-00780,Identified,Online,Online Store,paid,fulfilled,CAD,496.0,,0.0,0.0,64.48,560.48,0.0,560.48,2,1
#NW14026,2025-09-19 18:39:00,2025-09,CUST-01629,Identified,Online,Online Store,paid,fulfilled,CAD,318.0,,0.0,0.0,41.34,359.34,0.0,359.34,5,3
#NW14027,2025-09-18 14:37:00,2025-09,CUST-02028,Identified,Online,Online Store,paid,fulfilled,CAD,42.0,,0.0,12.0,7.02,61.02,0.0,61.02,1,1
#NW14028,2025-09-06 20:19:00,2025-09,CUST-01686,Identified,POS,Northwood Toronto,paid,fulfilled,CAD,164.0,,0.0,0.0,21.32,185.32,0.0,185.32,3,3
#NW14029,2025-09-24 09:39:00,2025-09,CUST-02181,Identified,Online,Online Store,paid,fulfilled,CAD,420.0,,0.0,0.0,54.6,474.6,0.0,474.6,5,3
#NW14030,2025-09-12 18:11:00,2025-09,CUST-02104,Identified,POS,Northwood Toronto,voided,unfulfilled,CAD,108.0,HOLIDAY15,16.2,0.0,11.93,103.73,0.0,0.0,1,1
#NW14031,2025-09-13 20:15:00,2025-09,CUST-00308,Identified,Online,Online Store,paid,fulfilled,CAD,254.0,,0.0,0.0,33.02,287.02,0.0,287.02,3,2
#NW14032,2025-09-21 14:14:00,2025-09,CUST-01498,Identified,Online,Online Store,paid,fulfilled,CAD,194.0,,0.0,0.0,25.22,219.22,0.0,219.22,3,2
#NW14033,2025-09-19 15:43:00,2025-09,CUST-01794,Identified,Online,Online Store,paid,fulfilled,CAD,68.0,,0.0,12.0,10.4,90.4,0.0,90.4,1,1
#NW14034,2025-09-15 21:51:00,2025-09,CUST-02087,Identified,Online,Online Store,paid,fulfilled,CAD,72.0,,0.0,12.0,10.92,94.92,0.0,94.92,1,1
#NW14035,2025-09-22 16:13:00,2025-09,CUST-01574,Identified,Online,Online Store,paid,fulfilled,CAD,38.0,FALL15,5.7,12.0,5.76,50.06,0.0,50.06,1,1
#NW14036,2025-09-15 21:28:00,2025-09,CUST-01036,Identified,Online,Online Store,paid,fulfilled,CAD,98.0,,0.0,12.0,14.3,124.3,0.0,124.3,1,1
#NW14037,2025-09-09 10:47:00,2025-09,CUST-01713,Identified,Online,Online Store,paid,fulfilled,CAD,198.0,,0.0,0.0,25.74,223.74,0.0,223.74,1,1
#NW14038,2025-09-18 13:33:00,2025-09,CUST-01599,Identified,Online,Online Store,refunded,fulfilled,CAD,172.0,,0.0,0.0,22.36,194.36,194.36,0.0,3,2
#NW14039,2025-09-10 15:49:00,2025-09,CUST-01642,Identified,Online,Online Store,paid,fulfilled,CAD,48.0,,0.0,12.0,7.8,67.8,0.0,67.8,1,1
#NW14040,2025-09-02 09:41:00,2025-09,CUST-01113,Identified,Online,Online Store,paid,fulfilled,CAD,98.0,,0.0,12.0,14.3,124.3,0.0,124.3,1,1
#NW14041,2025-09-17 10:17:00,2025-09,CUST-01357,Identified,POS,Northwood Toronto,paid,fulfilled,CAD,152.0,,0.0,0.0,19.76,171.76,0.0,171.76,4,2
#NW14042,2025-09-02 10:08:00,2025-09,CUST-00459,Identified,Online,Online Store,voided,unfulfilled,CAD,218.0,,0.0,0.0,28.34,246.34,0.0,0.0,1,1
#NW14043,2025-09-13 21:11:00,2025-09,CUST-01246,Identified,Online,Online Store,paid,fulfilled,CAD,76.0,,0.0,12.0,11.44,99.44,0.0,99.44,2,1
#NW14044,2025-09-19 16:18:00,2025-09,CUST-02175,Identified,POS,Northwood Toronto,paid,fulfilled,CAD,1208.0,,0.0,0.0,157.04,1365.04,0.0,1365.04,6,3
#NW14045,2025-09-15 10:21:00,2025-09,CUST-01013,Identified,Online,Online Store,paid,fulfilled,CAD,224.0,,0.0,0.0,29.12,253.12,0.0,253.12,3,3
#NW14046,2025-09-29 09:19:00,2025-09,CUST-00893,Identified,Online,Online Store,paid,fulfilled,CAD,166.0,,0.0,0.0,21.58,187.58,0.0,187.58,2,2
#NW14047,2025-09-06 13:58:00,2025-09,CUST-00714,Identified,Online,Online Store,paid,fulfilled,CAD,256.0,,0.0,0.0,33.28,289.28,0.0,289.28,2,2
#NW14048,2025-09-18 16:27:00,2025-09,CUST-00037,Identified,Online,Online Store,paid,fulfilled,CAD,712.0,,0.0,0.0,92.56,804.56,0.0,804.56,4,3
#NW14049,2025-09-02 11:01:00,2025-09,CUST-02072,Identified,Online,Online Store,paid,fulfilled,CAD,248.0,,0.0,0.0,32.24,280.24,0.0,280.24,1,1
#NW14050,2025-09-10 15:25:00,2025-09,CUST-01605,Identified,Online,Online Store,paid,fulfilled,CAD,316.0,,0.0,0.0,41.08,357.08,0.0,357.08,2,1
#NW14051,2025-09-03 15:48:00,2025-09,CUST-00511,Identified,Online,Online Store,paid,fulfilled,CAD,496.0,,0.0,0.0,64.48,560.48,0.0,560.48,2,1
#NW14052,2025-09-14 12:15:00,2025-09,CUST-02151,Identified,Online,Online Store,partially_refunded,fulfilled,CAD,460.0,,0.0,0.0,59.8,519.8,266.86,252.93999999999994,4,2
#NW14053,2025-09-07 17:47:00,2025-09,CUST-01061,Identified,Online,Online Store,paid,fulfilled,CAD,126.0,,0.0,0.0,16.38,142.38,0.0,142.38,2,2
#NW14054,2025-09-24 11:23:00,2025-09,CUST-01243,Identified,Online,Online Store,paid,fulfilled,CAD,68.0,,0.0,12.0,10.4,90.4,0.0,90.4,1,1
#NW14055,2025-09-25 17:29:00,2025-09,CUST-00903,Identified,Online,Online Store,paid,fulfilled,CAD,496.0,,0.0,0.0,64.48,560.48,0.0,560.48,2,1
#NW14056,2025-09-14 09:25:00,2025-09,CUST-00946,Identified,Online,Online Store,paid,fulfilled,CAD,78.0,,0.0,12.0,11.7,101.7,0.0,101.7,1,1
#NW14057,2025-09-17 14:24:00,2025-09,CUST-01100,Identified,Online,Online Store,paid,fulfilled,CAD,128.0,,0.0,0.0,16.64,144.64,0.0,144.64,1,1
#NW14058,2025-09-13 17:12:00,2025-09,CUST-02262,Identified,Online,Online Store,paid,fulfilled,CAD,218.0,,0.0,0.0,28.34,246.34,0.0,246.34,1,1
#NW14059,2025-09-19 15:56:00,2025-09,CUST-00488,Identified,Online,Online Store,paid,fulfilled,CAD,248.0,HOLIDAY15,37.2,0.0,27.4,238.2,0.0,238.2,1,1
#NW14060,2025-09-15 14:06:00,2025-09,CUST-00701,Identified,Online,Online Store,paid,fulfilled,CAD,262.0,HOLIDAY15,39.3,0.0,28.95,251.65,0.0,251.65,4,3
#NW14061,2025-09-14 17:05:00,2025-09,CUST-01820,Identified,Online,Online Store,paid,fulfilled,CAD,78.0,,0.0,12.0,11.7,101.7,0.0,101.7,1,1
#NW14062,2025-09-22 13:31:00,2025-09,CUST-00187,Identified,Online,Online Store,paid,fulfilled,CAD,358.0,,0.0,0.0,46.54,404.54,0.0,404.54,3,3
#NW14063,2025-09-29 12:45:00,2025-09,CUST-02186,Identified,Online,Online Store,paid,fulfilled,CAD,78.0,,0.0,12.0,11.7,101.7,0.0,101.7,1,1
#NW14064,2025-09-07 11:46:00,2025-09,,Guest / Unidentified,POS,Northwood Toronto,paid,fulfilled,CAD,284.0,FALL15,42.6,0.0,31.38,272.78,0.0,272.78,3,3
#NW14065,2025-09-07 11:36:00,2025-09,CUST-01196,Identified,Online,Online Store,paid,fulfilled,CAD,184.0,SPRING10,18.4,0.0,21.53,187.13,0.0,187.13,3,2
#NW14066,2025-09-22 20:35:00,2025-09,CUST-00401,Identified,Online,Online Store,paid,fulfilled,CAD,28.0,,0.0,12.0,5.2,45.2,0.0,45.2,1,1
#NW14067,2025-09-02 09:36:00,2025-09,CUST-00607,Identified,Online,Online Store,paid,fulfilled,CAD,584.0,,0.0,0.0,75.92,659.92,0.0,659.92,3,2
#NW14068,2025-09-25 13:50:00,2025-09,CUST-01138,Identified,Online,Online Store,paid,fulfilled,CAD,38.0,,0.0,12.0,6.5,56.5,0.0,56.5,1,1
#NW14069,2025-09-06 18:14:00,2025-09,CUST-01469,Identified,Online,Online Store,paid,fulfilled,CAD,192.0,,0.0,0.0,24.96,216.96,0.0,216.96,3,3
#NW14070,2025-09-16 21:36:00,2025-09,CUST-00508,Identified,POS,Northwood Toronto,paid,fulfilled,CAD,334.0,FALL15,50.1,0.0,36.91,320.81,0.0,320.81,3,3
#NW14071,2025-09-08 14:31:00,2025-09,,Guest / Unidentified,POS,Northwood Toronto,paid,fulfilled,CAD,524.0,SPRING10,52.4,0.0,61.31,532.91,0.0,532.91,3,2
#NW14072,2025-09-18 13:49:00,2025-09,CUST-01020,Identified,Online,Online Store,paid,fulfilled,CAD,256.0,,0.0,0.0,33.28,289.28,0.0,289.28,3,2
#NW14073,2025-09-03 11:12:00,2025-09,CUST-01962,Identified,Online,Online Store,paid,fulfilled,CAD,38.0,,0.0,12.0,6.5,56.5,0.0,56.5,1,1
#NW14074,2025-09-02 17:54:00,2025-09,CUST-02190,Identified,POS,Northwood Toronto,paid,fulfilled,CAD,84.0,,0.0,0.0,10.92,94.92,0.0,94.92,2,1
#NW14075,2025-09-17 16:22:00,2025-09,CUST-00222,Identified,Online,Online Store,paid,fulfilled,CAD,308.0,,0.0,0.0,40.04,348.04,0.0,348.04,3,3
#NW14076,2025-09-23 11:18:00,2025-09,CUST-00006,Identified,Online,Online Store,paid,fulfilled,CAD,256.0,,0.0,0.0,33.28,289.28,0.0,289.28,2,1
#NW14077,2025-09-17 21:35:00,2025-09,CUST-01805,Identified,Online,Online Store,paid,fulfilled,CAD,198.0,,0.0,0.0,25.74,223.74,0.0,223.74,1,1
#NW14078,2025-09-03 16:59:00,2025-09,CUST-02256,Identified,Online,Online Store,paid,fulfilled,CAD,344.0,SPRING10,34.4,0.0,40.25,349.85,0.0,349.85,5,3
#NW14079,2025-09-30 15:58:00,2025-09,CUST-02124,Identified,Online,Online Store,paid,fulfilled,CAD,78.0,,0.0,12.0,11.7,101.7,0.0,101.7,1,1
#NW14080,2025-09-17 12:34:00,2025-09,CUST-01643,Identified,Online,Online Store,paid,fulfilled,CAD,68.0,,0.0,12.0,10.4,90.4,0.0,90.4,1,1
#NW14081,2025-09-27 09:18:00,2025-09,CUST-01512,Identified,POS,Northwood Toronto,paid,fulfilled,CAD,128.0,,0.0,0.0,16.64,144.64,0.0,144.64,1,1
#NW14082,2025-09-25 13:14:00,2025-09,CUST-01093,Identified,Online,Online Store,paid,fulfilled,CAD,626.0,,0.0,0.0,81.38,707.38,0.0,707.38,4,3
#NW14083,2025-09-18 19:01:00,2025-09,CUST-00341,Identified,POS,Northwood Toronto,paid,fulfilled,CAD,310.0,,0.0,0.0,40.3,350.3,0.0,350.3,2,2
#NW14084,2025-09-21 11:06:00,2025-09,CUST-02250,Identified,Online,Online Store,refunded,fulfilled,CAD,396.0,,0.0,0.0,51.48,447.48,447.48,0.0,2,1
#NW14085,2025-09-25 10:58:00,2025-09,CUST-01082,Identified,Online,Online Store,paid,fulfilled,CAD,128.0,HOLIDAY15,19.2,0.0,14.14,122.94,0.0,122.94,1,1
#NW14086,2025-09-24 19:47:00,2025-09,CUST-00548,Identified,Online,Online Store,paid,fulfilled,CAD,128.0,HOLIDAY15,19.2,0.0,14.14,122.94,0.0,122.94,1,1
#NW14087,2025-09-11 11:17:00,2025-09,CUST-01673,Identified,POS,Northwood Toronto,paid,fulfilled,CAD,68.0,,0.0,0.0,8.84,76.84,0.0,76.84,1,1
#NW14088,2025-09-22 19:40:00,2025-09,CUST-01208,Identified,Online,Online Store,paid,fulfilled,CAD,336.0,,0.0,0.0,43.68,379.68,0.0,379.68,2,2
#NW14089,2025-09-30 17:47:00,2025-09,CUST-01093,Identified,Online,Online Store,paid,fulfilled,CAD,28.0,,0.0,12.0,5.2,45.2,0.0,45.2,1,1
#NW14090,2025-09-13 13:17:00,2025-09,CUST-00235,Identified,Online,Online Store,paid,fulfilled,CAD,78.0,,0.0,12.0,11.7,101.7,0.0,101.7,1,1
#NW14091,2025-09-12 09:04:00,2025-09,CUST-00043,Identified,Online,Online Store,voided,unfulfilled,CAD,162.0,,0.0,0.0,21.06,183.06,0.0,0.0,3,2
#NW14092,2025-09-18 12:27:00,2025-09,CUST-01457,Identified,Online,Online Store,paid,fulfilled,CAD,38.0,,0.0,12.0,6.5,56.5,0.0,56.5,1,1
#NW14093,2025-09-18 16:35:00,2025-09,CUST-00899,Identified,Online,Online Store,paid,fulfilled,CAD,218.0,,0.0,0.0,28.34,246.34,0.0,246.34,1,1
#NW14094,2025-09-12 09:09:00,2025-09,CUST-01146,Identified,Online,Online Store,paid,fulfilled,CAD,56.0,,0.0,12.0,8.84,76.84,0.0,76.84,2,1
#NW14095,2025-09-08 17:25:00,2025-09,CUST-00724,Identified,Online,Online Store,paid,fulfilled,CAD,256.0,,0.0,0.0,33.28,289.28,0.0,289.28,2,2
#NW14096,2025-09-12 11:01:00,2025-09,CUST-01049,Identified,Online,Online Store,paid,fulfilled,CAD,118.0,,0.0,12.0,16.9,146.9,0.0,146.9,1,1
#NW14097,2025-09-23 18:59:00,2025-09,CUST-00741,Identified,Online,Online Store,paid,fulfilled,CAD,382.0,,0.0,0.0,49.66,431.66,0.0,431.66,4,4
#NW14098,2025-09-12 18:59:00,2025-09,CUST-02202,Identified,POS,Northwood Toronto,paid,fulfilled,CAD,76.0,,0.0,0.0,9.88,85.88,0.0,85.88,2,1
#NW14099,2025-09-29 12:19:00,2025-09,CUST-00436,Identified,POS,Northwood Toronto,paid,fulfilled,CAD,48.0,,0.0,0.0,6.24,54.24,0.0,54.24,1,1
#NW14100,2025-09-09 10:07:00,2025-09,CUST-01457,Identified,POS,Northwood Toronto,paid,fulfilled,CAD,256.0,,0.0,0.0,33.28,289.28,0.0,289.28,2,2
#NW14101,2025-09-26 16:53:00,2025-09,CUST-00637,Identified,Online,Online Store,paid,fulfilled,CAD,136.0,,0.0,0.0,17.68,153.68,0.0,153.68,2,1
#NW14102,2025-09-28 11:56:00,2025-09,CUST-01565,Identified,Online,Online Store,partially_refunded,fulfilled,CAD,542.0,WELCOME10,54.2,0.0,63.41,551.21,126.72,424.49,4,3
#NW14103,2025-09-30 15:22:00,2025-09,CUST-00688,Identified,Online,Online Store,paid,fulfilled,CAD,32.0,,0.0,12.0,5.72,49.72,0.0,49.72,1,1
#NW14104,2025-09-15 15:13:00,2025-09,CUST-01055,Identified,Online,Online Store,paid,fulfilled,CAD,244.0,,0.0,0.0,31.72,275.72,0.0,275.72,3,2
#NW14105,2025-09-28 11:56:00,2025-09,CUST-02257,Identified,Online,Online Store,paid,fulfilled,CAD,396.0,,0.0,0.0,51.48,447.48,0.0,447.48,2,1
#NW14106,2025-09-17 09:57:00,2025-09,CUST-00845,Identified,Online,Online Store,paid,fulfilled,CAD,144.0,,0.0,0.0,18.72,162.72,0.0,162.72,2,1
#NW14107,2025-09-01 20:14:00,2025-09,CUST-01399,Identified,POS,Northwood Toronto,paid,fulfilled,CAD,248.0,,0.0,0.0,32.24,280.24,0.0,280.24,1,1
#NW14108,2025-09-26 11:13:00,2025-09,CUST-00904,Identified,POS,Northwood Toronto,paid,fulfilled,CAD,128.0,,0.0,0.0,16.64,144.64,0.0,144.64,1,1
#NW14109,2025-09-06 20:10:00,2025-09,CUST-01329,Identified,Online,Online Store,paid,fulfilled,CAD,256.0,,0.0,0.0,33.28,289.28,0.0,289.28,2,1
#NW14110,2025-09-16 21:40:00,2025-09,CUST-01037,Identified,Online,Online Store,paid,fulfilled,CAD,126.0,HOLIDAY15,18.9,0.0,13.92,121.02,0.0,121.02,2,2
#NW14111,2025-09-28 10:09:00,2025-09,CUST-02046,Identified,Online,Online Store,paid,fulfilled,CAD,180.0,,0.0,0.0,23.4,203.4,0.0,203.4,2,2
#NW14112,2025-09-14 14:12:00,2025-09,CUST-01620,Identified,Online,Online Store,paid,fulfilled,CAD,84.0,,0.0,12.0,12.48,108.48,0.0,108.48,2,1
#NW14113,2025-09-03 10:12:00,2025-09,CUST-00638,Identified,Online,Online Store,paid,fulfilled,CAD,164.0,WELCOME10,16.4,0.0,19.19,166.79,0.0,166.79,3,2
#NW14114,2025-09-26 15:08:00,2025-09,CUST-01828,Identified,Online,Online Store,paid,fulfilled,CAD,112.0,,0.0,12.0,16.12,140.12,0.0,140.12,1,1
#NW14115,2025-09-10 12:26:00,2025-09,CUST-00717,Identified,Online,Online Store,paid,fulfilled,CAD,284.0,,0.0,0.0,36.92,320.92,0.0,320.92,3,2
#NW14116,2025-09-21 17:04:00,2025-09,CUST-01778,Identified,Online,Online Store,paid,fulfilled,CAD,126.0,,0.0,0.0,16.38,142.38,0.0,142.38,2,2
#NW14117,2025-09-22 20:38:00,2025-09,,Guest / Unidentified,POS,Northwood Toronto,paid,fulfilled,CAD,436.0,,0.0,0.0,56.68,492.68,0.0,492.68,2,1
#NW14118,2025-09-26 16:57:00,2025-09,CUST-02066,Identified,Online,Online Store,paid,fulfilled,CAD,108.0,,0.0,12.0,15.6,135.6,0.0,135.6,1,1
#NW14119,2025-09-30 19:34:00,2025-09,CUST-01963,Identified,Online,Online Store,paid,fulfilled,CAD,72.0,,0.0,12.0,10.92,94.92,0.0,94.92,1,1
#NW14120,2025-09-28 17:06:00,2025-09,CUST-00384,Identified,Online,Online Store,paid,fulfilled,CAD,308.0,,0.0,0.0,40.04,348.04,0.0,348.04,3,2
#NW14121,2025-09-03 12:50:00,2025-09,CUST-01146,Identified,Online,Online Store,paid,fulfilled,CAD,216.0,,0.0,0.0,28.08,244.08,0.0,244.08,4,3
#NW14122,2025-09-24 17:44:00,2025-09,CUST-01182,Identified,Online,Online Store,paid,fulfilled,CAD,28.0,WELCOME10,2.8,12.0,4.84,42.04,0.0,42.04,1,1
#NW14123,2025-09-25 19:20:00,2025-09,CUST-01882,Identified,POS,Northwood Toronto,paid,fulfilled,CAD,42.0,,0.0,0.0,5.46,47.46,0.0,47.46,1,1
#NW14124,2025-09-25 19:25:00,2025-09,CUST-00758,Identified,Online,Online Store,paid,fulfilled,CAD,248.0,,0.0,0.0,32.24,280.24,0.0,280.24,1,1
#NW14125,2025-09-03 14:36:00,2025-09,CUST-00722,Identified,Online,Online Store,paid,fulfilled,CAD,156.0,,0.0,0.0,20.28,176.28,0.0,176.28,2,1
#NW14126,2025-09-12 16:46:00,2025-09,CUST-00774,Identified,Online,Online Store,paid,fulfilled,CAD,38.0,,0.0,12.0,6.5,56.5,0.0,56.5,1,1
#NW14127,2025-09-01 14:43:00,2025-09,CUST-02334,Identified,POS,Northwood Toronto,paid,fulfilled,CAD,78.0,,0.0,0.0,10.14,88.14,0.0,88.14,1,1
#NW14128,2025-09-04 14:16:00,2025-09,CUST-00674,Identified,Online,Online Store,paid,fulfilled,CAD,172.0,,0.0,0.0,22.36,194.36,0.0,194.36,4,2
#NW14129,2025-09-14 12:42:00,2025-09,CUST-00661,Identified,POS,Northwood Toronto,paid,fulfilled,CAD,368.0,,0.0,0.0,47.84,415.84,0.0,415.84,4,2
#NW14130,2025-09-21 14:47:00,2025-09,CUST-00739,Identified,Online,Online Store,paid,fulfilled,CAD,306.0,,0.0,0.0,39.78,345.78,0.0,345.78,2,2
#NW14131,2025-09-07 19:13:00,2025-09,CUST-01156,Identified,Online,Online Store,paid,fulfilled,CAD,164.0,WELCOME10,16.4,0.0,19.19,166.79,0.0,166.79,3,2
#NW14132,2025-09-03 18:01:00,2025-09,CUST-01803,Identified,POS,Northwood Toronto,paid,fulfilled,CAD,176.0,,0.0,0.0,22.88,198.88,0.0,198.88,2,2
#NW14133,2025-09-25 18:55:00,2025-09,CUST-01271,Identified,Online,Online Store,paid,fulfilled,CAD,28.0,,0.0,12.0,5.2,45.2,0.0,45.2,1,1
#NW14134,2025-09-07 21:16:00,2025-09,CUST-00668,Identified,Online,Online Store,paid,fulfilled,CAD,112.0,,0.0,12.0,16.12,140.12,0.0,140.12,1,1
#NW14135,2025-09-06 16:42:00,2025-09,CUST-00728,Identified,Online,Online Store,paid,fulfilled,CAD,248.0,,0.0,0.0,32.24,280.24,0.0,280.24,1,1
#NW14136,2025-09-17 18:14:00,2025-09,CUST-02282,Identified,Online,Online Store,paid,fulfilled,CAD,396.0,,0.0,0.0,51.48,447.48,0.0,447.48,2,1
#NW14137,2025-09-06 19:12:00,2025-09,CUST-00770,Identified,Online,Online Store,paid,fulfilled,CAD,88.0,,0.0,12.0,13.0,113.0,0.0,113.0,1,1
#NW14138,2025-09-02 13:05:00,2025-09,CUST-00285,Identified,Online,Online Store,paid,fulfilled,CAD,236.0,,0.0,0.0,30.68,266.68,0.0,266.68,2,1
#NW14139,2025-09-11 12:31:00,2025-09,CUST-01896,Identified,Online,Online Store,paid,fulfilled,CAD,38.0,,0.0,12.0,6.5,56.5,0.0,56.5,1,1
#NW14140,2025-09-26 13:46:00,2025-09,CUST-00296,Identified,POS,Northwood Toronto,paid,fulfilled,CAD,56.0,,0.0,0.0,7.28,63.28,0.0,63.28,2,1
#NW14141,2025-09-10 17:25:00,2025-09,CUST-01747,Identified,POS,Northwood Toronto,paid,fulfilled,CAD,592.0,,0.0,0.0,76.96,668.96,0.0,668.96,5,3
#NW14142,2025-09-19 11:52:00,2025-09,CUST-01005,Identified,POS,Northwood Toronto,paid,fulfilled,CAD,128.0,,0.0,0.0,16.64,144.64,0.0,144.64,1,1
#NW14143,2025-09-11 15:09:00,2025-09,CUST-02333,Identified,Online,Online Store,paid,fulfilled,CAD,256.0,,0.0,0.0,33.28,289.28,0.0,289.28,2,1
#NW14144,2025-09-04 19:43:00,2025-09,CUST-01649,Identified,Online,Online Store,paid,fulfilled,CAD,38.0,,0.0,12.0,6.5,56.5,0.0,56.5,1,1
#NW14145,2025-09-14 16:52:00,2025-09,CUST-00411,Identified,Online,Online Store,paid,fulfilled,CAD,176.0,,0.0,0.0,22.88,198.88,0.0,198.88,2,1
#NW14146,2025-09-25 16:10:00,2025-09,CUST-01538,Identified,Online,Online Store,paid,fulfilled,CAD,146.0,,0.0,0.0,18.98,164.98,0.0,164.98,2,2
#NW14147,2025-09-20 16:38:00,2025-09,CUST-02220,Identified,Online,Online Store,paid,fulfilled,CAD,150.0,HOLIDAY15,22.5,0.0,16.57,144.07,0.0,144.07,2,2
#NW14148,2025-09-13 20:07:00,2025-09,CUST-00563,Identified,Online,Online Store,paid,fulfilled,CAD,166.0,,0.0,0.0,21.58,187.58,0.0,187.58,2,2
#NW14149,2025-09-08 14:20:00,2025-09,CUST-00049,Identified,POS,Northwood Toronto,paid,fulfilled,CAD,128.0,,0.0,0.0,16.64,144.64,0.0,144.64,1,1
#NW14150,2025-09-22 16:28:00,2025-09,CUST-00266,Identified,Online,Online Store,paid,fulfilled,CAD,604.0,,0.0,0.0,78.52,682.52,0.0,682.52,3,2
#NW14151,2025-09-22 11:48:00,2025-09,CUST-00027,Identified,Online,Online Store,paid,fulfilled,CAD,402.0,,0.0,0.0,52.26,454.26,0.0,454.26,6,4
#NW14152,2025-09-01 20:36:00,2025-09,CUST-01548,Identified,Online,Online Store,paid,fulfilled,CAD,254.0,,0.0,0.0,33.02,287.02,0.0,287.02,3,2
#NW14153,2025-09-02 09:11:00,2025-09,CUST-01573,Identified,Online,Online Store,paid,fulfilled,CAD,154.0,,0.0,0.0,20.02,174.02,0.0,174.02,3,2
#NW14154,2025-09-04 17:44:00,2025-09,CUST-00975,Identified,POS,Northwood Toronto,paid,fulfilled,CAD,318.0,,0.0,0.0,41.34,359.34,0.0,359.34,3,3
#NW14155,2025-09-06 21:24:00,2025-09,CUST-00451,Identified,POS,Northwood Toronto,paid,fulfilled,CAD,204.0,FALL15,30.6,0.0,22.54,195.94,0.0,195.94,3,2
#NW14156,2025-09-04 16:22:00,2025-09,CUST-00056,Identified,Online,Online Store,paid,fulfilled,CAD,72.0,SPRING10,7.2,12.0,9.98,86.78,0.0,86.78,1,1
#NW14157,2025-09-18 14:44:00,2025-09,CUST-00927,Identified,Online,Online Store,paid,fulfilled,CAD,248.0,,0.0,0.0,32.24,280.24,0.0,280.24,1,1
#NW14158,2025-09-01 18:37:00,2025-09,CUST-01894,Identified,Online,Online Store,paid,fulfilled,CAD,318.0,WELCOME10,31.8,0.0,37.21,323.41,0.0,323.41,5,4
#NW14159,2025-09-06 14:27:00,2025-09,CUST-00180,Identified,Online,Online Store,paid,fulfilled,CAD,98.0,,0.0,12.0,14.3,124.3,0.0,124.3,1,1
#NW14160,2025-09-14 20:24:00,2025-09,CUST-01875,Identified,Online,Online Store,paid,fulfilled,CAD,216.0,,0.0,0.0,28.08,244.08,0.0,244.08,2,2
#NW14161,2025-09-23 11:31:00,2025-09,CUST-00555,Identified,Online,Online Store,paid,fulfilled,CAD,218.0,,0.0,0.0,28.34,246.34,0.0,246.34,1,1
#NW14162,2025-09-15 16:56:00,2025-09,CUST-00343,Identified,Online,Online Store,paid,fulfilled,CAD,452.0,,0.0,0.0,58.76,510.76,0.0,510.76,4,2
#NW14163,2025-09-25 18:58:00,2025-09,CUST-01097,Identified,Online,Online Store,paid,fulfilled,CAD,200.0,,0.0,0.0,26.0,226.0,0.0,226.0,2,2
#NW14164,2025-09-24 20:59:00,2025-09,CUST-00585,Identified,POS,Northwood Toronto,paid,fulfilled,CAD,264.0,,0.0,0.0,34.32,298.32,0.0,298.32,3,3
#NW14165,2025-09-03 11:23:00,2025-09,CUST-00056,Identified,POS,Northwood Toronto,paid,fulfilled,CAD,248.0,,0.0,0.0,32.24,280.24,0.0,280.24,1,1
#NW14166,2025-09-10 17:09:00,2025-09,CUST-00039,Identified,POS,Northwood Toronto,paid,fulfilled,CAD,88.0,,0.0,0.0,11.44,99.44,0.0,99.44,1,1
#NW14167,2025-09-28 10:16:00,2025-09,CUST-00436,Identified,Online,Online Store,paid,fulfilled,CAD,330.0,,0.0,0.0,42.9,372.9,0.0,372.9,5,4
#NW14168,2025-09-17 15:43:00,2025-09,CUST-02222,Identified,POS,Northwood Toronto,paid,fulfilled,CAD,406.0,,0.0,0.0,52.78,458.78,0.0,458.78,4,4
#NW14169,2025-09-06 15:01:00,2025-09,CUST-01387,Identified,Online,Online Store,partially_refunded,fulfilled,CAD,78.0,,0.0,12.0,11.7,101.7,38.88,62.82,1,1
#NW14170,2025-09-19 15:53:00,2025-09,CUST-00349,Identified,Online,Online Store,paid,fulfilled,CAD,472.0,,0.0,0.0,61.36,533.36,0.0,533.36,3,2
#NW14171,2025-09-11 09:29:00,2025-09,CUST-00829,Identified,Online,Online Store,paid,fulfilled,CAD,128.0,,0.0,0.0,16.64,144.64,0.0,144.64,1,1
#NW14172,2025-09-16 17:36:00,2025-09,CUST-00643,Identified,POS,Northwood Toronto,voided,unfulfilled,CAD,496.0,,0.0,0.0,64.48,560.48,0.0,0.0,4,3
#NW14173,2025-09-07 20:31:00,2025-09,CUST-01968,Identified,Online,Online Store,partially_refunded,fulfilled,CAD,246.0,SPRING10,24.6,0.0,28.78,250.18,96.84,153.34,2,2
#NW14174,2025-09-14 13:33:00,2025-09,CUST-02306,Identified,Online,Online Store,paid,fulfilled,CAD,128.0,,0.0,0.0,16.64,144.64,0.0,144.64,1,1
#NW14175,2025-09-07 20:27:00,2025-09,CUST-01820,Identified,POS,Northwood Toronto,paid,fulfilled,CAD,48.0,,0.0,0.0,6.24,54.24,0.0,54.24,1,1
#NW14176,2025-09-14 12:23:00,2025-09,CUST-00669,Identified,Online,Online Store,paid,fulfilled,CAD,28.0,,0.0,12.0,5.2,45.2,0.0,45.2,1,1
#NW14177,2025-09-06 16:42:00,2025-09,CUST-01260,Identified,Online,Online Store,paid,fulfilled,CAD,42.0,,0.0,12.0,7.02,61.02,0.0,61.02,1,1
#NW14178,2025-09-13 11:54:00,2025-09,CUST-01359,Identified,Online,Online Store,paid,fulfilled,CAD,128.0,,0.0,0.0,16.64,144.64,0.0,144.64,1,1
#NW14179,2025-09-21 09:12:00,2025-09,CUST-02073,Identified,Online,Online Store,paid,fulfilled,CAD,474.0,,0.0,0.0,61.62,535.62,0.0,535.62,3,2
#NW14180,2025-09-18 09:19:00,2025-09,CUST-00633,Identified,Online,Online Store,paid,fulfilled,CAD,172.0,,0.0,0.0,22.36,194.36,0.0,194.36,3,2
#NW14181,2025-09-01 13:18:00,2025-09,CUST-00999,Identified,POS,Northwood Toronto,paid,fulfilled,CAD,72.0,,0.0,0.0,9.36,81.36,0.0,81.36,1,1
#NW14182,2025-09-17 10:31:00,2025-09,CUST-00424,Identified,Online,Online Store,paid,fulfilled,CAD,88.0,,0.0,12.0,13.0,113.0,0.0,113.0,1,1
#NW14183,2025-09-10 17:26:00,2025-09,CUST-00247,Identified,POS,Northwood Toronto,paid,fulfilled,CAD,42.0,,0.0,0.0,5.46,47.46,0.0,47.46,1,1
#NW14184,2025-09-10 10:15:00,2025-09,CUST-01096,Identified,Online,Online Store,paid,fulfilled,CAD,144.0,,0.0,0.0,18.72,162.72,0.0,162.72,2,1
#NW14185,2025-09-04 14:07:00,2025-09,CUST-02227,Identified,Online,Online Store,paid,fulfilled,CAD,452.0,,0.0,0.0,58.76,510.76,0.0,510.76,4,3
#NW14186,2025-09-23 20:35:00,2025-09,CUST-00964,Identified,POS,Northwood Toronto,paid,fulfilled,CAD,396.0,,0.0,0.0,51.48,447.48,0.0,447.48,2,1
#NW14187,2025-09-19 17:30:00,2025-09,CUST-00087,Identified,Online,Online Store,paid,fulfilled,CAD,438.0,,0.0,0.0,56.94,494.94,0.0,494.94,5,3
#NW14188,2025-09-07 18:21:00,2025-09,CUST-00183,Identified,Online,Online Store,paid,fulfilled,CAD,118.0,,0.0,12.0,16.9,146.9,0.0,146.9,1,1
#NW14189,2025-09-04 11:54:00,2025-09,CUST-00845,Identified,POS,Northwood Toronto,paid,fulfilled,CAD,272.0,,0.0,0.0,35.36,307.36,0.0,307.36,3,2
#NW14190,2025-09-13 11:02:00,2025-09,CUST-02231,Identified,Online,Online Store,paid,fulfilled,CAD,302.0,,0.0,0.0,39.26,341.26,0.0,341.26,4,3
#NW14191,2025-09-14 17:03:00,2025-09,CUST-01216,Identified,Online,Online Store,paid,fulfilled,CAD,78.0,FALL15,11.7,12.0,10.18,88.48,0.0,88.48,1,1
#NW14192,2025-09-05 16:22:00,2025-09,CUST-00421,Identified,Online,Online Store,paid,fulfilled,CAD,256.0,,0.0,0.0,33.28,289.28,0.0,289.28,2,2
#NW14193,2025-09-07 13:18:00,2025-09,CUST-02096,Identified,Online,Online Store,paid,fulfilled,CAD,550.0,,0.0,0.0,71.5,621.5,0.0,621.5,4,3
#NW14194,2025-09-24 20:23:00,2025-09,CUST-00435,Identified,Online,Online Store,paid,fulfilled,CAD,72.0,,0.0,12.0,10.92,94.92,0.0,94.92,1,1
#NW14195,2025-09-22 19:26:00,2025-09,CUST-02138,Identified,Online,Online Store,paid,fulfilled,CAD,158.0,,0.0,0.0,20.54,178.54,0.0,178.54,1,1
#NW14196,2025-09-19 18:24:00,2025-09,CUST-01921,Identified,POS,Northwood Toronto,paid,fulfilled,CAD,198.0,,0.0,0.0,25.74,223.74,0.0,223.74,1,1
#NW14197,2025-09-17 13:21:00,2025-09,CUST-01703,Identified,Online,Online Store,paid,fulfilled,CAD,326.0,,0.0,0.0,42.38,368.38,0.0,368.38,2,2
#NW14198,2025-09-25 12:10:00,2025-09,CUST-00099,Identified,Online,Online Store,paid,fulfilled,CAD,354.0,,0.0,0.0,46.02,400.02,0.0,400.02,3,2
#NW14199,2025-09-12 17:22:00,2025-09,CUST-00929,Identified,Online,Online Store,paid,fulfilled,CAD,28.0,SPRING10,2.8,12.0,4.84,42.04,0.0,42.04,1,1
#NW14200,2025-09-25 15:27:00,2025-09,CUST-02006,Identified,Online,Online Store,paid,fulfilled,CAD,496.0,,0.0,0.0,64.48,560.48,0.0,560.48,2,2
#NW14201,2025-09-16 20:07:00,2025-09,CUST-01579,Identified,Online,Online Store,paid,fulfilled,CAD,712.0,,0.0,0.0,92.56,804.56,0.0,804.56,4,2
#NW14202,2025-09-19 21:15:00,2025-09,CUST-00165,Identified,POS,Northwood Toronto,paid,fulfilled,CAD,304.0,,0.0,0.0,39.52,343.52,0.0,343.52,3,2
#NW14203,2025-09-22 16:42:00,2025-09,CUST-01448,Identified,Online,Online Store,paid,fulfilled,CAD,42.0,FALL15,6.3,12.0,6.2,53.9,0.0,53.9,1,1
#NW14204,2025-09-07 11:47:00,2025-09,CUST-01175,Identified,Online,Online Store,paid,fulfilled,CAD,76.0,,0.0,12.0,11.44,99.44,0.0,99.44,2,1
#NW14205,2025-09-17 09:48:00,2025-09,CUST-01697,Identified,Online,Online Store,partially_refunded,fulfilled,CAD,38.0,FALL15,5.7,12.0,5.76,50.06,24.51,25.55,1,1
#NW14206,2025-09-22 17:45:00,2025-09,CUST-01576,Identified,Online,Online Store,paid,fulfilled,CAD,146.0,,0.0,0.0,18.98,164.98,0.0,164.98,2,2
#NW14207,2025-09-11 13:13:00,2025-09,CUST-01631,Identified,Online,Online Store,paid,fulfilled,CAD,72.0,,0.0,12.0,10.92,94.92,0.0,94.92,1,1
#NW14208,2025-09-15 14:04:00,2025-09,CUST-01121,Identified,Online,Online Store,paid,fulfilled,CAD,64.0,,0.0,12.0,9.88,85.88,0.0,85.88,2,1
#NW14209,2025-09-04 16:28:00,2025-09,CUST-01902,Identified,Online,Online Store,paid,fulfilled,CAD,158.0,,0.0,0.0,20.54,178.54,0.0,178.54,1,1
#NW14210,2025-09-16 20:52:00,2025-09,CUST-00237,Identified,Online,Online Store,paid,fulfilled,CAD,156.0,,0.0,0.0,20.28,176.28,0.0,176.28,2,1
#NW14211,2025-09-09 20:57:00,2025-09,CUST-00695,Identified,Online,Online Store,paid,fulfilled,CAD,134.0,,0.0,0.0,17.42,151.42,0.0,151.42,3,2
#NW14212,2025-09-22 14:05:00,2025-09,CUST-00482,Identified,Online,Online Store,paid,fulfilled,CAD,128.0,,0.0,0.0,16.64,144.64,0.0,144.64,1,1
#NW14213,2025-09-17 19:11:00,2025-09,CUST-01703,Identified,Online,Online Store,paid,fulfilled,CAD,926.0,,0.0,0.0,120.38,1046.38,0.0,1046.38,7,4
#NW14214,2025-09-03 19:58:00,2025-09,CUST-01163,Identified,Online,Online Store,paid,fulfilled,CAD,56.0,,0.0,12.0,8.84,76.84,0.0,76.84,2,1
#NW14215,2025-09-05 17:48:00,2025-09,CUST-01155,Identified,Online,Online Store,paid,fulfilled,CAD,128.0,,0.0,0.0,16.64,144.64,0.0,144.64,1,1
#NW14216,2025-09-10 17:20:00,2025-09,CUST-01138,Identified,Online,Online Store,paid,fulfilled,CAD,284.0,,0.0,0.0,36.92,320.92,0.0,320.92,3,2
#NW14217,2025-09-10 19:49:00,2025-09,CUST-02004,Identified,Online,Online Store,paid,fulfilled,CAD,128.0,,0.0,0.0,16.64,144.64,0.0,144.64,1,1
#NW14218,2025-09-21 13:26:00,2025-09,CUST-01367,Identified,Online,Online Store,paid,fulfilled,CAD,128.0,FALL15,19.2,0.0,14.14,122.94,0.0,122.94,1,1
#NW14219,2025-09-21 18:32:00,2025-09,CUST-01857,Identified,Online,Online Store,paid,fulfilled,CAD,42.0,,0.0,12.0,7.02,61.02,0.0,61.02,1,1
#NW14220,2025-09-25 14:11:00,2025-09,CUST-00982,Identified,Online,Online Store,paid,fulfilled,CAD,354.0,,0.0,0.0,46.02,400.02,0.0,400.02,3,2
#NW14221,2025-09-29 13:15:00,2025-09,CUST-00348,Identified,Online,Online Store,paid,fulfilled,CAD,42.0,,0.0,12.0,7.02,61.02,0.0,61.02,1,1
#NW14222,2025-09-02 14:03:00,2025-09,CUST-00499,Identified,Online,Online Store,paid,fulfilled,CAD,276.0,,0.0,0.0,35.88,311.88,0.0,311.88,2,2
#NW14223,2025-09-25 12:31:00,2025-09,CUST-01980,Identified,Online,Online Store,paid,fulfilled,CAD,284.0,WELCOME10,28.4,0.0,33.23,288.83,0.0,288.83,3,2
#NW14224,2025-09-03 12:43:00,2025-09,CUST-00619,Identified,POS,Northwood Toronto,paid,fulfilled,CAD,254.0,,0.0,0.0,33.02,287.02,0.0,287.02,3,2
#NW14225,2025-09-19 12:23:00,2025-09,CUST-00730,Identified,Online,Online Store,paid,fulfilled,CAD,418.0,,0.0,0.0,54.34,472.34,0.0,472.34,3,3
#NW14226,2025-09-08 17:07:00,2025-09,CUST-01756,Identified,Online,Online Store,paid,fulfilled,CAD,98.0,,0.0,12.0,14.3,124.3,0.0,124.3,1,1
#NW14227,2025-09-12 17:06:00,2025-09,CUST-02173,Identified,Online,Online Store,paid,fulfilled,CAD,76.0,,0.0,12.0,11.44,99.44,0.0,99.44,2,1
#NW14228,2025-09-16 10:24:00,2025-09,CUST-01648,Identified,Online,Online Store,paid,fulfilled,CAD,354.0,,0.0,0.0,46.02,400.02,0.0,400.02,3,3
#NW14229,2025-09-14 16:44:00,2025-09,CUST-00743,Identified,Online,Online Store,paid,fulfilled,CAD,364.0,,0.0,0.0,47.32,411.32,0.0,411.32,3,2
#NW14230,2025-09-30 14:24:00,2025-09,CUST-00160,Identified,Online,Online Store,paid,fulfilled,CAD,218.0,FALL15,32.7,0.0,24.09,209.39,0.0,209.39,1,1
#NW14231,2025-09-20 16:23:00,2025-09,CUST-01742,Identified,Online,Online Store,partially_refunded,fulfilled,CAD,28.0,,0.0,12.0,5.2,45.2,14.56,30.64,1,1
#NW14232,2025-09-11 19:46:00,2025-09,CUST-01616,Identified,POS,Northwood Toronto,paid,fulfilled,CAD,72.0,,0.0,0.0,9.36,81.36,0.0,81.36,1,1
#NW14233,2025-09-30 12:00:00,2025-09,CUST-00265,Identified,Online,Online Store,paid,fulfilled,CAD,714.0,,0.0,0.0,92.82,806.82,0.0,806.82,3,2
#NW14234,2025-09-09 15:29:00,2025-09,CUST-01236,Identified,Online,Online Store,paid,fulfilled,CAD,554.0,,0.0,0.0,72.02,626.02,0.0,626.02,3,2
#NW14235,2025-09-29 16:48:00,2025-09,CUST-01176,Identified,Online,Online Store,paid,fulfilled,CAD,120.0,,0.0,12.0,17.16,149.16,0.0,149.16,2,2
#NW14236,2025-09-13 19:17:00,2025-09,CUST-00082,Identified,Online,Online Store,partially_refunded,fulfilled,CAD,78.0,,0.0,12.0,11.7,101.7,35.86,65.84,1,1
#NW14237,2025-09-23 20:57:00,2025-09,CUST-00426,Identified,Online,Online Store,paid,fulfilled,CAD,38.0,,0.0,12.0,6.5,56.5,0.0,56.5,1,1
#NW14238,2025-09-08 09:16:00,2025-09,CUST-01111,Identified,Online,Online Store,paid,fulfilled,CAD,158.0,,0.0,0.0,20.54,178.54,0.0,178.54,3,3
#NW14239,2025-09-10 14:15:00,2025-09,CUST-02045,Identified,Online,Online Store,voided,unfulfilled,CAD,304.0,,0.0,0.0,39.52,343.52,0.0,0.0,3,2
#NW14240,2025-09-17 18:02:00,2025-09,CUST-01512,Identified,POS,Northwood Toronto,paid,fulfilled,CAD,146.0,FALL15,21.9,0.0,16.13,140.23,0.0,140.23,2,2
#NW14241,2025-09-06 11:34:00,2025-09,CUST-01088,Identified,POS,Northwood Toronto,refunded,fulfilled,CAD,584.0,,0.0,0.0,75.92,659.92,659.92,0.0,3,2
#NW14242,2025-09-05 21:50:00,2025-09,CUST-00313,Identified,Online,Online Store,refunded,fulfilled,CAD,38.0,,0.0,12.0,6.5,56.5,56.5,0.0,1,1
#NW14243,2025-09-13 19:12:00,2025-09,CUST-00009,Identified,Online,Online Store,paid,fulfilled,CAD,68.0,,0.0,12.0,10.4,90.4,0.0,90.4,1,1
#NW14244,2025-09-10 12:56:00,2025-09,CUST-00138,Identified,Online,Online Store,paid,fulfilled,CAD,76.0,,0.0,12.0,11.44,99.44,0.0,99.44,2,2
#NW14245,2025-09-30 12:28:00,2025-09,CUST-00601,Identified,Online,Online Store,paid,fulfilled,CAD,304.0,,0.0,0.0,39.52,343.52,0.0,343.52,3,2
#NW14246,2025-09-28 21:51:00,2025-09,CUST-01312,Identified,POS,Northwood Toronto,paid,fulfilled,CAD,188.0,,0.0,0.0,24.44,212.44,0.0,212.44,3,3
#NW14247,2025-09-12 18:39:00,2025-09,CUST-01928,Identified,Online,Online Store,paid,fulfilled,CAD,128.0,SPRING10,12.8,0.0,14.98,130.18,0.0,130.18,1,1
#NW14248,2025-09-24 18:03:00,2025-09,CUST-01600,Identified,Online,Online Store,paid,fulfilled,CAD,216.0,,0.0,0.0,28.08,244.08,0.0,244.08,2,1
#NW14249,2025-09-08 16:18:00,2025-09,,Guest / Unidentified,POS,Northwood Toronto,paid,fulfilled,CAD,276.0,SPRING10,27.6,0.0,32.29,280.69,0.0,280.69,2,2
#NW14250,2025-09-18 12:48:00,2025-09,CUST-01960,Identified,Online,Online Store,paid,fulfilled,CAD,594.0,,0.0,0.0,77.22,671.22,0.0,671.22,3,2
#NW14251,2025-09-13 13:55:00,2025-09,CUST-00276,Identified,Online,Online Store,paid,fulfilled,CAD,78.0,,0.0,12.0,11.7,101.7,0.0,101.7,1,1
#NW14252,2025-09-19 19:33:00,2025-09,CUST-00853,Identified,Online,Online Store,paid,fulfilled,CAD,98.0,,0.0,12.0,14.3,124.3,0.0,124.3,1,1
#NW14253,2025-09-20 14:21:00,2025-09,CUST-01751,Identified,Online,Online Store,paid,fulfilled,CAD,242.0,,0.0,0.0,31.46,273.46,0.0,273.46,4,3
#NW14254,2025-09-08 16:13:00,2025-09,CUST-01141,Identified,Online,Online Store,paid,fulfilled,CAD,176.0,,0.0,0.0,22.88,198.88,0.0,198.88,2,1
#NW14255,2025-09-08 19:27:00,2025-09,CUST-00593,Identified,Online,Online Store,paid,fulfilled,CAD,156.0,,0.0,0.0,20.28,176.28,0.0,176.28,2,2
#NW14256,2025-09-26 16:35:00,2025-09,CUST-00371,Identified,Online,Online Store,paid,fulfilled,CAD,48.0,,0.0,12.0,7.8,67.8,0.0,67.8,1,1
#NW14257,2025-09-02 19:41:00,2025-09,,Guest / Unidentified,POS,Northwood Toronto,paid,fulfilled,CAD,480.0,,0.0,0.0,62.4,542.4,0.0,542.4,5,3
#NW14258,2025-09-29 10:03:00,2025-09,CUST-00302,Identified,Online,Online Store,paid,fulfilled,CAD,166.0,,0.0,0.0,21.58,187.58,0.0,187.58,2,2
#NW14259,2025-09-03 14:09:00,2025-09,,Guest / Unidentified,POS,Northwood Toronto,paid,fulfilled,CAD,524.0,,0.0,0.0,68.12,592.12,0.0,592.12,3,2
#NW14260,2025-09-04 21:36:00,2025-09,CUST-01578,Identified,Online,Online Store,paid,fulfilled,CAD,112.0,,0.0,12.0,16.12,140.12,0.0,140.12,1,1
#NW14261,2025-09-08 13:24:00,2025-09,CUST-00438,Identified,Online,Online Store,paid,fulfilled,CAD,156.0,,0.0,0.0,20.28,176.28,0.0,176.28,2,2
#NW14262,2025-09-19 16:29:00,2025-09,CUST-01308,Identified,Online,Online Store,paid,fulfilled,CAD,246.0,,0.0,0.0,31.98,277.98,0.0,277.98,2,2
#NW14263,2025-09-08 13:09:00,2025-09,CUST-02025,Identified,Online,Online Store,paid,fulfilled,CAD,206.0,,0.0,0.0,26.78,232.78,0.0,232.78,2,2
#NW14264,2025-09-15 09:45:00,2025-09,CUST-00494,Identified,Online,Online Store,paid,fulfilled,CAD,404.0,,0.0,0.0,52.52,456.52,0.0,456.52,3,3
#NW14265,2025-09-30 13:04:00,2025-09,CUST-00504,Identified,POS,Northwood Toronto,paid,fulfilled,CAD,218.0,,0.0,0.0,28.34,246.34,0.0,246.34,1,1
#NW14266,2025-09-27 12:36:00,2025-09,CUST-01696,Identified,POS,Northwood Toronto,paid,fulfilled,CAD,72.0,,0.0,0.0,9.36,81.36,0.0,81.36,1,1
#NW14267,2025-09-04 13:13:00,2025-09,CUST-01366,Identified,Online,Online Store,paid,fulfilled,CAD,108.0,WELCOME10,10.8,12.0,14.2,123.4,0.0,123.4,1,1
#NW14268,2025-09-05 15:56:00,2025-09,CUST-00567,Identified,Online,Online Store,paid,fulfilled,CAD,88.0,HOLIDAY15,13.2,12.0,11.28,98.08,0.0,98.08,1,1
#NW14269,2025-09-16 14:35:00,2025-09,CUST-01696,Identified,Online,Online Store,paid,fulfilled,CAD,66.0,,0.0,12.0,10.14,88.14,0.0,88.14,2,2
#NW14270,2025-09-20 13:10:00,2025-09,CUST-00688,Identified,Online,Online Store,paid,fulfilled,CAD,98.0,,0.0,12.0,14.3,124.3,0.0,124.3,1,1
#NW14271,2025-09-24 19:20:00,2025-09,CUST-01008,Identified,Online,Online Store,paid,fulfilled,CAD,218.0,,0.0,0.0,28.34,246.34,0.0,246.34,1,1
#NW14272,2025-09-17 19:59:00,2025-09,CUST-01570,Identified,Online,Online Store,paid,fulfilled,CAD,128.0,,0.0,0.0,16.64,144.64,0.0,144.64,1,1
#NW14273,2025-09-23 19:02:00,2025-09,CUST-00180,Identified,Online,Online Store,paid,fulfilled,CAD,128.0,,0.0,0.0,16.64,144.64,0.0,144.64,1,1
#NW14274,2025-09-18 15:38:00,2025-09,CUST-01884,Identified,Online,Online Store,refunded,fulfilled,CAD,128.0,,0.0,0.0,16.64,144.64,144.64,0.0,1,1
#NW14275,2025-09-26 15:05:00,2025-09,CUST-02037,Identified,Online,Online Store,paid,fulfilled,CAD,564.0,,0.0,0.0,73.32,637.32,0.0,637.32,3,3
#NW14276,2025-09-15 19:58:00,2025-09,CUST-00119,Identified,Online,Online Store,paid,fulfilled,CAD,196.0,,0.0,0.0,25.48,221.48,0.0,221.48,2,1
#NW14277,2025-09-10 20:15:00,2025-09,CUST-02187,Identified,Online,Online Store,paid,fulfilled,CAD,254.0,,0.0,0.0,33.02,287.02,0.0,287.02,3,2
#NW14278,2025-09-11 20:26:00,2025-09,CUST-02018,Identified,Online,Online Store,paid,fulfilled,CAD,256.0,,0.0,0.0,33.28,289.28,0.0,289.28,2,1
#NW14279,2025-09-28 19:47:00,2025-09,CUST-00749,Identified,Online,Online Store,paid,fulfilled,CAD,396.0,,0.0,0.0,51.48,447.48,0.0,447.48,2,1
#NW14280,2025-09-04 13:47:00,2025-09,CUST-01328,Identified,Online,Online Store,paid,fulfilled,CAD,156.0,,0.0,0.0,20.28,176.28,0.0,176.28,2,1
#NW14281,2025-09-28 17:07:00,2025-09,CUST-01678,Identified,Online,Online Store,paid,fulfilled,CAD,108.0,,0.0,12.0,15.6,135.6,0.0,135.6,1,1
#NW14282,2025-09-18 11:44:00,2025-09,,Guest / Unidentified,POS,Northwood Toronto,paid,fulfilled,CAD,128.0,HOLIDAY15,19.2,0.0,14.14,122.94,0.0,122.94,1,1
#NW14283,2025-09-30 19:49:00,2025-09,CUST-00079,Identified,Online,Online Store,paid,fulfilled,CAD,112.0,HOLIDAY15,16.8,12.0,13.94,121.14,0.0,121.14,1,1
#NW14284,2025-09-08 19:16:00,2025-09,CUST-01728,Identified,Online,Online Store,paid,fulfilled,CAD,198.0,,0.0,0.0,25.74,223.74,0.0,223.74,1,1
#NW14285,2025-09-02 14:54:00,2025-09,CUST-02059,Identified,Online,Online Store,paid,fulfilled,CAD,256.0,,0.0,0.0,33.28,289.28,0.0,289.28,2,1
#NW14286,2025-09-19 19:54:00,2025-09,CUST-00899,Identified,Online,Online Store,paid,fulfilled,CAD,248.0,,0.0,0.0,32.24,280.24,0.0,280.24,1,1
#NW14287,2025-09-10 16:26:00,2025-09,CUST-00358,Identified,Online,Online Store,paid,fulfilled,CAD,48.0,,0.0,12.0,7.8,67.8,0.0,67.8,1,1
#NW14288,2025-09-17 13:01:00,2025-09,CUST-01186,Identified,Online,Online Store,paid,fulfilled,CAD,236.0,,0.0,0.0,30.68,266.68,0.0,266.68,2,1
#NW14289,2025-09-22 19:38:00,2025-09,CUST-01482,Identified,Online,Online Store,paid,fulfilled,CAD,286.0,HOLIDAY15,42.9,0.0,31.6,274.7,0.0,274.7,2,2
#NW14290,2025-09-18 21:24:00,2025-09,CUST-01446,Identified,Online,Online Store,paid,fulfilled,CAD,196.0,,0.0,0.0,25.48,221.48,0.0,221.48,2,1
#NW14291,2025-10-05 19:22:00,2025-10,,Guest / Unidentified,POS,Northwood Toronto,paid,fulfilled,CAD,392.0,,0.0,0.0,50.96,442.96,0.0,442.96,4,3
#NW14292,2025-10-26 17:34:00,2025-10,CUST-00071,Identified,Online,Online Store,paid,fulfilled,CAD,198.0,,0.0,0.0,25.74,223.74,0.0,223.74,1,1
#NW14293,2025-10-18 14:56:00,2025-10,CUST-01485,Identified,Online,Online Store,paid,fulfilled,CAD,206.0,,0.0,0.0,26.78,232.78,0.0,232.78,2,2
#NW14294,2025-10-20 13:59:00,2025-10,CUST-01150,Identified,Online,Online Store,paid,fulfilled,CAD,140.0,,0.0,0.0,18.2,158.2,0.0,158.2,2,2
#NW14295,2025-10-29 17:52:00,2025-10,CUST-01942,Identified,POS,Northwood Toronto,paid,fulfilled,CAD,198.0,,0.0,0.0,25.74,223.74,0.0,223.74,1,1
#NW14296,2025-10-11 11:06:00,2025-10,CUST-00548,Identified,Online,Online Store,paid,fulfilled,CAD,248.0,WELCOME10,24.8,0.0,29.02,252.22,0.0,252.22,1,1
#NW14297,2025-10-26 09:11:00,2025-10,CUST-00452,Identified,Online,Online Store,paid,fulfilled,CAD,88.0,,0.0,12.0,13.0,113.0,0.0,113.0,1,1
#NW14298,2025-10-22 14:49:00,2025-10,CUST-00610,Identified,Online,Online Store,paid,fulfilled,CAD,248.0,,0.0,0.0,32.24,280.24,0.0,280.24,1,1
#NW14299,2025-10-23 17:00:00,2025-10,CUST-01431,Identified,Online,Online Store,paid,fulfilled,CAD,224.0,,0.0,0.0,29.12,253.12,0.0,253.12,3,2
#NW14300,2025-10-25 12:20:00,2025-10,CUST-01479,Identified,Online,Online Store,paid,fulfilled,CAD,88.0,WELCOME10,8.8,12.0,11.86,103.06,0.0,103.06,1,1
#NW14301,2025-10-18 10:36:00,2025-10,CUST-00571,Identified,Online,Online Store,paid,fulfilled,CAD,376.0,,0.0,0.0,48.88,424.88,0.0,424.88,2,2
#NW14302,2025-10-05 10:09:00,2025-10,CUST-01208,Identified,Online,Online Store,paid,fulfilled,CAD,824.0,FALL15,123.6,0.0,91.05,791.45,0.0,791.45,5,3
#NW14303,2025-10-11 14:31:00,2025-10,CUST-01886,Identified,POS,Northwood Toronto,paid,fulfilled,CAD,112.0,,0.0,0.0,14.56,126.56,0.0,126.56,1,1
#NW14304,2025-10-30 17:18:00,2025-10,CUST-00591,Identified,POS,Northwood Toronto,paid,fulfilled,CAD,48.0,,0.0,0.0,6.24,54.24,0.0,54.24,1,1
#NW14305,2025-10-31 10:05:00,2025-10,CUST-02259,Identified,Online,Online Store,paid,fulfilled,CAD,510.0,,0.0,0.0,66.3,576.3,0.0,576.3,4,3
#NW14306,2025-10-21 12:12:00,2025-10,CUST-01725,Identified,Online,Online Store,voided,unfulfilled,CAD,72.0,,0.0,12.0,10.92,94.92,0.0,0.0,1,1
#NW14307,2025-10-20 11:43:00,2025-10,CUST-00994,Identified,Online,Online Store,paid,fulfilled,CAD,148.0,,0.0,0.0,19.24,167.24,0.0,167.24,3,2
#NW14308,2025-10-06 12:16:00,2025-10,CUST-00864,Identified,Online,Online Store,paid,fulfilled,CAD,406.0,,0.0,0.0,52.78,458.78,0.0,458.78,2,2
#NW14309,2025-10-27 21:28:00,2025-10,CUST-00920,Identified,Online,Online Store,paid,fulfilled,CAD,314.0,,0.0,0.0,40.82,354.82,0.0,354.82,3,3
#NW14310,2025-10-04 18:05:00,2025-10,CUST-00424,Identified,Online,Online Store,paid,fulfilled,CAD,572.0,,0.0,0.0,74.36,646.36,0.0,646.36,4,2
#NW14311,2025-10-29 18:04:00,2025-10,CUST-00565,Identified,Online,Online Store,paid,fulfilled,CAD,332.0,,0.0,0.0,43.16,375.16,0.0,375.16,4,3
#NW14312,2025-10-31 18:48:00,2025-10,CUST-00481,Identified,Online,Online Store,paid,fulfilled,CAD,128.0,,0.0,0.0,16.64,144.64,0.0,144.64,1,1
#NW14313,2025-10-25 17:24:00,2025-10,CUST-01406,Identified,Online,Online Store,paid,fulfilled,CAD,88.0,,0.0,12.0,13.0,113.0,0.0,113.0,1,1
#NW14314,2025-10-07 10:39:00,2025-10,CUST-00587,Identified,Online,Online Store,paid,fulfilled,CAD,170.0,,0.0,0.0,22.1,192.1,0.0,192.1,2,2
#NW14315,2025-10-21 14:39:00,2025-10,CUST-01547,Identified,POS,Northwood Toronto,paid,fulfilled,CAD,126.0,,0.0,0.0,16.38,142.38,0.0,142.38,2,2
#NW14316,2025-10-15 12:38:00,2025-10,CUST-00882,Identified,Online,Online Store,paid,fulfilled,CAD,42.0,,0.0,12.0,7.02,61.02,0.0,61.02,1,1
#NW14317,2025-10-29 10:18:00,2025-10,CUST-02182,Identified,Online,Online Store,paid,fulfilled,CAD,256.0,,0.0,0.0,33.28,289.28,0.0,289.28,2,1
#NW14318,2025-10-27 15:54:00,2025-10,CUST-01740,Identified,Online,Online Store,paid,fulfilled,CAD,496.0,,0.0,0.0,64.48,560.48,0.0,560.48,2,1
#NW14319,2025-10-17 16:18:00,2025-10,CUST-01523,Identified,Online,Online Store,paid,fulfilled,CAD,198.0,,0.0,0.0,25.74,223.74,0.0,223.74,1,1
#NW14320,2025-10-12 19:24:00,2025-10,CUST-00445,Identified,Online,Online Store,paid,fulfilled,CAD,196.0,,0.0,0.0,25.48,221.48,0.0,221.48,2,2
#NW14321,2025-10-01 09:28:00,2025-10,CUST-00435,Identified,Online,Online Store,paid,fulfilled,CAD,146.0,,0.0,0.0,18.98,164.98,0.0,164.98,2,2
#NW14322,2025-10-14 13:16:00,2025-10,CUST-01818,Identified,Online,Online Store,paid,fulfilled,CAD,436.0,,0.0,0.0,56.68,492.68,0.0,492.68,2,1
#NW14323,2025-10-04 13:27:00,2025-10,CUST-00248,Identified,POS,Northwood Toronto,paid,fulfilled,CAD,234.0,,0.0,0.0,30.42,264.42,0.0,264.42,3,2
#NW14324,2025-10-13 09:24:00,2025-10,CUST-00303,Identified,Online,Online Store,paid,fulfilled,CAD,78.0,,0.0,12.0,11.7,101.7,0.0,101.7,1,1
#NW14325,2025-10-03 15:42:00,2025-10,CUST-01954,Identified,POS,Northwood Toronto,paid,fulfilled,CAD,96.0,,0.0,0.0,12.48,108.48,0.0,108.48,2,2
#NW14326,2025-10-06 21:18:00,2025-10,CUST-00803,Identified,POS,Northwood Toronto,paid,fulfilled,CAD,544.0,,0.0,0.0,70.72,614.72,0.0,614.72,3,2
#NW14327,2025-10-19 20:14:00,2025-10,,Guest / Unidentified,POS,Northwood Toronto,paid,fulfilled,CAD,496.0,,0.0,0.0,64.48,560.48,0.0,560.48,2,1
#NW14328,2025-10-27 14:56:00,2025-10,CUST-00124,Identified,Online,Online Store,paid,fulfilled,CAD,402.0,,0.0,0.0,52.26,454.26,0.0,454.26,4,3
#NW14329,2025-10-22 09:50:00,2025-10,CUST-00182,Identified,Online,Online Store,paid,fulfilled,CAD,292.0,,0.0,0.0,37.96,329.96,0.0,329.96,3,2
#NW14330,2025-10-04 21:17:00,2025-10,CUST-00862,Identified,Online,Online Store,paid,fulfilled,CAD,294.0,WELCOME10,29.4,0.0,34.4,299.0,0.0,299.0,3,2
#NW14331,2025-10-17 14:30:00,2025-10,CUST-00579,Identified,Online,Online Store,paid,fulfilled,CAD,248.0,,0.0,0.0,32.24,280.24,0.0,280.24,1,1
#NW14332,2025-10-08 11:03:00,2025-10,CUST-00324,Identified,Online,Online Store,paid,fulfilled,CAD,310.0,,0.0,0.0,40.3,350.3,0.0,350.3,2,2
#NW14333,2025-10-06 20:19:00,2025-10,CUST-01004,Identified,Online,Online Store,paid,fulfilled,CAD,42.0,,0.0,12.0,7.02,61.02,0.0,61.02,1,1
#NW14334,2025-10-08 18:03:00,2025-10,,Guest / Unidentified,POS,Northwood Toronto,paid,fulfilled,CAD,88.0,,0.0,0.0,11.44,99.44,0.0,99.44,1,1
#NW14335,2025-10-02 10:06:00,2025-10,CUST-00052,Identified,Online,Online Store,paid,fulfilled,CAD,186.0,,0.0,0.0,24.18,210.18,0.0,210.18,2,2
#NW14336,2025-10-19 19:04:00,2025-10,CUST-02332,Identified,Online,Online Store,paid,fulfilled,CAD,88.0,WELCOME10,8.8,12.0,11.86,103.06,0.0,103.06,1,1
#NW14337,2025-10-29 15:00:00,2025-10,CUST-01706,Identified,Online,Online Store,paid,fulfilled,CAD,88.0,,0.0,12.0,13.0,113.0,0.0,113.0,1,1
#NW14338,2025-10-27 19:41:00,2025-10,CUST-02176,Identified,Online,Online Store,paid,fulfilled,CAD,48.0,,0.0,12.0,7.8,67.8,0.0,67.8,1,1
#NW14339,2025-10-11 09:43:00,2025-10,CUST-00748,Identified,Online,Online Store,paid,fulfilled,CAD,72.0,,0.0,12.0,10.92,94.92,0.0,94.92,1,1
#NW14340,2025-10-08 11:46:00,2025-10,CUST-01463,Identified,Online,Online Store,paid,fulfilled,CAD,196.0,HOLIDAY15,29.4,0.0,21.66,188.26,0.0,188.26,2,1
#NW14341,2025-10-24 17:25:00,2025-10,CUST-01156,Identified,Online,Online Store,paid,fulfilled,CAD,140.0,,0.0,0.0,18.2,158.2,0.0,158.2,2,2
#NW14342,2025-10-27 10:47:00,2025-10,CUST-00574,Identified,Online,Online Store,paid,fulfilled,CAD,336.0,WELCOME10,33.6,0.0,39.31,341.71,0.0,341.71,2,2
#NW14343,2025-10-22 20:39:00,2025-10,CUST-02161,Identified,Online,Online Store,paid,fulfilled,CAD,256.0,,0.0,0.0,33.28,289.28,0.0,289.28,2,1
#NW14344,2025-10-14 21:47:00,2025-10,CUST-01227,Identified,Online,Online Store,paid,fulfilled,CAD,42.0,,0.0,12.0,7.02,61.02,0.0,61.02,1,1
#NW14345,2025-10-26 12:31:00,2025-10,CUST-01926,Identified,Online,Online Store,paid,fulfilled,CAD,582.0,HOLIDAY15,87.3,0.0,64.31,559.01,0.0,559.01,4,3
#NW14346,2025-10-04 10:19:00,2025-10,CUST-01686,Identified,Online,Online Store,paid,fulfilled,CAD,420.0,FALL15,63.0,0.0,46.41,403.41,0.0,403.41,5,3
#NW14347,2025-10-30 13:42:00,2025-10,CUST-01382,Identified,POS,Northwood Toronto,paid,fulfilled,CAD,218.0,,0.0,0.0,28.34,246.34,0.0,246.34,3,3
#NW14348,2025-10-03 10:18:00,2025-10,CUST-01819,Identified,Online,Online Store,paid,fulfilled,CAD,198.0,,0.0,0.0,25.74,223.74,0.0,223.74,1,1
#NW14349,2025-10-19 18:06:00,2025-10,CUST-01187,Identified,Online,Online Store,paid,fulfilled,CAD,58.0,,0.0,12.0,9.1,79.1,0.0,79.1,1,1
#NW14350,2025-10-14 17:54:00,2025-10,CUST-00055,Identified,Online,Online Store,paid,fulfilled,CAD,154.0,,0.0,0.0,20.02,174.02,0.0,174.02,3,2
#NW14351,2025-10-01 17:18:00,2025-10,CUST-00417,Identified,Online,Online Store,paid,fulfilled,CAD,374.0,,0.0,0.0,48.62,422.62,0.0,422.62,3,2
#NW14352,2025-10-24 14:48:00,2025-10,CUST-01483,Identified,POS,Northwood Toronto,paid,fulfilled,CAD,198.0,,0.0,0.0,25.74,223.74,0.0,223.74,1,1
#NW14353,2025-10-07 16:08:00,2025-10,CUST-01249,Identified,Online,Online Store,paid,fulfilled,CAD,98.0,,0.0,12.0,14.3,124.3,0.0,124.3,1,1
#NW14354,2025-10-14 20:16:00,2025-10,CUST-00610,Identified,Online,Online Store,paid,fulfilled,CAD,156.0,,0.0,0.0,20.28,176.28,0.0,176.28,2,2
#NW14355,2025-10-17 09:44:00,2025-10,CUST-01511,Identified,POS,Northwood Toronto,paid,fulfilled,CAD,218.0,,0.0,0.0,28.34,246.34,0.0,246.34,1,1
#NW14356,2025-10-09 17:21:00,2025-10,CUST-00132,Identified,POS,Northwood Toronto,paid,fulfilled,CAD,312.0,,0.0,0.0,40.56,352.56,0.0,352.56,4,2
#NW14357,2025-10-02 20:23:00,2025-10,CUST-02153,Identified,Online,Online Store,paid,fulfilled,CAD,212.0,,0.0,0.0,27.56,239.56,0.0,239.56,4,3
#NW14358,2025-10-15 21:17:00,2025-10,CUST-00677,Identified,Online,Online Store,paid,fulfilled,CAD,540.0,,0.0,0.0,70.2,610.2,0.0,610.2,4,2
#NW14359,2025-10-08 09:10:00,2025-10,CUST-00711,Identified,POS,Northwood Toronto,paid,fulfilled,CAD,316.0,,0.0,0.0,41.08,357.08,0.0,357.08,2,1
#NW14360,2025-10-25 21:05:00,2025-10,CUST-02062,Identified,Online,Online Store,paid,fulfilled,CAD,38.0,SPRING10,3.8,12.0,6.01,52.21,0.0,52.21,1,1
#NW14361,2025-10-11 17:57:00,2025-10,CUST-00657,Identified,Online,Online Store,paid,fulfilled,CAD,562.0,,0.0,0.0,73.06,635.06,0.0,635.06,4,3
#NW14362,2025-10-02 20:43:00,2025-10,CUST-00045,Identified,Online,Online Store,paid,fulfilled,CAD,216.0,,0.0,0.0,28.08,244.08,0.0,244.08,2,1
#NW14363,2025-10-27 13:00:00,2025-10,CUST-01624,Identified,POS,Northwood Toronto,paid,fulfilled,CAD,216.0,,0.0,0.0,28.08,244.08,0.0,244.08,2,1
#NW14364,2025-10-16 21:35:00,2025-10,CUST-01736,Identified,Online,Online Store,paid,fulfilled,CAD,128.0,,0.0,0.0,16.64,144.64,0.0,144.64,1,1
#NW14365,2025-10-27 21:11:00,2025-10,CUST-01861,Identified,Online,Online Store,paid,fulfilled,CAD,112.0,,0.0,12.0,16.12,140.12,0.0,140.12,1,1
#NW14366,2025-10-15 19:57:00,2025-10,CUST-00039,Identified,Online,Online Store,paid,fulfilled,CAD,190.0,,0.0,0.0,24.7,214.7,0.0,214.7,2,2
#NW14367,2025-10-03 12:34:00,2025-10,,Guest / Unidentified,POS,Northwood Toronto,refunded,fulfilled,CAD,224.0,,0.0,0.0,29.12,253.12,253.12,0.0,2,1
#NW14368,2025-10-20 13:01:00,2025-10,CUST-01057,Identified,Online,Online Store,paid,fulfilled,CAD,68.0,,0.0,12.0,10.4,90.4,0.0,90.4,1,1
#NW14369,2025-10-16 13:49:00,2025-10,CUST-01013,Identified,Online,Online Store,paid,fulfilled,CAD,144.0,,0.0,0.0,18.72,162.72,0.0,162.72,2,1
#NW14370,2025-10-30 16:27:00,2025-10,CUST-02056,Identified,Online,Online Store,paid,fulfilled,CAD,72.0,,0.0,12.0,10.92,94.92,0.0,94.92,1,1
#NW14371,2025-10-05 10:49:00,2025-10,CUST-00130,Identified,Online,Online Store,paid,fulfilled,CAD,144.0,,0.0,0.0,18.72,162.72,0.0,162.72,2,1
#NW14372,2025-10-20 20:36:00,2025-10,CUST-00932,Identified,Online,Online Store,paid,fulfilled,CAD,314.0,,0.0,0.0,40.82,354.82,0.0,354.82,3,2
#NW14373,2025-10-15 13:05:00,2025-10,CUST-01736,Identified,Online,Online Store,refunded,fulfilled,CAD,218.0,,0.0,0.0,28.34,246.34,246.34,0.0,1,1
#NW14374,2025-10-28 17:27:00,2025-10,CUST-00643,Identified,Online,Online Store,paid,fulfilled,CAD,248.0,,0.0,0.0,32.24,280.24,0.0,280.24,1,1
#NW14375,2025-10-13 21:42:00,2025-10,CUST-01114,Identified,Online,Online Store,paid,fulfilled,CAD,38.0,,0.0,12.0,6.5,56.5,0.0,56.5,1,1
#NW14376,2025-10-20 12:00:00,2025-10,CUST-00377,Identified,Online,Online Store,paid,fulfilled,CAD,98.0,,0.0,12.0,14.3,124.3,0.0,124.3,1,1
#NW14377,2025-10-09 15:13:00,2025-10,CUST-01971,Identified,Online,Online Store,paid,fulfilled,CAD,622.0,,0.0,0.0,80.86,702.86,0.0,702.86,4,3
#NW14378,2025-10-30 13:08:00,2025-10,CUST-01155,Identified,POS,Northwood Toronto,voided,unfulfilled,CAD,58.0,HOLIDAY15,8.7,0.0,6.41,55.71,0.0,0.0,1,1
#NW14379,2025-10-08 16:07:00,2025-10,CUST-00513,Identified,Online,Online Store,paid,fulfilled,CAD,48.0,,0.0,12.0,7.8,67.8,0.0,67.8,1,1
#NW14380,2025-10-28 10:42:00,2025-10,CUST-01430,Identified,Online,Online Store,paid,fulfilled,CAD,186.0,,0.0,0.0,24.18,210.18,0.0,210.18,2,2
#NW14381,2025-10-22 21:20:00,2025-10,CUST-00102,Identified,Online,Online Store,paid,fulfilled,CAD,38.0,,0.0,12.0,6.5,56.5,0.0,56.5,1,1
#NW14382,2025-10-26 18:45:00,2025-10,CUST-01641,Identified,Online,Online Store,refunded,fulfilled,CAD,98.0,,0.0,12.0,14.3,124.3,124.3,0.0,1,1
#NW14383,2025-10-04 19:52:00,2025-10,CUST-01070,Identified,Online,Online Store,paid,fulfilled,CAD,128.0,,0.0,0.0,16.64,144.64,0.0,144.64,1,1
#NW14384,2025-10-15 15:16:00,2025-10,CUST-00424,Identified,POS,Northwood Toronto,paid,fulfilled,CAD,108.0,,0.0,0.0,14.04,122.04,0.0,122.04,1,1
#NW14385,2025-10-01 12:10:00,2025-10,CUST-00606,Identified,Online,Online Store,paid,fulfilled,CAD,184.0,,0.0,0.0,23.92,207.92,0.0,207.92,3,2
#NW14386,2025-10-25 10:30:00,2025-10,CUST-01607,Identified,Online,Online Store,paid,fulfilled,CAD,88.0,,0.0,12.0,13.0,113.0,0.0,113.0,1,1
#NW14387,2025-10-05 19:14:00,2025-10,CUST-00459,Identified,Online,Online Store,paid,fulfilled,CAD,32.0,,0.0,12.0,5.72,49.72,0.0,49.72,1,1
#NW14388,2025-10-14 19:42:00,2025-10,,Guest / Unidentified,POS,Northwood Toronto,paid,fulfilled,CAD,88.0,,0.0,0.0,11.44,99.44,0.0,99.44,1,1
#NW14389,2025-10-31 15:25:00,2025-10,CUST-01643,Identified,Online,Online Store,paid,fulfilled,CAD,538.0,,0.0,0.0,69.94,607.94,0.0,607.94,3,2
#NW14390,2025-10-30 17:52:00,2025-10,CUST-00317,Identified,Online,Online Store,paid,fulfilled,CAD,236.0,,0.0,0.0,30.68,266.68,0.0,266.68,2,2
#NW14391,2025-10-06 17:59:00,2025-10,CUST-02140,Identified,Online,Online Store,paid,fulfilled,CAD,72.0,,0.0,12.0,10.92,94.92,0.0,94.92,1,1
#NW14392,2025-10-29 13:23:00,2025-10,CUST-01244,Identified,Online,Online Store,paid,fulfilled,CAD,218.0,,0.0,0.0,28.34,246.34,0.0,246.34,1,1
#NW14393,2025-10-01 21:23:00,2025-10,CUST-01956,Identified,Online,Online Store,paid,fulfilled,CAD,218.0,HOLIDAY15,32.7,0.0,24.09,209.39,0.0,209.39,1,1
#NW14394,2025-10-15 14:00:00,2025-10,CUST-01283,Identified,Online,Online Store,paid,fulfilled,CAD,276.0,,0.0,0.0,35.88,311.88,0.0,311.88,2,2
#NW14395,2025-10-01 09:04:00,2025-10,CUST-00978,Identified,Online,Online Store,paid,fulfilled,CAD,248.0,,0.0,0.0,32.24,280.24,0.0,280.24,3,2
#NW14396,2025-10-29 15:53:00,2025-10,CUST-01660,Identified,Online,Online Store,paid,fulfilled,CAD,256.0,,0.0,0.0,33.28,289.28,0.0,289.28,2,1
#NW14397,2025-10-12 14:57:00,2025-10,CUST-01559,Identified,Online,Online Store,paid,fulfilled,CAD,216.0,SPRING10,21.6,0.0,25.27,219.67,0.0,219.67,2,2
#NW14398,2025-10-01 11:54:00,2025-10,CUST-01569,Identified,POS,Northwood Toronto,paid,fulfilled,CAD,128.0,,0.0,0.0,16.64,144.64,0.0,144.64,3,3
#NW14399,2025-10-22 16:10:00,2025-10,CUST-00224,Identified,Online,Online Store,paid,fulfilled,CAD,594.0,,0.0,0.0,77.22,671.22,0.0,671.22,3,2
#NW14400,2025-10-30 11:05:00,2025-10,CUST-01522,Identified,Online,Online Store,paid,fulfilled,CAD,324.0,SPRING10,32.4,0.0,37.91,329.51,0.0,329.51,3,2
#NW14401,2025-10-29 20:03:00,2025-10,CUST-01793,Identified,Online,Online Store,paid,fulfilled,CAD,216.0,,0.0,0.0,28.08,244.08,0.0,244.08,2,1
#NW14402,2025-10-06 15:11:00,2025-10,,Guest / Unidentified,POS,Northwood Toronto,paid,fulfilled,CAD,248.0,,0.0,0.0,32.24,280.24,0.0,280.24,1,1
#NW14403,2025-10-23 09:24:00,2025-10,CUST-00798,Identified,POS,Northwood Toronto,voided,unfulfilled,CAD,354.0,,0.0,0.0,46.02,400.02,0.0,0.0,3,2
#NW14404,2025-10-11 17:08:00,2025-10,CUST-01106,Identified,POS,Northwood Toronto,paid,fulfilled,CAD,208.0,,0.0,0.0,27.04,235.04,0.0,235.04,3,2
#NW14405,2025-10-17 19:39:00,2025-10,CUST-00019,Identified,Online,Online Store,paid,fulfilled,CAD,158.0,,0.0,0.0,20.54,178.54,0.0,178.54,1,1
#NW14406,2025-10-06 10:15:00,2025-10,CUST-00428,Identified,Online,Online Store,paid,fulfilled,CAD,316.0,,0.0,0.0,41.08,357.08,0.0,357.08,2,1
#NW14407,2025-10-03 18:23:00,2025-10,CUST-02188,Identified,Online,Online Store,paid,fulfilled,CAD,158.0,FALL15,23.7,0.0,17.46,151.76,0.0,151.76,1,1
#NW14408,2025-10-16 16:26:00,2025-10,CUST-01486,Identified,Online,Online Store,paid,fulfilled,CAD,108.0,,0.0,12.0,15.6,135.6,0.0,135.6,1,1
#NW14409,2025-10-14 09:46:00,2025-10,CUST-00266,Identified,POS,Northwood Toronto,paid,fulfilled,CAD,514.0,FALL15,77.1,0.0,56.8,493.7,0.0,493.7,5,4
#NW14410,2025-10-26 17:54:00,2025-10,CUST-00861,Identified,Online,Online Store,paid,fulfilled,CAD,98.0,HOLIDAY15,14.7,12.0,12.39,107.69,0.0,107.69,1,1
#NW14411,2025-10-31 14:15:00,2025-10,CUST-01375,Identified,Online,Online Store,partially_refunded,fulfilled,CAD,422.0,SPRING10,42.2,0.0,49.37,429.17,86.91,342.26,4,3
#NW14412,2025-10-13 18:34:00,2025-10,CUST-00115,Identified,POS,Northwood Toronto,paid,fulfilled,CAD,118.0,,0.0,0.0,15.34,133.34,0.0,133.34,1,1
#NW14413,2025-10-13 17:58:00,2025-10,CUST-00982,Identified,Online,Online Store,paid,fulfilled,CAD,330.0,,0.0,0.0,42.9,372.9,0.0,372.9,5,3
#NW14414,2025-10-21 17:51:00,2025-10,CUST-01819,Identified,Online,Online Store,paid,fulfilled,CAD,72.0,SPRING10,7.2,12.0,9.98,86.78,0.0,86.78,1,1
#NW14415,2025-10-23 21:14:00,2025-10,CUST-00849,Identified,Online,Online Store,paid,fulfilled,CAD,248.0,,0.0,0.0,32.24,280.24,0.0,280.24,1,1
#NW14416,2025-10-31 09:02:00,2025-10,CUST-02219,Identified,Online,Online Store,paid,fulfilled,CAD,38.0,,0.0,12.0,6.5,56.5,0.0,56.5,1,1
#NW14417,2025-10-12 15:25:00,2025-10,CUST-00437,Identified,Online,Online Store,paid,fulfilled,CAD,198.0,,0.0,0.0,25.74,223.74,0.0,223.74,1,1
#NW14418,2025-10-06 14:20:00,2025-10,CUST-00268,Identified,Online,Online Store,paid,fulfilled,CAD,108.0,FALL15,16.2,12.0,13.49,117.29,0.0,117.29,1,1
#NW14419,2025-10-23 17:12:00,2025-10,CUST-00102,Identified,POS,Northwood Toronto,paid,fulfilled,CAD,48.0,,0.0,0.0,6.24,54.24,0.0,54.24,1,1
#NW14420,2025-10-22 16:21:00,2025-10,CUST-01387,Identified,Online,Online Store,paid,fulfilled,CAD,128.0,,0.0,0.0,16.64,144.64,0.0,144.64,1,1
#NW14421,2025-10-20 19:05:00,2025-10,CUST-01151,Identified,Online,Online Store,paid,fulfilled,CAD,474.0,,0.0,0.0,61.62,535.62,0.0,535.62,3,2
#NW14422,2025-10-18 19:22:00,2025-10,CUST-00010,Identified,Online,Online Store,refunded,fulfilled,CAD,324.0,,0.0,0.0,42.12,366.12,366.12,0.0,3,2
#NW14423,2025-10-19 19:13:00,2025-10,CUST-01267,Identified,Online,Online Store,paid,fulfilled,CAD,118.0,,0.0,12.0,16.9,146.9,0.0,146.9,1,1
#NW14424,2025-10-06 09:56:00,2025-10,CUST-00769,Identified,Online,Online Store,paid,fulfilled,CAD,186.0,,0.0,0.0,24.18,210.18,0.0,210.18,2,2
#NW14425,2025-10-22 21:48:00,2025-10,CUST-02260,Identified,Online,Online Store,paid,fulfilled,CAD,68.0,,0.0,12.0,10.4,90.4,0.0,90.4,1,1
#NW14426,2025-10-12 15:25:00,2025-10,CUST-00827,Identified,Online,Online Store,paid,fulfilled,CAD,614.0,,0.0,0.0,79.82,693.82,0.0,693.82,3,3
#NW14427,2025-10-29 13:12:00,2025-10,CUST-00133,Identified,Online,Online Store,paid,fulfilled,CAD,38.0,,0.0,12.0,6.5,56.5,0.0,56.5,1,1
#NW14428,2025-10-01 17:31:00,2025-10,CUST-01936,Identified,Online,Online Store,paid,fulfilled,CAD,246.0,,0.0,0.0,31.98,277.98,0.0,277.98,2,2
#NW14429,2025-10-08 19:54:00,2025-10,CUST-01103,Identified,POS,Northwood Toronto,paid,fulfilled,CAD,88.0,,0.0,0.0,11.44,99.44,0.0,99.44,1,1
#NW14430,2025-10-06 20:20:00,2025-10,CUST-00535,Identified,Online,Online Store,paid,fulfilled,CAD,128.0,FALL15,19.2,0.0,14.14,122.94,0.0,122.94,1,1
#NW14431,2025-10-01 11:33:00,2025-10,CUST-02336,Identified,Online,Online Store,paid,fulfilled,CAD,336.0,,0.0,0.0,43.68,379.68,0.0,379.68,2,2
#NW14432,2025-10-27 18:36:00,2025-10,CUST-02314,Identified,POS,Northwood Toronto,paid,fulfilled,CAD,310.0,,0.0,0.0,40.3,350.3,0.0,350.3,4,3
#NW14433,2025-10-08 09:29:00,2025-10,CUST-00184,Identified,Online,Online Store,paid,fulfilled,CAD,150.0,WELCOME10,15.0,0.0,17.55,152.55,0.0,152.55,2,2
#NW14434,2025-10-02 15:28:00,2025-10,CUST-01912,Identified,Online,Online Store,paid,fulfilled,CAD,352.0,FALL15,52.8,0.0,38.9,338.1,0.0,338.1,4,4
#NW14435,2025-10-09 16:59:00,2025-10,CUST-01982,Identified,Online,Online Store,paid,fulfilled,CAD,156.0,WELCOME10,15.6,0.0,18.25,158.65,0.0,158.65,2,1
#NW14436,2025-10-31 09:56:00,2025-10,CUST-00757,Identified,POS,Northwood Toronto,paid,fulfilled,CAD,42.0,,0.0,0.0,5.46,47.46,0.0,47.46,1,1
#NW14437,2025-10-28 17:20:00,2025-10,CUST-00197,Identified,Online,Online Store,paid,fulfilled,CAD,118.0,,0.0,12.0,16.9,146.9,0.0,146.9,1,1
#NW14438,2025-10-18 12:50:00,2025-10,CUST-01289,Identified,Online,Online Store,paid,fulfilled,CAD,544.0,,0.0,0.0,70.72,614.72,0.0,614.72,3,2
#NW14439,2025-10-02 19:37:00,2025-10,CUST-01375,Identified,Online,Online Store,paid,fulfilled,CAD,276.0,,0.0,0.0,35.88,311.88,0.0,311.88,2,2
#NW14440,2025-10-09 11:52:00,2025-10,CUST-00725,Identified,Online,Online Store,paid,fulfilled,CAD,108.0,,0.0,12.0,15.6,135.6,0.0,135.6,1,1
#NW14441,2025-10-07 13:40:00,2025-10,CUST-00035,Identified,Online,Online Store,paid,fulfilled,CAD,248.0,,0.0,0.0,32.24,280.24,0.0,280.24,1,1
#NW14442,2025-10-03 19:33:00,2025-10,CUST-01461,Identified,Online,Online Store,paid,fulfilled,CAD,128.0,,0.0,0.0,16.64,144.64,0.0,144.64,1,1
#NW14443,2025-10-25 09:20:00,2025-10,CUST-01171,Identified,Online,Online Store,paid,fulfilled,CAD,214.0,,0.0,0.0,27.82,241.82,0.0,241.82,3,2
#NW14444,2025-10-11 21:19:00,2025-10,CUST-01157,Identified,Online,Online Store,paid,fulfilled,CAD,256.0,WELCOME10,25.6,0.0,29.95,260.35,0.0,260.35,2,2
#NW14445,2025-10-08 13:08:00,2025-10,CUST-02064,Identified,Online,Online Store,paid,fulfilled,CAD,324.0,,0.0,0.0,42.12,366.12,0.0,366.12,3,2
#NW14446,2025-10-10 21:35:00,2025-10,CUST-02049,Identified,Online,Online Store,paid,fulfilled,CAD,88.0,,0.0,12.0,13.0,113.0,0.0,113.0,1,1
#NW14447,2025-10-27 11:51:00,2025-10,CUST-00799,Identified,Online,Online Store,paid,fulfilled,CAD,176.0,,0.0,0.0,22.88,198.88,0.0,198.88,2,1
#NW14448,2025-10-21 21:42:00,2025-10,CUST-01289,Identified,POS,Northwood Toronto,paid,fulfilled,CAD,88.0,,0.0,0.0,11.44,99.44,0.0,99.44,1,1
#NW14449,2025-10-27 11:36:00,2025-10,CUST-01601,Identified,Online,Online Store,paid,fulfilled,CAD,128.0,,0.0,0.0,16.64,144.64,0.0,144.64,1,1
#NW14450,2025-10-13 09:48:00,2025-10,,Guest / Unidentified,POS,Northwood Toronto,paid,fulfilled,CAD,118.0,,0.0,0.0,15.34,133.34,0.0,133.34,1,1
#NW14451,2025-10-15 17:59:00,2025-10,CUST-00531,Identified,Online,Online Store,paid,fulfilled,CAD,38.0,,0.0,12.0,6.5,56.5,0.0,56.5,1,1
#NW14452,2025-10-01 14:02:00,2025-10,CUST-00399,Identified,Online,Online Store,paid,fulfilled,CAD,236.0,,0.0,0.0,30.68,266.68,0.0,266.68,2,1
#NW14453,2025-10-21 11:50:00,2025-10,CUST-01358,Identified,Online,Online Store,paid,fulfilled,CAD,38.0,,0.0,12.0,6.5,56.5,0.0,56.5,1,1
#NW14454,2025-10-05 09:21:00,2025-10,CUST-01669,Identified,Online,Online Store,paid,fulfilled,CAD,214.0,,0.0,0.0,27.82,241.82,0.0,241.82,3,2
#NW14455,2025-10-28 16:25:00,2025-10,CUST-02063,Identified,Online,Online Store,paid,fulfilled,CAD,38.0,,0.0,12.0,6.5,56.5,0.0,56.5,1,1
#NW14456,2025-10-07 16:27:00,2025-10,CUST-00414,Identified,Online,Online Store,paid,fulfilled,CAD,382.0,,0.0,0.0,49.66,431.66,0.0,431.66,3,2
#NW14457,2025-10-03 17:33:00,2025-10,CUST-02057,Identified,Online,Online Store,paid,fulfilled,CAD,344.0,,0.0,0.0,44.72,388.72,0.0,388.72,3,3
#NW14458,2025-10-23 21:42:00,2025-10,CUST-00616,Identified,POS,Northwood Toronto,paid,fulfilled,CAD,128.0,,0.0,0.0,16.64,144.64,0.0,144.64,1,1
#NW14459,2025-10-12 12:32:00,2025-10,CUST-00216,Identified,POS,Northwood Toronto,paid,fulfilled,CAD,28.0,,0.0,0.0,3.64,31.64,0.0,31.64,1,1
#NW14460,2025-10-21 16:22:00,2025-10,CUST-01566,Identified,Online,Online Store,paid,fulfilled,CAD,112.0,SPRING10,11.2,12.0,14.66,127.46,0.0,127.46,1,1
#NW14461,2025-10-02 16:20:00,2025-10,CUST-01954,Identified,Online,Online Store,paid,fulfilled,CAD,248.0,,0.0,0.0,32.24,280.24,0.0,280.24,1,1
#NW14462,2025-10-20 18:24:00,2025-10,CUST-00154,Identified,Online,Online Store,paid,fulfilled,CAD,88.0,,0.0,12.0,13.0,113.0,0.0,113.0,1,1
#NW14463,2025-10-14 13:05:00,2025-10,CUST-01189,Identified,Online,Online Store,paid,fulfilled,CAD,248.0,,0.0,0.0,32.24,280.24,0.0,280.24,1,1
#NW14464,2025-10-29 21:52:00,2025-10,CUST-00661,Identified,Online,Online Store,paid,fulfilled,CAD,68.0,,0.0,12.0,10.4,90.4,0.0,90.4,1,1
#NW14465,2025-10-11 16:11:00,2025-10,CUST-00621,Identified,Online,Online Store,paid,fulfilled,CAD,224.0,,0.0,0.0,29.12,253.12,0.0,253.12,3,2
#NW14466,2025-10-26 19:04:00,2025-10,CUST-01897,Identified,Online,Online Store,paid,fulfilled,CAD,358.0,,0.0,0.0,46.54,404.54,0.0,404.54,3,2
#NW14467,2025-10-14 15:27:00,2025-10,CUST-00323,Identified,Online,Online Store,paid,fulfilled,CAD,128.0,,0.0,0.0,16.64,144.64,0.0,144.64,1,1
#NW14468,2025-10-25 10:56:00,2025-10,CUST-00383,Identified,Online,Online Store,paid,fulfilled,CAD,362.0,,0.0,0.0,47.06,409.06,0.0,409.06,3,2
#NW14469,2025-10-24 15:43:00,2025-10,CUST-00949,Identified,Online,Online Store,paid,fulfilled,CAD,198.0,,0.0,0.0,25.74,223.74,0.0,223.74,1,1
#NW14470,2025-10-11 10:35:00,2025-10,CUST-00884,Identified,POS,Northwood Toronto,paid,fulfilled,CAD,158.0,,0.0,0.0,20.54,178.54,0.0,178.54,1,1
#NW14471,2025-10-04 11:33:00,2025-10,CUST-00577,Identified,Online,Online Store,paid,fulfilled,CAD,166.0,,0.0,0.0,21.58,187.58,0.0,187.58,2,2
#NW14472,2025-10-13 16:15:00,2025-10,CUST-00660,Identified,Online,Online Store,paid,fulfilled,CAD,192.0,,0.0,0.0,24.96,216.96,0.0,216.96,3,2
#NW14473,2025-10-21 21:56:00,2025-10,CUST-00115,Identified,POS,Northwood Toronto,paid,fulfilled,CAD,78.0,,0.0,0.0,10.14,88.14,0.0,88.14,1,1
#NW14474,2025-10-09 21:29:00,2025-10,CUST-00628,Identified,Online,Online Store,paid,fulfilled,CAD,450.0,,0.0,0.0,58.5,508.5,0.0,508.5,4,3
#NW14475,2025-10-31 11:12:00,2025-10,CUST-02144,Identified,Online,Online Store,paid,fulfilled,CAD,316.0,,0.0,0.0,41.08,357.08,0.0,357.08,2,1
#NW14476,2025-10-02 20:18:00,2025-10,CUST-01399,Identified,Online,Online Store,paid,fulfilled,CAD,68.0,,0.0,12.0,10.4,90.4,0.0,90.4,1,1
#NW14477,2025-10-21 17:52:00,2025-10,CUST-01833,Identified,Online,Online Store,paid,fulfilled,CAD,72.0,,0.0,12.0,10.92,94.92,0.0,94.92,1,1
#NW14478,2025-10-19 10:54:00,2025-10,CUST-02250,Identified,Online,Online Store,paid,fulfilled,CAD,184.0,,0.0,0.0,23.92,207.92,0.0,207.92,3,2
#NW14479,2025-10-09 14:21:00,2025-10,CUST-00538,Identified,POS,Northwood Toronto,paid,fulfilled,CAD,294.0,,0.0,0.0,38.22,332.22,0.0,332.22,3,2
#NW14480,2025-10-06 20:06:00,2025-10,CUST-01389,Identified,Online,Online Store,paid,fulfilled,CAD,28.0,,0.0,12.0,5.2,45.2,0.0,45.2,1,1
#NW14481,2025-10-12 15:35:00,2025-10,CUST-01141,Identified,Online,Online Store,paid,fulfilled,CAD,88.0,,0.0,12.0,13.0,113.0,0.0,113.0,1,1
#NW14482,2025-10-28 15:04:00,2025-10,CUST-01476,Identified,Online,Online Store,paid,fulfilled,CAD,494.0,FALL15,74.1,0.0,54.59,474.49,0.0,474.49,3,2
#NW14483,2025-10-23 13:22:00,2025-10,CUST-01765,Identified,Online,Online Store,paid,fulfilled,CAD,128.0,,0.0,0.0,16.64,144.64,0.0,144.64,3,3
#NW14484,2025-10-13 19:03:00,2025-10,CUST-00164,Identified,Online,Online Store,paid,fulfilled,CAD,226.0,,0.0,0.0,29.38,255.38,0.0,255.38,2,2
#NW14485,2025-10-11 16:59:00,2025-10,CUST-02205,Identified,Online,Online Store,paid,fulfilled,CAD,248.0,,0.0,0.0,32.24,280.24,0.0,280.24,1,1
#NW14486,2025-10-03 18:40:00,2025-10,CUST-01588,Identified,Online,Online Store,paid,fulfilled,CAD,332.0,,0.0,0.0,43.16,375.16,0.0,375.16,3,2
#NW14487,2025-10-05 21:58:00,2025-10,CUST-00110,Identified,Online,Online Store,paid,fulfilled,CAD,302.0,,0.0,0.0,39.26,341.26,0.0,341.26,3,2
#NW14488,2025-10-13 19:37:00,2025-10,CUST-01811,Identified,Online,Online Store,partially_refunded,fulfilled,CAD,48.0,,0.0,12.0,7.8,67.8,13.72,54.08,1,1
#NW14489,2025-10-13 18:39:00,2025-10,CUST-00308,Identified,Online,Online Store,paid,fulfilled,CAD,72.0,,0.0,12.0,10.92,94.92,0.0,94.92,1,1
#NW14490,2025-10-16 09:32:00,2025-10,CUST-00341,Identified,POS,Northwood Toronto,paid,fulfilled,CAD,234.0,,0.0,0.0,30.42,264.42,0.0,264.42,3,2
#NW14491,2025-10-30 16:31:00,2025-10,CUST-02323,Identified,Online,Online Store,refunded,fulfilled,CAD,436.0,,0.0,0.0,56.68,492.68,492.68,0.0,2,1
#NW14492,2025-10-25 11:30:00,2025-10,CUST-00382,Identified,Online,Online Store,paid,fulfilled,CAD,136.0,,0.0,0.0,17.68,153.68,0.0,153.68,2,1
#NW14493,2025-10-06 10:09:00,2025-10,CUST-02038,Identified,Online,Online Store,partially_refunded,fulfilled,CAD,112.0,,0.0,12.0,16.12,140.12,75.29,64.83,1,1
#NW14494,2025-10-27 18:32:00,2025-10,CUST-00399,Identified,Online,Online Store,paid,fulfilled,CAD,514.0,SPRING10,51.4,0.0,60.14,522.74,0.0,522.74,3,2
#NW14495,2025-10-22 10:21:00,2025-10,CUST-00571,Identified,Online,Online Store,paid,fulfilled,CAD,48.0,HOLIDAY15,7.2,12.0,6.86,59.66,0.0,59.66,1,1
#NW14496,2025-10-19 13:00:00,2025-10,CUST-00062,Identified,Online,Online Store,paid,fulfilled,CAD,496.0,,0.0,0.0,64.48,560.48,0.0,560.48,2,1
#NW14497,2025-10-31 18:19:00,2025-10,CUST-01940,Identified,Online,Online Store,paid,fulfilled,CAD,466.0,,0.0,0.0,60.58,526.58,0.0,526.58,4,4
#NW14498,2025-10-25 16:19:00,2025-10,CUST-01268,Identified,Online,Online Store,paid,fulfilled,CAD,326.0,,0.0,0.0,42.38,368.38,0.0,368.38,2,2
#NW14499,2025-10-21 17:33:00,2025-10,CUST-02242,Identified,POS,Northwood Toronto,paid,fulfilled,CAD,228.0,,0.0,0.0,29.64,257.64,0.0,257.64,3,2
#NW14500,2025-10-13 12:28:00,2025-10,CUST-01742,Identified,Online,Online Store,paid,fulfilled,CAD,394.0,,0.0,0.0,51.22,445.22,0.0,445.22,3,3
#NW14501,2025-10-06 11:10:00,2025-10,CUST-00358,Identified,Online,Online Store,paid,fulfilled,CAD,282.0,,0.0,0.0,36.66,318.66,0.0,318.66,4,3
#NW14502,2025-10-18 16:11:00,2025-10,CUST-00809,Identified,Online,Online Store,paid,fulfilled,CAD,118.0,,0.0,12.0,16.9,146.9,0.0,146.9,1,1
#NW14503,2025-10-29 20:39:00,2025-10,CUST-00386,Identified,Online,Online Store,paid,fulfilled,CAD,256.0,,0.0,0.0,33.28,289.28,0.0,289.28,2,2
#NW14504,2025-10-26 16:13:00,2025-10,CUST-01863,Identified,POS,Northwood Toronto,paid,fulfilled,CAD,72.0,,0.0,0.0,9.36,81.36,0.0,81.36,1,1
#NW14505,2025-10-29 13:22:00,2025-10,CUST-02303,Identified,POS,Northwood Toronto,paid,fulfilled,CAD,88.0,,0.0,0.0,11.44,99.44,0.0,99.44,1,1
#NW14506,2025-10-13 16:54:00,2025-10,CUST-01372,Identified,Online,Online Store,paid,fulfilled,CAD,198.0,,0.0,0.0,25.74,223.74,0.0,223.74,1,1
#NW14507,2025-10-06 11:05:00,2025-10,CUST-01211,Identified,Online,Online Store,paid,fulfilled,CAD,278.0,HOLIDAY15,41.7,0.0,30.72,267.02,0.0,267.02,3,3
#NW14508,2025-10-10 21:35:00,2025-10,CUST-00662,Identified,Online,Online Store,paid,fulfilled,CAD,198.0,,0.0,0.0,25.74,223.74,0.0,223.74,1,1
#NW14509,2025-10-09 20:03:00,2025-10,CUST-00280,Identified,Online,Online Store,paid,fulfilled,CAD,88.0,,0.0,12.0,13.0,113.0,0.0,113.0,1,1
#NW14510,2025-10-21 09:53:00,2025-10,CUST-00557,Identified,Online,Online Store,paid,fulfilled,CAD,158.0,,0.0,0.0,20.54,178.54,0.0,178.54,1,1
#NW14511,2025-10-14 17:08:00,2025-10,CUST-00267,Identified,Online,Online Store,paid,fulfilled,CAD,316.0,,0.0,0.0,41.08,357.08,0.0,357.08,2,1
#NW14512,2025-10-02 09:59:00,2025-10,CUST-00033,Identified,Online,Online Store,paid,fulfilled,CAD,316.0,,0.0,0.0,41.08,357.08,0.0,357.08,2,1
#NW14513,2025-10-02 14:42:00,2025-10,CUST-01125,Identified,Online,Online Store,paid,fulfilled,CAD,190.0,,0.0,0.0,24.7,214.7,0.0,214.7,2,2
#NW14514,2025-10-21 09:54:00,2025-10,CUST-00366,Identified,Online,Online Store,paid,fulfilled,CAD,564.0,,0.0,0.0,73.32,637.32,0.0,637.32,3,2
#NW14515,2025-10-17 15:00:00,2025-10,CUST-00292,Identified,Online,Online Store,paid,fulfilled,CAD,436.0,,0.0,0.0,56.68,492.68,0.0,492.68,2,1
#NW14516,2025-10-04 10:14:00,2025-10,CUST-01876,Identified,POS,Northwood Toronto,paid,fulfilled,CAD,376.0,,0.0,0.0,48.88,424.88,0.0,424.88,2,2
#NW14517,2025-10-19 19:58:00,2025-10,CUST-01888,Identified,Online,Online Store,paid,fulfilled,CAD,32.0,HOLIDAY15,4.8,12.0,5.1,44.3,0.0,44.3,1,1
#NW14518,2025-10-13 20:58:00,2025-10,CUST-01057,Identified,Online,Online Store,paid,fulfilled,CAD,38.0,WELCOME10,3.8,12.0,6.01,52.21,0.0,52.21,1,1
#NW14519,2025-10-21 16:15:00,2025-10,CUST-01939,Identified,Online,Online Store,paid,fulfilled,CAD,406.0,,0.0,0.0,52.78,458.78,0.0,458.78,2,2
#NW14520,2025-10-21 12:20:00,2025-10,CUST-01394,Identified,Online,Online Store,paid,fulfilled,CAD,742.0,,0.0,0.0,96.46,838.46,0.0,838.46,4,4
#NW14521,2025-10-26 19:22:00,2025-10,CUST-01811,Identified,Online,Online Store,paid,fulfilled,CAD,198.0,,0.0,0.0,25.74,223.74,0.0,223.74,1,1
#NW14522,2025-10-08 19:43:00,2025-10,CUST-00576,Identified,Online,Online Store,paid,fulfilled,CAD,76.0,,0.0,12.0,11.44,99.44,0.0,99.44,2,1
#NW14523,2025-10-19 19:47:00,2025-10,CUST-01822,Identified,Online,Online Store,paid,fulfilled,CAD,128.0,,0.0,0.0,16.64,144.64,0.0,144.64,1,1
#NW14524,2025-10-19 15:33:00,2025-10,CUST-02330,Identified,Online,Online Store,paid,fulfilled,CAD,96.0,,0.0,12.0,14.04,122.04,0.0,122.04,2,1
#NW14525,2025-10-07 10:50:00,2025-10,CUST-02000,Identified,Online,Online Store,paid,fulfilled,CAD,88.0,,0.0,12.0,13.0,113.0,0.0,113.0,1,1
#NW14526,2025-10-05 13:56:00,2025-10,CUST-02152,Identified,Online,Online Store,paid,fulfilled,CAD,128.0,,0.0,0.0,16.64,144.64,0.0,144.64,1,1
#NW14527,2025-10-13 11:48:00,2025-10,CUST-01489,Identified,Online,Online Store,paid,fulfilled,CAD,1104.0,,0.0,0.0,143.52,1247.52,0.0,1247.52,5,3
#NW14528,2025-10-10 15:48:00,2025-10,CUST-01175,Identified,Online,Online Store,partially_refunded,fulfilled,CAD,608.0,,0.0,0.0,79.04,687.04,127.24,559.8,6,4
#NW14529,2025-10-02 18:32:00,2025-10,CUST-01159,Identified,Online,Online Store,paid,fulfilled,CAD,28.0,,0.0,12.0,5.2,45.2,0.0,45.2,1,1
#NW14530,2025-10-28 11:00:00,2025-10,CUST-01164,Identified,Online,Online Store,paid,fulfilled,CAD,176.0,,0.0,0.0,22.88,198.88,0.0,198.88,2,1
#NW14531,2025-10-18 19:39:00,2025-10,CUST-00529,Identified,Online,Online Store,paid,fulfilled,CAD,316.0,,0.0,0.0,41.08,357.08,0.0,357.08,2,1
#NW14532,2025-10-30 18:48:00,2025-10,CUST-01220,Identified,Online,Online Store,paid,fulfilled,CAD,176.0,,0.0,0.0,22.88,198.88,0.0,198.88,2,2
#NW14533,2025-10-02 20:38:00,2025-10,CUST-01503,Identified,POS,Northwood Toronto,partially_refunded,fulfilled,CAD,252.0,SPRING10,25.2,0.0,29.48,256.28,97.68,158.59999999999997,4,3
#NW14534,2025-10-09 12:34:00,2025-10,CUST-00592,Identified,Online,Online Store,paid,fulfilled,CAD,108.0,SPRING10,10.8,12.0,14.2,123.4,0.0,123.4,1,1
#NW14535,2025-10-09 16:48:00,2025-10,CUST-01285,Identified,Online,Online Store,paid,fulfilled,CAD,632.0,,0.0,0.0,82.16,714.16,0.0,714.16,4,3
#NW14536,2025-10-30 13:09:00,2025-10,CUST-01531,Identified,Online,Online Store,paid,fulfilled,CAD,306.0,FALL15,45.9,0.0,33.81,293.91,0.0,293.91,2,2
#NW14537,2025-10-01 16:15:00,2025-10,CUST-00580,Identified,POS,Northwood Toronto,paid,fulfilled,CAD,336.0,,0.0,0.0,43.68,379.68,0.0,379.68,2,2
#NW14538,2025-10-16 12:43:00,2025-10,CUST-01014,Identified,POS,Northwood Toronto,paid,fulfilled,CAD,128.0,,0.0,0.0,16.64,144.64,0.0,144.64,1,1
#NW14539,2025-10-26 19:19:00,2025-10,,Guest / Unidentified,POS,Northwood Toronto,refunded,fulfilled,CAD,296.0,,0.0,0.0,38.48,334.48,334.48,0.0,2,2
#NW14540,2025-10-15 19:09:00,2025-10,CUST-02073,Identified,Online,Online Store,paid,fulfilled,CAD,176.0,,0.0,0.0,22.88,198.88,0.0,198.88,2,1
#NW14541,2025-10-14 09:13:00,2025-10,,Guest / Unidentified,POS,Northwood Toronto,paid,fulfilled,CAD,88.0,,0.0,0.0,11.44,99.44,0.0,99.44,1,1
#NW14542,2025-10-02 11:06:00,2025-10,CUST-01248,Identified,POS,Northwood Toronto,paid,fulfilled,CAD,288.0,,0.0,0.0,37.44,325.44,0.0,325.44,3,2
#NW14543,2025-10-27 20:16:00,2025-10,CUST-00175,Identified,Online,Online Store,paid,fulfilled,CAD,198.0,,0.0,0.0,25.74,223.74,0.0,223.74,1,1
#NW14544,2025-10-15 16:01:00,2025-10,CUST-01890,Identified,Online,Online Store,paid,fulfilled,CAD,72.0,,0.0,12.0,10.92,94.92,0.0,94.92,1,1
#NW14545,2025-10-17 13:16:00,2025-10,CUST-00183,Identified,Online,Online Store,paid,fulfilled,CAD,224.0,,0.0,0.0,29.12,253.12,0.0,253.12,2,1
#NW14546,2025-10-06 17:36:00,2025-10,CUST-00234,Identified,Online,Online Store,paid,fulfilled,CAD,396.0,,0.0,0.0,51.48,447.48,0.0,447.48,2,1
#NW14547,2025-10-14 10:57:00,2025-10,CUST-01667,Identified,POS,Northwood Toronto,paid,fulfilled,CAD,78.0,,0.0,0.0,10.14,88.14,0.0,88.14,1,1
#NW14548,2025-10-30 17:48:00,2025-10,CUST-01003,Identified,Online,Online Store,paid,fulfilled,CAD,614.0,,0.0,0.0,79.82,693.82,0.0,693.82,3,2
#NW14549,2025-10-08 17:19:00,2025-10,CUST-00069,Identified,Online,Online Store,paid,fulfilled,CAD,276.0,,0.0,0.0,35.88,311.88,0.0,311.88,2,2
#NW14550,2025-10-17 21:25:00,2025-10,CUST-02298,Identified,Online,Online Store,paid,fulfilled,CAD,32.0,,0.0,12.0,5.72,49.72,0.0,49.72,1,1
#NW14551,2025-10-16 18:56:00,2025-10,CUST-00033,Identified,Online,Online Store,voided,unfulfilled,CAD,28.0,SPRING10,2.8,12.0,4.84,42.04,0.0,0.0,1,1
#NW14552,2025-10-19 18:55:00,2025-10,CUST-00634,Identified,Online,Online Store,paid,fulfilled,CAD,264.0,,0.0,0.0,34.32,298.32,0.0,298.32,3,2
#NW14553,2025-10-30 14:33:00,2025-10,CUST-00432,Identified,Online,Online Store,paid,fulfilled,CAD,42.0,,0.0,12.0,7.02,61.02,0.0,61.02,1,1
#NW14554,2025-10-19 09:21:00,2025-10,CUST-01191,Identified,Online,Online Store,paid,fulfilled,CAD,236.0,,0.0,0.0,30.68,266.68,0.0,266.68,2,2
#NW14555,2025-10-24 19:13:00,2025-10,CUST-01540,Identified,Online,Online Store,paid,fulfilled,CAD,714.0,,0.0,0.0,92.82,806.82,0.0,806.82,3,2
#NW14556,2025-10-15 12:40:00,2025-10,CUST-00290,Identified,POS,Northwood Toronto,paid,fulfilled,CAD,220.0,,0.0,0.0,28.6,248.6,0.0,248.6,2,2
#NW14557,2025-10-19 13:50:00,2025-10,CUST-02336,Identified,Online,Online Store,refunded,fulfilled,CAD,484.0,,0.0,0.0,62.92,546.92,546.92,0.0,3,2
#NW14558,2025-10-16 10:38:00,2025-10,CUST-01918,Identified,Online,Online Store,partially_refunded,fulfilled,CAD,128.0,WELCOME10,12.8,0.0,14.98,130.18,47.65,82.53,1,1
#NW14559,2025-10-09 12:02:00,2025-10,CUST-00299,Identified,Online,Online Store,paid,fulfilled,CAD,614.0,,0.0,0.0,79.82,693.82,0.0,693.82,3,2
#NW14560,2025-10-02 20:20:00,2025-10,CUST-02298,Identified,Online,Online Store,paid,fulfilled,CAD,364.0,,0.0,0.0,47.32,411.32,0.0,411.32,3,3
#NW14561,2025-10-06 21:25:00,2025-10,CUST-01591,Identified,Online,Online Store,paid,fulfilled,CAD,88.0,,0.0,12.0,13.0,113.0,0.0,113.0,1,1
#NW14562,2025-10-06 20:05:00,2025-10,CUST-01894,Identified,Online,Online Store,paid,fulfilled,CAD,312.0,,0.0,0.0,40.56,352.56,0.0,352.56,4,3
#NW14563,2025-10-02 21:19:00,2025-10,CUST-01746,Identified,Online,Online Store,paid,fulfilled,CAD,72.0,,0.0,12.0,10.92,94.92,0.0,94.92,1,1
#NW14564,2025-10-30 18:46:00,2025-10,CUST-00383,Identified,POS,Northwood Toronto,paid,fulfilled,CAD,108.0,,0.0,0.0,14.04,122.04,0.0,122.04,1,1
#NW14565,2025-10-30 15:10:00,2025-10,CUST-01430,Identified,Online,Online Store,paid,fulfilled,CAD,196.0,,0.0,0.0,25.48,221.48,0.0,221.48,2,1
#NW14566,2025-10-14 10:26:00,2025-10,CUST-01909,Identified,Online,Online Store,paid,fulfilled,CAD,294.0,,0.0,0.0,38.22,332.22,0.0,332.22,3,3
#NW14567,2025-10-01 14:32:00,2025-10,CUST-01244,Identified,Online,Online Store,refunded,fulfilled,CAD,112.0,,0.0,12.0,16.12,140.12,140.12,0.0,1,1
#NW14568,2025-10-14 20:17:00,2025-10,CUST-02192,Identified,Online,Online Store,paid,fulfilled,CAD,48.0,,0.0,12.0,7.8,67.8,0.0,67.8,1,1
#NW14569,2025-10-27 15:14:00,2025-10,CUST-01905,Identified,POS,Northwood Toronto,paid,fulfilled,CAD,56.0,,0.0,0.0,7.28,63.28,0.0,63.28,2,1
#NW14570,2025-10-03 21:21:00,2025-10,CUST-00447,Identified,POS,Northwood Toronto,paid,fulfilled,CAD,72.0,,0.0,0.0,9.36,81.36,0.0,81.36,1,1
#NW14571,2025-10-02 17:36:00,2025-10,CUST-00059,Identified,Online,Online Store,partially_refunded,fulfilled,CAD,218.0,,0.0,0.0,28.34,246.34,79.55,166.79000000000002,1,1
#NW14572,2025-10-15 17:26:00,2025-10,CUST-00739,Identified,Online,Online Store,paid,fulfilled,CAD,294.0,,0.0,0.0,38.22,332.22,0.0,332.22,3,2
#NW14573,2025-10-01 20:21:00,2025-10,CUST-00444,Identified,Online,Online Store,paid,fulfilled,CAD,436.0,,0.0,0.0,56.68,492.68,0.0,492.68,2,1
#NW14574,2025-10-17 20:15:00,2025-10,CUST-01626,Identified,Online,Online Store,paid,fulfilled,CAD,276.0,,0.0,0.0,35.88,311.88,0.0,311.88,2,2
#NW14575,2025-10-19 13:39:00,2025-10,CUST-01775,Identified,Online,Online Store,paid,fulfilled,CAD,722.0,,0.0,0.0,93.86,815.86,0.0,815.86,4,3
#NW14576,2025-10-08 10:10:00,2025-10,CUST-00818,Identified,Online,Online Store,paid,fulfilled,CAD,128.0,,0.0,0.0,16.64,144.64,0.0,144.64,1,1
#NW14577,2025-10-13 12:33:00,2025-10,,Guest / Unidentified,POS,Northwood Toronto,paid,fulfilled,CAD,28.0,,0.0,0.0,3.64,31.64,0.0,31.64,1,1
#NW14578,2025-10-21 15:09:00,2025-10,CUST-02195,Identified,POS,Northwood Toronto,paid,fulfilled,CAD,236.0,,0.0,0.0,30.68,266.68,0.0,266.68,2,1
#NW14579,2025-10-09 10:20:00,2025-10,CUST-01787,Identified,POS,Northwood Toronto,paid,fulfilled,CAD,128.0,FALL15,19.2,0.0,14.14,122.94,0.0,122.94,1,1
#NW14580,2025-10-13 16:30:00,2025-10,CUST-01300,Identified,Online,Online Store,paid,fulfilled,CAD,88.0,,0.0,12.0,13.0,113.0,0.0,113.0,1,1
#NW14581,2025-10-29 16:58:00,2025-10,CUST-01051,Identified,Online,Online Store,paid,fulfilled,CAD,110.0,,0.0,12.0,15.86,137.86,0.0,137.86,2,2
#NW14582,2025-10-09 21:44:00,2025-10,CUST-01992,Identified,Online,Online Store,partially_refunded,fulfilled,CAD,446.0,,0.0,0.0,57.98,503.98,258.81,245.17000000000002,4,3
#NW14583,2025-10-13 18:35:00,2025-10,CUST-00903,Identified,Online,Online Store,refunded,fulfilled,CAD,314.0,,0.0,0.0,40.82,354.82,354.82,0.0,3,2
#NW14584,2025-10-22 17:18:00,2025-10,CUST-01951,Identified,Online,Online Store,paid,fulfilled,CAD,414.0,WELCOME10,41.4,0.0,48.44,421.04,0.0,421.04,3,3
#NW14585,2025-10-04 11:25:00,2025-10,CUST-00469,Identified,Online,Online Store,paid,fulfilled,CAD,128.0,,0.0,0.0,16.64,144.64,0.0,144.64,1,1
#NW14586,2025-10-16 12:01:00,2025-10,CUST-01141,Identified,Online,Online Store,paid,fulfilled,CAD,42.0,,0.0,12.0,7.02,61.02,0.0,61.02,1,1
#NW14587,2025-10-02 20:47:00,2025-10,CUST-01862,Identified,Online,Online Store,paid,fulfilled,CAD,432.0,,0.0,0.0,56.16,488.16,0.0,488.16,3,3
#NW14588,2025-10-08 18:34:00,2025-10,CUST-00157,Identified,Online,Online Store,paid,fulfilled,CAD,128.0,,0.0,0.0,16.64,144.64,0.0,144.64,1,1
#NW14589,2025-10-06 17:53:00,2025-10,CUST-02233,Identified,POS,Northwood Toronto,paid,fulfilled,CAD,158.0,,0.0,0.0,20.54,178.54,0.0,178.54,1,1
#NW14590,2025-10-04 15:13:00,2025-10,CUST-00638,Identified,Online,Online Store,paid,fulfilled,CAD,218.0,HOLIDAY15,32.7,0.0,24.09,209.39,0.0,209.39,1,1
#NW14591,2025-10-26 14:20:00,2025-10,CUST-01925,Identified,Online,Online Store,paid,fulfilled,CAD,76.0,,0.0,12.0,11.44,99.44,0.0,99.44,2,1
#NW14592,2025-10-10 19:59:00,2025-10,CUST-00021,Identified,Online,Online Store,paid,fulfilled,CAD,116.0,,0.0,12.0,16.64,144.64,0.0,144.64,2,2
#NW14593,2025-10-05 11:43:00,2025-10,CUST-00875,Identified,Online,Online Store,paid,fulfilled,CAD,308.0,,0.0,0.0,40.04,348.04,0.0,348.04,3,2
#NW14594,2025-10-29 15:26:00,2025-10,CUST-01312,Identified,Online,Online Store,paid,fulfilled,CAD,218.0,HOLIDAY15,32.7,0.0,24.09,209.39,0.0,209.39,1,1
#NW14595,2025-10-04 14:11:00,2025-10,CUST-02328,Identified,Online,Online Store,paid,fulfilled,CAD,56.0,,0.0,12.0,8.84,76.84,0.0,76.84,2,1
#NW14596,2025-10-09 09:09:00,2025-10,CUST-01294,Identified,Online,Online Store,paid,fulfilled,CAD,266.0,,0.0,0.0,34.58,300.58,0.0,300.58,2,2
#NW14597,2025-10-02 09:19:00,2025-10,CUST-01558,Identified,Online,Online Store,paid,fulfilled,CAD,118.0,,0.0,12.0,16.9,146.9,0.0,146.9,1,1
#NW14598,2025-10-08 19:47:00,2025-10,CUST-00256,Identified,Online,Online Store,paid,fulfilled,CAD,424.0,,0.0,0.0,55.12,479.12,0.0,479.12,3,2
#NW14599,2025-10-24 15:29:00,2025-10,CUST-00748,Identified,Online,Online Store,paid,fulfilled,CAD,334.0,,0.0,0.0,43.42,377.42,0.0,377.42,3,2
#NW14600,2025-10-20 09:41:00,2025-10,CUST-01481,Identified,Online,Online Store,paid,fulfilled,CAD,642.0,,0.0,0.0,83.46,725.46,0.0,725.46,4,3
#NW14601,2025-10-28 15:01:00,2025-10,CUST-01762,Identified,Online,Online Store,paid,fulfilled,CAD,196.0,,0.0,0.0,25.48,221.48,0.0,221.48,2,2
#NW14602,2025-10-31 18:47:00,2025-10,CUST-00918,Identified,Online,Online Store,paid,fulfilled,CAD,112.0,,0.0,12.0,16.12,140.12,0.0,140.12,1,1
#NW14603,2025-10-29 15:37:00,2025-10,CUST-00800,Identified,Online,Online Store,paid,fulfilled,CAD,136.0,,0.0,0.0,17.68,153.68,0.0,153.68,2,2
#NW14604,2025-10-24 13:01:00,2025-10,CUST-00222,Identified,Online,Online Store,paid,fulfilled,CAD,324.0,SPRING10,32.4,0.0,37.91,329.51,0.0,329.51,3,2
#NW14605,2025-10-02 11:48:00,2025-10,CUST-00867,Identified,Online,Online Store,voided,unfulfilled,CAD,248.0,,0.0,0.0,32.24,280.24,0.0,0.0,1,1
#NW14606,2025-10-05 19:29:00,2025-10,CUST-00094,Identified,Online,Online Store,paid,fulfilled,CAD,76.0,,0.0,12.0,11.44,99.44,0.0,99.44,2,1
#NW14607,2025-10-23 09:17:00,2025-10,CUST-01733,Identified,Online,Online Store,paid,fulfilled,CAD,512.0,,0.0,0.0,66.56,578.56,0.0,578.56,4,2
#NW14608,2025-10-26 19:14:00,2025-10,CUST-01106,Identified,Online,Online Store,paid,fulfilled,CAD,474.0,,0.0,0.0,61.62,535.62,0.0,535.62,3,2
#NW14609,2025-10-06 16:32:00,2025-10,CUST-01322,Identified,Online,Online Store,paid,fulfilled,CAD,812.0,,0.0,0.0,105.56,917.56,0.0,917.56,4,3
#NW14610,2025-10-24 15:18:00,2025-10,CUST-00031,Identified,Online,Online Store,refunded,fulfilled,CAD,346.0,,0.0,0.0,44.98,390.98,390.98,0.0,2,2
#NW14611,2025-10-10 18:16:00,2025-10,CUST-02179,Identified,Online,Online Store,paid,fulfilled,CAD,246.0,WELCOME10,24.6,0.0,28.78,250.18,0.0,250.18,2,2
#NW14612,2025-10-01 15:04:00,2025-10,CUST-00343,Identified,Online,Online Store,paid,fulfilled,CAD,256.0,,0.0,0.0,33.28,289.28,0.0,289.28,2,2
#NW14613,2025-10-09 10:56:00,2025-10,CUST-02138,Identified,Online,Online Store,paid,fulfilled,CAD,328.0,,0.0,0.0,42.64,370.64,0.0,370.64,3,3
#NW14614,2025-10-27 09:53:00,2025-10,CUST-00284,Identified,Online,Online Store,paid,fulfilled,CAD,198.0,,0.0,0.0,25.74,223.74,0.0,223.74,1,1
#NW14615,2025-10-31 18:07:00,2025-10,CUST-01122,Identified,Online,Online Store,paid,fulfilled,CAD,916.0,,0.0,0.0,119.08,1035.08,0.0,1035.08,7,4
#NW14616,2025-10-23 17:11:00,2025-10,CUST-01660,Identified,Online,Online Store,paid,fulfilled,CAD,64.0,WELCOME10,6.4,12.0,9.05,78.65,0.0,78.65,2,1
#NW14617,2025-10-18 16:24:00,2025-10,CUST-00335,Identified,Online,Online Store,partially_refunded,fulfilled,CAD,72.0,,0.0,12.0,10.92,94.92,30.27,64.65,1,1
#NW14618,2025-10-20 11:08:00,2025-10,CUST-01222,Identified,POS,Northwood Toronto,paid,fulfilled,CAD,140.0,,0.0,0.0,18.2,158.2,0.0,158.2,2,2
#NW14619,2025-10-13 13:36:00,2025-10,CUST-01850,Identified,Online,Online Store,paid,fulfilled,CAD,98.0,,0.0,12.0,14.3,124.3,0.0,124.3,1,1
#NW14620,2025-10-31 09:55:00,2025-10,CUST-01720,Identified,Online,Online Store,paid,fulfilled,CAD,176.0,,0.0,0.0,22.88,198.88,0.0,198.88,2,1
#NW14621,2025-10-01 16:44:00,2025-10,CUST-02150,Identified,Online,Online Store,paid,fulfilled,CAD,84.0,,0.0,12.0,12.48,108.48,0.0,108.48,2,1
#NW14622,2025-10-14 18:25:00,2025-10,CUST-00877,Identified,Online,Online Store,paid,fulfilled,CAD,76.0,,0.0,12.0,11.44,99.44,0.0,99.44,2,1
#NW14623,2025-10-02 18:31:00,2025-10,CUST-01063,Identified,Online,Online Store,paid,fulfilled,CAD,364.0,,0.0,0.0,47.32,411.32,0.0,411.32,3,2
#NW14624,2025-10-02 15:47:00,2025-10,CUST-00459,Identified,Online,Online Store,paid,fulfilled,CAD,566.0,,0.0,0.0,73.58,639.58,0.0,639.58,7,4
#NW14625,2025-10-07 20:47:00,2025-10,CUST-00221,Identified,Online,Online Store,paid,fulfilled,CAD,256.0,,0.0,0.0,33.28,289.28,0.0,289.28,2,2
#NW14626,2025-10-10 14:43:00,2025-10,CUST-00711,Identified,Online,Online Store,paid,fulfilled,CAD,374.0,,0.0,0.0,48.62,422.62,0.0,422.62,3,3
#NW14627,2025-10-14 17:17:00,2025-10,CUST-01756,Identified,Online,Online Store,paid,fulfilled,CAD,392.0,,0.0,0.0,50.96,442.96,0.0,442.96,4,3
#NW14628,2025-10-06 10:02:00,2025-10,CUST-00658,Identified,POS,Northwood Toronto,paid,fulfilled,CAD,144.0,,0.0,0.0,18.72,162.72,0.0,162.72,2,1
#NW14629,2025-10-02 12:24:00,2025-10,CUST-01217,Identified,Online,Online Store,paid,fulfilled,CAD,112.0,,0.0,12.0,16.12,140.12,0.0,140.12,1,1
#NW14630,2025-10-11 09:14:00,2025-10,CUST-00674,Identified,Online,Online Store,paid,fulfilled,CAD,472.0,HOLIDAY15,70.8,0.0,52.16,453.36,0.0,453.36,4,3
#NW14631,2025-10-09 10:04:00,2025-10,CUST-00519,Identified,POS,Northwood Toronto,paid,fulfilled,CAD,88.0,HOLIDAY15,13.2,0.0,9.72,84.52,0.0,84.52,1,1
#NW14632,2025-10-05 15:18:00,2025-10,CUST-01221,Identified,POS,Northwood Toronto,paid,fulfilled,CAD,248.0,,0.0,0.0,32.24,280.24,0.0,280.24,1,1
#NW14633,2025-10-13 16:27:00,2025-10,CUST-01717,Identified,Online,Online Store,paid,fulfilled,CAD,304.0,,0.0,0.0,39.52,343.52,0.0,343.52,3,3
#NW14634,2025-10-19 20:05:00,2025-10,CUST-01973,Identified,Online,Online Store,paid,fulfilled,CAD,112.0,,0.0,12.0,16.12,140.12,0.0,140.12,1,1
#NW14635,2025-10-19 19:24:00,2025-10,CUST-01794,Identified,Online,Online Store,paid,fulfilled,CAD,224.0,,0.0,0.0,29.12,253.12,0.0,253.12,2,1
#NW14636,2025-10-26 09:23:00,2025-10,CUST-02194,Identified,Online,Online Store,paid,fulfilled,CAD,248.0,SPRING10,24.8,0.0,29.02,252.22,0.0,252.22,1,1
#NW14637,2025-10-03 21:22:00,2025-10,CUST-00659,Identified,POS,Northwood Toronto,paid,fulfilled,CAD,256.0,,0.0,0.0,33.28,289.28,0.0,289.28,2,1
#NW14638,2025-10-29 16:32:00,2025-10,CUST-01633,Identified,Online,Online Store,paid,fulfilled,CAD,286.0,,0.0,0.0,37.18,323.18,0.0,323.18,2,2
#NW14639,2025-10-06 17:31:00,2025-10,CUST-01790,Identified,Online,Online Store,paid,fulfilled,CAD,362.0,,0.0,0.0,47.06,409.06,0.0,409.06,4,3
#NW14640,2025-10-16 19:28:00,2025-10,,Guest / Unidentified,POS,Northwood Toronto,paid,fulfilled,CAD,198.0,HOLIDAY15,29.7,0.0,21.88,190.18,0.0,190.18,1,1
#NW14641,2025-10-29 12:25:00,2025-10,CUST-01539,Identified,Online,Online Store,paid,fulfilled,CAD,306.0,,0.0,0.0,39.78,345.78,0.0,345.78,2,2
#NW14642,2025-10-26 15:20:00,2025-10,CUST-02337,Identified,Online,Online Store,paid,fulfilled,CAD,28.0,,0.0,12.0,5.2,45.2,0.0,45.2,1,1
#NW14643,2025-10-18 11:29:00,2025-10,CUST-00739,Identified,Online,Online Store,paid,fulfilled,CAD,196.0,WELCOME10,19.6,0.0,22.93,199.33,0.0,199.33,2,2
#NW14644,2025-10-16 16:14:00,2025-10,CUST-00041,Identified,Online,Online Store,paid,fulfilled,CAD,76.0,,0.0,12.0,11.44,99.44,0.0,99.44,2,1
#NW14645,2025-10-28 20:24:00,2025-10,CUST-02298,Identified,Online,Online Store,paid,fulfilled,CAD,198.0,,0.0,0.0,25.74,223.74,0.0,223.74,1,1
#NW14646,2025-10-05 16:13:00,2025-10,CUST-00814,Identified,Online,Online Store,paid,fulfilled,CAD,104.0,,0.0,12.0,15.08,131.08,0.0,131.08,3,2
#NW14647,2025-10-18 18:04:00,2025-10,CUST-00319,Identified,Online,Online Store,paid,fulfilled,CAD,720.0,,0.0,0.0,93.6,813.6,0.0,813.6,4,2
#NW14648,2025-10-17 19:52:00,2025-10,CUST-00593,Identified,Online,Online Store,paid,fulfilled,CAD,158.0,,0.0,0.0,20.54,178.54,0.0,178.54,1,1
#NW14649,2025-10-21 18:23:00,2025-10,CUST-01726,Identified,Online,Online Store,refunded,fulfilled,CAD,450.0,,0.0,0.0,58.5,508.5,508.5,0.0,5,3
#NW14650,2025-10-17 14:03:00,2025-10,CUST-01297,Identified,POS,Northwood Toronto,refunded,fulfilled,CAD,88.0,,0.0,0.0,11.44,99.44,99.44,0.0,1,1
#NW14651,2025-10-21 15:21:00,2025-10,CUST-00059,Identified,Online,Online Store,paid,fulfilled,CAD,38.0,WELCOME10,3.8,12.0,6.01,52.21,0.0,52.21,1,1
#NW14652,2025-10-07 11:04:00,2025-10,CUST-00617,Identified,POS,Northwood Toronto,paid,fulfilled,CAD,42.0,,0.0,0.0,5.46,47.46,0.0,47.46,1,1
#NW14653,2025-10-11 19:19:00,2025-10,CUST-01879,Identified,POS,Northwood Toronto,paid,fulfilled,CAD,248.0,,0.0,0.0,32.24,280.24,0.0,280.24,1,1
#NW14654,2025-10-14 11:52:00,2025-10,CUST-00605,Identified,Online,Online Store,paid,fulfilled,CAD,236.0,HOLIDAY15,35.4,0.0,26.08,226.68,0.0,226.68,2,2
#NW14655,2025-10-19 17:44:00,2025-10,CUST-02046,Identified,Online,Online Store,paid,fulfilled,CAD,180.0,,0.0,0.0,23.4,203.4,0.0,203.4,2,2
#NW14656,2025-10-23 18:07:00,2025-10,CUST-01297,Identified,Online,Online Store,paid,fulfilled,CAD,354.0,,0.0,0.0,46.02,400.02,0.0,400.02,3,2
#NW14657,2025-10-15 12:24:00,2025-10,CUST-00466,Identified,Online,Online Store,paid,fulfilled,CAD,284.0,,0.0,0.0,36.92,320.92,0.0,320.92,3,2
#NW14658,2025-10-05 18:12:00,2025-10,CUST-01665,Identified,Online,Online Store,paid,fulfilled,CAD,38.0,,0.0,12.0,6.5,56.5,0.0,56.5,1,1
#NW14659,2025-10-14 17:28:00,2025-10,CUST-01077,Identified,Online,Online Store,paid,fulfilled,CAD,474.0,,0.0,0.0,61.62,535.62,0.0,535.62,3,2
#NW14660,2025-10-01 17:56:00,2025-10,CUST-02133,Identified,Online,Online Store,paid,fulfilled,CAD,218.0,,0.0,0.0,28.34,246.34,0.0,246.34,1,1
#NW14661,2025-10-26 18:28:00,2025-10,CUST-00016,Identified,POS,Northwood Toronto,paid,fulfilled,CAD,68.0,FALL15,10.2,0.0,7.51,65.31,0.0,65.31,1,1
#NW14662,2025-10-28 12:38:00,2025-10,CUST-00771,Identified,Online,Online Store,paid,fulfilled,CAD,88.0,,0.0,12.0,13.0,113.0,0.0,113.0,1,1
#NW14663,2025-10-23 11:54:00,2025-10,CUST-00444,Identified,Online,Online Store,paid,fulfilled,CAD,294.0,WELCOME10,29.4,0.0,34.4,299.0,0.0,299.0,3,2
#NW14664,2025-10-15 12:24:00,2025-10,CUST-00515,Identified,Online,Online Store,paid,fulfilled,CAD,72.0,,0.0,12.0,10.92,94.92,0.0,94.92,1,1
#NW14665,2025-10-25 10:53:00,2025-10,CUST-01841,Identified,Online,Online Store,paid,fulfilled,CAD,58.0,,0.0,12.0,9.1,79.1,0.0,79.1,1,1
#NW14666,2025-10-29 21:32:00,2025-10,CUST-00400,Identified,Online,Online Store,paid,fulfilled,CAD,72.0,,0.0,12.0,10.92,94.92,0.0,94.92,1,1
#NW14667,2025-10-12 12:56:00,2025-10,CUST-00150,Identified,POS,Northwood Toronto,paid,fulfilled,CAD,176.0,,0.0,0.0,22.88,198.88,0.0,198.88,2,1
#NW14668,2025-10-27 09:56:00,2025-10,CUST-00896,Identified,POS,Northwood Toronto,paid,fulfilled,CAD,336.0,,0.0,0.0,43.68,379.68,0.0,379.68,2,2
#NW14669,2025-10-27 10:58:00,2025-10,CUST-00637,Identified,Online,Online Store,paid,fulfilled,CAD,136.0,,0.0,0.0,17.68,153.68,0.0,153.68,2,1
#NW14670,2025-10-15 14:37:00,2025-10,CUST-00541,Identified,Online,Online Store,paid,fulfilled,CAD,98.0,,0.0,12.0,14.3,124.3,0.0,124.3,1,1
#NW14671,2025-10-01 16:48:00,2025-10,CUST-01722,Identified,Online,Online Store,paid,fulfilled,CAD,118.0,,0.0,12.0,16.9,146.9,0.0,146.9,1,1
#NW14672,2025-10-09 20:22:00,2025-10,CUST-02237,Identified,Online,Online Store,paid,fulfilled,CAD,392.0,,0.0,0.0,50.96,442.96,0.0,442.96,3,2
#NW14673,2025-10-22 20:45:00,2025-10,CUST-00681,Identified,POS,Northwood Toronto,paid,fulfilled,CAD,248.0,,0.0,0.0,32.24,280.24,0.0,280.24,1,1
#NW14674,2025-10-31 12:23:00,2025-10,CUST-01547,Identified,Online,Online Store,paid,fulfilled,CAD,328.0,,0.0,0.0,42.64,370.64,0.0,370.64,3,2
#NW14675,2025-10-31 11:06:00,2025-10,CUST-00886,Identified,Online,Online Store,paid,fulfilled,CAD,248.0,,0.0,0.0,32.24,280.24,0.0,280.24,3,2
#NW14676,2025-10-10 12:29:00,2025-10,,Guest / Unidentified,POS,Northwood Toronto,paid,fulfilled,CAD,436.0,,0.0,0.0,56.68,492.68,0.0,492.68,2,1
#NW14677,2025-10-29 16:11:00,2025-10,CUST-00461,Identified,Online,Online Store,paid,fulfilled,CAD,306.0,,0.0,0.0,39.78,345.78,0.0,345.78,2,2
#NW14678,2025-10-06 09:50:00,2025-10,CUST-00783,Identified,Online,Online Store,paid,fulfilled,CAD,206.0,,0.0,0.0,26.78,232.78,0.0,232.78,2,2
#NW14679,2025-10-16 16:36:00,2025-10,CUST-00059,Identified,POS,Northwood Toronto,paid,fulfilled,CAD,38.0,,0.0,0.0,4.94,42.94,0.0,42.94,1,1
#NW14680,2025-10-15 13:19:00,2025-10,CUST-01517,Identified,Online,Online Store,paid,fulfilled,CAD,218.0,,0.0,0.0,28.34,246.34,0.0,246.34,3,3
#NW14681,2025-10-13 16:24:00,2025-10,CUST-01491,Identified,Online,Online Store,paid,fulfilled,CAD,286.0,,0.0,0.0,37.18,323.18,0.0,323.18,2,2
#NW14682,2025-10-22 20:47:00,2025-10,CUST-00067,Identified,Online,Online Store,paid,fulfilled,CAD,136.0,,0.0,0.0,17.68,153.68,0.0,153.68,2,2
#NW14683,2025-10-21 20:54:00,2025-10,CUST-01237,Identified,Online,Online Store,paid,fulfilled,CAD,256.0,,0.0,0.0,33.28,289.28,0.0,289.28,2,1
#NW14684,2025-10-22 21:56:00,2025-10,CUST-01572,Identified,Online,Online Store,paid,fulfilled,CAD,684.0,,0.0,0.0,88.92,772.92,0.0,772.92,3,2
#NW14685,2025-10-07 14:08:00,2025-10,CUST-02057,Identified,Online,Online Store,paid,fulfilled,CAD,344.0,FALL15,51.6,0.0,38.01,330.41,0.0,330.41,3,3
#NW14686,2025-10-25 11:56:00,2025-10,,Guest / Unidentified,POS,Northwood Toronto,paid,fulfilled,CAD,412.0,,0.0,0.0,53.56,465.56,0.0,465.56,4,2
#NW14687,2025-10-06 17:03:00,2025-10,CUST-02045,Identified,POS,Northwood Toronto,paid,fulfilled,CAD,42.0,,0.0,0.0,5.46,47.46,0.0,47.46,1,1
#NW14688,2025-10-03 18:11:00,2025-10,CUST-01868,Identified,POS,Northwood Toronto,paid,fulfilled,CAD,156.0,,0.0,0.0,20.28,176.28,0.0,176.28,2,1
#NW14689,2025-10-13 14:28:00,2025-10,CUST-00107,Identified,POS,Northwood Toronto,paid,fulfilled,CAD,216.0,,0.0,0.0,28.08,244.08,0.0,244.08,2,2
#NW14690,2025-10-13 18:46:00,2025-10,CUST-00017,Identified,Online,Online Store,refunded,fulfilled,CAD,198.0,WELCOME10,19.8,0.0,23.17,201.37,201.37,0.0,1,1
#NW14691,2025-10-24 16:30:00,2025-10,CUST-01441,Identified,Online,Online Store,paid,fulfilled,CAD,112.0,,0.0,12.0,16.12,140.12,0.0,140.12,1,1
#NW14692,2025-10-25 21:45:00,2025-10,CUST-01443,Identified,Online,Online Store,paid,fulfilled,CAD,256.0,HOLIDAY15,38.4,0.0,28.29,245.89,0.0,245.89,2,1
#NW14693,2025-10-23 09:10:00,2025-10,,Guest / Unidentified,POS,Northwood Toronto,paid,fulfilled,CAD,198.0,WELCOME10,19.8,0.0,23.17,201.37,0.0,201.37,1,1
#NW14694,2025-10-26 10:49:00,2025-10,CUST-02222,Identified,POS,Northwood Toronto,paid,fulfilled,CAD,88.0,WELCOME10,8.8,0.0,10.3,89.5,0.0,89.5,1,1
#NW14695,2025-10-12 15:43:00,2025-10,CUST-01745,Identified,Online,Online Store,refunded,fulfilled,CAD,98.0,,0.0,12.0,14.3,124.3,124.3,0.0,1,1
#NW14696,2025-10-17 10:00:00,2025-10,CUST-02143,Identified,Online,Online Store,paid,fulfilled,CAD,270.0,,0.0,0.0,35.1,305.1,0.0,305.1,5,3
#NW14697,2025-10-13 10:45:00,2025-10,CUST-01376,Identified,Online,Online Store,partially_refunded,fulfilled,CAD,72.0,,0.0,12.0,10.92,94.92,20.94,73.98,1,1
#NW14698,2025-10-12 12:31:00,2025-10,CUST-00465,Identified,Online,Online Store,paid,fulfilled,CAD,196.0,,0.0,0.0,25.48,221.48,0.0,221.48,2,1
#NW14699,2025-10-18 13:47:00,2025-10,CUST-02179,Identified,Online,Online Store,paid,fulfilled,CAD,218.0,,0.0,0.0,28.34,246.34,0.0,246.34,3,3
#NW14700,2025-10-18 17:43:00,2025-10,CUST-01880,Identified,Online,Online Store,paid,fulfilled,CAD,216.0,,0.0,0.0,28.08,244.08,0.0,244.08,4,3
#NW14701,2025-10-08 19:46:00,2025-10,CUST-01100,Identified,Online,Online Store,paid,fulfilled,CAD,48.0,,0.0,12.0,7.8,67.8,0.0,67.8,1,1
#NW14702,2025-10-20 17:07:00,2025-10,CUST-00013,Identified,POS,Northwood Toronto,paid,fulfilled,CAD,68.0,,0.0,0.0,8.84,76.84,0.0,76.84,1,1
#NW14703,2025-10-30 11:47:00,2025-10,CUST-00725,Identified,POS,Northwood Toronto,paid,fulfilled,CAD,352.0,,0.0,0.0,45.76,397.76,0.0,397.76,5,3
#NW14704,2025-10-15 14:04:00,2025-10,CUST-02265,Identified,Online,Online Store,paid,fulfilled,CAD,38.0,,0.0,12.0,6.5,56.5,0.0,56.5,1,1
#NW14705,2025-10-19 19:50:00,2025-10,CUST-00667,Identified,Online,Online Store,paid,fulfilled,CAD,730.0,,0.0,0.0,94.9,824.9,0.0,824.9,5,3
#NW14706,2025-10-23 10:53:00,2025-10,CUST-02224,Identified,Online,Online Store,paid,fulfilled,CAD,472.0,,0.0,0.0,61.36,533.36,0.0,533.36,3,2
#NW14707,2025-10-28 19:17:00,2025-10,CUST-01786,Identified,Online,Online Store,paid,fulfilled,CAD,374.0,,0.0,0.0,48.62,422.62,0.0,422.62,3,3
#NW14708,2025-10-26 14:13:00,2025-10,CUST-00204,Identified,Online,Online Store,paid,fulfilled,CAD,230.0,,0.0,0.0,29.9,259.9,0.0,259.9,2,2
#NW14709,2025-10-05 20:58:00,2025-10,CUST-01168,Identified,Online,Online Store,paid,fulfilled,CAD,248.0,,0.0,0.0,32.24,280.24,0.0,280.24,1,1
#NW14710,2025-10-07 12:16:00,2025-10,CUST-01792,Identified,Online,Online Store,paid,fulfilled,CAD,286.0,,0.0,0.0,37.18,323.18,0.0,323.18,2,2
#NW14711,2025-10-08 13:22:00,2025-10,CUST-01161,Identified,Online,Online Store,paid,fulfilled,CAD,146.0,,0.0,0.0,18.98,164.98,0.0,164.98,2,2
#NW14712,2025-10-06 18:41:00,2025-10,CUST-00407,Identified,POS,Northwood Toronto,paid,fulfilled,CAD,58.0,,0.0,0.0,7.54,65.54,0.0,65.54,1,1
#NW14713,2025-10-10 19:31:00,2025-10,CUST-00700,Identified,Online,Online Store,paid,fulfilled,CAD,180.0,,0.0,0.0,23.4,203.4,0.0,203.4,2,2
#NW14714,2025-10-14 12:30:00,2025-10,CUST-02259,Identified,Online,Online Store,paid,fulfilled,CAD,590.0,,0.0,0.0,76.7,666.7,0.0,666.7,4,3
#NW14715,2025-10-16 11:55:00,2025-10,CUST-00426,Identified,Online,Online Store,paid,fulfilled,CAD,112.0,,0.0,12.0,16.12,140.12,0.0,140.12,1,1
#NW14716,2025-10-09 14:06:00,2025-10,CUST-00831,Identified,Online,Online Store,paid,fulfilled,CAD,88.0,,0.0,12.0,13.0,113.0,0.0,113.0,1,1
#NW14717,2025-10-01 14:34:00,2025-10,CUST-00068,Identified,Online,Online Store,paid,fulfilled,CAD,88.0,,0.0,12.0,13.0,113.0,0.0,113.0,1,1
#NW14718,2025-10-09 11:41:00,2025-10,CUST-01685,Identified,POS,Northwood Toronto,paid,fulfilled,CAD,196.0,,0.0,0.0,25.48,221.48,0.0,221.48,2,1
#NW14719,2025-10-15 19:41:00,2025-10,CUST-00425,Identified,Online,Online Store,voided,unfulfilled,CAD,28.0,,0.0,12.0,5.2,45.2,0.0,0.0,1,1
#NW14720,2025-10-22 14:13:00,2025-10,CUST-02034,Identified,Online,Online Store,paid,fulfilled,CAD,196.0,,0.0,0.0,25.48,221.48,0.0,221.48,2,2
#NW14721,2025-10-26 10:13:00,2025-10,CUST-02232,Identified,Online,Online Store,paid,fulfilled,CAD,224.0,,0.0,0.0,29.12,253.12,0.0,253.12,2,1
#NW14722,2025-10-11 14:11:00,2025-10,CUST-00027,Identified,Online,Online Store,paid,fulfilled,CAD,404.0,,0.0,0.0,52.52,456.52,0.0,456.52,3,2
#NW14723,2025-10-14 21:59:00,2025-10,CUST-01820,Identified,Online,Online Store,paid,fulfilled,CAD,248.0,,0.0,0.0,32.24,280.24,0.0,280.24,1,1
#NW14724,2025-10-27 11:51:00,2025-10,CUST-02062,Identified,Online,Online Store,paid,fulfilled,CAD,248.0,,0.0,0.0,32.24,280.24,0.0,280.24,1,1
#NW14725,2025-10-02 15:28:00,2025-10,CUST-00134,Identified,POS,Northwood Toronto,paid,fulfilled,CAD,84.0,,0.0,0.0,10.92,94.92,0.0,94.92,2,1
#NW14726,2025-10-22 15:56:00,2025-10,CUST-01188,Identified,Online,Online Store,paid,fulfilled,CAD,128.0,,0.0,0.0,16.64,144.64,0.0,144.64,1,1
#NW14727,2025-10-01 11:18:00,2025-10,CUST-01723,Identified,Online,Online Store,paid,fulfilled,CAD,76.0,,0.0,12.0,11.44,99.44,0.0,99.44,2,1
#NW14728,2025-10-15 16:41:00,2025-10,CUST-00102,Identified,Online,Online Store,paid,fulfilled,CAD,128.0,,0.0,0.0,16.64,144.64,0.0,144.64,1,1
#NW14729,2025-10-04 19:25:00,2025-10,CUST-02298,Identified,Online,Online Store,refunded,fulfilled,CAD,88.0,,0.0,12.0,13.0,113.0,113.0,0.0,1,1
#NW14730,2025-10-12 15:28:00,2025-10,CUST-01863,Identified,Online,Online Store,paid,fulfilled,CAD,86.0,,0.0,12.0,12.74,110.74,0.0,110.74,2,2
#NW14731,2025-10-25 20:55:00,2025-10,CUST-01693,Identified,POS,Northwood Toronto,paid,fulfilled,CAD,38.0,,0.0,0.0,4.94,42.94,0.0,42.94,1,1
#NW14732,2025-10-20 20:29:00,2025-10,CUST-01561,Identified,Online,Online Store,paid,fulfilled,CAD,308.0,HOLIDAY15,46.2,0.0,34.03,295.83,0.0,295.83,3,2
#NW14733,2025-10-03 19:36:00,2025-10,CUST-00723,Identified,Online,Online Store,paid,fulfilled,CAD,128.0,,0.0,0.0,16.64,144.64,0.0,144.64,1,1
#NW14734,2025-10-09 09:56:00,2025-10,CUST-00802,Identified,Online,Online Store,paid,fulfilled,CAD,156.0,,0.0,0.0,20.28,176.28,0.0,176.28,2,1
#NW14735,2025-10-23 19:37:00,2025-10,CUST-01924,Identified,Online,Online Store,paid,fulfilled,CAD,38.0,,0.0,12.0,6.5,56.5,0.0,56.5,1,1
#NW14736,2025-10-03 17:19:00,2025-10,CUST-01336,Identified,Online,Online Store,refunded,fulfilled,CAD,128.0,,0.0,0.0,16.64,144.64,144.64,0.0,1,1
#NW14737,2025-10-19 16:25:00,2025-10,CUST-01437,Identified,POS,Northwood Toronto,partially_refunded,fulfilled,CAD,128.0,,0.0,0.0,16.64,144.64,47.91,96.72999999999999,1,1
#NW14738,2025-10-26 11:49:00,2025-10,CUST-01901,Identified,Online,Online Store,paid,fulfilled,CAD,160.0,,0.0,0.0,20.8,180.8,0.0,180.8,2,2
#NW14739,2025-10-11 12:51:00,2025-10,CUST-01692,Identified,Online,Online Store,paid,fulfilled,CAD,316.0,HOLIDAY15,47.4,0.0,34.92,303.52,0.0,303.52,2,1
#NW14740,2025-10-28 18:31:00,2025-10,CUST-01897,Identified,Online,Online Store,paid,fulfilled,CAD,554.0,,0.0,0.0,72.02,626.02,0.0,626.02,3,2
#NW14741,2025-10-17 21:46:00,2025-10,CUST-01892,Identified,POS,Northwood Toronto,paid,fulfilled,CAD,196.0,,0.0,0.0,25.48,221.48,0.0,221.48,2,1
#NW14742,2025-10-05 11:08:00,2025-10,CUST-01622,Identified,Online,Online Store,paid,fulfilled,CAD,42.0,,0.0,12.0,7.02,61.02,0.0,61.02,1,1
#NW14743,2025-10-22 19:55:00,2025-10,CUST-01175,Identified,Online,Online Store,partially_refunded,fulfilled,CAD,76.0,,0.0,12.0,11.44,99.44,21.83,77.61,2,1
#NW14744,2025-10-21 18:42:00,2025-10,CUST-01535,Identified,Online,Online Store,paid,fulfilled,CAD,544.0,,0.0,0.0,70.72,614.72,0.0,614.72,3,2
#NW14745,2025-10-27 15:35:00,2025-10,CUST-02320,Identified,Online,Online Store,paid,fulfilled,CAD,218.0,,0.0,0.0,28.34,246.34,0.0,246.34,1,1
#NW14746,2025-10-11 13:54:00,2025-10,CUST-00918,Identified,Online,Online Store,paid,fulfilled,CAD,78.0,,0.0,12.0,11.7,101.7,0.0,101.7,1,1
#NW14747,2025-10-19 15:20:00,2025-10,CUST-02116,Identified,Online,Online Store,paid,fulfilled,CAD,28.0,,0.0,12.0,5.2,45.2,0.0,45.2,1,1
#NW14748,2025-10-08 18:15:00,2025-10,CUST-01162,Identified,Online,Online Store,paid,fulfilled,CAD,484.0,,0.0,0.0,62.92,546.92,0.0,546.92,3,2
#NW14749,2025-10-31 19:58:00,2025-10,CUST-01097,Identified,Online,Online Store,paid,fulfilled,CAD,198.0,,0.0,0.0,25.74,223.74,0.0,223.74,1,1
#NW14750,2025-10-21 11:30:00,2025-10,CUST-02047,Identified,POS,Northwood Toronto,refunded,fulfilled,CAD,720.0,,0.0,0.0,93.6,813.6,813.6,0.0,5,4
#NW14751,2025-10-10 15:50:00,2025-10,CUST-01084,Identified,Online,Online Store,paid,fulfilled,CAD,622.0,,0.0,0.0,80.86,702.86,0.0,702.86,4,3
#NW14752,2025-10-22 18:02:00,2025-10,CUST-01844,Identified,POS,Northwood Toronto,paid,fulfilled,CAD,108.0,,0.0,0.0,14.04,122.04,0.0,122.04,1,1
#NW14753,2025-10-30 16:51:00,2025-10,CUST-01699,Identified,Online,Online Store,paid,fulfilled,CAD,694.0,HOLIDAY15,104.1,0.0,76.69,666.59,0.0,666.59,3,2
#NW14754,2025-10-02 09:58:00,2025-10,CUST-00328,Identified,Online,Online Store,paid,fulfilled,CAD,76.0,HOLIDAY15,11.4,12.0,9.96,86.56,0.0,86.56,2,1
#NW14755,2025-10-11 10:41:00,2025-10,CUST-00990,Identified,Online,Online Store,paid,fulfilled,CAD,72.0,SPRING10,7.2,12.0,9.98,86.78,0.0,86.78,1,1
#NW14756,2025-10-21 19:24:00,2025-10,CUST-00018,Identified,Online,Online Store,paid,fulfilled,CAD,166.0,,0.0,0.0,21.58,187.58,0.0,187.58,2,2
#NW14757,2025-10-27 09:41:00,2025-10,CUST-01615,Identified,Online,Online Store,partially_refunded,fulfilled,CAD,256.0,,0.0,0.0,33.28,289.28,89.83,199.45,2,1
#NW14758,2025-10-19 10:15:00,2025-10,CUST-00134,Identified,Online,Online Store,paid,fulfilled,CAD,38.0,,0.0,12.0,6.5,56.5,0.0,56.5,1,1
#NW14759,2025-10-06 16:33:00,2025-10,CUST-00064,Identified,Online,Online Store,paid,fulfilled,CAD,514.0,,0.0,0.0,66.82,580.82,0.0,580.82,3,2
#NW14760,2025-10-28 14:59:00,2025-10,CUST-00108,Identified,POS,Northwood Toronto,paid,fulfilled,CAD,72.0,,0.0,0.0,9.36,81.36,0.0,81.36,1,1
#NW14761,2025-10-16 20:46:00,2025-10,CUST-00051,Identified,Online,Online Store,paid,fulfilled,CAD,256.0,,0.0,0.0,33.28,289.28,0.0,289.28,4,4
#NW14762,2025-10-11 21:54:00,2025-10,CUST-01534,Identified,POS,Northwood Toronto,paid,fulfilled,CAD,256.0,,0.0,0.0,33.28,289.28,0.0,289.28,2,1
#NW14763,2025-10-21 18:04:00,2025-10,CUST-02126,Identified,Online,Online Store,paid,fulfilled,CAD,76.0,,0.0,12.0,11.44,99.44,0.0,99.44,2,1
#NW14764,2025-10-03 14:27:00,2025-10,CUST-01301,Identified,Online,Online Store,paid,fulfilled,CAD,86.0,,0.0,12.0,12.74,110.74,0.0,110.74,2,2
#NW14765,2025-10-10 18:17:00,2025-10,CUST-01373,Identified,Online,Online Store,paid,fulfilled,CAD,348.0,WELCOME10,34.8,0.0,40.72,353.92,0.0,353.92,3,3
#NW14766,2025-10-15 21:37:00,2025-10,CUST-01960,Identified,Online,Online Store,paid,fulfilled,CAD,128.0,,0.0,0.0,16.64,144.64,0.0,144.64,1,1
#NW14767,2025-10-23 12:35:00,2025-10,CUST-02344,Identified,POS,Northwood Toronto,paid,fulfilled,CAD,336.0,,0.0,0.0,43.68,379.68,0.0,379.68,2,2
#NW14768,2025-10-23 12:17:00,2025-10,CUST-00166,Identified,POS,Northwood Toronto,paid,fulfilled,CAD,742.0,,0.0,0.0,96.46,838.46,0.0,838.46,4,3
#NW14769,2025-10-07 20:03:00,2025-10,CUST-01003,Identified,Online,Online Store,refunded,fulfilled,CAD,28.0,,0.0,12.0,5.2,45.2,45.2,0.0,1,1
#NW14770,2025-10-28 20:38:00,2025-10,CUST-02277,Identified,POS,Northwood Toronto,paid,fulfilled,CAD,246.0,,0.0,0.0,31.98,277.98,0.0,277.98,2,2
#NW14771,2025-10-17 11:00:00,2025-10,CUST-00870,Identified,Online,Online Store,paid,fulfilled,CAD,198.0,,0.0,0.0,25.74,223.74,0.0,223.74,1,1
#NW14772,2025-10-30 10:59:00,2025-10,CUST-00790,Identified,Online,Online Store,paid,fulfilled,CAD,88.0,SPRING10,8.8,12.0,11.86,103.06,0.0,103.06,1,1
#NW14773,2025-10-23 17:57:00,2025-10,CUST-01612,Identified,POS,Northwood Toronto,paid,fulfilled,CAD,42.0,,0.0,0.0,5.46,47.46,0.0,47.46,1,1
#NW14774,2025-10-06 09:19:00,2025-10,CUST-00212,Identified,Online,Online Store,paid,fulfilled,CAD,256.0,,0.0,0.0,33.28,289.28,0.0,289.28,2,1
#NW14775,2025-10-14 15:14:00,2025-10,CUST-01758,Identified,Online,Online Store,paid,fulfilled,CAD,78.0,,0.0,12.0,11.7,101.7,0.0,101.7,1,1
#NW14776,2025-10-25 20:08:00,2025-10,CUST-01985,Identified,Online,Online Store,paid,fulfilled,CAD,314.0,,0.0,0.0,40.82,354.82,0.0,354.82,3,3
#NW14777,2025-10-25 18:44:00,2025-10,CUST-01600,Identified,Online,Online Store,partially_refunded,fulfilled,CAD,78.0,,0.0,12.0,11.7,101.7,29.98,71.72,1,1
#NW14778,2025-10-13 10:56:00,2025-10,CUST-00712,Identified,Online,Online Store,paid,fulfilled,CAD,592.0,,0.0,0.0,76.96,668.96,0.0,668.96,4,2
#NW14779,2025-10-15 15:45:00,2025-10,CUST-01652,Identified,POS,Northwood Toronto,paid,fulfilled,CAD,84.0,,0.0,0.0,10.92,94.92,0.0,94.92,2,1
#NW14780,2025-10-29 21:17:00,2025-10,CUST-00526,Identified,Online,Online Store,paid,fulfilled,CAD,48.0,,0.0,12.0,7.8,67.8,0.0,67.8,1,1
#NW14781,2025-10-17 19:47:00,2025-10,CUST-02119,Identified,Online,Online Store,paid,fulfilled,CAD,136.0,,0.0,0.0,17.68,153.68,0.0,153.68,2,2
#NW14782,2025-10-20 11:27:00,2025-10,CUST-00649,Identified,Online,Online Store,refunded,fulfilled,CAD,198.0,WELCOME10,19.8,0.0,23.17,201.37,201.37,0.0,1,1
#NW14783,2025-10-16 17:39:00,2025-10,CUST-01792,Identified,Online,Online Store,paid,fulfilled,CAD,98.0,WELCOME10,9.8,12.0,13.03,113.23,0.0,113.23,1,1
#NW14784,2025-10-04 16:10:00,2025-10,CUST-01698,Identified,Online,Online Store,paid,fulfilled,CAD,84.0,,0.0,12.0,12.48,108.48,0.0,108.48,2,1
#NW14785,2025-10-02 15:14:00,2025-10,CUST-00331,Identified,Online,Online Store,paid,fulfilled,CAD,608.0,,0.0,0.0,79.04,687.04,0.0,687.04,5,3
#NW14786,2025-10-10 15:54:00,2025-10,CUST-00518,Identified,Online,Online Store,paid,fulfilled,CAD,230.0,,0.0,0.0,29.9,259.9,0.0,259.9,2,2
#NW14787,2025-10-30 21:09:00,2025-10,CUST-02345,Identified,Online,Online Store,paid,fulfilled,CAD,278.0,,0.0,0.0,36.14,314.14,0.0,314.14,3,3
#NW14788,2025-10-07 16:54:00,2025-10,,Guest / Unidentified,POS,Northwood Toronto,paid,fulfilled,CAD,364.0,,0.0,0.0,47.32,411.32,0.0,411.32,3,2
#NW14789,2025-10-16 11:52:00,2025-10,CUST-01606,Identified,Online,Online Store,paid,fulfilled,CAD,88.0,,0.0,12.0,13.0,113.0,0.0,113.0,1,1
#NW14790,2025-10-15 14:21:00,2025-10,CUST-01066,Identified,Online,Online Store,paid,fulfilled,CAD,106.0,,0.0,12.0,15.34,133.34,0.0,133.34,2,2
#NW14791,2025-10-27 18:26:00,2025-10,CUST-02265,Identified,Online,Online Store,paid,fulfilled,CAD,310.0,,0.0,0.0,40.3,350.3,0.0,350.3,5,3
#NW14792,2025-10-04 11:35:00,2025-10,CUST-01577,Identified,POS,Northwood Toronto,paid,fulfilled,CAD,38.0,,0.0,0.0,4.94,42.94,0.0,42.94,1,1
#NW14793,2025-10-28 20:12:00,2025-10,CUST-00469,Identified,POS,Northwood Toronto,paid,fulfilled,CAD,88.0,,0.0,0.0,11.44,99.44,0.0,99.44,1,1
#NW14794,2025-10-19 19:40:00,2025-10,CUST-02046,Identified,POS,Northwood Toronto,paid,fulfilled,CAD,364.0,,0.0,0.0,47.32,411.32,0.0,411.32,3,2
#NW14795,2025-10-10 20:32:00,2025-10,CUST-01375,Identified,Online,Online Store,paid,fulfilled,CAD,118.0,,0.0,12.0,16.9,146.9,0.0,146.9,1,1
#NW14796,2025-10-22 09:00:00,2025-10,CUST-00383,Identified,POS,Northwood Toronto,paid,fulfilled,CAD,156.0,,0.0,0.0,20.28,176.28,0.0,176.28,2,2
#NW14797,2025-10-25 15:12:00,2025-10,CUST-00106,Identified,POS,Northwood Toronto,paid,fulfilled,CAD,224.0,,0.0,0.0,29.12,253.12,0.0,253.12,3,2
#NW14798,2025-10-17 13:27:00,2025-10,CUST-01741,Identified,Online,Online Store,paid,fulfilled,CAD,294.0,,0.0,0.0,38.22,332.22,0.0,332.22,3,2
#NW14799,2025-10-13 16:07:00,2025-10,CUST-00048,Identified,POS,Northwood Toronto,paid,fulfilled,CAD,414.0,,0.0,0.0,53.82,467.82,0.0,467.82,3,3
#NW14800,2025-10-06 13:01:00,2025-10,CUST-00627,Identified,POS,Northwood Toronto,paid,fulfilled,CAD,306.0,FALL15,45.9,0.0,33.81,293.91,0.0,293.91,2,2
#NW14801,2025-10-18 18:36:00,2025-10,CUST-00114,Identified,Online,Online Store,paid,fulfilled,CAD,158.0,,0.0,0.0,20.54,178.54,0.0,178.54,3,3
#NW14802,2025-10-09 13:40:00,2025-10,CUST-02227,Identified,Online,Online Store,paid,fulfilled,CAD,98.0,,0.0,12.0,14.3,124.3,0.0,124.3,1,1
#NW14803,2025-10-25 12:06:00,2025-10,CUST-00152,Identified,POS,Northwood Toronto,paid,fulfilled,CAD,160.0,HOLIDAY15,24.0,0.0,17.68,153.68,0.0,153.68,2,2
#NW14804,2025-10-30 19:15:00,2025-10,CUST-02343,Identified,Online,Online Store,paid,fulfilled,CAD,166.0,,0.0,0.0,21.58,187.58,0.0,187.58,2,2
#NW14805,2025-10-26 12:11:00,2025-10,CUST-01567,Identified,Online,Online Store,paid,fulfilled,CAD,32.0,,0.0,12.0,5.72,49.72,0.0,49.72,1,1
#NW14806,2025-10-08 11:39:00,2025-10,CUST-01235,Identified,Online,Online Store,paid,fulfilled,CAD,68.0,,0.0,12.0,10.4,90.4,0.0,90.4,1,1
#NW14807,2025-10-25 19:56:00,2025-10,CUST-00535,Identified,Online,Online Store,paid,fulfilled,CAD,128.0,FALL15,19.2,0.0,14.14,122.94,0.0,122.94,1,1
#NW14808,2025-10-22 13:13:00,2025-10,CUST-01859,Identified,POS,Northwood Toronto,paid,fulfilled,CAD,256.0,,0.0,0.0,33.28,289.28,0.0,289.28,2,1
#NW14809,2025-10-13 21:49:00,2025-10,CUST-01467,Identified,POS,Northwood Toronto,paid,fulfilled,CAD,72.0,,0.0,0.0,9.36,81.36,0.0,81.36,1,1
#NW14810,2025-10-20 21:10:00,2025-10,CUST-00765,Identified,Online,Online Store,paid,fulfilled,CAD,396.0,,0.0,0.0,51.48,447.48,0.0,447.48,2,1
#NW14811,2025-10-31 12:45:00,2025-10,CUST-00982,Identified,Online,Online Store,paid,fulfilled,CAD,72.0,,0.0,12.0,10.92,94.92,0.0,94.92,1,1
#NW14812,2025-10-31 15:58:00,2025-10,CUST-00909,Identified,Online,Online Store,paid,fulfilled,CAD,364.0,,0.0,0.0,47.32,411.32,0.0,411.32,3,2
#NW14813,2025-10-12 17:55:00,2025-10,CUST-01217,Identified,Online,Online Store,paid,fulfilled,CAD,396.0,,0.0,0.0,51.48,447.48,0.0,447.48,2,1
#NW14814,2025-10-16 19:11:00,2025-10,CUST-00794,Identified,Online,Online Store,paid,fulfilled,CAD,38.0,,0.0,12.0,6.5,56.5,0.0,56.5,1,1
#NW14815,2025-10-13 18:11:00,2025-10,CUST-02194,Identified,Online,Online Store,paid,fulfilled,CAD,514.0,,0.0,0.0,66.82,580.82,0.0,580.82,3,2
#NW14816,2025-10-15 20:18:00,2025-10,CUST-00400,Identified,POS,Northwood Toronto,paid,fulfilled,CAD,216.0,,0.0,0.0,28.08,244.08,0.0,244.08,2,2
#NW14817,2025-10-11 18:59:00,2025-10,CUST-01005,Identified,Online,Online Store,paid,fulfilled,CAD,128.0,,0.0,0.0,16.64,144.64,0.0,144.64,1,1
#NW14818,2025-10-02 19:31:00,2025-10,CUST-01549,Identified,Online,Online Store,paid,fulfilled,CAD,144.0,HOLIDAY15,21.6,0.0,15.91,138.31,0.0,138.31,2,1
#NW14819,2025-10-06 16:22:00,2025-10,CUST-01067,Identified,Online,Online Store,paid,fulfilled,CAD,48.0,WELCOME10,4.8,12.0,7.18,62.38,0.0,62.38,1,1
#NW14820,2025-10-03 14:00:00,2025-10,CUST-00212,Identified,Online,Online Store,paid,fulfilled,CAD,254.0,,0.0,0.0,33.02,287.02,0.0,287.02,3,3
#NW14821,2025-10-20 14:35:00,2025-10,CUST-01127,Identified,Online,Online Store,paid,fulfilled,CAD,386.0,FALL15,57.9,0.0,42.65,370.75,0.0,370.75,4,4
#NW14822,2025-10-12 17:00:00,2025-10,CUST-00340,Identified,Online,Online Store,paid,fulfilled,CAD,60.0,,0.0,12.0,9.36,81.36,0.0,81.36,2,2
#NW14823,2025-10-05 09:40:00,2025-10,CUST-00589,Identified,Online,Online Store,paid,fulfilled,CAD,58.0,,0.0,12.0,9.1,79.1,0.0,79.1,1,1
#NW14824,2025-10-19 20:29:00,2025-10,CUST-01850,Identified,POS,Northwood Toronto,paid,fulfilled,CAD,176.0,WELCOME10,17.6,0.0,20.59,178.99,0.0,178.99,2,1
#NW14825,2025-10-31 18:49:00,2025-10,CUST-00476,Identified,Online,Online Store,paid,fulfilled,CAD,204.0,,0.0,0.0,26.52,230.52,0.0,230.52,3,2
#NW14826,2025-10-07 20:07:00,2025-10,CUST-00424,Identified,Online,Online Store,paid,fulfilled,CAD,68.0,,0.0,12.0,10.4,90.4,0.0,90.4,1,1
#NW14827,2025-10-07 12:17:00,2025-10,CUST-00455,Identified,Online,Online Store,paid,fulfilled,CAD,248.0,,0.0,0.0,32.24,280.24,0.0,280.24,1,1
#NW14828,2025-10-03 09:54:00,2025-10,CUST-01881,Identified,POS,Northwood Toronto,paid,fulfilled,CAD,236.0,HOLIDAY15,35.4,0.0,26.08,226.68,0.0,226.68,2,2
#NW14829,2025-10-07 14:26:00,2025-10,CUST-00503,Identified,Online,Online Store,paid,fulfilled,CAD,128.0,,0.0,0.0,16.64,144.64,0.0,144.64,1,1
#NW14830,2025-10-17 09:08:00,2025-10,CUST-00439,Identified,Online,Online Store,paid,fulfilled,CAD,356.0,,0.0,0.0,46.28,402.28,0.0,402.28,2,2
#NW14831,2025-10-01 16:07:00,2025-10,CUST-00581,Identified,Online,Online Store,paid,fulfilled,CAD,202.0,,0.0,0.0,26.26,228.26,0.0,228.26,4,3
#NW14832,2025-10-29 10:41:00,2025-10,CUST-01157,Identified,Online,Online Store,paid,fulfilled,CAD,128.0,,0.0,0.0,16.64,144.64,0.0,144.64,1,1
#NW14833,2025-10-21 17:00:00,2025-10,CUST-01074,Identified,Online,Online Store,paid,fulfilled,CAD,128.0,,0.0,0.0,16.64,144.64,0.0,144.64,1,1
#NW14834,2025-10-18 19:13:00,2025-10,CUST-00740,Identified,Online,Online Store,paid,fulfilled,CAD,254.0,,0.0,0.0,33.02,287.02,0.0,287.02,3,2
#NW14835,2025-10-03 14:43:00,2025-10,CUST-00381,Identified,Online,Online Store,paid,fulfilled,CAD,256.0,,0.0,0.0,33.28,289.28,0.0,289.28,2,1
#NW14836,2025-10-12 09:55:00,2025-10,CUST-00317,Identified,Online,Online Store,paid,fulfilled,CAD,594.0,,0.0,0.0,77.22,671.22,0.0,671.22,3,2
#NW14837,2025-10-07 09:36:00,2025-10,CUST-02025,Identified,Online,Online Store,paid,fulfilled,CAD,298.0,,0.0,0.0,38.74,336.74,0.0,336.74,3,3
#NW14838,2025-10-04 12:13:00,2025-10,CUST-01481,Identified,Online,Online Store,paid,fulfilled,CAD,88.0,,0.0,12.0,13.0,113.0,0.0,113.0,1,1
#NW14839,2025-10-28 12:20:00,2025-10,CUST-00852,Identified,Online,Online Store,paid,fulfilled,CAD,96.0,,0.0,12.0,14.04,122.04,0.0,122.04,2,1
#NW14840,2025-10-26 18:46:00,2025-10,CUST-01601,Identified,Online,Online Store,paid,fulfilled,CAD,578.0,,0.0,0.0,75.14,653.14,0.0,653.14,6,4
#NW14841,2025-10-02 13:08:00,2025-10,CUST-00413,Identified,Online,Online Store,partially_refunded,fulfilled,CAD,218.0,,0.0,0.0,28.34,246.34,126.61,119.73,1,1
#NW14842,2025-10-16 16:31:00,2025-10,CUST-02012,Identified,Online,Online Store,paid,fulfilled,CAD,128.0,,0.0,0.0,16.64,144.64,0.0,144.64,1,1
#NW14843,2025-10-19 11:30:00,2025-10,CUST-00090,Identified,Online,Online Store,paid,fulfilled,CAD,88.0,,0.0,12.0,13.0,113.0,0.0,113.0,1,1
#NW14844,2025-10-29 11:42:00,2025-10,CUST-00107,Identified,Online,Online Store,paid,fulfilled,CAD,218.0,WELCOME10,21.8,0.0,25.51,221.71,0.0,221.71,1,1
#NW14845,2025-10-27 11:09:00,2025-10,CUST-01472,Identified,Online,Online Store,paid,fulfilled,CAD,118.0,,0.0,12.0,16.9,146.9,0.0,146.9,1,1
#NW14846,2025-10-16 09:29:00,2025-10,CUST-01993,Identified,Online,Online Store,paid,fulfilled,CAD,198.0,,0.0,0.0,25.74,223.74,0.0,223.74,3,3
#NW14847,2025-10-04 16:53:00,2025-10,CUST-00313,Identified,Online,Online Store,refunded,fulfilled,CAD,72.0,WELCOME10,7.2,12.0,9.98,86.78,86.78,0.0,1,1
#NW14848,2025-10-06 21:41:00,2025-10,CUST-00862,Identified,Online,Online Store,paid,fulfilled,CAD,118.0,,0.0,12.0,16.9,146.9,0.0,146.9,1,1
#NW14849,2025-10-30 18:56:00,2025-10,CUST-01720,Identified,Online,Online Store,paid,fulfilled,CAD,276.0,,0.0,0.0,35.88,311.88,0.0,311.88,2,2
#NW14850,2025-10-16 10:25:00,2025-10,CUST-01538,Identified,Online,Online Store,paid,fulfilled,CAD,256.0,HOLIDAY15,38.4,0.0,28.29,245.89,0.0,245.89,2,2
#NW14851,2025-11-20 12:15:00,2025-11,CUST-02303,Identified,POS,Northwood Toronto,paid,fulfilled,CAD,446.0,,0.0,0.0,57.98,503.98,0.0,503.98,2,2
#NW14852,2025-11-19 10:28:00,2025-11,CUST-01847,Identified,Online,Online Store,paid,fulfilled,CAD,256.0,,0.0,0.0,33.28,289.28,0.0,289.28,2,1
#NW14853,2025-11-22 09:43:00,2025-11,CUST-00748,Identified,Online,Online Store,paid,fulfilled,CAD,216.0,,0.0,0.0,28.08,244.08,0.0,244.08,2,1
#NW14854,2025-11-10 12:21:00,2025-11,CUST-00660,Identified,Online,Online Store,paid,fulfilled,CAD,176.0,,0.0,0.0,22.88,198.88,0.0,198.88,2,2
#NW14855,2025-11-19 13:55:00,2025-11,CUST-00329,Identified,Online,Online Store,paid,fulfilled,CAD,302.0,,0.0,0.0,39.26,341.26,0.0,341.26,3,2
#NW14856,2025-11-08 11:40:00,2025-11,CUST-01224,Identified,Online,Online Store,paid,fulfilled,CAD,396.0,,0.0,0.0,51.48,447.48,0.0,447.48,2,1
#NW14857,2025-11-08 11:06:00,2025-11,CUST-00042,Identified,Online,Online Store,paid,fulfilled,CAD,248.0,,0.0,0.0,32.24,280.24,0.0,280.24,1,1
#NW14858,2025-11-23 14:22:00,2025-11,CUST-00732,Identified,Online,Online Store,paid,fulfilled,CAD,316.0,HOLIDAY15,47.4,0.0,34.92,303.52,0.0,303.52,2,1
#NW14859,2025-11-10 15:13:00,2025-11,CUST-02324,Identified,Online,Online Store,paid,fulfilled,CAD,624.0,,0.0,0.0,81.12,705.12,0.0,705.12,3,2
#NW14860,2025-11-01 13:52:00,2025-11,CUST-00129,Identified,Online,Online Store,paid,fulfilled,CAD,128.0,,0.0,0.0,16.64,144.64,0.0,144.64,1,1
#NW14861,2025-11-02 11:46:00,2025-11,CUST-00481,Identified,Online,Online Store,paid,fulfilled,CAD,98.0,,0.0,12.0,14.3,124.3,0.0,124.3,1,1
#NW14862,2025-11-19 12:46:00,2025-11,CUST-00968,Identified,Online,Online Store,paid,fulfilled,CAD,198.0,,0.0,0.0,25.74,223.74,0.0,223.74,1,1
#NW14863,2025-11-11 12:24:00,2025-11,CUST-01421,Identified,Online,Online Store,paid,fulfilled,CAD,144.0,,0.0,0.0,18.72,162.72,0.0,162.72,2,1
#NW14864,2025-11-18 10:25:00,2025-11,CUST-01983,Identified,Online,Online Store,partially_refunded,fulfilled,CAD,28.0,,0.0,12.0,5.2,45.2,12.88,32.32,1,1
#NW14865,2025-11-26 17:22:00,2025-11,,Guest / Unidentified,POS,Northwood Toronto,paid,fulfilled,CAD,176.0,,0.0,0.0,22.88,198.88,0.0,198.88,2,1
#NW14866,2025-11-10 16:00:00,2025-11,CUST-01303,Identified,Online,Online Store,paid,fulfilled,CAD,88.0,SPRING10,8.8,12.0,11.86,103.06,0.0,103.06,1,1
#NW14867,2025-11-09 09:15:00,2025-11,CUST-02239,Identified,POS,Northwood Toronto,paid,fulfilled,CAD,306.0,,0.0,0.0,39.78,345.78,0.0,345.78,2,2
#NW14868,2025-11-03 12:16:00,2025-11,CUST-00021,Identified,POS,Northwood Toronto,paid,fulfilled,CAD,356.0,,0.0,0.0,46.28,402.28,0.0,402.28,2,2
#NW14869,2025-11-16 19:44:00,2025-11,CUST-00649,Identified,Online,Online Store,paid,fulfilled,CAD,474.0,,0.0,0.0,61.62,535.62,0.0,535.62,3,2
#NW14870,2025-11-03 19:41:00,2025-11,CUST-02138,Identified,Online,Online Store,paid,fulfilled,CAD,158.0,,0.0,0.0,20.54,178.54,0.0,178.54,1,1
#NW14871,2025-11-29 10:46:00,2025-11,CUST-01043,Identified,Online,Online Store,paid,fulfilled,CAD,246.0,,0.0,0.0,31.98,277.98,0.0,277.98,2,2
#NW14872,2025-11-28 11:48:00,2025-11,CUST-00499,Identified,POS,Northwood Toronto,paid,fulfilled,CAD,32.0,SPRING10,3.2,0.0,3.74,32.54,0.0,32.54,1,1
#NW14873,2025-11-16 19:32:00,2025-11,CUST-00790,Identified,Online,Online Store,paid,fulfilled,CAD,128.0,,0.0,0.0,16.64,144.64,0.0,144.64,1,1
#NW14874,2025-11-24 20:24:00,2025-11,CUST-00122,Identified,Online,Online Store,refunded,fulfilled,CAD,284.0,,0.0,0.0,36.92,320.92,320.92,0.0,3,2
#NW14875,2025-11-01 18:39:00,2025-11,CUST-02196,Identified,Online,Online Store,paid,fulfilled,CAD,438.0,,0.0,0.0,56.94,494.94,0.0,494.94,3,2
#NW14876,2025-11-28 12:33:00,2025-11,CUST-00476,Identified,Online,Online Store,refunded,fulfilled,CAD,236.0,,0.0,0.0,30.68,266.68,266.68,0.0,2,1
#NW14877,2025-11-05 18:33:00,2025-11,CUST-00583,Identified,POS,Northwood Toronto,paid,fulfilled,CAD,176.0,,0.0,0.0,22.88,198.88,0.0,198.88,2,2
#NW14878,2025-11-06 11:30:00,2025-11,CUST-01735,Identified,Online,Online Store,paid,fulfilled,CAD,354.0,,0.0,0.0,46.02,400.02,0.0,400.02,3,2
#NW14879,2025-11-23 11:00:00,2025-11,CUST-00625,Identified,Online,Online Store,paid,fulfilled,CAD,436.0,,0.0,0.0,56.68,492.68,0.0,492.68,2,1
#NW14880,2025-11-18 12:42:00,2025-11,CUST-00886,Identified,Online,Online Store,paid,fulfilled,CAD,190.0,,0.0,0.0,24.7,214.7,0.0,214.7,2,2
#NW14881,2025-11-17 13:07:00,2025-11,CUST-01495,Identified,Online,Online Store,paid,fulfilled,CAD,792.0,,0.0,0.0,102.96,894.96,0.0,894.96,4,3
#NW14882,2025-11-20 19:00:00,2025-11,CUST-00655,Identified,Online,Online Store,paid,fulfilled,CAD,198.0,,0.0,0.0,25.74,223.74,0.0,223.74,1,1
#NW14883,2025-11-28 21:37:00,2025-11,CUST-02096,Identified,POS,Northwood Toronto,paid,fulfilled,CAD,112.0,,0.0,0.0,14.56,126.56,0.0,126.56,1,1
#NW14884,2025-11-03 10:56:00,2025-11,CUST-00049,Identified,Online,Online Store,paid,fulfilled,CAD,28.0,,0.0,12.0,5.2,45.2,0.0,45.2,1,1
#NW14885,2025-11-23 10:32:00,2025-11,CUST-01342,Identified,Online,Online Store,paid,fulfilled,CAD,136.0,,0.0,0.0,17.68,153.68,0.0,153.68,2,1
#NW14886,2025-11-15 10:24:00,2025-11,CUST-00568,Identified,Online,Online Store,paid,fulfilled,CAD,196.0,,0.0,0.0,25.48,221.48,0.0,221.48,2,1
#NW14887,2025-11-04 17:43:00,2025-11,CUST-00901,Identified,Online,Online Store,paid,fulfilled,CAD,236.0,FALL15,35.4,0.0,26.08,226.68,0.0,226.68,2,1
#NW14888,2025-11-24 18:05:00,2025-11,CUST-00342,Identified,Online,Online Store,paid,fulfilled,CAD,296.0,,0.0,0.0,38.48,334.48,0.0,334.48,2,2
#NW14889,2025-11-04 20:58:00,2025-11,CUST-00519,Identified,Online,Online Store,paid,fulfilled,CAD,176.0,FALL15,26.4,0.0,19.45,169.05,0.0,169.05,2,2
#NW14890,2025-11-28 17:12:00,2025-11,CUST-00243,Identified,Online,Online Store,paid,fulfilled,CAD,38.0,,0.0,12.0,6.5,56.5,0.0,56.5,1,1
#NW14891,2025-11-19 12:49:00,2025-11,CUST-01121,Identified,Online,Online Store,paid,fulfilled,CAD,306.0,,0.0,0.0,39.78,345.78,0.0,345.78,2,2
#NW14892,2025-11-15 18:57:00,2025-11,CUST-01973,Identified,Online,Online Store,paid,fulfilled,CAD,602.0,,0.0,0.0,78.26,680.26,0.0,680.26,4,3
#NW14893,2025-11-14 12:54:00,2025-11,CUST-00817,Identified,Online,Online Store,paid,fulfilled,CAD,78.0,,0.0,12.0,11.7,101.7,0.0,101.7,1,1
#NW14894,2025-11-03 18:53:00,2025-11,CUST-00377,Identified,Online,Online Store,paid,fulfilled,CAD,128.0,HOLIDAY15,19.2,0.0,14.14,122.94,0.0,122.94,1,1
#NW14895,2025-11-13 17:55:00,2025-11,CUST-01428,Identified,Online,Online Store,paid,fulfilled,CAD,88.0,,0.0,12.0,13.0,113.0,0.0,113.0,1,1
#NW14896,2025-11-13 14:44:00,2025-11,CUST-01062,Identified,POS,Northwood Toronto,paid,fulfilled,CAD,42.0,,0.0,0.0,5.46,47.46,0.0,47.46,1,1
#NW14897,2025-11-01 19:52:00,2025-11,CUST-02259,Identified,Online,Online Store,paid,fulfilled,CAD,436.0,,0.0,0.0,56.68,492.68,0.0,492.68,2,1
#NW14898,2025-11-16 16:16:00,2025-11,CUST-01206,Identified,Online,Online Store,paid,fulfilled,CAD,218.0,,0.0,0.0,28.34,246.34,0.0,246.34,1,1
#NW14899,2025-11-08 20:22:00,2025-11,CUST-01914,Identified,Online,Online Store,paid,fulfilled,CAD,88.0,,0.0,12.0,13.0,113.0,0.0,113.0,1,1
#NW14900,2025-11-22 20:33:00,2025-11,CUST-02031,Identified,Online,Online Store,paid,fulfilled,CAD,396.0,,0.0,0.0,51.48,447.48,0.0,447.48,2,1
#NW14901,2025-11-16 15:57:00,2025-11,CUST-01787,Identified,Online,Online Store,paid,fulfilled,CAD,28.0,,0.0,12.0,5.2,45.2,0.0,45.2,1,1
#NW14902,2025-11-28 15:04:00,2025-11,CUST-02100,Identified,Online,Online Store,paid,fulfilled,CAD,280.0,,0.0,0.0,36.4,316.4,0.0,316.4,2,2
#NW14903,2025-11-15 19:25:00,2025-11,CUST-00181,Identified,Online,Online Store,paid,fulfilled,CAD,424.0,,0.0,0.0,55.12,479.12,0.0,479.12,3,3
#NW14904,2025-11-13 16:02:00,2025-11,CUST-00791,Identified,Online,Online Store,refunded,fulfilled,CAD,128.0,,0.0,0.0,16.64,144.64,144.64,0.0,1,1
#NW14905,2025-11-25 09:04:00,2025-11,CUST-01025,Identified,Online,Online Store,partially_refunded,fulfilled,CAD,294.0,,0.0,0.0,38.22,332.22,168.66,163.56000000000003,4,3
#NW14906,2025-11-02 18:42:00,2025-11,CUST-01733,Identified,Online,Online Store,paid,fulfilled,CAD,246.0,,0.0,0.0,31.98,277.98,0.0,277.98,2,2
#NW14907,2025-11-13 10:31:00,2025-11,CUST-00811,Identified,Online,Online Store,paid,fulfilled,CAD,128.0,,0.0,0.0,16.64,144.64,0.0,144.64,1,1
#NW14908,2025-11-28 12:34:00,2025-11,CUST-01152,Identified,POS,Northwood Toronto,paid,fulfilled,CAD,316.0,,0.0,0.0,41.08,357.08,0.0,357.08,2,2
#NW14909,2025-11-05 09:30:00,2025-11,CUST-01610,Identified,Online,Online Store,refunded,fulfilled,CAD,136.0,WELCOME10,13.6,0.0,15.91,138.31,138.32,-0.009999999999990905,2,2
#NW14910,2025-11-28 20:44:00,2025-11,CUST-00422,Identified,POS,Northwood Toronto,paid,fulfilled,CAD,368.0,,0.0,0.0,47.84,415.84,0.0,415.84,3,3
#NW14911,2025-11-01 17:15:00,2025-11,CUST-01277,Identified,Online,Online Store,paid,fulfilled,CAD,374.0,,0.0,0.0,48.62,422.62,0.0,422.62,3,3
#NW14912,2025-11-19 10:58:00,2025-11,CUST-00168,Identified,Online,Online Store,paid,fulfilled,CAD,158.0,,0.0,0.0,20.54,178.54,0.0,178.54,1,1
#NW14913,2025-11-27 09:53:00,2025-11,CUST-00844,Identified,Online,Online Store,paid,fulfilled,CAD,180.0,,0.0,0.0,23.4,203.4,0.0,203.4,2,2
#NW14914,2025-11-13 13:43:00,2025-11,CUST-01999,Identified,Online,Online Store,paid,fulfilled,CAD,284.0,,0.0,0.0,36.92,320.92,0.0,320.92,3,2
#NW14915,2025-11-20 09:46:00,2025-11,CUST-01792,Identified,Online,Online Store,paid,fulfilled,CAD,28.0,,0.0,12.0,5.2,45.2,0.0,45.2,1,1
#NW14916,2025-11-15 12:20:00,2025-11,CUST-01955,Identified,POS,Northwood Toronto,paid,fulfilled,CAD,216.0,,0.0,0.0,28.08,244.08,0.0,244.08,2,1
#NW14917,2025-11-04 20:37:00,2025-11,CUST-01736,Identified,Online,Online Store,paid,fulfilled,CAD,158.0,,0.0,0.0,20.54,178.54,0.0,178.54,1,1
#NW14918,2025-11-26 17:39:00,2025-11,CUST-01113,Identified,Online,Online Store,paid,fulfilled,CAD,108.0,,0.0,12.0,15.6,135.6,0.0,135.6,1,1
#NW14919,2025-11-02 12:27:00,2025-11,CUST-02314,Identified,Online,Online Store,paid,fulfilled,CAD,236.0,HOLIDAY15,35.4,0.0,26.08,226.68,0.0,226.68,2,2
#NW14920,2025-11-18 14:17:00,2025-11,CUST-01306,Identified,Online,Online Store,paid,fulfilled,CAD,38.0,,0.0,12.0,6.5,56.5,0.0,56.5,1,1
#NW14921,2025-11-09 18:47:00,2025-11,,Guest / Unidentified,POS,Northwood Toronto,paid,fulfilled,CAD,128.0,,0.0,0.0,16.64,144.64,0.0,144.64,1,1
#NW14922,2025-11-26 09:37:00,2025-11,CUST-01425,Identified,POS,Northwood Toronto,paid,fulfilled,CAD,436.0,,0.0,0.0,56.68,492.68,0.0,492.68,2,1
#NW14923,2025-11-20 15:39:00,2025-11,CUST-01569,Identified,Online,Online Store,paid,fulfilled,CAD,198.0,SPRING10,19.8,0.0,23.17,201.37,0.0,201.37,1,1
#NW14924,2025-11-02 11:38:00,2025-11,CUST-01759,Identified,Online,Online Store,paid,fulfilled,CAD,118.0,,0.0,12.0,16.9,146.9,0.0,146.9,1,1
#NW14925,2025-11-12 14:08:00,2025-11,CUST-00819,Identified,Online,Online Store,paid,fulfilled,CAD,342.0,,0.0,0.0,44.46,386.46,0.0,386.46,3,2
#NW14926,2025-11-12 12:21:00,2025-11,CUST-00798,Identified,Online,Online Store,paid,fulfilled,CAD,88.0,,0.0,12.0,13.0,113.0,0.0,113.0,1,1
#NW14927,2025-11-07 20:34:00,2025-11,CUST-00438,Identified,Online,Online Store,paid,fulfilled,CAD,266.0,,0.0,0.0,34.58,300.58,0.0,300.58,2,2
#NW14928,2025-11-02 12:00:00,2025-11,CUST-01532,Identified,Online,Online Store,paid,fulfilled,CAD,56.0,,0.0,12.0,8.84,76.84,0.0,76.84,2,2
#NW14929,2025-11-24 13:23:00,2025-11,CUST-00264,Identified,Online,Online Store,paid,fulfilled,CAD,78.0,,0.0,12.0,11.7,101.7,0.0,101.7,1,1
#NW14930,2025-11-03 19:48:00,2025-11,CUST-01841,Identified,Online,Online Store,paid,fulfilled,CAD,96.0,,0.0,12.0,14.04,122.04,0.0,122.04,2,1
#NW14931,2025-11-17 09:26:00,2025-11,CUST-00686,Identified,POS,Northwood Toronto,paid,fulfilled,CAD,216.0,,0.0,0.0,28.08,244.08,0.0,244.08,2,2
#NW14932,2025-11-06 20:45:00,2025-11,CUST-01373,Identified,POS,Northwood Toronto,refunded,fulfilled,CAD,72.0,WELCOME10,7.2,0.0,8.42,73.22,73.22,0.0,1,1
#NW14933,2025-11-17 19:14:00,2025-11,CUST-02095,Identified,POS,Northwood Toronto,paid,fulfilled,CAD,118.0,,0.0,0.0,15.34,133.34,0.0,133.34,1,1
#NW14934,2025-11-13 17:42:00,2025-11,CUST-01037,Identified,Online,Online Store,paid,fulfilled,CAD,118.0,SPRING10,11.8,12.0,15.37,133.57,0.0,133.57,1,1
#NW14935,2025-11-30 15:54:00,2025-11,CUST-01861,Identified,Online,Online Store,paid,fulfilled,CAD,198.0,,0.0,0.0,25.74,223.74,0.0,223.74,1,1
#NW14936,2025-11-25 18:16:00,2025-11,CUST-01679,Identified,Online,Online Store,paid,fulfilled,CAD,218.0,,0.0,0.0,28.34,246.34,0.0,246.34,1,1
#NW14937,2025-11-28 18:56:00,2025-11,CUST-01203,Identified,Online,Online Store,paid,fulfilled,CAD,264.0,,0.0,0.0,34.32,298.32,0.0,298.32,3,2
#NW14938,2025-11-17 09:48:00,2025-11,CUST-02043,Identified,Online,Online Store,paid,fulfilled,CAD,164.0,,0.0,0.0,21.32,185.32,0.0,185.32,3,2
#NW14939,2025-11-10 14:50:00,2025-11,CUST-00292,Identified,Online,Online Store,paid,fulfilled,CAD,202.0,,0.0,0.0,26.26,228.26,0.0,228.26,3,2
#NW14940,2025-11-09 18:30:00,2025-11,CUST-02173,Identified,Online,Online Store,paid,fulfilled,CAD,504.0,,0.0,0.0,65.52,569.52,0.0,569.52,3,2
#NW14941,2025-11-02 09:08:00,2025-11,CUST-01443,Identified,Online,Online Store,paid,fulfilled,CAD,236.0,WELCOME10,23.6,0.0,27.61,240.01,0.0,240.01,2,1
#NW14942,2025-11-20 19:44:00,2025-11,CUST-02064,Identified,Online,Online Store,paid,fulfilled,CAD,28.0,,0.0,12.0,5.2,45.2,0.0,45.2,1,1
#NW14943,2025-11-02 14:47:00,2025-11,CUST-00123,Identified,Online,Online Store,paid,fulfilled,CAD,158.0,,0.0,0.0,20.54,178.54,0.0,178.54,1,1
#NW14944,2025-11-28 21:26:00,2025-11,CUST-00723,Identified,Online,Online Store,paid,fulfilled,CAD,216.0,WELCOME10,21.6,0.0,25.27,219.67,0.0,219.67,2,1
#NW14945,2025-11-03 12:09:00,2025-11,CUST-00737,Identified,Online,Online Store,paid,fulfilled,CAD,72.0,,0.0,12.0,10.92,94.92,0.0,94.92,1,1
#NW14946,2025-11-26 17:04:00,2025-11,CUST-01322,Identified,Online,Online Store,paid,fulfilled,CAD,356.0,SPRING10,35.6,0.0,41.65,362.05,0.0,362.05,4,4
#NW14947,2025-11-18 12:56:00,2025-11,CUST-01759,Identified,Online,Online Store,paid,fulfilled,CAD,608.0,SPRING10,60.8,0.0,71.14,618.34,0.0,618.34,3,3
#NW14948,2025-11-24 16:11:00,2025-11,CUST-00762,Identified,Online,Online Store,paid,fulfilled,CAD,496.0,,0.0,0.0,64.48,560.48,0.0,560.48,2,1
#NW14949,2025-11-26 16:59:00,2025-11,CUST-01466,Identified,Online,Online Store,paid,fulfilled,CAD,572.0,,0.0,0.0,74.36,646.36,0.0,646.36,4,2
#NW14950,2025-11-29 18:31:00,2025-11,CUST-01005,Identified,Online,Online Store,paid,fulfilled,CAD,496.0,,0.0,0.0,64.48,560.48,0.0,560.48,2,1
#NW14951,2025-11-13 12:59:00,2025-11,CUST-00298,Identified,Online,Online Store,paid,fulfilled,CAD,428.0,,0.0,0.0,55.64,483.64,0.0,483.64,3,3
#NW14952,2025-11-15 18:04:00,2025-11,CUST-00882,Identified,Online,Online Store,paid,fulfilled,CAD,872.0,,0.0,0.0,113.36,985.36,0.0,985.36,4,2
#NW14953,2025-11-16 20:29:00,2025-11,CUST-01523,Identified,Online,Online Store,paid,fulfilled,CAD,38.0,,0.0,12.0,6.5,56.5,0.0,56.5,1,1
#NW14954,2025-11-13 12:33:00,2025-11,CUST-01524,Identified,Online,Online Store,paid,fulfilled,CAD,68.0,HOLIDAY15,10.2,12.0,9.07,78.87,0.0,78.87,1,1
#NW14955,2025-11-15 11:52:00,2025-11,CUST-00595,Identified,Online,Online Store,paid,fulfilled,CAD,88.0,,0.0,12.0,13.0,113.0,0.0,113.0,1,1
#NW14956,2025-11-30 10:28:00,2025-11,CUST-01288,Identified,Online,Online Store,voided,unfulfilled,CAD,78.0,,0.0,12.0,11.7,101.7,0.0,0.0,1,1
#NW14957,2025-11-16 17:13:00,2025-11,CUST-00501,Identified,POS,Northwood Toronto,paid,fulfilled,CAD,524.0,,0.0,0.0,68.12,592.12,0.0,592.12,3,2
#NW14958,2025-11-14 17:37:00,2025-11,CUST-00040,Identified,POS,Northwood Toronto,paid,fulfilled,CAD,128.0,FALL15,19.2,0.0,14.14,122.94,0.0,122.94,1,1
#NW14959,2025-11-12 18:38:00,2025-11,CUST-00111,Identified,Online,Online Store,paid,fulfilled,CAD,112.0,,0.0,12.0,16.12,140.12,0.0,140.12,1,1
#NW14960,2025-11-15 12:58:00,2025-11,CUST-00045,Identified,Online,Online Store,paid,fulfilled,CAD,108.0,,0.0,12.0,15.6,135.6,0.0,135.6,1,1
#NW14961,2025-11-29 16:35:00,2025-11,CUST-01348,Identified,Online,Online Store,paid,fulfilled,CAD,414.0,,0.0,0.0,53.82,467.82,0.0,467.82,3,2
#NW14962,2025-11-06 18:44:00,2025-11,CUST-00876,Identified,Online,Online Store,paid,fulfilled,CAD,118.0,,0.0,12.0,16.9,146.9,0.0,146.9,1,1
#NW14963,2025-11-13 16:20:00,2025-11,CUST-01907,Identified,Online,Online Store,paid,fulfilled,CAD,174.0,,0.0,0.0,22.62,196.62,0.0,196.62,3,2
#NW14964,2025-11-05 11:15:00,2025-11,CUST-02325,Identified,Online,Online Store,paid,fulfilled,CAD,166.0,,0.0,0.0,21.58,187.58,0.0,187.58,2,2
#NW14965,2025-11-19 10:44:00,2025-11,CUST-01318,Identified,Online,Online Store,paid,fulfilled,CAD,38.0,WELCOME10,3.8,12.0,6.01,52.21,0.0,52.21,1,1
#NW14966,2025-11-12 17:52:00,2025-11,CUST-00953,Identified,POS,Northwood Toronto,refunded,fulfilled,CAD,396.0,,0.0,0.0,51.48,447.48,447.48,0.0,2,1
#NW14967,2025-11-03 18:13:00,2025-11,CUST-02301,Identified,Online,Online Store,paid,fulfilled,CAD,76.0,,0.0,12.0,11.44,99.44,0.0,99.44,2,1
#NW14968,2025-11-19 10:36:00,2025-11,CUST-01975,Identified,POS,Northwood Toronto,paid,fulfilled,CAD,196.0,,0.0,0.0,25.48,221.48,0.0,221.48,2,1
#NW14969,2025-11-07 20:45:00,2025-11,CUST-00781,Identified,Online,Online Store,paid,fulfilled,CAD,316.0,,0.0,0.0,41.08,357.08,0.0,357.08,2,2
#NW14970,2025-11-15 17:58:00,2025-11,CUST-01506,Identified,Online,Online Store,paid,fulfilled,CAD,248.0,SPRING10,24.8,0.0,29.02,252.22,0.0,252.22,1,1
#NW14971,2025-11-29 11:19:00,2025-11,CUST-00870,Identified,Online,Online Store,voided,unfulfilled,CAD,522.0,,0.0,0.0,67.86,589.86,0.0,0.0,4,3
#NW14972,2025-11-30 15:41:00,2025-11,CUST-02160,Identified,POS,Northwood Toronto,paid,fulfilled,CAD,218.0,HOLIDAY15,32.7,0.0,24.09,209.39,0.0,209.39,1,1
#NW14973,2025-11-10 13:11:00,2025-11,CUST-00891,Identified,Online,Online Store,paid,fulfilled,CAD,128.0,,0.0,0.0,16.64,144.64,0.0,144.64,1,1
#NW14974,2025-11-08 14:46:00,2025-11,CUST-00845,Identified,POS,Northwood Toronto,paid,fulfilled,CAD,496.0,,0.0,0.0,64.48,560.48,0.0,560.48,2,1
#NW14975,2025-11-12 17:13:00,2025-11,CUST-02298,Identified,Online,Online Store,voided,unfulfilled,CAD,228.0,,0.0,0.0,29.64,257.64,0.0,0.0,3,2
#NW14976,2025-11-22 11:07:00,2025-11,CUST-01139,Identified,Online,Online Store,paid,fulfilled,CAD,198.0,HOLIDAY15,29.7,0.0,21.88,190.18,0.0,190.18,1,1
#NW14977,2025-11-27 15:26:00,2025-11,CUST-00307,Identified,POS,Northwood Toronto,paid,fulfilled,CAD,136.0,SPRING10,13.6,0.0,15.91,138.31,0.0,138.31,2,2
#NW14978,2025-11-28 19:31:00,2025-11,CUST-01728,Identified,Online,Online Store,voided,unfulfilled,CAD,198.0,HOLIDAY15,29.7,0.0,21.88,190.18,0.0,0.0,1,1
#NW14979,2025-11-09 14:55:00,2025-11,CUST-01783,Identified,Online,Online Store,paid,fulfilled,CAD,334.0,,0.0,0.0,43.42,377.42,0.0,377.42,3,2
#NW14980,2025-11-06 21:54:00,2025-11,CUST-01302,Identified,Online,Online Store,paid,fulfilled,CAD,214.0,,0.0,0.0,27.82,241.82,0.0,241.82,3,3
#NW14981,2025-11-06 10:46:00,2025-11,CUST-01486,Identified,Online,Online Store,paid,fulfilled,CAD,442.0,FALL15,66.3,0.0,48.84,424.54,0.0,424.54,3,2
#NW14982,2025-11-10 17:01:00,2025-11,CUST-01312,Identified,Online,Online Store,paid,fulfilled,CAD,32.0,,0.0,12.0,5.72,49.72,0.0,49.72,1,1
#NW14983,2025-11-07 12:20:00,2025-11,CUST-01297,Identified,Online,Online Store,voided,unfulfilled,CAD,206.0,,0.0,0.0,26.78,232.78,0.0,0.0,2,2
#NW14984,2025-11-16 10:11:00,2025-11,CUST-00808,Identified,Online,Online Store,paid,fulfilled,CAD,72.0,,0.0,12.0,10.92,94.92,0.0,94.92,1,1
#NW14985,2025-11-02 18:16:00,2025-11,CUST-00256,Identified,POS,Northwood Toronto,paid,fulfilled,CAD,198.0,,0.0,0.0,25.74,223.74,0.0,223.74,1,1
#NW14986,2025-11-08 17:16:00,2025-11,CUST-02024,Identified,POS,Northwood Toronto,paid,fulfilled,CAD,282.0,,0.0,0.0,36.66,318.66,0.0,318.66,4,3
#NW14987,2025-11-18 17:05:00,2025-11,CUST-00809,Identified,Online,Online Store,paid,fulfilled,CAD,424.0,,0.0,0.0,55.12,479.12,0.0,479.12,3,3
#NW14988,2025-11-22 11:41:00,2025-11,CUST-01038,Identified,Online,Online Store,paid,fulfilled,CAD,88.0,HOLIDAY15,13.2,12.0,11.28,98.08,0.0,98.08,1,1
#NW14989,2025-11-17 16:22:00,2025-11,CUST-01125,Identified,Online,Online Store,paid,fulfilled,CAD,484.0,,0.0,0.0,62.92,546.92,0.0,546.92,3,2
#NW14990,2025-11-15 19:44:00,2025-11,CUST-01726,Identified,Online,Online Store,paid,fulfilled,CAD,374.0,HOLIDAY15,56.1,0.0,41.33,359.23,0.0,359.23,3,3
#NW14991,2025-11-14 19:13:00,2025-11,CUST-00489,Identified,Online,Online Store,paid,fulfilled,CAD,332.0,,0.0,0.0,43.16,375.16,0.0,375.16,6,4
#NW14992,2025-11-18 11:06:00,2025-11,CUST-01336,Identified,Online,Online Store,paid,fulfilled,CAD,188.0,,0.0,0.0,24.44,212.44,0.0,212.44,3,3
#NW14993,2025-11-05 09:41:00,2025-11,CUST-01855,Identified,Online,Online Store,paid,fulfilled,CAD,158.0,,0.0,0.0,20.54,178.54,0.0,178.54,1,1
#NW14994,2025-11-09 18:50:00,2025-11,CUST-00701,Identified,Online,Online Store,paid,fulfilled,CAD,522.0,SPRING10,52.2,0.0,61.07,530.87,0.0,530.87,4,3
#NW14995,2025-11-18 14:38:00,2025-11,CUST-01339,Identified,POS,Northwood Toronto,paid,fulfilled,CAD,508.0,,0.0,0.0,66.04,574.04,0.0,574.04,3,2
#NW14996,2025-11-25 19:19:00,2025-11,CUST-01569,Identified,Online,Online Store,paid,fulfilled,CAD,214.0,,0.0,0.0,27.82,241.82,0.0,241.82,3,2
#NW14997,2025-11-17 16:35:00,2025-11,CUST-01237,Identified,Online,Online Store,paid,fulfilled,CAD,112.0,WELCOME10,11.2,12.0,14.66,127.46,0.0,127.46,1,1
#NW14998,2025-11-07 17:48:00,2025-11,CUST-00088,Identified,Online,Online Store,paid,fulfilled,CAD,316.0,,0.0,0.0,41.08,357.08,0.0,357.08,2,2
#NW14999,2025-11-17 13:27:00,2025-11,CUST-01624,Identified,Online,Online Store,paid,fulfilled,CAD,306.0,,0.0,0.0,39.78,345.78,0.0,345.78,2,2
#NW15000,2025-11-18 21:36:00,2025-11,CUST-00346,Identified,Online,Online Store,paid,fulfilled,CAD,162.0,,0.0,0.0,21.06,183.06,0.0,183.06,3,2
#NW15001,2025-11-26 10:18:00,2025-11,CUST-00020,Identified,Online,Online Store,paid,fulfilled,CAD,128.0,,0.0,0.0,16.64,144.64,0.0,144.64,1,1
#NW15002,2025-11-28 21:30:00,2025-11,CUST-01923,Identified,Online,Online Store,voided,unfulfilled,CAD,206.0,,0.0,0.0,26.78,232.78,0.0,0.0,2,2
#NW15003,2025-11-15 12:20:00,2025-11,CUST-01165,Identified,Online,Online Store,paid,fulfilled,CAD,118.0,,0.0,12.0,16.9,146.9,0.0,146.9,1,1
#NW15004,2025-11-08 16:05:00,2025-11,CUST-00537,Identified,Online,Online Store,paid,fulfilled,CAD,328.0,,0.0,0.0,42.64,370.64,0.0,370.64,3,3
#NW15005,2025-11-17 09:21:00,2025-11,CUST-01722,Identified,Online,Online Store,paid,fulfilled,CAD,88.0,,0.0,12.0,13.0,113.0,0.0,113.0,1,1
#NW15006,2025-11-03 18:44:00,2025-11,CUST-01650,Identified,Online,Online Store,paid,fulfilled,CAD,224.0,,0.0,0.0,29.12,253.12,0.0,253.12,3,2
#NW15007,2025-11-30 16:18:00,2025-11,CUST-00152,Identified,Online,Online Store,paid,fulfilled,CAD,108.0,,0.0,12.0,15.6,135.6,0.0,135.6,1,1
#NW15008,2025-11-25 19:10:00,2025-11,CUST-01669,Identified,POS,Northwood Toronto,paid,fulfilled,CAD,198.0,,0.0,0.0,25.74,223.74,0.0,223.74,1,1
#NW15009,2025-11-10 09:26:00,2025-11,CUST-02161,Identified,Online,Online Store,paid,fulfilled,CAD,914.0,,0.0,0.0,118.82,1032.82,0.0,1032.82,5,4
#NW15010,2025-11-12 09:12:00,2025-11,,Guest / Unidentified,POS,Northwood Toronto,paid,fulfilled,CAD,414.0,HOLIDAY15,62.1,0.0,45.75,397.65,0.0,397.65,3,2
#NW15011,2025-11-14 17:16:00,2025-11,CUST-01382,Identified,Online,Online Store,paid,fulfilled,CAD,156.0,,0.0,0.0,20.28,176.28,0.0,176.28,2,2
#NW15012,2025-11-27 16:05:00,2025-11,CUST-00067,Identified,Online,Online Store,paid,fulfilled,CAD,108.0,,0.0,12.0,15.6,135.6,0.0,135.6,1,1
#NW15013,2025-11-18 15:11:00,2025-11,CUST-00372,Identified,Online,Online Store,paid,fulfilled,CAD,118.0,WELCOME10,11.8,12.0,15.37,133.57,0.0,133.57,1,1
#NW15014,2025-11-11 11:38:00,2025-11,,Guest / Unidentified,POS,Northwood Toronto,paid,fulfilled,CAD,316.0,HOLIDAY15,47.4,0.0,34.92,303.52,0.0,303.52,2,1
#NW15015,2025-11-22 18:14:00,2025-11,CUST-00390,Identified,Online,Online Store,voided,unfulfilled,CAD,48.0,,0.0,12.0,7.8,67.8,0.0,0.0,1,1
#NW15016,2025-11-01 16:07:00,2025-11,CUST-01701,Identified,POS,Northwood Toronto,refunded,fulfilled,CAD,172.0,,0.0,0.0,22.36,194.36,194.36,0.0,3,2
#NW15017,2025-11-14 11:56:00,2025-11,CUST-01233,Identified,Online,Online Store,paid,fulfilled,CAD,214.0,,0.0,0.0,27.82,241.82,0.0,241.82,3,2
#NW15018,2025-11-09 09:58:00,2025-11,CUST-01126,Identified,Online,Online Store,paid,fulfilled,CAD,474.0,,0.0,0.0,61.62,535.62,0.0,535.62,3,3
#NW15019,2025-11-28 13:08:00,2025-11,CUST-01300,Identified,Online,Online Store,paid,fulfilled,CAD,28.0,,0.0,12.0,5.2,45.2,0.0,45.2,1,1
#NW15020,2025-11-27 17:44:00,2025-11,CUST-01417,Identified,Online,Online Store,paid,fulfilled,CAD,348.0,,0.0,0.0,45.24,393.24,0.0,393.24,3,3
#NW15021,2025-11-16 18:02:00,2025-11,CUST-01640,Identified,POS,Northwood Toronto,paid,fulfilled,CAD,140.0,,0.0,0.0,18.2,158.2,0.0,158.2,2,2
#NW15022,2025-11-20 19:39:00,2025-11,CUST-01661,Identified,Online,Online Store,paid,fulfilled,CAD,108.0,FALL15,16.2,12.0,13.49,117.29,0.0,117.29,1,1
#NW15023,2025-11-11 17:57:00,2025-11,CUST-02280,Identified,Online,Online Store,paid,fulfilled,CAD,434.0,,0.0,0.0,56.42,490.42,0.0,490.42,3,2
#NW15024,2025-11-26 21:18:00,2025-11,CUST-01283,Identified,Online,Online Store,paid,fulfilled,CAD,388.0,,0.0,0.0,50.44,438.44,0.0,438.44,3,2
#NW15025,2025-11-08 12:56:00,2025-11,CUST-02268,Identified,Online,Online Store,paid,fulfilled,CAD,394.0,,0.0,0.0,51.22,445.22,0.0,445.22,4,3
#NW15026,2025-11-18 10:46:00,2025-11,CUST-02038,Identified,Online,Online Store,paid,fulfilled,CAD,198.0,,0.0,0.0,25.74,223.74,0.0,223.74,1,1
#NW15027,2025-11-12 11:11:00,2025-11,CUST-01858,Identified,Online,Online Store,paid,fulfilled,CAD,462.0,SPRING10,46.2,0.0,54.05,469.85,0.0,469.85,4,4
#NW15028,2025-11-19 09:54:00,2025-11,CUST-01612,Identified,Online,Online Store,paid,fulfilled,CAD,218.0,SPRING10,21.8,0.0,25.51,221.71,0.0,221.71,1,1
#NW15029,2025-11-06 13:27:00,2025-11,CUST-01223,Identified,Online,Online Store,paid,fulfilled,CAD,38.0,,0.0,12.0,6.5,56.5,0.0,56.5,1,1
#NW15030,2025-11-04 17:34:00,2025-11,CUST-01862,Identified,Online,Online Store,paid,fulfilled,CAD,184.0,,0.0,0.0,23.92,207.92,0.0,207.92,3,3
#NW15031,2025-11-06 15:09:00,2025-11,CUST-02021,Identified,POS,Northwood Toronto,paid,fulfilled,CAD,116.0,,0.0,0.0,15.08,131.08,0.0,131.08,2,1
#NW15032,2025-11-08 18:46:00,2025-11,CUST-01901,Identified,Online,Online Store,paid,fulfilled,CAD,334.0,,0.0,0.0,43.42,377.42,0.0,377.42,3,2
#NW15033,2025-11-15 11:37:00,2025-11,CUST-00498,Identified,Online,Online Store,paid,fulfilled,CAD,474.0,,0.0,0.0,61.62,535.62,0.0,535.62,3,2
#NW15034,2025-11-13 14:59:00,2025-11,CUST-01532,Identified,POS,Northwood Toronto,paid,fulfilled,CAD,248.0,SPRING10,24.8,0.0,29.02,252.22,0.0,252.22,1,1
#NW15035,2025-11-23 18:03:00,2025-11,CUST-00421,Identified,Online,Online Store,paid,fulfilled,CAD,404.0,,0.0,0.0,52.52,456.52,0.0,456.52,3,3
#NW15036,2025-11-16 10:15:00,2025-11,CUST-00120,Identified,POS,Northwood Toronto,paid,fulfilled,CAD,344.0,,0.0,0.0,44.72,388.72,0.0,388.72,3,2
#NW15037,2025-11-30 11:56:00,2025-11,CUST-00918,Identified,Online,Online Store,paid,fulfilled,CAD,1076.0,,0.0,0.0,139.88,1215.88,0.0,1215.88,6,3
#NW15038,2025-11-11 17:09:00,2025-11,CUST-00196,Identified,Online,Online Store,paid,fulfilled,CAD,56.0,,0.0,12.0,8.84,76.84,0.0,76.84,2,1
#NW15039,2025-11-12 16:42:00,2025-11,CUST-02323,Identified,Online,Online Store,paid,fulfilled,CAD,200.0,WELCOME10,20.0,0.0,23.4,203.4,0.0,203.4,2,2
#NW15040,2025-11-30 10:19:00,2025-11,CUST-00043,Identified,Online,Online Store,paid,fulfilled,CAD,88.0,,0.0,12.0,13.0,113.0,0.0,113.0,1,1
#NW15041,2025-11-01 10:21:00,2025-11,CUST-01209,Identified,Online,Online Store,paid,fulfilled,CAD,190.0,,0.0,0.0,24.7,214.7,0.0,214.7,2,2
#NW15042,2025-11-01 12:31:00,2025-11,CUST-00431,Identified,Online,Online Store,paid,fulfilled,CAD,218.0,,0.0,0.0,28.34,246.34,0.0,246.34,1,1
#NW15043,2025-11-02 19:08:00,2025-11,CUST-01323,Identified,Online,Online Store,paid,fulfilled,CAD,362.0,,0.0,0.0,47.06,409.06,0.0,409.06,4,3
#NW15044,2025-11-25 11:05:00,2025-11,CUST-01495,Identified,Online,Online Store,paid,fulfilled,CAD,366.0,,0.0,0.0,47.58,413.58,0.0,413.58,4,3
#NW15045,2025-11-05 10:39:00,2025-11,CUST-02151,Identified,Online,Online Store,paid,fulfilled,CAD,466.0,,0.0,0.0,60.58,526.58,0.0,526.58,2,2
#NW15046,2025-11-16 13:55:00,2025-11,CUST-01785,Identified,POS,Northwood Toronto,voided,unfulfilled,CAD,38.0,,0.0,0.0,4.94,42.94,0.0,0.0,1,1
#NW15047,2025-11-12 19:45:00,2025-11,CUST-00353,Identified,Online,Online Store,paid,fulfilled,CAD,118.0,WELCOME10,11.8,12.0,15.37,133.57,0.0,133.57,1,1
#NW15048,2025-11-24 12:55:00,2025-11,CUST-00698,Identified,Online,Online Store,paid,fulfilled,CAD,326.0,SPRING10,32.6,0.0,38.14,331.54,0.0,331.54,4,3
#NW15049,2025-11-08 12:24:00,2025-11,CUST-00262,Identified,Online,Online Store,paid,fulfilled,CAD,452.0,FALL15,67.8,0.0,49.95,434.15,0.0,434.15,4,2
#NW15050,2025-11-06 20:12:00,2025-11,CUST-00783,Identified,Online,Online Store,paid,fulfilled,CAD,88.0,,0.0,12.0,13.0,113.0,0.0,113.0,1,1
#NW15051,2025-11-02 21:43:00,2025-11,CUST-00707,Identified,Online,Online Store,voided,unfulfilled,CAD,48.0,,0.0,12.0,7.8,67.8,0.0,0.0,1,1
#NW15052,2025-11-02 10:27:00,2025-11,CUST-01511,Identified,Online,Online Store,paid,fulfilled,CAD,88.0,,0.0,12.0,13.0,113.0,0.0,113.0,1,1
#NW15053,2025-11-02 14:48:00,2025-11,CUST-02202,Identified,Online,Online Store,paid,fulfilled,CAD,112.0,,0.0,12.0,16.12,140.12,0.0,140.12,1,1
#NW15054,2025-11-28 14:32:00,2025-11,CUST-00021,Identified,Online,Online Store,paid,fulfilled,CAD,554.0,,0.0,0.0,72.02,626.02,0.0,626.02,3,2
#NW15055,2025-11-20 09:55:00,2025-11,CUST-00216,Identified,POS,Northwood Toronto,paid,fulfilled,CAD,128.0,,0.0,0.0,16.64,144.64,0.0,144.64,1,1
#NW15056,2025-11-13 14:44:00,2025-11,CUST-01887,Identified,Online,Online Store,paid,fulfilled,CAD,88.0,,0.0,12.0,13.0,113.0,0.0,113.0,1,1
#NW15057,2025-11-11 09:11:00,2025-11,CUST-00177,Identified,Online,Online Store,paid,fulfilled,CAD,108.0,HOLIDAY15,16.2,12.0,13.49,117.29,0.0,117.29,1,1
#NW15058,2025-11-05 21:14:00,2025-11,CUST-00392,Identified,Online,Online Store,refunded,fulfilled,CAD,218.0,,0.0,0.0,28.34,246.34,246.34,0.0,1,1
#NW15059,2025-11-06 18:11:00,2025-11,CUST-00197,Identified,Online,Online Store,paid,fulfilled,CAD,156.0,,0.0,0.0,20.28,176.28,0.0,176.28,2,2
#NW15060,2025-11-26 19:05:00,2025-11,CUST-01247,Identified,Online,Online Store,refunded,fulfilled,CAD,316.0,,0.0,0.0,41.08,357.08,357.08,0.0,2,1
#NW15061,2025-11-08 14:28:00,2025-11,CUST-00147,Identified,Online,Online Store,paid,fulfilled,CAD,150.0,,0.0,0.0,19.5,169.5,0.0,169.5,2,2
#NW15062,2025-11-17 12:19:00,2025-11,CUST-00486,Identified,Online,Online Store,paid,fulfilled,CAD,248.0,,0.0,0.0,32.24,280.24,0.0,280.24,1,1
#NW15063,2025-11-26 10:48:00,2025-11,CUST-00877,Identified,Online,Online Store,paid,fulfilled,CAD,128.0,,0.0,0.0,16.64,144.64,0.0,144.64,1,1
#NW15064,2025-11-02 09:08:00,2025-11,CUST-01555,Identified,Online,Online Store,paid,fulfilled,CAD,218.0,,0.0,0.0,28.34,246.34,0.0,246.34,1,1
#NW15065,2025-11-01 14:47:00,2025-11,CUST-01106,Identified,Online,Online Store,paid,fulfilled,CAD,198.0,HOLIDAY15,29.7,0.0,21.88,190.18,0.0,190.18,1,1
#NW15066,2025-11-04 09:10:00,2025-11,CUST-00698,Identified,Online,Online Store,paid,fulfilled,CAD,144.0,FALL15,21.6,0.0,15.91,138.31,0.0,138.31,3,2
#NW15067,2025-11-21 13:46:00,2025-11,CUST-00565,Identified,Online,Online Store,paid,fulfilled,CAD,78.0,,0.0,12.0,11.7,101.7,0.0,101.7,1,1
#NW15068,2025-11-20 12:35:00,2025-11,CUST-01888,Identified,Online,Online Store,paid,fulfilled,CAD,184.0,,0.0,0.0,23.92,207.92,0.0,207.92,3,2
#NW15069,2025-11-09 14:37:00,2025-11,CUST-00492,Identified,POS,Northwood Toronto,paid,fulfilled,CAD,38.0,,0.0,0.0,4.94,42.94,0.0,42.94,1,1
#NW15070,2025-11-14 10:50:00,2025-11,CUST-00972,Identified,Online,Online Store,paid,fulfilled,CAD,434.0,,0.0,0.0,56.42,490.42,0.0,490.42,3,2
#NW15071,2025-11-18 13:53:00,2025-11,CUST-01308,Identified,POS,Northwood Toronto,paid,fulfilled,CAD,406.0,HOLIDAY15,60.9,0.0,44.86,389.96,0.0,389.96,4,3
#NW15072,2025-11-12 10:24:00,2025-11,CUST-01206,Identified,Online,Online Store,paid,fulfilled,CAD,128.0,FALL15,19.2,0.0,14.14,122.94,0.0,122.94,1,1
#NW15073,2025-11-25 18:59:00,2025-11,CUST-02066,Identified,Online,Online Store,paid,fulfilled,CAD,216.0,,0.0,0.0,28.08,244.08,0.0,244.08,2,1
#NW15074,2025-11-13 20:40:00,2025-11,CUST-01838,Identified,Online,Online Store,paid,fulfilled,CAD,290.0,,0.0,0.0,37.7,327.7,0.0,327.7,2,2
#NW15075,2025-11-24 13:45:00,2025-11,CUST-02121,Identified,Online,Online Store,paid,fulfilled,CAD,108.0,,0.0,12.0,15.6,135.6,0.0,135.6,1,1
#NW15076,2025-11-19 21:40:00,2025-11,CUST-01699,Identified,Online,Online Store,paid,fulfilled,CAD,38.0,,0.0,12.0,6.5,56.5,0.0,56.5,1,1
#NW15077,2025-11-29 10:44:00,2025-11,CUST-01693,Identified,Online,Online Store,paid,fulfilled,CAD,144.0,,0.0,0.0,18.72,162.72,0.0,162.72,2,1
#NW15078,2025-11-15 09:53:00,2025-11,CUST-01636,Identified,Online,Online Store,paid,fulfilled,CAD,316.0,,0.0,0.0,41.08,357.08,0.0,357.08,2,1
#NW15079,2025-11-01 09:08:00,2025-11,CUST-01994,Identified,POS,Northwood Toronto,paid,fulfilled,CAD,788.0,,0.0,0.0,102.44,890.44,0.0,890.44,6,4
#NW15080,2025-11-27 14:09:00,2025-11,CUST-00376,Identified,Online,Online Store,paid,fulfilled,CAD,732.0,,0.0,0.0,95.16,827.16,0.0,827.16,4,3
#NW15081,2025-11-17 17:42:00,2025-11,CUST-00502,Identified,POS,Northwood Toronto,paid,fulfilled,CAD,218.0,FALL15,32.7,0.0,24.09,209.39,0.0,209.39,1,1
#NW15082,2025-11-19 21:56:00,2025-11,CUST-01971,Identified,Online,Online Store,paid,fulfilled,CAD,592.0,,0.0,0.0,76.96,668.96,0.0,668.96,4,3
#NW15083,2025-11-21 12:01:00,2025-11,CUST-02162,Identified,POS,Northwood Toronto,paid,fulfilled,CAD,248.0,,0.0,0.0,32.24,280.24,0.0,280.24,1,1
#NW15084,2025-11-19 18:25:00,2025-11,CUST-00986,Identified,Online,Online Store,paid,fulfilled,CAD,186.0,,0.0,0.0,24.18,210.18,0.0,210.18,3,2
#NW15085,2025-11-09 15:50:00,2025-11,CUST-01958,Identified,Online,Online Store,paid,fulfilled,CAD,496.0,,0.0,0.0,64.48,560.48,0.0,560.48,2,1
#NW15086,2025-11-09 18:23:00,2025-11,CUST-00326,Identified,Online,Online Store,paid,fulfilled,CAD,154.0,,0.0,0.0,20.02,174.02,0.0,174.02,2,2
#NW15087,2025-11-26 21:46:00,2025-11,CUST-01290,Identified,Online,Online Store,paid,fulfilled,CAD,250.0,,0.0,0.0,32.5,282.5,0.0,282.5,2,2
#NW15088,2025-11-22 11:44:00,2025-11,CUST-01150,Identified,Online,Online Store,paid,fulfilled,CAD,112.0,,0.0,12.0,16.12,140.12,0.0,140.12,1,1
#NW15089,2025-11-29 18:32:00,2025-11,CUST-00348,Identified,Online,Online Store,paid,fulfilled,CAD,198.0,,0.0,0.0,25.74,223.74,0.0,223.74,1,1
#NW15090,2025-11-21 19:10:00,2025-11,CUST-01978,Identified,Online,Online Store,paid,fulfilled,CAD,56.0,,0.0,12.0,8.84,76.84,0.0,76.84,2,1
#NW15091,2025-11-16 18:49:00,2025-11,CUST-00926,Identified,Online,Online Store,paid,fulfilled,CAD,128.0,,0.0,0.0,16.64,144.64,0.0,144.64,1,1
#NW15092,2025-11-05 18:39:00,2025-11,CUST-00187,Identified,POS,Northwood Toronto,paid,fulfilled,CAD,88.0,,0.0,0.0,11.44,99.44,0.0,99.44,1,1
#NW15093,2025-11-11 19:04:00,2025-11,CUST-01081,Identified,Online,Online Store,paid,fulfilled,CAD,496.0,HOLIDAY15,74.4,0.0,54.81,476.41,0.0,476.41,2,1
#NW15094,2025-11-26 19:13:00,2025-11,CUST-01214,Identified,Online,Online Store,paid,fulfilled,CAD,630.0,,0.0,0.0,81.9,711.9,0.0,711.9,5,4
#NW15095,2025-11-25 19:11:00,2025-11,CUST-00340,Identified,Online,Online Store,paid,fulfilled,CAD,198.0,,0.0,0.0,25.74,223.74,0.0,223.74,1,1
#NW15096,2025-11-15 11:06:00,2025-11,CUST-01446,Identified,Online,Online Store,paid,fulfilled,CAD,262.0,,0.0,0.0,34.06,296.06,0.0,296.06,4,3
#NW15097,2025-11-29 16:34:00,2025-11,CUST-02288,Identified,Online,Online Store,paid,fulfilled,CAD,436.0,,0.0,0.0,56.68,492.68,0.0,492.68,2,2
#NW15098,2025-11-05 20:47:00,2025-11,CUST-01762,Identified,POS,Northwood Toronto,paid,fulfilled,CAD,128.0,,0.0,0.0,16.64,144.64,0.0,144.64,1,1
#NW15099,2025-11-03 13:07:00,2025-11,CUST-01323,Identified,Online,Online Store,paid,fulfilled,CAD,340.0,,0.0,0.0,44.2,384.2,0.0,384.2,5,3
#NW15100,2025-11-30 11:24:00,2025-11,CUST-00993,Identified,Online,Online Store,paid,fulfilled,CAD,354.0,,0.0,0.0,46.02,400.02,0.0,400.02,3,3
#NW15101,2025-11-08 16:38:00,2025-11,CUST-00844,Identified,POS,Northwood Toronto,paid,fulfilled,CAD,414.0,,0.0,0.0,53.82,467.82,0.0,467.82,3,2
#NW15102,2025-11-23 14:43:00,2025-11,CUST-00320,Identified,Online,Online Store,paid,fulfilled,CAD,126.0,,0.0,0.0,16.38,142.38,0.0,142.38,2,2
#NW15103,2025-11-27 19:55:00,2025-11,CUST-00308,Identified,Online,Online Store,paid,fulfilled,CAD,68.0,,0.0,12.0,10.4,90.4,0.0,90.4,1,1
#NW15104,2025-11-30 20:08:00,2025-11,CUST-01247,Identified,Online,Online Store,paid,fulfilled,CAD,108.0,,0.0,12.0,15.6,135.6,0.0,135.6,1,1
#NW15105,2025-11-19 16:26:00,2025-11,CUST-00247,Identified,Online,Online Store,paid,fulfilled,CAD,440.0,,0.0,0.0,57.2,497.2,0.0,497.2,5,3
#NW15106,2025-11-28 15:29:00,2025-11,CUST-00871,Identified,Online,Online Store,paid,fulfilled,CAD,158.0,,0.0,0.0,20.54,178.54,0.0,178.54,1,1
#NW15107,2025-11-02 21:04:00,2025-11,CUST-00054,Identified,POS,Northwood Toronto,partially_refunded,fulfilled,CAD,88.0,,0.0,0.0,11.44,99.44,27.09,72.35,1,1
#NW15108,2025-11-12 17:47:00,2025-11,CUST-00810,Identified,Online,Online Store,paid,fulfilled,CAD,248.0,,0.0,0.0,32.24,280.24,0.0,280.24,1,1
#NW15109,2025-11-22 18:09:00,2025-11,CUST-02097,Identified,Online,Online Store,paid,fulfilled,CAD,248.0,,0.0,0.0,32.24,280.24,0.0,280.24,1,1
#NW15110,2025-11-24 14:05:00,2025-11,,Guest / Unidentified,POS,Northwood Toronto,paid,fulfilled,CAD,112.0,SPRING10,11.2,0.0,13.1,113.9,0.0,113.9,1,1
#NW15111,2025-11-30 10:40:00,2025-11,CUST-02057,Identified,Online,Online Store,paid,fulfilled,CAD,196.0,,0.0,0.0,25.48,221.48,0.0,221.48,2,1
#NW15112,2025-11-26 20:56:00,2025-11,CUST-01578,Identified,Online,Online Store,paid,fulfilled,CAD,448.0,,0.0,0.0,58.24,506.24,0.0,506.24,3,3
#NW15113,2025-11-05 13:11:00,2025-11,CUST-00541,Identified,POS,Northwood Toronto,paid,fulfilled,CAD,694.0,,0.0,0.0,90.22,784.22,0.0,784.22,3,3
#NW15114,2025-11-25 13:46:00,2025-11,CUST-01998,Identified,POS,Northwood Toronto,paid,fulfilled,CAD,316.0,,0.0,0.0,41.08,357.08,0.0,357.08,2,1
#NW15115,2025-11-11 11:58:00,2025-11,CUST-00429,Identified,Online,Online Store,paid,fulfilled,CAD,128.0,,0.0,0.0,16.64,144.64,0.0,144.64,1,1
#NW15116,2025-11-09 11:26:00,2025-11,CUST-01395,Identified,Online,Online Store,paid,fulfilled,CAD,128.0,FALL15,19.2,0.0,14.14,122.94,0.0,122.94,1,1
#NW15117,2025-11-20 13:19:00,2025-11,CUST-00855,Identified,Online,Online Store,paid,fulfilled,CAD,494.0,HOLIDAY15,74.1,0.0,54.59,474.49,0.0,474.49,3,3
#NW15118,2025-11-25 11:36:00,2025-11,CUST-02162,Identified,Online,Online Store,paid,fulfilled,CAD,346.0,,0.0,0.0,44.98,390.98,0.0,390.98,2,2
#NW15119,2025-11-02 12:36:00,2025-11,CUST-01866,Identified,Online,Online Store,paid,fulfilled,CAD,112.0,SPRING10,11.2,12.0,14.66,127.46,0.0,127.46,1,1
#NW15120,2025-11-20 11:01:00,2025-11,CUST-01284,Identified,Online,Online Store,paid,fulfilled,CAD,68.0,SPRING10,6.8,12.0,9.52,82.72,0.0,82.72,1,1
#NW15121,2025-11-24 15:43:00,2025-11,CUST-00037,Identified,Online,Online Store,paid,fulfilled,CAD,418.0,,0.0,0.0,54.34,472.34,0.0,472.34,3,3
#NW15122,2025-11-09 19:09:00,2025-11,CUST-01278,Identified,Online,Online Store,paid,fulfilled,CAD,568.0,,0.0,0.0,73.84,641.84,0.0,641.84,5,4
#NW15123,2025-11-30 14:43:00,2025-11,CUST-01860,Identified,POS,Northwood Toronto,paid,fulfilled,CAD,360.0,,0.0,0.0,46.8,406.8,0.0,406.8,2,2
#NW15124,2025-11-01 20:46:00,2025-11,CUST-01619,Identified,Online,Online Store,paid,fulfilled,CAD,502.0,,0.0,0.0,65.26,567.26,0.0,567.26,4,3
#NW15125,2025-11-25 19:17:00,2025-11,CUST-00631,Identified,Online,Online Store,paid,fulfilled,CAD,158.0,,0.0,0.0,20.54,178.54,0.0,178.54,1,1
#NW15126,2025-11-05 21:27:00,2025-11,CUST-01924,Identified,POS,Northwood Toronto,paid,fulfilled,CAD,346.0,,0.0,0.0,44.98,390.98,0.0,390.98,2,2
#NW15127,2025-11-11 12:52:00,2025-11,CUST-01389,Identified,Online,Online Store,paid,fulfilled,CAD,118.0,,0.0,12.0,16.9,146.9,0.0,146.9,1,1
#NW15128,2025-11-27 21:27:00,2025-11,CUST-00433,Identified,Online,Online Store,paid,fulfilled,CAD,48.0,,0.0,12.0,7.8,67.8,0.0,67.8,1,1
#NW15129,2025-11-21 14:39:00,2025-11,CUST-00533,Identified,Online,Online Store,paid,fulfilled,CAD,64.0,,0.0,12.0,9.88,85.88,0.0,85.88,2,1
#NW15130,2025-11-13 13:42:00,2025-11,CUST-00897,Identified,Online,Online Store,paid,fulfilled,CAD,248.0,,0.0,0.0,32.24,280.24,0.0,280.24,1,1
#NW15131,2025-11-11 11:04:00,2025-11,CUST-00033,Identified,Online,Online Store,paid,fulfilled,CAD,396.0,,0.0,0.0,51.48,447.48,0.0,447.48,2,1
#NW15132,2025-11-01 16:03:00,2025-11,CUST-01580,Identified,POS,Northwood Toronto,paid,fulfilled,CAD,198.0,,0.0,0.0,25.74,223.74,0.0,223.74,1,1
#NW15133,2025-11-30 16:43:00,2025-11,CUST-01854,Identified,POS,Northwood Toronto,paid,fulfilled,CAD,248.0,,0.0,0.0,32.24,280.24,0.0,280.24,3,2
#NW15134,2025-11-11 20:55:00,2025-11,CUST-02104,Identified,POS,Northwood Toronto,paid,fulfilled,CAD,72.0,,0.0,0.0,9.36,81.36,0.0,81.36,1,1
#NW15135,2025-11-20 12:23:00,2025-11,CUST-00832,Identified,Online,Online Store,paid,fulfilled,CAD,132.0,,0.0,0.0,17.16,149.16,0.0,149.16,4,2
#NW15136,2025-11-08 12:02:00,2025-11,CUST-01640,Identified,Online,Online Store,paid,fulfilled,CAD,414.0,,0.0,0.0,53.82,467.82,0.0,467.82,3,2
#NW15137,2025-11-11 11:24:00,2025-11,CUST-00770,Identified,Online,Online Store,paid,fulfilled,CAD,266.0,,0.0,0.0,34.58,300.58,0.0,300.58,2,2
#NW15138,2025-11-29 12:56:00,2025-11,CUST-01241,Identified,Online,Online Store,paid,fulfilled,CAD,226.0,,0.0,0.0,29.38,255.38,0.0,255.38,2,2
#NW15139,2025-11-15 09:22:00,2025-11,CUST-01139,Identified,POS,Northwood Toronto,paid,fulfilled,CAD,112.0,,0.0,0.0,14.56,126.56,0.0,126.56,1,1
#NW15140,2025-11-26 09:25:00,2025-11,CUST-00984,Identified,Online,Online Store,paid,fulfilled,CAD,112.0,WELCOME10,11.2,12.0,14.66,127.46,0.0,127.46,1,1
#NW15141,2025-11-26 16:38:00,2025-11,CUST-00673,Identified,POS,Northwood Toronto,refunded,fulfilled,CAD,38.0,,0.0,0.0,4.94,42.94,42.94,0.0,1,1
#NW15142,2025-11-18 16:47:00,2025-11,CUST-01102,Identified,Online,Online Store,paid,fulfilled,CAD,58.0,,0.0,12.0,9.1,79.1,0.0,79.1,1,1
#NW15143,2025-11-11 19:07:00,2025-11,CUST-01259,Identified,Online,Online Store,paid,fulfilled,CAD,188.0,,0.0,0.0,24.44,212.44,0.0,212.44,3,2
#NW15144,2025-11-10 10:54:00,2025-11,CUST-00419,Identified,POS,Northwood Toronto,paid,fulfilled,CAD,48.0,,0.0,0.0,6.24,54.24,0.0,54.24,1,1
#NW15145,2025-11-13 21:43:00,2025-11,CUST-00604,Identified,POS,Northwood Toronto,paid,fulfilled,CAD,254.0,HOLIDAY15,38.1,0.0,28.07,243.97,0.0,243.97,3,2
#NW15146,2025-11-04 11:07:00,2025-11,CUST-01889,Identified,Online,Online Store,paid,fulfilled,CAD,530.0,SPRING10,53.0,0.0,62.01,539.01,0.0,539.01,5,3
#NW15147,2025-11-19 11:36:00,2025-11,CUST-00054,Identified,Online,Online Store,paid,fulfilled,CAD,402.0,,0.0,0.0,52.26,454.26,0.0,454.26,4,3
#NW15148,2025-11-05 15:27:00,2025-11,CUST-01234,Identified,Online,Online Store,paid,fulfilled,CAD,88.0,,0.0,12.0,13.0,113.0,0.0,113.0,1,1
#NW15149,2025-11-02 17:41:00,2025-11,CUST-02178,Identified,POS,Northwood Toronto,paid,fulfilled,CAD,160.0,,0.0,0.0,20.8,180.8,0.0,180.8,2,2
#NW15150,2025-11-18 14:05:00,2025-11,,Guest / Unidentified,POS,Northwood Toronto,paid,fulfilled,CAD,1066.0,WELCOME10,106.6,0.0,124.72,1084.12,0.0,1084.12,7,4
#NW15151,2025-11-16 18:46:00,2025-11,CUST-00986,Identified,Online,Online Store,voided,unfulfilled,CAD,38.0,FALL15,5.7,12.0,5.76,50.06,0.0,0.0,1,1
#NW15152,2025-11-08 10:59:00,2025-11,CUST-02161,Identified,Online,Online Store,paid,fulfilled,CAD,444.0,,0.0,0.0,57.72,501.72,0.0,501.72,3,3
#NW15153,2025-11-09 14:12:00,2025-11,CUST-01421,Identified,Online,Online Store,paid,fulfilled,CAD,244.0,,0.0,0.0,31.72,275.72,0.0,275.72,3,2
#NW15154,2025-11-02 15:16:00,2025-11,CUST-00767,Identified,POS,Northwood Toronto,paid,fulfilled,CAD,48.0,HOLIDAY15,7.2,0.0,5.3,46.1,0.0,46.1,1,1
#NW15155,2025-11-04 13:17:00,2025-11,CUST-01767,Identified,Online,Online Store,paid,fulfilled,CAD,316.0,WELCOME10,31.6,0.0,36.97,321.37,0.0,321.37,2,1
#NW15156,2025-11-09 12:59:00,2025-11,CUST-02173,Identified,Online,Online Store,paid,fulfilled,CAD,118.0,,0.0,12.0,16.9,146.9,0.0,146.9,1,1
#NW15157,2025-11-26 12:59:00,2025-11,CUST-01951,Identified,Online,Online Store,paid,fulfilled,CAD,108.0,,0.0,12.0,15.6,135.6,0.0,135.6,1,1
#NW15158,2025-11-24 20:56:00,2025-11,CUST-02175,Identified,Online,Online Store,paid,fulfilled,CAD,424.0,,0.0,0.0,55.12,479.12,0.0,479.12,3,2
#NW15159,2025-11-11 10:43:00,2025-11,CUST-01824,Identified,Online,Online Store,paid,fulfilled,CAD,266.0,,0.0,0.0,34.58,300.58,0.0,300.58,2,2
#NW15160,2025-11-23 12:42:00,2025-11,CUST-01442,Identified,Online,Online Store,paid,fulfilled,CAD,436.0,,0.0,0.0,56.68,492.68,0.0,492.68,2,1
#NW15161,2025-11-10 17:08:00,2025-11,CUST-01088,Identified,Online,Online Store,paid,fulfilled,CAD,32.0,FALL15,4.8,12.0,5.1,44.3,0.0,44.3,1,1
#NW15162,2025-11-05 15:13:00,2025-11,CUST-00485,Identified,POS,Northwood Toronto,paid,fulfilled,CAD,196.0,,0.0,0.0,25.48,221.48,0.0,221.48,2,1
#NW15163,2025-11-29 15:27:00,2025-11,CUST-02255,Identified,POS,Northwood Toronto,paid,fulfilled,CAD,56.0,,0.0,0.0,7.28,63.28,0.0,63.28,2,1
#NW15164,2025-11-07 12:22:00,2025-11,CUST-00345,Identified,Online,Online Store,paid,fulfilled,CAD,108.0,,0.0,12.0,15.6,135.6,0.0,135.6,1,1
#NW15165,2025-11-09 13:52:00,2025-11,CUST-01452,Identified,Online,Online Store,paid,fulfilled,CAD,286.0,,0.0,0.0,37.18,323.18,0.0,323.18,2,2
#NW15166,2025-11-10 21:46:00,2025-11,CUST-00919,Identified,Online,Online Store,paid,fulfilled,CAD,114.0,HOLIDAY15,17.1,12.0,14.16,123.06,0.0,123.06,3,2
#NW15167,2025-11-22 13:21:00,2025-11,CUST-00869,Identified,Online,Online Store,paid,fulfilled,CAD,98.0,,0.0,12.0,14.3,124.3,0.0,124.3,1,1
#NW15168,2025-11-28 09:16:00,2025-11,CUST-00617,Identified,Online,Online Store,paid,fulfilled,CAD,38.0,,0.0,12.0,6.5,56.5,0.0,56.5,1,1
#NW15169,2025-11-29 14:44:00,2025-11,CUST-01626,Identified,Online,Online Store,refunded,fulfilled,CAD,550.0,,0.0,0.0,71.5,621.5,621.52,-0.01999999999998181,5,4
#NW15170,2025-11-08 18:12:00,2025-11,CUST-02057,Identified,Online,Online Store,voided,unfulfilled,CAD,158.0,,0.0,0.0,20.54,178.54,0.0,0.0,1,1
#NW15171,2025-11-29 11:18:00,2025-11,CUST-01765,Identified,Online,Online Store,paid,fulfilled,CAD,158.0,,0.0,0.0,20.54,178.54,0.0,178.54,1,1
#NW15172,2025-11-13 11:04:00,2025-11,CUST-02081,Identified,POS,Northwood Toronto,paid,fulfilled,CAD,116.0,,0.0,0.0,15.08,131.08,0.0,131.08,2,2
#NW15173,2025-11-19 17:51:00,2025-11,CUST-01367,Identified,POS,Northwood Toronto,paid,fulfilled,CAD,96.0,,0.0,0.0,12.48,108.48,0.0,108.48,2,1
#NW15174,2025-11-02 21:53:00,2025-11,CUST-00218,Identified,Online,Online Store,paid,fulfilled,CAD,206.0,,0.0,0.0,26.78,232.78,0.0,232.78,2,2
#NW15175,2025-11-13 13:10:00,2025-11,CUST-01808,Identified,Online,Online Store,paid,fulfilled,CAD,316.0,FALL15,47.4,0.0,34.92,303.52,0.0,303.52,2,1
#NW15176,2025-11-11 15:56:00,2025-11,CUST-01117,Identified,POS,Northwood Toronto,paid,fulfilled,CAD,294.0,,0.0,0.0,38.22,332.22,0.0,332.22,3,2
#NW15177,2025-11-19 12:45:00,2025-11,CUST-02244,Identified,Online,Online Store,paid,fulfilled,CAD,662.0,HOLIDAY15,99.3,0.0,73.15,635.85,0.0,635.85,4,3
#NW15178,2025-11-24 18:56:00,2025-11,CUST-01541,Identified,POS,Northwood Toronto,refunded,fulfilled,CAD,624.0,HOLIDAY15,93.6,0.0,68.95,599.35,599.36,-0.009999999999990905,5,4
#NW15179,2025-11-06 11:11:00,2025-11,CUST-00202,Identified,Online,Online Store,paid,fulfilled,CAD,88.0,,0.0,12.0,13.0,113.0,0.0,113.0,1,1
#NW15180,2025-11-10 10:50:00,2025-11,CUST-01805,Identified,POS,Northwood Toronto,voided,unfulfilled,CAD,218.0,,0.0,0.0,28.34,246.34,0.0,0.0,1,1
#NW15181,2025-11-12 21:51:00,2025-11,CUST-01567,Identified,Online,Online Store,paid,fulfilled,CAD,666.0,HOLIDAY15,99.9,0.0,73.59,639.69,0.0,639.69,4,4
#NW15182,2025-11-06 09:48:00,2025-11,CUST-01731,Identified,Online,Online Store,paid,fulfilled,CAD,248.0,,0.0,0.0,32.24,280.24,0.0,280.24,1,1
#NW15183,2025-11-08 10:59:00,2025-11,CUST-00795,Identified,Online,Online Store,paid,fulfilled,CAD,108.0,,0.0,12.0,15.6,135.6,0.0,135.6,1,1
#NW15184,2025-11-03 17:38:00,2025-11,CUST-01205,Identified,Online,Online Store,paid,fulfilled,CAD,266.0,,0.0,0.0,34.58,300.58,0.0,300.58,2,2
#NW15185,2025-11-20 21:51:00,2025-11,CUST-00088,Identified,Online,Online Store,paid,fulfilled,CAD,376.0,,0.0,0.0,48.88,424.88,0.0,424.88,2,2
#NW15186,2025-11-05 18:52:00,2025-11,CUST-01650,Identified,POS,Northwood Toronto,paid,fulfilled,CAD,130.0,,0.0,0.0,16.9,146.9,0.0,146.9,2,2
#NW15187,2025-11-22 12:42:00,2025-11,CUST-02183,Identified,Online,Online Store,paid,fulfilled,CAD,652.0,,0.0,0.0,84.76,736.76,0.0,736.76,4,2
#NW15188,2025-11-29 13:32:00,2025-11,CUST-01131,Identified,Online,Online Store,paid,fulfilled,CAD,218.0,,0.0,0.0,28.34,246.34,0.0,246.34,1,1
#NW15189,2025-11-13 12:36:00,2025-11,CUST-02170,Identified,Online,Online Store,paid,fulfilled,CAD,156.0,,0.0,0.0,20.28,176.28,0.0,176.28,2,2
#NW15190,2025-11-24 14:59:00,2025-11,CUST-02022,Identified,Online,Online Store,paid,fulfilled,CAD,756.0,,0.0,0.0,98.28,854.28,0.0,854.28,7,4
#NW15191,2025-11-19 21:32:00,2025-11,CUST-02125,Identified,Online,Online Store,paid,fulfilled,CAD,694.0,,0.0,0.0,90.22,784.22,0.0,784.22,3,2
#NW15192,2025-11-06 19:32:00,2025-11,CUST-01792,Identified,Online,Online Store,paid,fulfilled,CAD,390.0,,0.0,0.0,50.7,440.7,0.0,440.7,4,4
#NW15193,2025-11-05 11:40:00,2025-11,CUST-00966,Identified,Online,Online Store,paid,fulfilled,CAD,128.0,,0.0,0.0,16.64,144.64,0.0,144.64,1,1
#NW15194,2025-11-05 15:21:00,2025-11,CUST-00205,Identified,Online,Online Store,paid,fulfilled,CAD,434.0,FALL15,65.1,0.0,47.96,416.86,0.0,416.86,3,2
#NW15195,2025-11-17 19:51:00,2025-11,CUST-01020,Identified,Online,Online Store,paid,fulfilled,CAD,352.0,,0.0,0.0,45.76,397.76,0.0,397.76,4,3
#NW15196,2025-11-29 13:21:00,2025-11,CUST-01483,Identified,Online,Online Store,paid,fulfilled,CAD,128.0,,0.0,0.0,16.64,144.64,0.0,144.64,1,1
#NW15197,2025-11-13 12:32:00,2025-11,CUST-00900,Identified,Online,Online Store,paid,fulfilled,CAD,76.0,,0.0,12.0,11.44,99.44,0.0,99.44,2,1
#NW15198,2025-11-09 16:54:00,2025-11,CUST-00472,Identified,Online,Online Store,paid,fulfilled,CAD,216.0,,0.0,0.0,28.08,244.08,0.0,244.08,2,1
#NW15199,2025-11-10 20:30:00,2025-11,CUST-00218,Identified,Online,Online Store,partially_refunded,fulfilled,CAD,38.0,,0.0,12.0,6.5,56.5,21.4,35.1,1,1
#NW15200,2025-11-07 13:09:00,2025-11,CUST-00147,Identified,Online,Online Store,paid,fulfilled,CAD,116.0,,0.0,12.0,16.64,144.64,0.0,144.64,2,1
#NW15201,2025-11-12 09:03:00,2025-11,CUST-01091,Identified,Online,Online Store,paid,fulfilled,CAD,108.0,,0.0,12.0,15.6,135.6,0.0,135.6,1,1
#NW15202,2025-11-18 09:42:00,2025-11,CUST-00978,Identified,Online,Online Store,paid,fulfilled,CAD,306.0,,0.0,0.0,39.78,345.78,0.0,345.78,2,2
#NW15203,2025-11-28 18:26:00,2025-11,CUST-00270,Identified,Online,Online Store,paid,fulfilled,CAD,248.0,,0.0,0.0,32.24,280.24,0.0,280.24,1,1
#NW15204,2025-11-27 20:39:00,2025-11,CUST-00407,Identified,Online,Online Store,paid,fulfilled,CAD,334.0,,0.0,0.0,43.42,377.42,0.0,377.42,3,2
#NW15205,2025-11-12 20:25:00,2025-11,CUST-00414,Identified,Online,Online Store,paid,fulfilled,CAD,176.0,,0.0,0.0,22.88,198.88,0.0,198.88,2,2
#NW15206,2025-11-03 15:04:00,2025-11,CUST-01502,Identified,Online,Online Store,paid,fulfilled,CAD,496.0,,0.0,0.0,64.48,560.48,0.0,560.48,2,1
#NW15207,2025-11-16 18:26:00,2025-11,CUST-00928,Identified,Online,Online Store,paid,fulfilled,CAD,218.0,,0.0,0.0,28.34,246.34,0.0,246.34,1,1
#NW15208,2025-11-17 18:25:00,2025-11,CUST-00202,Identified,Online,Online Store,paid,fulfilled,CAD,248.0,SPRING10,24.8,0.0,29.02,252.22,0.0,252.22,1,1
#NW15209,2025-11-01 18:57:00,2025-11,CUST-01658,Identified,Online,Online Store,paid,fulfilled,CAD,346.0,,0.0,0.0,44.98,390.98,0.0,390.98,2,2
#NW15210,2025-11-20 09:22:00,2025-11,CUST-01606,Identified,POS,Northwood Toronto,refunded,fulfilled,CAD,316.0,,0.0,0.0,41.08,357.08,357.08,0.0,2,1
#NW15211,2025-11-07 13:37:00,2025-11,CUST-01050,Identified,POS,Northwood Toronto,refunded,fulfilled,CAD,88.0,,0.0,0.0,11.44,99.44,99.44,0.0,1,1
#NW15212,2025-11-09 16:33:00,2025-11,CUST-00415,Identified,Online,Online Store,paid,fulfilled,CAD,72.0,,0.0,12.0,10.92,94.92,0.0,94.92,1,1
#NW15213,2025-11-05 18:47:00,2025-11,CUST-00901,Identified,Online,Online Store,paid,fulfilled,CAD,158.0,,0.0,0.0,20.54,178.54,0.0,178.54,1,1
#NW15214,2025-11-05 17:46:00,2025-11,CUST-01099,Identified,Online,Online Store,paid,fulfilled,CAD,422.0,,0.0,0.0,54.86,476.86,0.0,476.86,4,3
#NW15215,2025-11-05 10:47:00,2025-11,CUST-01410,Identified,Online,Online Store,paid,fulfilled,CAD,218.0,WELCOME10,21.8,0.0,25.51,221.71,0.0,221.71,3,2
#NW15216,2025-11-28 11:23:00,2025-11,CUST-00843,Identified,Online,Online Store,paid,fulfilled,CAD,128.0,,0.0,0.0,16.64,144.64,0.0,144.64,1,1
#NW15217,2025-11-17 20:40:00,2025-11,CUST-00701,Identified,Online,Online Store,paid,fulfilled,CAD,76.0,WELCOME10,7.6,12.0,10.45,90.85,0.0,90.85,2,1
#NW15218,2025-11-06 19:57:00,2025-11,CUST-00834,Identified,Online,Online Store,paid,fulfilled,CAD,512.0,,0.0,0.0,66.56,578.56,0.0,578.56,4,3
#NW15219,2025-11-30 17:27:00,2025-11,CUST-01424,Identified,Online,Online Store,paid,fulfilled,CAD,436.0,,0.0,0.0,56.68,492.68,0.0,492.68,2,1
#NW15220,2025-11-27 12:58:00,2025-11,CUST-01180,Identified,POS,Northwood Toronto,paid,fulfilled,CAD,248.0,,0.0,0.0,32.24,280.24,0.0,280.24,1,1
#NW15221,2025-11-09 11:51:00,2025-11,CUST-01180,Identified,Online,Online Store,paid,fulfilled,CAD,286.0,,0.0,0.0,37.18,323.18,0.0,323.18,2,2
#NW15222,2025-11-20 16:27:00,2025-11,CUST-00550,Identified,Online,Online Store,paid,fulfilled,CAD,198.0,,0.0,0.0,25.74,223.74,0.0,223.74,1,1
#NW15223,2025-11-08 13:22:00,2025-11,CUST-00013,Identified,Online,Online Store,paid,fulfilled,CAD,32.0,,0.0,12.0,5.72,49.72,0.0,49.72,1,1
#NW15224,2025-11-28 11:29:00,2025-11,CUST-00689,Identified,POS,Northwood Toronto,paid,fulfilled,CAD,146.0,HOLIDAY15,21.9,0.0,16.13,140.23,0.0,140.23,2,2
#NW15225,2025-11-10 11:44:00,2025-11,CUST-00759,Identified,Online,Online Store,paid,fulfilled,CAD,66.0,,0.0,12.0,10.14,88.14,0.0,88.14,2,2
#NW15226,2025-11-05 20:34:00,2025-11,CUST-02062,Identified,Online,Online Store,paid,fulfilled,CAD,290.0,,0.0,0.0,37.7,327.7,0.0,327.7,2,2
#NW15227,2025-11-04 20:20:00,2025-11,CUST-01953,Identified,Online,Online Store,paid,fulfilled,CAD,218.0,FALL15,32.7,0.0,24.09,209.39,0.0,209.39,1,1
#NW15228,2025-11-02 18:59:00,2025-11,CUST-01251,Identified,Online,Online Store,paid,fulfilled,CAD,402.0,,0.0,0.0,52.26,454.26,0.0,454.26,4,3
#NW15229,2025-11-03 20:12:00,2025-11,CUST-00978,Identified,Online,Online Store,paid,fulfilled,CAD,248.0,,0.0,0.0,32.24,280.24,0.0,280.24,1,1
#NW15230,2025-11-14 19:57:00,2025-11,,Guest / Unidentified,POS,Northwood Toronto,paid,fulfilled,CAD,702.0,,0.0,0.0,91.26,793.26,0.0,793.26,4,4
#NW15231,2025-11-02 19:31:00,2025-11,CUST-01548,Identified,Online,Online Store,paid,fulfilled,CAD,218.0,,0.0,0.0,28.34,246.34,0.0,246.34,1,1
#NW15232,2025-11-25 13:30:00,2025-11,CUST-02002,Identified,Online,Online Store,paid,fulfilled,CAD,594.0,,0.0,0.0,77.22,671.22,0.0,671.22,3,2
#NW15233,2025-11-01 21:09:00,2025-11,CUST-00285,Identified,POS,Northwood Toronto,paid,fulfilled,CAD,28.0,,0.0,0.0,3.64,31.64,0.0,31.64,1,1
#NW15234,2025-11-12 17:22:00,2025-11,CUST-00683,Identified,Online,Online Store,paid,fulfilled,CAD,216.0,,0.0,0.0,28.08,244.08,0.0,244.08,2,2
#NW15235,2025-11-22 18:18:00,2025-11,CUST-00768,Identified,Online,Online Store,paid,fulfilled,CAD,88.0,,0.0,12.0,13.0,113.0,0.0,113.0,1,1
#NW15236,2025-11-09 18:29:00,2025-11,CUST-01423,Identified,Online,Online Store,paid,fulfilled,CAD,166.0,,0.0,0.0,21.58,187.58,0.0,187.58,2,2
#NW15237,2025-11-14 21:22:00,2025-11,,Guest / Unidentified,POS,Northwood Toronto,paid,fulfilled,CAD,72.0,,0.0,0.0,9.36,81.36,0.0,81.36,1,1
#NW15238,2025-11-27 16:45:00,2025-11,CUST-02138,Identified,Online,Online Store,partially_refunded,fulfilled,CAD,158.0,,0.0,0.0,20.54,178.54,62.45,116.08999999999999,1,1
#NW15239,2025-11-01 18:26:00,2025-11,CUST-00053,Identified,Online,Online Store,paid,fulfilled,CAD,128.0,,0.0,0.0,16.64,144.64,0.0,144.64,1,1
#NW15240,2025-11-14 15:23:00,2025-11,CUST-00912,Identified,POS,Northwood Toronto,paid,fulfilled,CAD,146.0,,0.0,0.0,18.98,164.98,0.0,164.98,2,2
#NW15241,2025-11-16 15:18:00,2025-11,CUST-01944,Identified,POS,Northwood Toronto,refunded,fulfilled,CAD,166.0,,0.0,0.0,21.58,187.58,187.58,0.0,2,2
#NW15242,2025-11-28 19:47:00,2025-11,CUST-01753,Identified,Online,Online Store,paid,fulfilled,CAD,208.0,,0.0,0.0,27.04,235.04,0.0,235.04,3,3
#NW15243,2025-11-26 10:29:00,2025-11,CUST-01369,Identified,Online,Online Store,paid,fulfilled,CAD,68.0,,0.0,12.0,10.4,90.4,0.0,90.4,1,1
#NW15244,2025-11-03 12:47:00,2025-11,CUST-00975,Identified,POS,Northwood Toronto,voided,unfulfilled,CAD,146.0,,0.0,0.0,18.98,164.98,0.0,0.0,2,2
#NW15245,2025-11-12 20:50:00,2025-11,CUST-01852,Identified,POS,Northwood Toronto,paid,fulfilled,CAD,378.0,,0.0,0.0,49.14,427.14,0.0,427.14,3,3
#NW15246,2025-11-16 20:01:00,2025-11,CUST-01081,Identified,Online,Online Store,paid,fulfilled,CAD,206.0,WELCOME10,20.6,0.0,24.1,209.5,0.0,209.5,2,2
#NW15247,2025-11-29 21:50:00,2025-11,CUST-02081,Identified,POS,Northwood Toronto,paid,fulfilled,CAD,544.0,,0.0,0.0,70.72,614.72,0.0,614.72,3,3
#NW15248,2025-11-17 10:13:00,2025-11,CUST-00316,Identified,POS,Northwood Toronto,paid,fulfilled,CAD,158.0,,0.0,0.0,20.54,178.54,0.0,178.54,1,1
#NW15249,2025-11-27 09:09:00,2025-11,CUST-01960,Identified,Online,Online Store,paid,fulfilled,CAD,158.0,,0.0,0.0,20.54,178.54,0.0,178.54,1,1
#NW15250,2025-11-21 18:16:00,2025-11,CUST-00040,Identified,Online,Online Store,paid,fulfilled,CAD,198.0,,0.0,0.0,25.74,223.74,0.0,223.74,1,1
#NW15251,2025-11-24 19:48:00,2025-11,CUST-00803,Identified,Online,Online Store,paid,fulfilled,CAD,218.0,HOLIDAY15,32.7,0.0,24.09,209.39,0.0,209.39,1,1
#NW15252,2025-11-21 21:04:00,2025-11,CUST-01443,Identified,POS,Northwood Toronto,paid,fulfilled,CAD,88.0,HOLIDAY15,13.2,0.0,9.72,84.52,0.0,84.52,1,1
#NW15253,2025-11-24 19:03:00,2025-11,CUST-01941,Identified,Online,Online Store,paid,fulfilled,CAD,316.0,,0.0,0.0,41.08,357.08,0.0,357.08,2,2
#NW15254,2025-11-24 12:55:00,2025-11,CUST-01193,Identified,POS,Northwood Toronto,paid,fulfilled,CAD,28.0,,0.0,0.0,3.64,31.64,0.0,31.64,1,1
#NW15255,2025-11-02 20:14:00,2025-11,CUST-01921,Identified,Online,Online Store,refunded,fulfilled,CAD,108.0,HOLIDAY15,16.2,12.0,13.49,117.29,117.29,0.0,1,1
#NW15256,2025-11-25 12:35:00,2025-11,CUST-02120,Identified,Online,Online Store,paid,fulfilled,CAD,436.0,,0.0,0.0,56.68,492.68,0.0,492.68,2,1
#NW15257,2025-11-14 12:44:00,2025-11,CUST-00698,Identified,Online,Online Store,paid,fulfilled,CAD,118.0,FALL15,17.7,12.0,14.6,126.9,0.0,126.9,1,1
#NW15258,2025-11-16 10:34:00,2025-11,CUST-00668,Identified,Online,Online Store,paid,fulfilled,CAD,218.0,,0.0,0.0,28.34,246.34,0.0,246.34,1,1
#NW15259,2025-11-16 10:33:00,2025-11,CUST-01936,Identified,Online,Online Store,paid,fulfilled,CAD,88.0,,0.0,12.0,13.0,113.0,0.0,113.0,1,1
#NW15260,2025-11-28 11:43:00,2025-11,CUST-00787,Identified,Online,Online Store,paid,fulfilled,CAD,290.0,,0.0,0.0,37.7,327.7,0.0,327.7,2,2
#NW15261,2025-11-09 18:26:00,2025-11,CUST-00186,Identified,POS,Northwood Toronto,paid,fulfilled,CAD,178.0,,0.0,0.0,23.14,201.14,0.0,201.14,3,3
#NW15262,2025-11-16 15:22:00,2025-11,CUST-00072,Identified,Online,Online Store,paid,fulfilled,CAD,306.0,SPRING10,30.6,0.0,35.8,311.2,0.0,311.2,2,2
#NW15263,2025-11-18 21:24:00,2025-11,CUST-02324,Identified,Online,Online Store,paid,fulfilled,CAD,72.0,,0.0,12.0,10.92,94.92,0.0,94.92,1,1
#NW15264,2025-11-18 14:13:00,2025-11,CUST-01191,Identified,Online,Online Store,paid,fulfilled,CAD,72.0,,0.0,12.0,10.92,94.92,0.0,94.92,1,1
#NW15265,2025-11-07 16:11:00,2025-11,CUST-00936,Identified,Online,Online Store,paid,fulfilled,CAD,108.0,,0.0,12.0,15.6,135.6,0.0,135.6,1,1
#NW15266,2025-11-24 17:41:00,2025-11,,Guest / Unidentified,POS,Northwood Toronto,paid,fulfilled,CAD,496.0,,0.0,0.0,64.48,560.48,0.0,560.48,2,1
#NW15267,2025-11-20 11:28:00,2025-11,CUST-01732,Identified,Online,Online Store,paid,fulfilled,CAD,48.0,,0.0,12.0,7.8,67.8,0.0,67.8,1,1
#NW15268,2025-11-04 18:43:00,2025-11,CUST-00686,Identified,Online,Online Store,paid,fulfilled,CAD,116.0,,0.0,12.0,16.64,144.64,0.0,144.64,2,2
#NW15269,2025-11-09 14:48:00,2025-11,CUST-00601,Identified,Online,Online Store,paid,fulfilled,CAD,326.0,SPRING10,32.6,0.0,38.14,331.54,0.0,331.54,2,2
#NW15270,2025-11-09 09:06:00,2025-11,CUST-00385,Identified,Online,Online Store,paid,fulfilled,CAD,256.0,,0.0,0.0,33.28,289.28,0.0,289.28,2,1
#NW15271,2025-11-28 10:36:00,2025-11,CUST-00410,Identified,POS,Northwood Toronto,paid,fulfilled,CAD,274.0,,0.0,0.0,35.62,309.62,0.0,309.62,3,2
#NW15272,2025-11-03 15:14:00,2025-11,CUST-01248,Identified,Online,Online Store,paid,fulfilled,CAD,88.0,,0.0,12.0,13.0,113.0,0.0,113.0,1,1
#NW15273,2025-11-29 13:08:00,2025-11,CUST-01485,Identified,Online,Online Store,paid,fulfilled,CAD,218.0,,0.0,0.0,28.34,246.34,0.0,246.34,1,1
#NW15274,2025-11-01 09:21:00,2025-11,CUST-02253,Identified,Online,Online Store,paid,fulfilled,CAD,314.0,,0.0,0.0,40.82,354.82,0.0,354.82,3,2
#NW15275,2025-11-16 11:04:00,2025-11,CUST-01375,Identified,Online,Online Store,paid,fulfilled,CAD,172.0,,0.0,0.0,22.36,194.36,0.0,194.36,3,2
#NW15276,2025-11-02 21:26:00,2025-11,CUST-00625,Identified,POS,Northwood Toronto,paid,fulfilled,CAD,76.0,,0.0,0.0,9.88,85.88,0.0,85.88,2,1
#NW15277,2025-11-20 13:42:00,2025-11,CUST-02010,Identified,Online,Online Store,refunded,fulfilled,CAD,216.0,,0.0,0.0,28.08,244.08,244.08,0.0,2,2
#NW15278,2025-11-19 10:59:00,2025-11,CUST-01437,Identified,Online,Online Store,paid,fulfilled,CAD,128.0,,0.0,0.0,16.64,144.64,0.0,144.64,1,1
#NW15279,2025-11-18 13:21:00,2025-11,CUST-02236,Identified,Online,Online Store,paid,fulfilled,CAD,340.0,,0.0,0.0,44.2,384.2,0.0,384.2,4,2
#NW15280,2025-11-30 21:08:00,2025-11,CUST-02154,Identified,Online,Online Store,paid,fulfilled,CAD,88.0,,0.0,12.0,13.0,113.0,0.0,113.0,1,1
#NW15281,2025-11-19 14:48:00,2025-11,CUST-01301,Identified,Online,Online Store,voided,unfulfilled,CAD,38.0,,0.0,12.0,6.5,56.5,0.0,0.0,1,1
#NW15282,2025-11-24 18:30:00,2025-11,CUST-01993,Identified,Online,Online Store,paid,fulfilled,CAD,574.0,,0.0,0.0,74.62,648.62,0.0,648.62,3,3
#NW15283,2025-11-16 11:04:00,2025-11,CUST-01039,Identified,Online,Online Store,paid,fulfilled,CAD,88.0,,0.0,12.0,13.0,113.0,0.0,113.0,1,1
#NW15284,2025-11-03 11:40:00,2025-11,CUST-01493,Identified,Online,Online Store,paid,fulfilled,CAD,128.0,HOLIDAY15,19.2,0.0,14.14,122.94,0.0,122.94,1,1
#NW15285,2025-11-06 13:12:00,2025-11,CUST-01880,Identified,Online,Online Store,paid,fulfilled,CAD,196.0,,0.0,0.0,25.48,221.48,0.0,221.48,2,2
#NW15286,2025-11-03 14:55:00,2025-11,CUST-00056,Identified,POS,Northwood Toronto,paid,fulfilled,CAD,118.0,,0.0,0.0,15.34,133.34,0.0,133.34,1,1
#NW15287,2025-11-06 11:36:00,2025-11,CUST-01489,Identified,Online,Online Store,voided,unfulfilled,CAD,48.0,,0.0,12.0,7.8,67.8,0.0,0.0,1,1
#NW15288,2025-11-23 17:21:00,2025-11,CUST-00438,Identified,Online,Online Store,paid,fulfilled,CAD,694.0,SPRING10,69.4,0.0,81.2,705.8,0.0,705.8,3,2
#NW15289,2025-11-24 11:42:00,2025-11,CUST-01234,Identified,Online,Online Store,paid,fulfilled,CAD,234.0,,0.0,0.0,30.42,264.42,0.0,264.42,3,3
#NW15290,2025-11-15 10:27:00,2025-11,CUST-01367,Identified,Online,Online Store,paid,fulfilled,CAD,32.0,,0.0,12.0,5.72,49.72,0.0,49.72,1,1
#NW15291,2025-11-14 20:52:00,2025-11,CUST-02122,Identified,Online,Online Store,paid,fulfilled,CAD,246.0,,0.0,0.0,31.98,277.98,0.0,277.98,2,2
#NW15292,2025-11-24 21:35:00,2025-11,CUST-01984,Identified,Online,Online Store,paid,fulfilled,CAD,768.0,FALL15,115.2,0.0,84.86,737.66,0.0,737.66,6,3
#NW15293,2025-11-25 11:14:00,2025-11,CUST-00462,Identified,Online,Online Store,paid,fulfilled,CAD,442.0,FALL15,66.3,0.0,48.84,424.54,0.0,424.54,4,3
#NW15294,2025-11-20 12:04:00,2025-11,CUST-00043,Identified,Online,Online Store,paid,fulfilled,CAD,404.0,,0.0,0.0,52.52,456.52,0.0,456.52,3,2
#NW15295,2025-11-02 16:13:00,2025-11,CUST-02128,Identified,POS,Northwood Toronto,paid,fulfilled,CAD,256.0,,0.0,0.0,33.28,289.28,0.0,289.28,2,1
#NW15296,2025-11-12 16:43:00,2025-11,CUST-00085,Identified,POS,Northwood Toronto,paid,fulfilled,CAD,158.0,HOLIDAY15,23.7,0.0,17.46,151.76,0.0,151.76,1,1
#NW15297,2025-11-18 11:17:00,2025-11,CUST-00606,Identified,Online,Online Store,refunded,fulfilled,CAD,524.0,FALL15,78.6,0.0,57.9,503.3,503.3,0.0,3,2
#NW15298,2025-11-20 12:15:00,2025-11,CUST-01681,Identified,Online,Online Store,paid,fulfilled,CAD,112.0,,0.0,12.0,16.12,140.12,0.0,140.12,1,1
#NW15299,2025-11-12 12:30:00,2025-11,CUST-00903,Identified,Online,Online Store,paid,fulfilled,CAD,56.0,,0.0,12.0,8.84,76.84,0.0,76.84,2,1
#NW15300,2025-11-19 11:27:00,2025-11,CUST-00545,Identified,Online,Online Store,paid,fulfilled,CAD,138.0,,0.0,0.0,17.94,155.94,0.0,155.94,3,3
#NW15301,2025-11-25 09:03:00,2025-11,CUST-00581,Identified,POS,Northwood Toronto,paid,fulfilled,CAD,96.0,,0.0,0.0,12.48,108.48,0.0,108.48,2,2
#NW15302,2025-11-24 11:29:00,2025-11,CUST-01464,Identified,Online,Online Store,paid,fulfilled,CAD,266.0,,0.0,0.0,34.58,300.58,0.0,300.58,2,2
#NW15303,2025-11-01 12:59:00,2025-11,CUST-02040,Identified,Online,Online Store,refunded,fulfilled,CAD,28.0,,0.0,12.0,5.2,45.2,45.2,0.0,1,1
#NW15304,2025-11-22 21:53:00,2025-11,CUST-01565,Identified,Online,Online Store,paid,fulfilled,CAD,490.0,,0.0,0.0,63.7,553.7,0.0,553.7,5,3
#NW15305,2025-11-25 11:40:00,2025-11,CUST-01001,Identified,POS,Northwood Toronto,paid,fulfilled,CAD,284.0,,0.0,0.0,36.92,320.92,0.0,320.92,5,4
#NW15306,2025-11-18 16:59:00,2025-11,CUST-01765,Identified,Online,Online Store,paid,fulfilled,CAD,236.0,,0.0,0.0,30.68,266.68,0.0,266.68,2,1
#NW15307,2025-11-17 15:07:00,2025-11,CUST-01473,Identified,Online,Online Store,paid,fulfilled,CAD,108.0,,0.0,12.0,15.6,135.6,0.0,135.6,1,1
#NW15308,2025-11-14 11:41:00,2025-11,CUST-02238,Identified,Online,Online Store,paid,fulfilled,CAD,1120.0,WELCOME10,112.0,0.0,131.04,1139.04,0.0,1139.04,5,3
#NW15309,2025-11-02 15:03:00,2025-11,CUST-01596,Identified,Online,Online Store,paid,fulfilled,CAD,88.0,,0.0,12.0,13.0,113.0,0.0,113.0,1,1
#NW15310,2025-11-12 17:00:00,2025-11,CUST-00366,Identified,Online,Online Store,paid,fulfilled,CAD,166.0,,0.0,0.0,21.58,187.58,0.0,187.58,2,2
#NW15311,2025-11-14 09:18:00,2025-11,CUST-00794,Identified,Online,Online Store,paid,fulfilled,CAD,218.0,,0.0,0.0,28.34,246.34,0.0,246.34,1,1
#NW15312,2025-11-24 09:42:00,2025-11,CUST-01155,Identified,Online,Online Store,paid,fulfilled,CAD,112.0,,0.0,12.0,16.12,140.12,0.0,140.12,4,2
#NW15313,2025-11-05 16:21:00,2025-11,CUST-00443,Identified,POS,Northwood Toronto,paid,fulfilled,CAD,506.0,,0.0,0.0,65.78,571.78,0.0,571.78,4,3
#NW15314,2025-11-08 21:06:00,2025-11,CUST-01122,Identified,Online,Online Store,paid,fulfilled,CAD,316.0,,0.0,0.0,41.08,357.08,0.0,357.08,2,2
#NW15315,2025-11-09 09:27:00,2025-11,CUST-02232,Identified,POS,Northwood Toronto,paid,fulfilled,CAD,88.0,,0.0,0.0,11.44,99.44,0.0,99.44,1,1
#NW15316,2025-11-23 19:42:00,2025-11,CUST-01841,Identified,POS,Northwood Toronto,paid,fulfilled,CAD,496.0,,0.0,0.0,64.48,560.48,0.0,560.48,2,1
#NW15317,2025-11-29 21:36:00,2025-11,CUST-02159,Identified,Online,Online Store,paid,fulfilled,CAD,606.0,,0.0,0.0,78.78,684.78,0.0,684.78,4,3
#NW15318,2025-11-07 21:28:00,2025-11,CUST-02158,Identified,POS,Northwood Toronto,paid,fulfilled,CAD,72.0,HOLIDAY15,10.8,0.0,7.96,69.16,0.0,69.16,1,1
#NW15319,2025-11-25 12:25:00,2025-11,CUST-00319,Identified,Online,Online Store,paid,fulfilled,CAD,218.0,,0.0,0.0,28.34,246.34,0.0,246.34,1,1
#NW15320,2025-11-02 14:19:00,2025-11,CUST-01675,Identified,POS,Northwood Toronto,paid,fulfilled,CAD,382.0,SPRING10,38.2,0.0,44.69,388.49,0.0,388.49,4,3
#NW15321,2025-11-19 18:37:00,2025-11,CUST-00344,Identified,Online,Online Store,paid,fulfilled,CAD,158.0,,0.0,0.0,20.54,178.54,0.0,178.54,1,1
#NW15322,2025-11-17 20:30:00,2025-11,CUST-01357,Identified,Online,Online Store,paid,fulfilled,CAD,128.0,,0.0,0.0,16.64,144.64,0.0,144.64,1,1
#NW15323,2025-11-22 10:41:00,2025-11,CUST-01602,Identified,Online,Online Store,paid,fulfilled,CAD,76.0,,0.0,12.0,11.44,99.44,0.0,99.44,2,1
#NW15324,2025-11-24 12:26:00,2025-11,CUST-01710,Identified,Online,Online Store,paid,fulfilled,CAD,28.0,,0.0,12.0,5.2,45.2,0.0,45.2,1,1
#NW15325,2025-11-13 11:58:00,2025-11,CUST-01132,Identified,Online,Online Store,paid,fulfilled,CAD,198.0,,0.0,0.0,25.74,223.74,0.0,223.74,1,1
#NW15326,2025-11-04 15:24:00,2025-11,CUST-01267,Identified,Online,Online Store,paid,fulfilled,CAD,158.0,,0.0,0.0,20.54,178.54,0.0,178.54,1,1
#NW15327,2025-11-21 11:40:00,2025-11,CUST-00781,Identified,Online,Online Store,paid,fulfilled,CAD,542.0,,0.0,0.0,70.46,612.46,0.0,612.46,4,3
#NW15328,2025-11-18 09:20:00,2025-11,CUST-01032,Identified,Online,Online Store,paid,fulfilled,CAD,118.0,,0.0,12.0,16.9,146.9,0.0,146.9,1,1
#NW15329,2025-11-24 12:13:00,2025-11,CUST-02131,Identified,Online,Online Store,paid,fulfilled,CAD,534.0,,0.0,0.0,69.42,603.42,0.0,603.42,3,2
#NW15330,2025-11-02 16:55:00,2025-11,CUST-00524,Identified,Online,Online Store,paid,fulfilled,CAD,118.0,,0.0,12.0,16.9,146.9,0.0,146.9,1,1
#NW15331,2025-11-04 15:09:00,2025-11,CUST-01663,Identified,POS,Northwood Toronto,paid,fulfilled,CAD,374.0,,0.0,0.0,48.62,422.62,0.0,422.62,3,2
#NW15332,2025-11-19 21:49:00,2025-11,CUST-00504,Identified,Online,Online Store,paid,fulfilled,CAD,544.0,,0.0,0.0,70.72,614.72,0.0,614.72,3,2
#NW15333,2025-11-14 14:08:00,2025-11,CUST-01776,Identified,POS,Northwood Toronto,paid,fulfilled,CAD,128.0,FALL15,19.2,0.0,14.14,122.94,0.0,122.94,1,1
#NW15334,2025-11-24 15:53:00,2025-11,CUST-01864,Identified,Online,Online Store,paid,fulfilled,CAD,752.0,,0.0,0.0,97.76,849.76,0.0,849.76,4,3
#NW15335,2025-11-24 12:26:00,2025-11,CUST-02322,Identified,Online,Online Store,paid,fulfilled,CAD,376.0,,0.0,0.0,48.88,424.88,0.0,424.88,2,2
#NW15336,2025-11-29 19:48:00,2025-11,CUST-01422,Identified,Online,Online Store,paid,fulfilled,CAD,88.0,,0.0,12.0,13.0,113.0,0.0,113.0,1,1
#NW15337,2025-11-10 15:12:00,2025-11,CUST-00821,Identified,Online,Online Store,paid,fulfilled,CAD,396.0,,0.0,0.0,51.48,447.48,0.0,447.48,2,1
#NW15338,2025-11-07 14:15:00,2025-11,CUST-00482,Identified,Online,Online Store,paid,fulfilled,CAD,374.0,,0.0,0.0,48.62,422.62,0.0,422.62,3,3
#NW15339,2025-11-23 21:39:00,2025-11,CUST-00035,Identified,Online,Online Store,paid,fulfilled,CAD,968.0,,0.0,0.0,125.84,1093.84,0.0,1093.84,6,3
#NW15340,2025-11-03 13:09:00,2025-11,CUST-00809,Identified,Online,Online Store,refunded,fulfilled,CAD,544.0,,0.0,0.0,70.72,614.72,614.72,0.0,3,2
#NW15341,2025-11-11 19:42:00,2025-11,CUST-00603,Identified,Online,Online Store,refunded,fulfilled,CAD,128.0,,0.0,0.0,16.64,144.64,144.64,0.0,1,1
#NW15342,2025-11-19 13:54:00,2025-11,CUST-01911,Identified,Online,Online Store,paid,fulfilled,CAD,108.0,,0.0,12.0,15.6,135.6,0.0,135.6,1,1
#NW15343,2025-11-18 17:56:00,2025-11,CUST-02088,Identified,POS,Northwood Toronto,voided,unfulfilled,CAD,42.0,,0.0,0.0,5.46,47.46,0.0,0.0,1,1
#NW15344,2025-11-06 10:27:00,2025-11,CUST-01616,Identified,POS,Northwood Toronto,paid,fulfilled,CAD,592.0,,0.0,0.0,76.96,668.96,0.0,668.96,4,3
#NW15345,2025-11-04 20:40:00,2025-11,CUST-01853,Identified,POS,Northwood Toronto,paid,fulfilled,CAD,344.0,,0.0,0.0,44.72,388.72,0.0,388.72,3,2
#NW15346,2025-11-10 17:18:00,2025-11,CUST-01187,Identified,POS,Northwood Toronto,paid,fulfilled,CAD,108.0,WELCOME10,10.8,0.0,12.64,109.84,0.0,109.84,1,1
#NW15347,2025-11-19 17:55:00,2025-11,CUST-02287,Identified,Online,Online Store,paid,fulfilled,CAD,672.0,,0.0,0.0,87.36,759.36,0.0,759.36,4,3
#NW15348,2025-11-13 17:08:00,2025-11,CUST-02134,Identified,Online,Online Store,paid,fulfilled,CAD,146.0,,0.0,0.0,18.98,164.98,0.0,164.98,2,2
#NW15349,2025-11-12 14:48:00,2025-11,CUST-00667,Identified,Online,Online Store,paid,fulfilled,CAD,218.0,,0.0,0.0,28.34,246.34,0.0,246.34,1,1
#NW15350,2025-11-09 17:19:00,2025-11,CUST-01244,Identified,Online,Online Store,paid,fulfilled,CAD,326.0,,0.0,0.0,42.38,368.38,0.0,368.38,2,2
#NW15351,2025-11-16 17:45:00,2025-11,CUST-01995,Identified,Online,Online Store,paid,fulfilled,CAD,128.0,,0.0,0.0,16.64,144.64,0.0,144.64,1,1
#NW15352,2025-11-06 11:39:00,2025-11,CUST-00821,Identified,Online,Online Store,paid,fulfilled,CAD,396.0,,0.0,0.0,51.48,447.48,0.0,447.48,2,1
#NW15353,2025-11-05 10:09:00,2025-11,CUST-01787,Identified,Online,Online Store,paid,fulfilled,CAD,256.0,,0.0,0.0,33.28,289.28,0.0,289.28,2,1
#NW15354,2025-11-05 10:55:00,2025-11,CUST-01751,Identified,Online,Online Store,paid,fulfilled,CAD,56.0,FALL15,8.4,12.0,7.75,67.35,0.0,67.35,2,1
#NW15355,2025-11-08 18:18:00,2025-11,,Guest / Unidentified,POS,Northwood Toronto,paid,fulfilled,CAD,196.0,SPRING10,19.6,0.0,22.93,199.33,0.0,199.33,2,1
#NW15356,2025-11-16 14:31:00,2025-11,CUST-01071,Identified,Online,Online Store,paid,fulfilled,CAD,108.0,,0.0,12.0,15.6,135.6,0.0,135.6,1,1
#NW15357,2025-11-15 19:20:00,2025-11,CUST-01860,Identified,Online,Online Store,paid,fulfilled,CAD,436.0,,0.0,0.0,56.68,492.68,0.0,492.68,2,1
#NW15358,2025-11-22 14:26:00,2025-11,CUST-00168,Identified,Online,Online Store,paid,fulfilled,CAD,246.0,,0.0,0.0,31.98,277.98,0.0,277.98,2,2
#NW15359,2025-11-10 15:30:00,2025-11,CUST-00891,Identified,Online,Online Store,paid,fulfilled,CAD,126.0,HOLIDAY15,18.9,0.0,13.92,121.02,0.0,121.02,2,2
#NW15360,2025-11-16 21:08:00,2025-11,CUST-01160,Identified,Online,Online Store,paid,fulfilled,CAD,88.0,,0.0,12.0,13.0,113.0,0.0,113.0,1,1
#NW15361,2025-11-30 17:25:00,2025-11,CUST-00506,Identified,Online,Online Store,paid,fulfilled,CAD,286.0,,0.0,0.0,37.18,323.18,0.0,323.18,2,2
#NW15362,2025-11-30 10:01:00,2025-11,CUST-00218,Identified,Online,Online Store,paid,fulfilled,CAD,266.0,,0.0,0.0,34.58,300.58,0.0,300.58,2,2
#NW15363,2025-11-22 13:58:00,2025-11,CUST-02001,Identified,Online,Online Store,paid,fulfilled,CAD,316.0,,0.0,0.0,41.08,357.08,0.0,357.08,2,1
#NW15364,2025-11-23 12:00:00,2025-11,CUST-01253,Identified,Online,Online Store,paid,fulfilled,CAD,28.0,,0.0,12.0,5.2,45.2,0.0,45.2,1,1
#NW15365,2025-11-23 11:39:00,2025-11,CUST-00021,Identified,Online,Online Store,paid,fulfilled,CAD,316.0,,0.0,0.0,41.08,357.08,0.0,357.08,2,1
#NW15366,2025-11-03 09:17:00,2025-11,CUST-02103,Identified,POS,Northwood Toronto,paid,fulfilled,CAD,320.0,,0.0,0.0,41.6,361.6,0.0,361.6,4,2
#NW15367,2025-11-09 09:06:00,2025-11,CUST-00976,Identified,Online,Online Store,paid,fulfilled,CAD,38.0,,0.0,12.0,6.5,56.5,0.0,56.5,1,1
#NW15368,2025-11-14 09:25:00,2025-11,CUST-00003,Identified,Online,Online Store,paid,fulfilled,CAD,254.0,,0.0,0.0,33.02,287.02,0.0,287.02,3,2
#NW15369,2025-11-08 18:49:00,2025-11,CUST-01592,Identified,Online,Online Store,paid,fulfilled,CAD,76.0,WELCOME10,7.6,12.0,10.45,90.85,0.0,90.85,2,1
#NW15370,2025-11-06 11:55:00,2025-11,CUST-01030,Identified,Online,Online Store,paid,fulfilled,CAD,260.0,,0.0,0.0,33.8,293.8,0.0,293.8,2,2
#NW15371,2025-11-14 17:21:00,2025-11,CUST-00565,Identified,POS,Northwood Toronto,paid,fulfilled,CAD,316.0,HOLIDAY15,47.4,0.0,34.92,303.52,0.0,303.52,2,1
#NW15372,2025-11-15 13:34:00,2025-11,,Guest / Unidentified,POS,Northwood Toronto,paid,fulfilled,CAD,352.0,,0.0,0.0,45.76,397.76,0.0,397.76,4,2
#NW15373,2025-11-25 20:46:00,2025-11,CUST-01161,Identified,Online,Online Store,paid,fulfilled,CAD,304.0,,0.0,0.0,39.52,343.52,0.0,343.52,3,3
#NW15374,2025-11-25 19:01:00,2025-11,CUST-02057,Identified,POS,Northwood Toronto,paid,fulfilled,CAD,312.0,,0.0,0.0,40.56,352.56,0.0,352.56,4,3
#NW15375,2025-11-09 11:02:00,2025-11,CUST-02297,Identified,Online,Online Store,voided,unfulfilled,CAD,218.0,,0.0,0.0,28.34,246.34,0.0,0.0,1,1
#NW15376,2025-11-29 16:09:00,2025-11,CUST-00636,Identified,Online,Online Store,paid,fulfilled,CAD,256.0,,0.0,0.0,33.28,289.28,0.0,289.28,2,1
#NW15377,2025-11-04 14:38:00,2025-11,CUST-00706,Identified,POS,Northwood Toronto,paid,fulfilled,CAD,190.0,,0.0,0.0,24.7,214.7,0.0,214.7,2,2
#NW15378,2025-11-23 13:05:00,2025-11,CUST-01867,Identified,Online,Online Store,paid,fulfilled,CAD,434.0,,0.0,0.0,56.42,490.42,0.0,490.42,3,2
#NW15379,2025-11-24 15:44:00,2025-11,CUST-00597,Identified,Online,Online Store,paid,fulfilled,CAD,352.0,SPRING10,35.2,0.0,41.18,357.98,0.0,357.98,4,3
#NW15380,2025-11-25 17:41:00,2025-11,CUST-01940,Identified,Online,Online Store,paid,fulfilled,CAD,28.0,,0.0,12.0,5.2,45.2,0.0,45.2,1,1
#NW15381,2025-11-30 20:50:00,2025-11,CUST-00806,Identified,Online,Online Store,paid,fulfilled,CAD,246.0,,0.0,0.0,31.98,277.98,0.0,277.98,2,2
#NW15382,2025-11-04 12:14:00,2025-11,CUST-01770,Identified,POS,Northwood Toronto,paid,fulfilled,CAD,128.0,,0.0,0.0,16.64,144.64,0.0,144.64,1,1
#NW15383,2025-11-09 20:51:00,2025-11,CUST-02292,Identified,Online,Online Store,paid,fulfilled,CAD,180.0,,0.0,0.0,23.4,203.4,0.0,203.4,2,2
#NW15384,2025-11-01 16:16:00,2025-11,CUST-00331,Identified,Online,Online Store,paid,fulfilled,CAD,158.0,,0.0,0.0,20.54,178.54,0.0,178.54,1,1
#NW15385,2025-11-10 18:36:00,2025-11,CUST-01141,Identified,Online,Online Store,paid,fulfilled,CAD,156.0,,0.0,0.0,20.28,176.28,0.0,176.28,2,2
#NW15386,2025-11-05 17:10:00,2025-11,CUST-00897,Identified,POS,Northwood Toronto,paid,fulfilled,CAD,128.0,,0.0,0.0,16.64,144.64,0.0,144.64,1,1
#NW15387,2025-11-11 11:38:00,2025-11,CUST-00132,Identified,Online,Online Store,paid,fulfilled,CAD,200.0,,0.0,0.0,26.0,226.0,0.0,226.0,4,2
#NW15388,2025-11-17 10:41:00,2025-11,CUST-01939,Identified,POS,Northwood Toronto,paid,fulfilled,CAD,128.0,,0.0,0.0,16.64,144.64,0.0,144.64,1,1
#NW15389,2025-11-09 10:25:00,2025-11,CUST-01042,Identified,Online,Online Store,paid,fulfilled,CAD,248.0,HOLIDAY15,37.2,0.0,27.4,238.2,0.0,238.2,1,1
#NW15390,2025-11-22 12:48:00,2025-11,,Guest / Unidentified,POS,Northwood Toronto,paid,fulfilled,CAD,88.0,,0.0,0.0,11.44,99.44,0.0,99.44,1,1
#NW15391,2025-11-23 13:24:00,2025-11,CUST-01583,Identified,POS,Northwood Toronto,paid,fulfilled,CAD,136.0,,0.0,0.0,17.68,153.68,0.0,153.68,2,1
#NW15392,2025-11-07 13:04:00,2025-11,CUST-01731,Identified,POS,Northwood Toronto,paid,fulfilled,CAD,328.0,SPRING10,32.8,0.0,38.38,333.58,0.0,333.58,3,3
#NW15393,2025-11-07 15:51:00,2025-11,CUST-01918,Identified,Online,Online Store,paid,fulfilled,CAD,246.0,HOLIDAY15,36.9,0.0,27.18,236.28,0.0,236.28,2,2
#NW15394,2025-11-26 13:22:00,2025-11,CUST-00402,Identified,Online,Online Store,paid,fulfilled,CAD,220.0,,0.0,0.0,28.6,248.6,0.0,248.6,2,2
#NW15395,2025-11-23 19:42:00,2025-11,CUST-01071,Identified,Online,Online Store,paid,fulfilled,CAD,198.0,,0.0,0.0,25.74,223.74,0.0,223.74,1,1
#NW15396,2025-11-22 16:34:00,2025-11,CUST-01238,Identified,Online,Online Store,paid,fulfilled,CAD,28.0,,0.0,12.0,5.2,45.2,0.0,45.2,1,1
#NW15397,2025-11-28 19:29:00,2025-11,CUST-01387,Identified,POS,Northwood Toronto,paid,fulfilled,CAD,496.0,,0.0,0.0,64.48,560.48,0.0,560.48,2,1
#NW15398,2025-11-26 16:13:00,2025-11,CUST-01280,Identified,Online,Online Store,paid,fulfilled,CAD,286.0,,0.0,0.0,37.18,323.18,0.0,323.18,2,2
#NW15399,2025-11-14 11:43:00,2025-11,CUST-01733,Identified,POS,Northwood Toronto,paid,fulfilled,CAD,154.0,,0.0,0.0,20.02,174.02,0.0,174.02,3,2
#NW15400,2025-11-27 09:47:00,2025-11,CUST-02310,Identified,Online,Online Store,refunded,fulfilled,CAD,38.0,,0.0,12.0,6.5,56.5,56.5,0.0,1,1
#NW15401,2025-11-07 11:29:00,2025-11,CUST-02329,Identified,Online,Online Store,paid,fulfilled,CAD,248.0,,0.0,0.0,32.24,280.24,0.0,280.24,1,1
#NW15402,2025-11-04 16:43:00,2025-11,CUST-01321,Identified,Online,Online Store,paid,fulfilled,CAD,68.0,,0.0,12.0,10.4,90.4,0.0,90.4,1,1
#NW15403,2025-11-24 21:22:00,2025-11,CUST-01431,Identified,POS,Northwood Toronto,paid,fulfilled,CAD,42.0,,0.0,0.0,5.46,47.46,0.0,47.46,1,1
#NW15404,2025-11-29 14:58:00,2025-11,CUST-00571,Identified,Online,Online Store,paid,fulfilled,CAD,384.0,SPRING10,38.4,0.0,44.93,390.53,0.0,390.53,3,2
#NW15405,2025-11-28 17:33:00,2025-11,CUST-00818,Identified,POS,Northwood Toronto,paid,fulfilled,CAD,364.0,,0.0,0.0,47.32,411.32,0.0,411.32,3,2
#NW15406,2025-11-19 14:52:00,2025-11,CUST-01719,Identified,Online,Online Store,paid,fulfilled,CAD,524.0,,0.0,0.0,68.12,592.12,0.0,592.12,3,2
#NW15407,2025-11-05 10:18:00,2025-11,CUST-00556,Identified,Online,Online Store,paid,fulfilled,CAD,144.0,HOLIDAY15,21.6,0.0,15.91,138.31,0.0,138.31,3,2
#NW15408,2025-11-02 20:19:00,2025-11,CUST-01706,Identified,Online,Online Store,paid,fulfilled,CAD,64.0,,0.0,12.0,9.88,85.88,0.0,85.88,2,1
#NW15409,2025-11-27 12:51:00,2025-11,CUST-02271,Identified,Online,Online Store,paid,fulfilled,CAD,112.0,,0.0,12.0,16.12,140.12,0.0,140.12,1,1
#NW15410,2025-11-15 12:06:00,2025-11,CUST-00818,Identified,Online,Online Store,paid,fulfilled,CAD,198.0,WELCOME10,19.8,0.0,23.17,201.37,0.0,201.37,1,1
#NW15411,2025-11-03 15:44:00,2025-11,CUST-01234,Identified,Online,Online Store,paid,fulfilled,CAD,76.0,,0.0,12.0,11.44,99.44,0.0,99.44,2,1
#NW15412,2025-11-15 17:02:00,2025-11,CUST-02239,Identified,Online,Online Store,paid,fulfilled,CAD,198.0,WELCOME10,19.8,0.0,23.17,201.37,0.0,201.37,1,1
#NW15413,2025-11-10 10:30:00,2025-11,CUST-00059,Identified,Online,Online Store,paid,fulfilled,CAD,48.0,,0.0,12.0,7.8,67.8,0.0,67.8,1,1
#NW15414,2025-11-13 13:42:00,2025-11,CUST-01218,Identified,Online,Online Store,refunded,fulfilled,CAD,42.0,,0.0,12.0,7.02,61.02,61.02,0.0,1,1
#NW15415,2025-11-28 18:20:00,2025-11,CUST-02322,Identified,Online,Online Store,paid,fulfilled,CAD,108.0,HOLIDAY15,16.2,12.0,13.49,117.29,0.0,117.29,1,1
#NW15416,2025-11-10 13:41:00,2025-11,CUST-01889,Identified,Online,Online Store,paid,fulfilled,CAD,218.0,WELCOME10,21.8,0.0,25.51,221.71,0.0,221.71,1,1
#NW15417,2025-11-12 20:02:00,2025-11,CUST-00573,Identified,Online,Online Store,paid,fulfilled,CAD,118.0,,0.0,12.0,16.9,146.9,0.0,146.9,1,1
#NW15418,2025-11-29 14:00:00,2025-11,CUST-01131,Identified,Online,Online Store,paid,fulfilled,CAD,442.0,,0.0,0.0,57.46,499.46,0.0,499.46,4,3
#NW15419,2025-11-18 19:15:00,2025-11,CUST-00454,Identified,Online,Online Store,paid,fulfilled,CAD,48.0,,0.0,12.0,7.8,67.8,0.0,67.8,1,1
#NW15420,2025-11-29 17:13:00,2025-11,CUST-01790,Identified,Online,Online Store,paid,fulfilled,CAD,360.0,,0.0,0.0,46.8,406.8,0.0,406.8,2,2
#NW15421,2025-11-03 13:59:00,2025-11,CUST-00394,Identified,Online,Online Store,refunded,fulfilled,CAD,78.0,,0.0,12.0,11.7,101.7,101.7,0.0,1,1
#NW15422,2025-11-19 19:54:00,2025-11,CUST-00901,Identified,POS,Northwood Toronto,paid,fulfilled,CAD,144.0,,0.0,0.0,18.72,162.72,0.0,162.72,2,1
#NW15423,2025-11-30 09:58:00,2025-11,CUST-02220,Identified,Online,Online Store,paid,fulfilled,CAD,42.0,,0.0,12.0,7.02,61.02,0.0,61.02,1,1
#NW15424,2025-11-11 10:01:00,2025-11,CUST-01811,Identified,Online,Online Store,paid,fulfilled,CAD,128.0,,0.0,0.0,16.64,144.64,0.0,144.64,1,1
#NW15425,2025-11-25 18:25:00,2025-11,CUST-01089,Identified,Online,Online Store,paid,fulfilled,CAD,406.0,,0.0,0.0,52.78,458.78,0.0,458.78,2,2
#NW15426,2025-11-18 19:26:00,2025-11,CUST-01284,Identified,Online,Online Store,paid,fulfilled,CAD,338.0,,0.0,0.0,43.94,381.94,0.0,381.94,3,3
#NW15427,2025-11-24 20:40:00,2025-11,CUST-02064,Identified,Online,Online Store,paid,fulfilled,CAD,248.0,,0.0,0.0,32.24,280.24,0.0,280.24,1,1
#NW15428,2025-11-09 09:17:00,2025-11,CUST-01465,Identified,Online,Online Store,paid,fulfilled,CAD,488.0,FALL15,73.2,0.0,53.92,468.72,0.0,468.72,5,3
#NW15429,2025-11-09 15:17:00,2025-11,,Guest / Unidentified,POS,Northwood Toronto,paid,fulfilled,CAD,256.0,,0.0,0.0,33.28,289.28,0.0,289.28,2,1
#NW15430,2025-11-11 10:02:00,2025-11,CUST-01451,Identified,Online,Online Store,refunded,fulfilled,CAD,226.0,,0.0,0.0,29.38,255.38,255.38,0.0,2,2
#NW15431,2025-11-14 10:00:00,2025-11,CUST-01752,Identified,Online,Online Store,paid,fulfilled,CAD,128.0,,0.0,0.0,16.64,144.64,0.0,144.64,1,1
#NW15432,2025-11-18 12:35:00,2025-11,CUST-01911,Identified,Online,Online Store,paid,fulfilled,CAD,682.0,SPRING10,68.2,0.0,79.79,693.59,0.0,693.59,4,3
#NW15433,2025-11-04 18:45:00,2025-11,CUST-00866,Identified,Online,Online Store,paid,fulfilled,CAD,154.0,,0.0,0.0,20.02,174.02,0.0,174.02,2,2
#NW15434,2025-11-16 21:15:00,2025-11,CUST-01681,Identified,Online,Online Store,paid,fulfilled,CAD,248.0,,0.0,0.0,32.24,280.24,0.0,280.24,1,1
#NW15435,2025-11-19 19:24:00,2025-11,CUST-01890,Identified,POS,Northwood Toronto,paid,fulfilled,CAD,610.0,,0.0,0.0,79.3,689.3,0.0,689.3,5,3
#NW15436,2025-11-19 14:18:00,2025-11,CUST-00114,Identified,Online,Online Store,paid,fulfilled,CAD,136.0,,0.0,0.0,17.68,153.68,0.0,153.68,2,2
#NW15437,2025-11-21 21:12:00,2025-11,CUST-00857,Identified,Online,Online Store,paid,fulfilled,CAD,88.0,,0.0,12.0,13.0,113.0,0.0,113.0,1,1
#NW15438,2025-11-29 10:33:00,2025-11,CUST-00109,Identified,Online,Online Store,paid,fulfilled,CAD,296.0,,0.0,0.0,38.48,334.48,0.0,334.48,2,2
#NW15439,2025-11-25 20:16:00,2025-11,CUST-01725,Identified,Online,Online Store,paid,fulfilled,CAD,282.0,,0.0,0.0,36.66,318.66,0.0,318.66,3,2
#NW15440,2025-11-07 16:49:00,2025-11,CUST-00468,Identified,Online,Online Store,paid,fulfilled,CAD,246.0,,0.0,0.0,31.98,277.98,0.0,277.98,2,2
#NW15441,2025-11-06 17:04:00,2025-11,CUST-00576,Identified,Online,Online Store,paid,fulfilled,CAD,88.0,HOLIDAY15,13.2,12.0,11.28,98.08,0.0,98.08,1,1
#NW15442,2025-11-24 16:07:00,2025-11,CUST-00338,Identified,Online,Online Store,paid,fulfilled,CAD,108.0,FALL15,16.2,12.0,13.49,117.29,0.0,117.29,1,1
#NW15443,2025-11-08 17:45:00,2025-11,CUST-01239,Identified,Online,Online Store,paid,fulfilled,CAD,72.0,,0.0,12.0,10.92,94.92,0.0,94.92,1,1
#NW15444,2025-11-13 21:06:00,2025-11,CUST-00994,Identified,Online,Online Store,paid,fulfilled,CAD,32.0,,0.0,12.0,5.72,49.72,0.0,49.72,1,1
#NW15445,2025-11-10 09:47:00,2025-11,CUST-02098,Identified,POS,Northwood Toronto,voided,unfulfilled,CAD,136.0,,0.0,0.0,17.68,153.68,0.0,0.0,2,2
#NW15446,2025-11-12 11:52:00,2025-11,CUST-01529,Identified,Online,Online Store,paid,fulfilled,CAD,356.0,,0.0,0.0,46.28,402.28,0.0,402.28,2,2
#NW15447,2025-11-03 12:54:00,2025-11,CUST-00820,Identified,Online,Online Store,paid,fulfilled,CAD,38.0,,0.0,12.0,6.5,56.5,0.0,56.5,1,1
#NW15448,2025-11-02 21:35:00,2025-11,CUST-01890,Identified,Online,Online Store,paid,fulfilled,CAD,128.0,,0.0,0.0,16.64,144.64,0.0,144.64,1,1
#NW15449,2025-11-24 12:41:00,2025-11,CUST-00003,Identified,Online,Online Store,paid,fulfilled,CAD,88.0,,0.0,12.0,13.0,113.0,0.0,113.0,1,1
#NW15450,2025-11-23 18:40:00,2025-11,CUST-00109,Identified,Online,Online Store,paid,fulfilled,CAD,394.0,,0.0,0.0,51.22,445.22,0.0,445.22,3,3
#NW15451,2025-11-12 20:12:00,2025-11,CUST-02317,Identified,Online,Online Store,paid,fulfilled,CAD,326.0,,0.0,0.0,42.38,368.38,0.0,368.38,2,2
#NW15452,2025-11-18 21:32:00,2025-11,CUST-01202,Identified,Online,Online Store,paid,fulfilled,CAD,414.0,,0.0,0.0,53.82,467.82,0.0,467.82,3,2
#NW15453,2025-11-01 19:15:00,2025-11,CUST-02016,Identified,POS,Northwood Toronto,paid,fulfilled,CAD,158.0,,0.0,0.0,20.54,178.54,0.0,178.54,1,1
#NW15454,2025-11-16 20:45:00,2025-11,CUST-01529,Identified,Online,Online Store,paid,fulfilled,CAD,256.0,,0.0,0.0,33.28,289.28,0.0,289.28,2,2
#NW15455,2025-11-13 20:59:00,2025-11,CUST-01609,Identified,Online,Online Store,paid,fulfilled,CAD,230.0,,0.0,0.0,29.9,259.9,0.0,259.9,2,2
#NW15456,2025-11-08 21:15:00,2025-11,CUST-00516,Identified,Online,Online Store,paid,fulfilled,CAD,1008.0,,0.0,0.0,131.04,1139.04,0.0,1139.04,6,3
#NW15457,2025-11-07 16:07:00,2025-11,CUST-01785,Identified,Online,Online Store,paid,fulfilled,CAD,88.0,,0.0,12.0,13.0,113.0,0.0,113.0,1,1
#NW15458,2025-11-19 18:52:00,2025-11,CUST-00025,Identified,POS,Northwood Toronto,paid,fulfilled,CAD,174.0,,0.0,0.0,22.62,196.62,0.0,196.62,3,2
#NW15459,2025-11-11 20:36:00,2025-11,CUST-02080,Identified,Online,Online Store,paid,fulfilled,CAD,410.0,,0.0,0.0,53.3,463.3,0.0,463.3,4,4
#NW15460,2025-11-05 17:50:00,2025-11,CUST-02122,Identified,POS,Northwood Toronto,paid,fulfilled,CAD,742.0,,0.0,0.0,96.46,838.46,0.0,838.46,4,3
#NW15461,2025-11-19 16:35:00,2025-11,CUST-01886,Identified,Online,Online Store,paid,fulfilled,CAD,76.0,,0.0,12.0,11.44,99.44,0.0,99.44,2,1
#NW15462,2025-11-08 09:48:00,2025-11,CUST-00223,Identified,Online,Online Store,paid,fulfilled,CAD,216.0,,0.0,0.0,28.08,244.08,0.0,244.08,2,2
#NW15463,2025-11-20 14:34:00,2025-11,CUST-00995,Identified,Online,Online Store,paid,fulfilled,CAD,68.0,,0.0,12.0,10.4,90.4,0.0,90.4,1,1
#NW15464,2025-11-23 18:45:00,2025-11,CUST-00225,Identified,Online,Online Store,paid,fulfilled,CAD,236.0,,0.0,0.0,30.68,266.68,0.0,266.68,2,1
#NW15465,2025-11-01 13:32:00,2025-11,CUST-00508,Identified,Online,Online Store,paid,fulfilled,CAD,304.0,HOLIDAY15,45.6,0.0,33.59,291.99,0.0,291.99,3,2
#NW15466,2025-11-18 11:38:00,2025-11,CUST-00439,Identified,Online,Online Store,paid,fulfilled,CAD,158.0,,0.0,0.0,20.54,178.54,0.0,178.54,1,1
#NW15467,2025-11-08 20:39:00,2025-11,CUST-01774,Identified,Online,Online Store,paid,fulfilled,CAD,116.0,,0.0,12.0,16.64,144.64,0.0,144.64,2,1
#NW15468,2025-11-01 16:26:00,2025-11,CUST-00089,Identified,Online,Online Store,paid,fulfilled,CAD,28.0,,0.0,12.0,5.2,45.2,0.0,45.2,1,1
#NW15469,2025-11-24 19:42:00,2025-11,CUST-00547,Identified,Online,Online Store,paid,fulfilled,CAD,366.0,,0.0,0.0,47.58,413.58,0.0,413.58,2,2
#NW15470,2025-11-04 19:02:00,2025-11,CUST-00949,Identified,Online,Online Store,paid,fulfilled,CAD,216.0,,0.0,0.0,28.08,244.08,0.0,244.08,2,1
#NW15471,2025-11-11 20:36:00,2025-11,CUST-01191,Identified,Online,Online Store,paid,fulfilled,CAD,28.0,,0.0,12.0,5.2,45.2,0.0,45.2,1,1
#NW15472,2025-11-05 11:34:00,2025-11,,Guest / Unidentified,POS,Northwood Toronto,paid,fulfilled,CAD,218.0,WELCOME10,21.8,0.0,25.51,221.71,0.0,221.71,1,1
#NW15473,2025-11-01 18:32:00,2025-11,CUST-01973,Identified,POS,Northwood Toronto,paid,fulfilled,CAD,316.0,,0.0,0.0,41.08,357.08,0.0,357.08,2,1
#NW15474,2025-11-06 20:09:00,2025-11,CUST-00327,Identified,Online,Online Store,paid,fulfilled,CAD,158.0,WELCOME10,15.8,0.0,18.49,160.69,0.0,160.69,1,1
#NW15475,2025-11-01 20:59:00,2025-11,CUST-01358,Identified,Online,Online Store,paid,fulfilled,CAD,316.0,,0.0,0.0,41.08,357.08,0.0,357.08,2,1
#NW15476,2025-11-02 09:54:00,2025-11,CUST-00250,Identified,Online,Online Store,paid,fulfilled,CAD,98.0,,0.0,12.0,14.3,124.3,0.0,124.3,1,1
#NW15477,2025-11-12 19:24:00,2025-11,CUST-00120,Identified,POS,Northwood Toronto,paid,fulfilled,CAD,464.0,,0.0,0.0,60.32,524.32,0.0,524.32,3,3
#NW15478,2025-11-20 10:08:00,2025-11,CUST-02093,Identified,Online,Online Store,partially_refunded,fulfilled,CAD,198.0,,0.0,0.0,25.74,223.74,69.75,153.99,1,1
#NW15479,2025-11-03 13:34:00,2025-11,CUST-00218,Identified,Online,Online Store,paid,fulfilled,CAD,158.0,,0.0,0.0,20.54,178.54,0.0,178.54,1,1
#NW15480,2025-11-30 16:27:00,2025-11,CUST-00840,Identified,Online,Online Store,paid,fulfilled,CAD,362.0,,0.0,0.0,47.06,409.06,0.0,409.06,3,2
#NW15481,2025-11-12 21:57:00,2025-11,,Guest / Unidentified,POS,Northwood Toronto,paid,fulfilled,CAD,236.0,,0.0,0.0,30.68,266.68,0.0,266.68,2,2
#NW15482,2025-11-30 11:35:00,2025-11,CUST-01011,Identified,Online,Online Store,partially_refunded,fulfilled,CAD,158.0,SPRING10,15.8,0.0,18.49,160.69,32.46,128.23,1,1
#NW15483,2025-11-15 18:15:00,2025-11,CUST-02303,Identified,Online,Online Store,paid,fulfilled,CAD,128.0,,0.0,0.0,16.64,144.64,0.0,144.64,1,1
#NW15484,2025-11-23 17:59:00,2025-11,CUST-02177,Identified,Online,Online Store,paid,fulfilled,CAD,268.0,,0.0,0.0,34.84,302.84,0.0,302.84,3,3
#NW15485,2025-11-24 15:06:00,2025-11,CUST-01410,Identified,Online,Online Store,paid,fulfilled,CAD,326.0,,0.0,0.0,42.38,368.38,0.0,368.38,2,2
#NW15486,2025-11-05 19:29:00,2025-11,CUST-00559,Identified,Online,Online Store,paid,fulfilled,CAD,392.0,,0.0,0.0,50.96,442.96,0.0,442.96,4,3
#NW15487,2025-11-02 18:40:00,2025-11,CUST-00884,Identified,Online,Online Store,paid,fulfilled,CAD,234.0,,0.0,0.0,30.42,264.42,0.0,264.42,3,3
#NW15488,2025-11-20 20:26:00,2025-11,CUST-02287,Identified,Online,Online Store,paid,fulfilled,CAD,256.0,,0.0,0.0,33.28,289.28,0.0,289.28,2,1
#NW15489,2025-11-09 19:54:00,2025-11,CUST-01900,Identified,Online,Online Store,paid,fulfilled,CAD,396.0,,0.0,0.0,51.48,447.48,0.0,447.48,2,1
#NW15490,2025-11-29 14:06:00,2025-11,CUST-01701,Identified,Online,Online Store,paid,fulfilled,CAD,88.0,,0.0,12.0,13.0,113.0,0.0,113.0,1,1
#NW15491,2025-11-28 19:56:00,2025-11,CUST-00634,Identified,Online,Online Store,paid,fulfilled,CAD,176.0,,0.0,0.0,22.88,198.88,0.0,198.88,2,1
#NW15492,2025-11-26 14:48:00,2025-11,CUST-00314,Identified,Online,Online Store,paid,fulfilled,CAD,524.0,,0.0,0.0,68.12,592.12,0.0,592.12,3,2
#NW15493,2025-11-07 11:57:00,2025-11,CUST-00703,Identified,POS,Northwood Toronto,paid,fulfilled,CAD,248.0,FALL15,37.2,0.0,27.4,238.2,0.0,238.2,1,1
#NW15494,2025-11-19 21:50:00,2025-11,CUST-01274,Identified,POS,Northwood Toronto,paid,fulfilled,CAD,648.0,,0.0,0.0,84.24,732.24,0.0,732.24,6,4
#NW15495,2025-11-07 10:18:00,2025-11,CUST-00027,Identified,POS,Northwood Toronto,paid,fulfilled,CAD,560.0,,0.0,0.0,72.8,632.8,0.0,632.8,5,3
#NW15496,2025-11-15 10:52:00,2025-11,CUST-00591,Identified,Online,Online Store,paid,fulfilled,CAD,218.0,,0.0,0.0,28.34,246.34,0.0,246.34,3,3
#NW15497,2025-11-26 10:06:00,2025-11,CUST-00621,Identified,POS,Northwood Toronto,paid,fulfilled,CAD,128.0,,0.0,0.0,16.64,144.64,0.0,144.64,1,1
#NW15498,2025-11-29 17:30:00,2025-11,CUST-00823,Identified,Online,Online Store,paid,fulfilled,CAD,236.0,,0.0,0.0,30.68,266.68,0.0,266.68,2,1
#NW15499,2025-11-16 21:15:00,2025-11,CUST-00470,Identified,Online,Online Store,paid,fulfilled,CAD,78.0,,0.0,12.0,11.7,101.7,0.0,101.7,1,1
#NW15500,2025-11-10 20:59:00,2025-11,CUST-00276,Identified,Online,Online Store,paid,fulfilled,CAD,42.0,,0.0,12.0,7.02,61.02,0.0,61.02,1,1
#NW15501,2025-11-27 09:15:00,2025-11,CUST-02192,Identified,POS,Northwood Toronto,paid,fulfilled,CAD,118.0,FALL15,17.7,0.0,13.04,113.34,0.0,113.34,1,1
#NW15502,2025-11-11 11:33:00,2025-11,CUST-02288,Identified,POS,Northwood Toronto,paid,fulfilled,CAD,236.0,WELCOME10,23.6,0.0,27.61,240.01,0.0,240.01,2,1
#NW15503,2025-11-27 14:58:00,2025-11,CUST-00496,Identified,Online,Online Store,paid,fulfilled,CAD,118.0,,0.0,12.0,16.9,146.9,0.0,146.9,1,1
#NW15504,2025-11-15 10:59:00,2025-11,CUST-02130,Identified,Online,Online Store,paid,fulfilled,CAD,96.0,,0.0,12.0,14.04,122.04,0.0,122.04,2,1
#NW15505,2025-11-26 12:44:00,2025-11,CUST-00397,Identified,POS,Northwood Toronto,paid,fulfilled,CAD,108.0,,0.0,0.0,14.04,122.04,0.0,122.04,1,1
#NW15506,2025-11-24 16:49:00,2025-11,CUST-01013,Identified,Online,Online Store,paid,fulfilled,CAD,176.0,,0.0,0.0,22.88,198.88,0.0,198.88,2,2
#NW15507,2025-11-25 13:40:00,2025-11,CUST-00837,Identified,POS,Northwood Toronto,paid,fulfilled,CAD,158.0,,0.0,0.0,20.54,178.54,0.0,178.54,1,1
#NW15508,2025-11-07 15:25:00,2025-11,CUST-01845,Identified,Online,Online Store,paid,fulfilled,CAD,76.0,,0.0,12.0,11.44,99.44,0.0,99.44,2,1
#NW15509,2025-11-09 20:34:00,2025-11,CUST-01941,Identified,Online,Online Store,paid,fulfilled,CAD,206.0,,0.0,0.0,26.78,232.78,0.0,232.78,2,2
#NW15510,2025-11-22 17:06:00,2025-11,CUST-01634,Identified,POS,Northwood Toronto,paid,fulfilled,CAD,496.0,,0.0,0.0,64.48,560.48,0.0,560.48,4,4
#NW15511,2025-11-06 11:11:00,2025-11,CUST-02072,Identified,Online,Online Store,paid,fulfilled,CAD,158.0,,0.0,0.0,20.54,178.54,0.0,178.54,1,1
#NW15512,2025-11-24 16:44:00,2025-11,CUST-01818,Identified,Online,Online Store,paid,fulfilled,CAD,56.0,,0.0,12.0,8.84,76.84,0.0,76.84,2,1
#NW15513,2025-11-14 09:32:00,2025-11,CUST-01601,Identified,Online,Online Store,paid,fulfilled,CAD,248.0,,0.0,0.0,32.24,280.24,0.0,280.24,1,1
#NW15514,2025-11-13 20:00:00,2025-11,CUST-00228,Identified,POS,Northwood Toronto,paid,fulfilled,CAD,522.0,HOLIDAY15,78.3,0.0,57.68,501.38,0.0,501.38,4,3
#NW15515,2025-11-29 18:24:00,2025-11,CUST-00499,Identified,Online,Online Store,paid,fulfilled,CAD,198.0,,0.0,0.0,25.74,223.74,0.0,223.74,1,1
#NW15516,2025-11-04 21:00:00,2025-11,CUST-01229,Identified,Online,Online Store,paid,fulfilled,CAD,420.0,,0.0,0.0,54.6,474.6,0.0,474.6,4,3
#NW15517,2025-11-13 14:44:00,2025-11,CUST-00751,Identified,Online,Online Store,paid,fulfilled,CAD,216.0,,0.0,0.0,28.08,244.08,0.0,244.08,2,1
#NW15518,2025-11-17 12:48:00,2025-11,CUST-01526,Identified,Online,Online Store,paid,fulfilled,CAD,202.0,,0.0,0.0,26.26,228.26,0.0,228.26,3,2
#NW15519,2025-11-04 19:42:00,2025-11,CUST-00754,Identified,POS,Northwood Toronto,paid,fulfilled,CAD,374.0,FALL15,56.1,0.0,41.33,359.23,0.0,359.23,3,2
#NW15520,2025-11-09 10:37:00,2025-11,CUST-00963,Identified,Online,Online Store,paid,fulfilled,CAD,266.0,,0.0,0.0,34.58,300.58,0.0,300.58,2,2
#NW15521,2025-11-10 16:07:00,2025-11,CUST-02240,Identified,Online,Online Store,paid,fulfilled,CAD,88.0,SPRING10,8.8,12.0,11.86,103.06,0.0,103.06,1,1
#NW15522,2025-11-22 18:11:00,2025-11,CUST-01067,Identified,Online,Online Store,paid,fulfilled,CAD,98.0,WELCOME10,9.8,12.0,13.03,113.23,0.0,113.23,1,1
#NW15523,2025-11-06 09:52:00,2025-11,CUST-01799,Identified,Online,Online Store,paid,fulfilled,CAD,358.0,,0.0,0.0,46.54,404.54,0.0,404.54,3,2
#NW15524,2025-11-05 20:36:00,2025-11,CUST-00505,Identified,Online,Online Store,paid,fulfilled,CAD,116.0,,0.0,12.0,16.64,144.64,0.0,144.64,2,2
#NW15525,2025-11-02 12:49:00,2025-11,CUST-02160,Identified,POS,Northwood Toronto,paid,fulfilled,CAD,28.0,,0.0,0.0,3.64,31.64,0.0,31.64,1,1
#NW15526,2025-11-04 19:45:00,2025-11,CUST-00600,Identified,POS,Northwood Toronto,paid,fulfilled,CAD,508.0,WELCOME10,50.8,0.0,59.44,516.64,0.0,516.64,5,3
#NW15527,2025-11-19 20:44:00,2025-11,CUST-00089,Identified,Online,Online Store,paid,fulfilled,CAD,248.0,,0.0,0.0,32.24,280.24,0.0,280.24,1,1
#NW15528,2025-11-24 18:26:00,2025-11,CUST-02033,Identified,Online,Online Store,paid,fulfilled,CAD,474.0,,0.0,0.0,61.62,535.62,0.0,535.62,3,2
#NW15529,2025-11-16 11:43:00,2025-11,CUST-00581,Identified,Online,Online Store,paid,fulfilled,CAD,48.0,,0.0,12.0,7.8,67.8,0.0,67.8,1,1
#NW15530,2025-11-25 21:25:00,2025-11,CUST-00986,Identified,Online,Online Store,paid,fulfilled,CAD,224.0,SPRING10,22.4,0.0,26.21,227.81,0.0,227.81,2,1
#NW15531,2025-11-02 13:30:00,2025-11,,Guest / Unidentified,POS,Northwood Toronto,paid,fulfilled,CAD,218.0,,0.0,0.0,28.34,246.34,0.0,246.34,1,1
#NW15532,2025-11-23 20:25:00,2025-11,CUST-02096,Identified,Online,Online Store,paid,fulfilled,CAD,68.0,,0.0,12.0,10.4,90.4,0.0,90.4,1,1
#NW15533,2025-11-23 17:09:00,2025-11,CUST-02240,Identified,Online,Online Store,paid,fulfilled,CAD,226.0,,0.0,0.0,29.38,255.38,0.0,255.38,2,2
#NW15534,2025-11-17 20:52:00,2025-11,CUST-00821,Identified,Online,Online Store,paid,fulfilled,CAD,42.0,,0.0,12.0,7.02,61.02,0.0,61.02,1,1
#NW15535,2025-11-28 11:16:00,2025-11,CUST-00434,Identified,Online,Online Store,paid,fulfilled,CAD,32.0,,0.0,12.0,5.72,49.72,0.0,49.72,1,1
#NW15536,2025-11-08 17:57:00,2025-11,CUST-01968,Identified,Online,Online Store,paid,fulfilled,CAD,126.0,FALL15,18.9,0.0,13.92,121.02,0.0,121.02,2,2
#NW15537,2025-11-20 09:59:00,2025-11,CUST-01740,Identified,Online,Online Store,paid,fulfilled,CAD,56.0,,0.0,12.0,8.84,76.84,0.0,76.84,2,2
#NW15538,2025-11-26 09:20:00,2025-11,CUST-01186,Identified,POS,Northwood Toronto,voided,unfulfilled,CAD,218.0,,0.0,0.0,28.34,246.34,0.0,0.0,1,1
#NW15539,2025-11-23 18:12:00,2025-11,CUST-00410,Identified,Online,Online Store,paid,fulfilled,CAD,218.0,,0.0,0.0,28.34,246.34,0.0,246.34,1,1
#NW15540,2025-11-03 09:33:00,2025-11,CUST-01970,Identified,Online,Online Store,paid,fulfilled,CAD,482.0,,0.0,0.0,62.66,544.66,0.0,544.66,4,3
#NW15541,2025-12-25 17:02:00,2025-12,CUST-02020,Identified,Online,Online Store,paid,fulfilled,CAD,264.0,,0.0,0.0,34.32,298.32,0.0,298.32,3,2
#NW15542,2025-12-25 09:22:00,2025-12,CUST-01505,Identified,Online,Online Store,paid,fulfilled,CAD,196.0,,0.0,0.0,25.48,221.48,0.0,221.48,2,2
#NW15543,2025-12-16 12:09:00,2025-12,CUST-01128,Identified,Online,Online Store,paid,fulfilled,CAD,748.0,,0.0,0.0,97.24,845.24,0.0,845.24,6,4
#NW15544,2025-12-12 17:24:00,2025-12,CUST-01603,Identified,Online,Online Store,paid,fulfilled,CAD,56.0,,0.0,12.0,8.84,76.84,0.0,76.84,2,1
#NW15545,2025-12-08 21:06:00,2025-12,CUST-01091,Identified,Online,Online Store,paid,fulfilled,CAD,378.0,,0.0,0.0,49.14,427.14,0.0,427.14,3,3
#NW15546,2025-12-13 11:13:00,2025-12,CUST-01353,Identified,Online,Online Store,paid,fulfilled,CAD,48.0,,0.0,12.0,7.8,67.8,0.0,67.8,1,1
#NW15547,2025-12-23 10:37:00,2025-12,CUST-00440,Identified,Online,Online Store,paid,fulfilled,CAD,364.0,,0.0,0.0,47.32,411.32,0.0,411.32,3,2
#NW15548,2025-12-30 09:06:00,2025-12,CUST-01901,Identified,Online,Online Store,paid,fulfilled,CAD,738.0,,0.0,0.0,95.94,833.94,0.0,833.94,5,3
#NW15549,2025-12-04 15:45:00,2025-12,CUST-01708,Identified,Online,Online Store,paid,fulfilled,CAD,404.0,,0.0,0.0,52.52,456.52,0.0,456.52,3,3
#NW15550,2025-12-20 17:07:00,2025-12,CUST-00268,Identified,Online,Online Store,paid,fulfilled,CAD,286.0,,0.0,0.0,37.18,323.18,0.0,323.18,2,2
#NW15551,2025-12-01 21:28:00,2025-12,CUST-01771,Identified,POS,Northwood Toronto,voided,unfulfilled,CAD,396.0,,0.0,0.0,51.48,447.48,0.0,0.0,2,1
#NW15552,2025-12-30 14:03:00,2025-12,CUST-00607,Identified,Online,Online Store,paid,fulfilled,CAD,96.0,,0.0,12.0,14.04,122.04,0.0,122.04,2,1
#NW15553,2025-12-17 15:18:00,2025-12,CUST-00115,Identified,POS,Northwood Toronto,paid,fulfilled,CAD,248.0,,0.0,0.0,32.24,280.24,0.0,280.24,1,1
#NW15554,2025-12-31 21:59:00,2025-12,CUST-01161,Identified,POS,Northwood Toronto,paid,fulfilled,CAD,306.0,,0.0,0.0,39.78,345.78,0.0,345.78,2,2
#NW15555,2025-12-27 19:18:00,2025-12,CUST-01638,Identified,Online,Online Store,paid,fulfilled,CAD,224.0,HOLIDAY15,33.6,0.0,24.75,215.15,0.0,215.15,3,2
#NW15556,2025-12-16 12:02:00,2025-12,CUST-00721,Identified,Online,Online Store,paid,fulfilled,CAD,346.0,,0.0,0.0,44.98,390.98,0.0,390.98,2,2
#NW15557,2025-12-25 19:16:00,2025-12,CUST-02312,Identified,Online,Online Store,paid,fulfilled,CAD,28.0,,0.0,12.0,5.2,45.2,0.0,45.2,1,1
#NW15558,2025-12-24 14:28:00,2025-12,CUST-01674,Identified,POS,Northwood Toronto,paid,fulfilled,CAD,246.0,FALL15,36.9,0.0,27.18,236.28,0.0,236.28,2,2
#NW15559,2025-12-19 18:54:00,2025-12,CUST-00046,Identified,Online,Online Store,paid,fulfilled,CAD,446.0,,0.0,0.0,57.98,503.98,0.0,503.98,2,2
#NW15560,2025-12-24 17:33:00,2025-12,CUST-01241,Identified,Online,Online Store,paid,fulfilled,CAD,694.0,,0.0,0.0,90.22,784.22,0.0,784.22,3,2
#NW15561,2025-12-23 11:28:00,2025-12,CUST-00140,Identified,Online,Online Store,paid,fulfilled,CAD,76.0,,0.0,12.0,11.44,99.44,0.0,99.44,2,2
#NW15562,2025-12-01 15:11:00,2025-12,CUST-01821,Identified,POS,Northwood Toronto,paid,fulfilled,CAD,72.0,,0.0,0.0,9.36,81.36,0.0,81.36,1,1
#NW15563,2025-12-14 12:13:00,2025-12,CUST-00889,Identified,Online,Online Store,paid,fulfilled,CAD,326.0,,0.0,0.0,42.38,368.38,0.0,368.38,2,2
#NW15564,2025-12-26 15:05:00,2025-12,CUST-01453,Identified,Online,Online Store,paid,fulfilled,CAD,336.0,,0.0,0.0,43.68,379.68,0.0,379.68,4,3
#NW15565,2025-12-08 10:17:00,2025-12,CUST-00643,Identified,Online,Online Store,paid,fulfilled,CAD,158.0,,0.0,0.0,20.54,178.54,0.0,178.54,1,1
#NW15566,2025-12-12 14:34:00,2025-12,CUST-01704,Identified,POS,Northwood Toronto,paid,fulfilled,CAD,316.0,,0.0,0.0,41.08,357.08,0.0,357.08,2,1
#NW15567,2025-12-11 14:07:00,2025-12,CUST-01878,Identified,Online,Online Store,paid,fulfilled,CAD,346.0,,0.0,0.0,44.98,390.98,0.0,390.98,2,2
#NW15568,2025-12-04 11:58:00,2025-12,CUST-00878,Identified,Online,Online Store,paid,fulfilled,CAD,236.0,,0.0,0.0,30.68,266.68,0.0,266.68,2,1
#NW15569,2025-12-27 14:51:00,2025-12,CUST-00315,Identified,Online,Online Store,paid,fulfilled,CAD,264.0,HOLIDAY15,39.6,0.0,29.17,253.57,0.0,253.57,3,2
#NW15570,2025-12-02 16:33:00,2025-12,CUST-00649,Identified,POS,Northwood Toronto,paid,fulfilled,CAD,198.0,,0.0,0.0,25.74,223.74,0.0,223.74,1,1
#NW15571,2025-12-10 16:25:00,2025-12,CUST-01466,Identified,Online,Online Store,paid,fulfilled,CAD,176.0,,0.0,0.0,22.88,198.88,0.0,198.88,2,1
#NW15572,2025-12-10 20:24:00,2025-12,CUST-02051,Identified,Online,Online Store,paid,fulfilled,CAD,136.0,,0.0,0.0,17.68,153.68,0.0,153.68,2,2
#NW15573,2025-12-16 10:30:00,2025-12,,Guest / Unidentified,POS,Northwood Toronto,paid,fulfilled,CAD,334.0,,0.0,0.0,43.42,377.42,0.0,377.42,3,3
#NW15574,2025-12-19 15:58:00,2025-12,CUST-00864,Identified,Online,Online Store,paid,fulfilled,CAD,496.0,,0.0,0.0,64.48,560.48,0.0,560.48,2,1
#NW15575,2025-12-11 18:15:00,2025-12,CUST-01429,Identified,Online,Online Store,paid,fulfilled,CAD,146.0,,0.0,0.0,18.98,164.98,0.0,164.98,2,2
#NW15576,2025-12-29 10:14:00,2025-12,CUST-02093,Identified,Online,Online Store,paid,fulfilled,CAD,466.0,,0.0,0.0,60.58,526.58,0.0,526.58,2,2
#NW15577,2025-12-28 19:30:00,2025-12,CUST-01149,Identified,Online,Online Store,paid,fulfilled,CAD,218.0,SPRING10,21.8,0.0,25.51,221.71,0.0,221.71,1,1
#NW15578,2025-12-08 14:24:00,2025-12,CUST-01137,Identified,Online,Online Store,paid,fulfilled,CAD,496.0,,0.0,0.0,64.48,560.48,0.0,560.48,2,1
#NW15579,2025-12-08 13:02:00,2025-12,CUST-01600,Identified,Online,Online Store,paid,fulfilled,CAD,348.0,,0.0,0.0,45.24,393.24,0.0,393.24,3,2
#NW15580,2025-12-23 09:56:00,2025-12,CUST-02102,Identified,Online,Online Store,paid,fulfilled,CAD,108.0,FALL15,16.2,12.0,13.49,117.29,0.0,117.29,1,1
#NW15581,2025-12-12 13:19:00,2025-12,CUST-01603,Identified,Online,Online Store,paid,fulfilled,CAD,48.0,,0.0,12.0,7.8,67.8,0.0,67.8,1,1
#NW15582,2025-12-18 13:26:00,2025-12,CUST-00715,Identified,Online,Online Store,paid,fulfilled,CAD,316.0,,0.0,0.0,41.08,357.08,0.0,357.08,2,1
#NW15583,2025-12-12 21:03:00,2025-12,CUST-00621,Identified,Online,Online Store,paid,fulfilled,CAD,98.0,,0.0,12.0,14.3,124.3,0.0,124.3,1,1
#NW15584,2025-12-07 21:33:00,2025-12,CUST-02050,Identified,POS,Northwood Toronto,paid,fulfilled,CAD,396.0,HOLIDAY15,59.4,0.0,43.76,380.36,0.0,380.36,2,1
#NW15585,2025-12-26 20:29:00,2025-12,CUST-02307,Identified,Online,Online Store,paid,fulfilled,CAD,266.0,WELCOME10,26.6,0.0,31.12,270.52,0.0,270.52,2,2
#NW15586,2025-12-23 15:22:00,2025-12,CUST-01390,Identified,Online,Online Store,paid,fulfilled,CAD,216.0,,0.0,0.0,28.08,244.08,0.0,244.08,2,1
#NW15587,2025-12-23 17:38:00,2025-12,,Guest / Unidentified,POS,Northwood Toronto,paid,fulfilled,CAD,214.0,,0.0,0.0,27.82,241.82,0.0,241.82,3,2
#NW15588,2025-12-30 21:54:00,2025-12,CUST-01121,Identified,Online,Online Store,paid,fulfilled,CAD,136.0,,0.0,0.0,17.68,153.68,0.0,153.68,2,2
#NW15589,2025-12-15 10:09:00,2025-12,CUST-00574,Identified,Online,Online Store,paid,fulfilled,CAD,58.0,HOLIDAY15,8.7,12.0,7.97,69.27,0.0,69.27,1,1
#NW15590,2025-12-23 21:45:00,2025-12,CUST-01141,Identified,Online,Online Store,paid,fulfilled,CAD,78.0,,0.0,12.0,11.7,101.7,0.0,101.7,1,1
#NW15591,2025-12-29 12:38:00,2025-12,CUST-01241,Identified,Online,Online Store,paid,fulfilled,CAD,128.0,,0.0,0.0,16.64,144.64,0.0,144.64,1,1
#NW15592,2025-12-14 19:04:00,2025-12,CUST-00391,Identified,Online,Online Store,refunded,fulfilled,CAD,434.0,,0.0,0.0,56.42,490.42,490.44,-0.01999999999998181,5,4
#NW15593,2025-12-05 17:03:00,2025-12,CUST-01366,Identified,Online,Online Store,paid,fulfilled,CAD,554.0,,0.0,0.0,72.02,626.02,0.0,626.02,3,3
#NW15594,2025-12-04 12:04:00,2025-12,CUST-01790,Identified,Online,Online Store,refunded,fulfilled,CAD,38.0,,0.0,12.0,6.5,56.5,56.5,0.0,1,1
#NW15595,2025-12-31 15:54:00,2025-12,CUST-01982,Identified,Online,Online Store,paid,fulfilled,CAD,128.0,,0.0,0.0,16.64,144.64,0.0,144.64,1,1
#NW15596,2025-12-17 15:55:00,2025-12,CUST-01543,Identified,Online,Online Store,paid,fulfilled,CAD,120.0,,0.0,12.0,17.16,149.16,0.0,149.16,2,2
#NW15597,2025-12-02 15:43:00,2025-12,CUST-01933,Identified,POS,Northwood Toronto,paid,fulfilled,CAD,76.0,,0.0,0.0,9.88,85.88,0.0,85.88,2,1
#NW15598,2025-12-26 14:44:00,2025-12,CUST-00739,Identified,Online,Online Store,paid,fulfilled,CAD,108.0,,0.0,12.0,15.6,135.6,0.0,135.6,1,1
#NW15599,2025-12-29 13:41:00,2025-12,CUST-01546,Identified,Online,Online Store,paid,fulfilled,CAD,144.0,,0.0,0.0,18.72,162.72,0.0,162.72,3,2
#NW15600,2025-12-01 12:23:00,2025-12,CUST-02077,Identified,Online,Online Store,paid,fulfilled,CAD,464.0,,0.0,0.0,60.32,524.32,0.0,524.32,3,2
#NW15601,2025-12-19 17:03:00,2025-12,CUST-02153,Identified,Online,Online Store,paid,fulfilled,CAD,84.0,,0.0,12.0,12.48,108.48,0.0,108.48,2,1
#NW15602,2025-12-03 09:03:00,2025-12,CUST-01062,Identified,POS,Northwood Toronto,paid,fulfilled,CAD,396.0,,0.0,0.0,51.48,447.48,0.0,447.48,2,1
#NW15603,2025-12-23 19:49:00,2025-12,CUST-00531,Identified,Online,Online Store,paid,fulfilled,CAD,72.0,,0.0,12.0,10.92,94.92,0.0,94.92,1,1
#NW15604,2025-12-04 20:46:00,2025-12,CUST-00411,Identified,Online,Online Store,paid,fulfilled,CAD,354.0,,0.0,0.0,46.02,400.02,0.0,400.02,3,3
#NW15605,2025-12-26 14:32:00,2025-12,,Guest / Unidentified,POS,Northwood Toronto,paid,fulfilled,CAD,218.0,,0.0,0.0,28.34,246.34,0.0,246.34,1,1
#NW15606,2025-12-20 11:39:00,2025-12,CUST-01426,Identified,POS,Northwood Toronto,paid,fulfilled,CAD,286.0,,0.0,0.0,37.18,323.18,0.0,323.18,2,2
#NW15607,2025-12-05 21:02:00,2025-12,CUST-01654,Identified,Online,Online Store,paid,fulfilled,CAD,184.0,,0.0,0.0,23.92,207.92,0.0,207.92,3,2
#NW15608,2025-12-26 11:15:00,2025-12,CUST-01471,Identified,Online,Online Store,paid,fulfilled,CAD,544.0,,0.0,0.0,70.72,614.72,0.0,614.72,3,3
#NW15609,2025-12-21 17:15:00,2025-12,CUST-00185,Identified,Online,Online Store,paid,fulfilled,CAD,450.0,,0.0,0.0,58.5,508.5,0.0,508.5,5,3
#NW15610,2025-12-18 13:22:00,2025-12,CUST-00121,Identified,POS,Northwood Toronto,partially_refunded,fulfilled,CAD,128.0,SPRING10,12.8,0.0,14.98,130.18,42.56,87.62,1,1
#NW15611,2025-12-29 10:04:00,2025-12,CUST-00652,Identified,POS,Northwood Toronto,paid,fulfilled,CAD,496.0,,0.0,0.0,64.48,560.48,0.0,560.48,2,1
#NW15612,2025-12-16 11:06:00,2025-12,CUST-00950,Identified,Online,Online Store,paid,fulfilled,CAD,42.0,,0.0,12.0,7.02,61.02,0.0,61.02,1,1
#NW15613,2025-12-04 12:49:00,2025-12,CUST-00396,Identified,Online,Online Store,paid,fulfilled,CAD,374.0,,0.0,0.0,48.62,422.62,0.0,422.62,3,2
#NW15614,2025-12-31 17:02:00,2025-12,CUST-00436,Identified,Online,Online Store,paid,fulfilled,CAD,326.0,HOLIDAY15,48.9,0.0,36.02,313.12,0.0,313.12,4,4
#NW15615,2025-12-11 12:30:00,2025-12,CUST-00517,Identified,Online,Online Store,paid,fulfilled,CAD,28.0,,0.0,12.0,5.2,45.2,0.0,45.2,1,1
#NW15616,2025-12-07 16:03:00,2025-12,CUST-01952,Identified,Online,Online Store,paid,fulfilled,CAD,496.0,,0.0,0.0,64.48,560.48,0.0,560.48,2,1
#NW15617,2025-12-29 18:09:00,2025-12,CUST-01731,Identified,Online,Online Store,paid,fulfilled,CAD,740.0,,0.0,0.0,96.2,836.2,0.0,836.2,5,3
#NW15618,2025-12-11 15:08:00,2025-12,CUST-00949,Identified,Online,Online Store,voided,unfulfilled,CAD,128.0,,0.0,0.0,16.64,144.64,0.0,0.0,1,1
#NW15619,2025-12-08 18:07:00,2025-12,CUST-00970,Identified,Online,Online Store,paid,fulfilled,CAD,170.0,,0.0,0.0,22.1,192.1,0.0,192.1,2,2
#NW15620,2025-12-08 17:19:00,2025-12,CUST-00432,Identified,Online,Online Store,paid,fulfilled,CAD,436.0,,0.0,0.0,56.68,492.68,0.0,492.68,2,1
#NW15621,2025-12-14 09:21:00,2025-12,CUST-00713,Identified,POS,Northwood Toronto,paid,fulfilled,CAD,496.0,HOLIDAY15,74.4,0.0,54.81,476.41,0.0,476.41,2,1
#NW15622,2025-12-19 10:03:00,2025-12,CUST-01832,Identified,Online,Online Store,paid,fulfilled,CAD,574.0,,0.0,0.0,74.62,648.62,0.0,648.62,3,3
#NW15623,2025-12-18 10:05:00,2025-12,CUST-02159,Identified,Online,Online Store,paid,fulfilled,CAD,118.0,FALL15,17.7,12.0,14.6,126.9,0.0,126.9,1,1
#NW15624,2025-12-30 17:21:00,2025-12,CUST-01859,Identified,Online,Online Store,paid,fulfilled,CAD,282.0,,0.0,0.0,36.66,318.66,0.0,318.66,4,3
#NW15625,2025-12-08 15:20:00,2025-12,CUST-01721,Identified,Online,Online Store,paid,fulfilled,CAD,88.0,,0.0,12.0,13.0,113.0,0.0,113.0,1,1
#NW15626,2025-12-10 16:07:00,2025-12,CUST-00264,Identified,POS,Northwood Toronto,paid,fulfilled,CAD,362.0,,0.0,0.0,47.06,409.06,0.0,409.06,4,3
#NW15627,2025-12-02 18:28:00,2025-12,CUST-01092,Identified,Online,Online Store,paid,fulfilled,CAD,48.0,SPRING10,4.8,12.0,7.18,62.38,0.0,62.38,1,1
#NW15628,2025-12-04 18:01:00,2025-12,CUST-01026,Identified,Online,Online Store,paid,fulfilled,CAD,246.0,,0.0,0.0,31.98,277.98,0.0,277.98,2,2
#NW15629,2025-12-23 09:34:00,2025-12,CUST-00469,Identified,Online,Online Store,paid,fulfilled,CAD,158.0,,0.0,0.0,20.54,178.54,0.0,178.54,1,1
#NW15630,2025-12-12 14:27:00,2025-12,CUST-00799,Identified,Online,Online Store,paid,fulfilled,CAD,168.0,HOLIDAY15,25.2,0.0,18.56,161.36,0.0,161.36,3,2
#NW15631,2025-12-12 14:48:00,2025-12,CUST-02232,Identified,Online,Online Store,refunded,fulfilled,CAD,256.0,,0.0,0.0,33.28,289.28,289.28,0.0,2,1
#NW15632,2025-12-10 12:41:00,2025-12,CUST-00299,Identified,Online,Online Store,paid,fulfilled,CAD,96.0,FALL15,14.4,12.0,12.17,105.77,0.0,105.77,2,1
#NW15633,2025-12-15 21:55:00,2025-12,CUST-01809,Identified,Online,Online Store,paid,fulfilled,CAD,280.0,SPRING10,28.0,0.0,32.76,284.76,0.0,284.76,4,2
#NW15634,2025-12-11 09:29:00,2025-12,CUST-00927,Identified,Online,Online Store,paid,fulfilled,CAD,474.0,,0.0,0.0,61.62,535.62,0.0,535.62,3,2
#NW15635,2025-12-10 21:02:00,2025-12,CUST-01252,Identified,Online,Online Store,paid,fulfilled,CAD,900.0,,0.0,0.0,117.0,1017.0,0.0,1017.0,5,4
#NW15636,2025-12-15 15:19:00,2025-12,CUST-00121,Identified,Online,Online Store,paid,fulfilled,CAD,150.0,,0.0,0.0,19.5,169.5,0.0,169.5,2,2
#NW15637,2025-12-26 16:36:00,2025-12,CUST-00713,Identified,POS,Northwood Toronto,paid,fulfilled,CAD,218.0,SPRING10,21.8,0.0,25.51,221.71,0.0,221.71,1,1
#NW15638,2025-12-28 10:31:00,2025-12,CUST-01316,Identified,Online,Online Store,paid,fulfilled,CAD,290.0,SPRING10,29.0,0.0,33.93,294.93,0.0,294.93,2,2
#NW15639,2025-12-15 09:31:00,2025-12,CUST-01425,Identified,POS,Northwood Toronto,paid,fulfilled,CAD,128.0,,0.0,0.0,16.64,144.64,0.0,144.64,1,1
#NW15640,2025-12-10 13:55:00,2025-12,CUST-00569,Identified,Online,Online Store,paid,fulfilled,CAD,276.0,WELCOME10,27.6,0.0,32.29,280.69,0.0,280.69,2,2
#NW15641,2025-12-13 17:51:00,2025-12,,Guest / Unidentified,POS,Northwood Toronto,paid,fulfilled,CAD,128.0,,0.0,0.0,16.64,144.64,0.0,144.64,1,1
#NW15642,2025-12-15 21:28:00,2025-12,CUST-01547,Identified,Online,Online Store,paid,fulfilled,CAD,230.0,FALL15,34.5,0.0,25.41,220.91,0.0,220.91,2,2
#NW15643,2025-12-04 20:44:00,2025-12,CUST-00546,Identified,Online,Online Store,paid,fulfilled,CAD,38.0,,0.0,12.0,6.5,56.5,0.0,56.5,1,1
#NW15644,2025-12-22 20:12:00,2025-12,CUST-02280,Identified,Online,Online Store,paid,fulfilled,CAD,252.0,,0.0,0.0,32.76,284.76,0.0,284.76,4,2
#NW15645,2025-12-23 17:36:00,2025-12,CUST-00819,Identified,Online,Online Store,paid,fulfilled,CAD,496.0,,0.0,0.0,64.48,560.48,0.0,560.48,2,1
#NW15646,2025-12-05 17:58:00,2025-12,CUST-00802,Identified,Online,Online Store,paid,fulfilled,CAD,118.0,WELCOME10,11.8,12.0,15.37,133.57,0.0,133.57,1,1
#NW15647,2025-12-26 10:41:00,2025-12,CUST-01035,Identified,Online,Online Store,paid,fulfilled,CAD,128.0,,0.0,0.0,16.64,144.64,0.0,144.64,1,1
#NW15648,2025-12-22 09:42:00,2025-12,CUST-02012,Identified,Online,Online Store,paid,fulfilled,CAD,156.0,,0.0,0.0,20.28,176.28,0.0,176.28,2,1
#NW15649,2025-12-25 12:48:00,2025-12,CUST-00388,Identified,Online,Online Store,paid,fulfilled,CAD,156.0,HOLIDAY15,23.4,0.0,17.24,149.84,0.0,149.84,2,1
#NW15650,2025-12-27 18:41:00,2025-12,CUST-01675,Identified,Online,Online Store,paid,fulfilled,CAD,284.0,,0.0,0.0,36.92,320.92,0.0,320.92,3,2
#NW15651,2025-12-19 10:22:00,2025-12,CUST-01172,Identified,Online,Online Store,paid,fulfilled,CAD,346.0,,0.0,0.0,44.98,390.98,0.0,390.98,2,2
#NW15652,2025-12-13 12:40:00,2025-12,CUST-01737,Identified,Online,Online Store,paid,fulfilled,CAD,376.0,,0.0,0.0,48.88,424.88,0.0,424.88,2,2
#NW15653,2025-12-03 15:04:00,2025-12,CUST-00825,Identified,Online,Online Store,paid,fulfilled,CAD,68.0,,0.0,12.0,10.4,90.4,0.0,90.4,1,1
#NW15654,2025-12-09 21:05:00,2025-12,CUST-00664,Identified,Online,Online Store,paid,fulfilled,CAD,78.0,,0.0,12.0,11.7,101.7,0.0,101.7,1,1
#NW15655,2025-12-06 21:01:00,2025-12,CUST-01957,Identified,Online,Online Store,paid,fulfilled,CAD,436.0,,0.0,0.0,56.68,492.68,0.0,492.68,2,1
#NW15656,2025-12-24 16:32:00,2025-12,CUST-02165,Identified,Online,Online Store,paid,fulfilled,CAD,218.0,,0.0,0.0,28.34,246.34,0.0,246.34,1,1
#NW15657,2025-12-17 11:34:00,2025-12,CUST-00788,Identified,Online,Online Store,paid,fulfilled,CAD,112.0,,0.0,12.0,16.12,140.12,0.0,140.12,1,1
#NW15658,2025-12-28 09:44:00,2025-12,CUST-00353,Identified,POS,Northwood Toronto,paid,fulfilled,CAD,186.0,,0.0,0.0,24.18,210.18,0.0,210.18,2,2
#NW15659,2025-12-14 11:11:00,2025-12,CUST-00100,Identified,Online,Online Store,paid,fulfilled,CAD,64.0,,0.0,12.0,9.88,85.88,0.0,85.88,2,1
#NW15660,2025-12-31 14:42:00,2025-12,CUST-00285,Identified,Online,Online Store,paid,fulfilled,CAD,118.0,,0.0,12.0,16.9,146.9,0.0,146.9,1,1
#NW15661,2025-12-12 15:58:00,2025-12,CUST-02249,Identified,POS,Northwood Toronto,paid,fulfilled,CAD,216.0,,0.0,0.0,28.08,244.08,0.0,244.08,2,1
#NW15662,2025-12-20 16:56:00,2025-12,CUST-00395,Identified,Online,Online Store,paid,fulfilled,CAD,312.0,,0.0,0.0,40.56,352.56,0.0,352.56,4,3
#NW15663,2025-12-16 17:17:00,2025-12,CUST-00834,Identified,Online,Online Store,paid,fulfilled,CAD,492.0,,0.0,0.0,63.96,555.96,0.0,555.96,4,2
#NW15664,2025-12-17 15:25:00,2025-12,CUST-01769,Identified,Online,Online Store,paid,fulfilled,CAD,510.0,,0.0,0.0,66.3,576.3,0.0,576.3,5,4
#NW15665,2025-12-31 12:57:00,2025-12,CUST-00576,Identified,Online,Online Store,refunded,fulfilled,CAD,118.0,,0.0,12.0,16.9,146.9,146.9,0.0,1,1
#NW15666,2025-12-05 16:51:00,2025-12,CUST-00022,Identified,Online,Online Store,paid,fulfilled,CAD,96.0,,0.0,12.0,14.04,122.04,0.0,122.04,2,1
#NW15667,2025-12-14 18:50:00,2025-12,CUST-01473,Identified,Online,Online Store,paid,fulfilled,CAD,718.0,,0.0,0.0,93.34,811.34,0.0,811.34,5,4
#NW15668,2025-12-20 14:23:00,2025-12,CUST-01672,Identified,Online,Online Store,paid,fulfilled,CAD,80.0,,0.0,12.0,11.96,103.96,0.0,103.96,2,2
#NW15669,2025-12-19 12:28:00,2025-12,CUST-02328,Identified,POS,Northwood Toronto,paid,fulfilled,CAD,58.0,,0.0,0.0,7.54,65.54,0.0,65.54,1,1
#NW15670,2025-12-13 14:14:00,2025-12,CUST-02239,Identified,Online,Online Store,paid,fulfilled,CAD,118.0,,0.0,12.0,16.9,146.9,0.0,146.9,1,1
#NW15671,2025-12-24 16:49:00,2025-12,CUST-00295,Identified,Online,Online Store,paid,fulfilled,CAD,256.0,,0.0,0.0,33.28,289.28,0.0,289.28,2,2
#NW15672,2025-12-14 21:15:00,2025-12,CUST-01396,Identified,Online,Online Store,paid,fulfilled,CAD,28.0,,0.0,12.0,5.2,45.2,0.0,45.2,1,1
#NW15673,2025-12-06 21:32:00,2025-12,CUST-00760,Identified,Online,Online Store,paid,fulfilled,CAD,512.0,,0.0,0.0,66.56,578.56,0.0,578.56,4,2
#NW15674,2025-12-04 14:56:00,2025-12,CUST-02164,Identified,Online,Online Store,paid,fulfilled,CAD,48.0,,0.0,12.0,7.8,67.8,0.0,67.8,1,1
#NW15675,2025-12-07 14:25:00,2025-12,,Guest / Unidentified,POS,Northwood Toronto,paid,fulfilled,CAD,424.0,,0.0,0.0,55.12,479.12,0.0,479.12,3,2
#NW15676,2025-12-18 12:10:00,2025-12,CUST-00779,Identified,POS,Northwood Toronto,paid,fulfilled,CAD,142.0,,0.0,0.0,18.46,160.46,0.0,160.46,4,3
#NW15677,2025-12-12 09:41:00,2025-12,CUST-00850,Identified,Online,Online Store,paid,fulfilled,CAD,28.0,SPRING10,2.8,12.0,4.84,42.04,0.0,42.04,1,1
#NW15678,2025-12-26 12:52:00,2025-12,CUST-02337,Identified,Online,Online Store,paid,fulfilled,CAD,146.0,,0.0,0.0,18.98,164.98,0.0,164.98,2,2
#NW15679,2025-12-26 11:35:00,2025-12,CUST-01941,Identified,Online,Online Store,paid,fulfilled,CAD,176.0,,0.0,0.0,22.88,198.88,0.0,198.88,2,2
#NW15680,2025-12-03 20:56:00,2025-12,CUST-02052,Identified,Online,Online Store,paid,fulfilled,CAD,274.0,,0.0,0.0,35.62,309.62,0.0,309.62,3,2
#NW15681,2025-12-28 13:42:00,2025-12,CUST-00976,Identified,Online,Online Store,paid,fulfilled,CAD,366.0,SPRING10,36.6,0.0,42.82,372.22,0.0,372.22,2,2
#NW15682,2025-12-08 10:34:00,2025-12,CUST-01461,Identified,Online,Online Store,paid,fulfilled,CAD,68.0,,0.0,12.0,10.4,90.4,0.0,90.4,1,1
#NW15683,2025-12-20 10:58:00,2025-12,CUST-00806,Identified,Online,Online Store,paid,fulfilled,CAD,248.0,,0.0,0.0,32.24,280.24,0.0,280.24,1,1
#NW15684,2025-12-23 12:50:00,2025-12,CUST-02289,Identified,Online,Online Store,paid,fulfilled,CAD,38.0,,0.0,12.0,6.5,56.5,0.0,56.5,1,1
#NW15685,2025-12-03 17:32:00,2025-12,CUST-00565,Identified,Online,Online Store,paid,fulfilled,CAD,120.0,WELCOME10,12.0,12.0,15.6,135.6,0.0,135.6,2,2
#NW15686,2025-12-23 20:49:00,2025-12,CUST-01308,Identified,Online,Online Store,paid,fulfilled,CAD,316.0,,0.0,0.0,41.08,357.08,0.0,357.08,2,2
#NW15687,2025-12-22 13:33:00,2025-12,CUST-00276,Identified,Online,Online Store,paid,fulfilled,CAD,84.0,HOLIDAY15,12.6,12.0,10.84,94.24,0.0,94.24,2,1
#NW15688,2025-12-14 09:52:00,2025-12,CUST-01456,Identified,Online,Online Store,paid,fulfilled,CAD,128.0,,0.0,0.0,16.64,144.64,0.0,144.64,1,1
#NW15689,2025-12-23 15:59:00,2025-12,CUST-01752,Identified,Online,Online Store,paid,fulfilled,CAD,158.0,,0.0,0.0,20.54,178.54,0.0,178.54,1,1
#NW15690,2025-12-31 13:00:00,2025-12,CUST-01541,Identified,Online,Online Store,paid,fulfilled,CAD,118.0,,0.0,12.0,16.9,146.9,0.0,146.9,1,1
#NW15691,2025-12-27 16:18:00,2025-12,CUST-00291,Identified,Online,Online Store,paid,fulfilled,CAD,38.0,,0.0,12.0,6.5,56.5,0.0,56.5,1,1
#NW15692,2025-12-11 15:53:00,2025-12,CUST-02332,Identified,Online,Online Store,paid,fulfilled,CAD,488.0,,0.0,0.0,63.44,551.44,0.0,551.44,3,3
#NW15693,2025-12-18 17:43:00,2025-12,CUST-00321,Identified,Online,Online Store,paid,fulfilled,CAD,248.0,,0.0,0.0,32.24,280.24,0.0,280.24,1,1
#NW15694,2025-12-20 15:07:00,2025-12,CUST-00521,Identified,Online,Online Store,partially_refunded,fulfilled,CAD,38.0,SPRING10,3.8,12.0,6.01,52.21,24.31,27.900000000000002,1,1
#NW15695,2025-12-05 11:15:00,2025-12,CUST-02119,Identified,Online,Online Store,paid,fulfilled,CAD,296.0,,0.0,0.0,38.48,334.48,0.0,334.48,4,3
#NW15696,2025-12-16 14:39:00,2025-12,CUST-02041,Identified,Online,Online Store,paid,fulfilled,CAD,732.0,,0.0,0.0,95.16,827.16,0.0,827.16,4,2
#NW15697,2025-12-15 15:01:00,2025-12,CUST-00414,Identified,Online,Online Store,paid,fulfilled,CAD,178.0,,0.0,0.0,23.14,201.14,0.0,201.14,3,2
#NW15698,2025-12-03 20:14:00,2025-12,CUST-00484,Identified,Online,Online Store,paid,fulfilled,CAD,256.0,,0.0,0.0,33.28,289.28,0.0,289.28,2,1
#NW15699,2025-12-03 21:11:00,2025-12,CUST-02043,Identified,Online,Online Store,paid,fulfilled,CAD,592.0,,0.0,0.0,76.96,668.96,0.0,668.96,4,3
#NW15700,2025-12-03 09:36:00,2025-12,CUST-00945,Identified,POS,Northwood Toronto,paid,fulfilled,CAD,108.0,,0.0,0.0,14.04,122.04,0.0,122.04,1,1
#NW15701,2025-12-21 15:31:00,2025-12,CUST-00211,Identified,POS,Northwood Toronto,paid,fulfilled,CAD,98.0,FALL15,14.7,0.0,10.83,94.13,0.0,94.13,1,1
#NW15702,2025-12-29 21:51:00,2025-12,CUST-02215,Identified,POS,Northwood Toronto,paid,fulfilled,CAD,158.0,,0.0,0.0,20.54,178.54,0.0,178.54,1,1
#NW15703,2025-12-25 16:02:00,2025-12,CUST-00389,Identified,Online,Online Store,paid,fulfilled,CAD,316.0,,0.0,0.0,41.08,357.08,0.0,357.08,2,1
#NW15704,2025-12-25 13:15:00,2025-12,CUST-00093,Identified,POS,Northwood Toronto,paid,fulfilled,CAD,1038.0,,0.0,0.0,134.94,1172.94,0.0,1172.94,6,4
#NW15705,2025-12-17 20:24:00,2025-12,CUST-00918,Identified,Online,Online Store,paid,fulfilled,CAD,396.0,,0.0,0.0,51.48,447.48,0.0,447.48,2,1
#NW15706,2025-12-14 10:23:00,2025-12,CUST-00383,Identified,Online,Online Store,refunded,fulfilled,CAD,98.0,,0.0,12.0,14.3,124.3,124.3,0.0,1,1
#NW15707,2025-12-22 17:57:00,2025-12,CUST-01188,Identified,Online,Online Store,paid,fulfilled,CAD,56.0,,0.0,12.0,8.84,76.84,0.0,76.84,2,1
#NW15708,2025-12-03 18:49:00,2025-12,CUST-01503,Identified,Online,Online Store,paid,fulfilled,CAD,314.0,,0.0,0.0,40.82,354.82,0.0,354.82,3,2
#NW15709,2025-12-20 13:51:00,2025-12,CUST-00685,Identified,POS,Northwood Toronto,paid,fulfilled,CAD,412.0,,0.0,0.0,53.56,465.56,0.0,465.56,4,3
#NW15710,2025-12-12 14:27:00,2025-12,CUST-01848,Identified,Online,Online Store,paid,fulfilled,CAD,38.0,,0.0,12.0,6.5,56.5,0.0,56.5,1,1
#NW15711,2025-12-20 10:39:00,2025-12,CUST-01466,Identified,Online,Online Store,paid,fulfilled,CAD,218.0,,0.0,0.0,28.34,246.34,0.0,246.34,1,1
#NW15712,2025-12-15 13:37:00,2025-12,CUST-00279,Identified,Online,Online Store,paid,fulfilled,CAD,384.0,,0.0,0.0,49.92,433.92,0.0,433.92,3,3
#NW15713,2025-12-04 12:18:00,2025-12,CUST-00647,Identified,Online,Online Store,paid,fulfilled,CAD,248.0,,0.0,0.0,32.24,280.24,0.0,280.24,1,1
#NW15714,2025-12-16 19:54:00,2025-12,CUST-01180,Identified,Online,Online Store,refunded,fulfilled,CAD,256.0,,0.0,0.0,33.28,289.28,289.28,0.0,2,1
#NW15715,2025-12-26 09:50:00,2025-12,CUST-00147,Identified,Online,Online Store,paid,fulfilled,CAD,72.0,,0.0,12.0,10.92,94.92,0.0,94.92,1,1
#NW15716,2025-12-21 21:50:00,2025-12,CUST-02189,Identified,Online,Online Store,paid,fulfilled,CAD,248.0,,0.0,0.0,32.24,280.24,0.0,280.24,1,1
#NW15717,2025-12-30 16:35:00,2025-12,CUST-00137,Identified,Online,Online Store,paid,fulfilled,CAD,198.0,SPRING10,19.8,0.0,23.17,201.37,0.0,201.37,1,1
#NW15718,2025-12-30 13:00:00,2025-12,CUST-00989,Identified,POS,Northwood Toronto,paid,fulfilled,CAD,604.0,,0.0,0.0,78.52,682.52,0.0,682.52,3,2
#NW15719,2025-12-30 18:36:00,2025-12,CUST-01652,Identified,Online,Online Store,voided,unfulfilled,CAD,312.0,,0.0,0.0,40.56,352.56,0.0,0.0,3,2
#NW15720,2025-12-17 12:51:00,2025-12,CUST-02121,Identified,Online,Online Store,paid,fulfilled,CAD,230.0,,0.0,0.0,29.9,259.9,0.0,259.9,2,2
#NW15721,2025-12-17 17:04:00,2025-12,CUST-02049,Identified,Online,Online Store,paid,fulfilled,CAD,218.0,,0.0,0.0,28.34,246.34,0.0,246.34,1,1
#NW15722,2025-12-25 14:18:00,2025-12,CUST-01279,Identified,Online,Online Store,paid,fulfilled,CAD,356.0,,0.0,0.0,46.28,402.28,0.0,402.28,2,2
#NW15723,2025-12-21 20:51:00,2025-12,CUST-01636,Identified,Online,Online Store,paid,fulfilled,CAD,88.0,,0.0,12.0,13.0,113.0,0.0,113.0,1,1
#NW15724,2025-12-09 14:43:00,2025-12,CUST-00233,Identified,POS,Northwood Toronto,paid,fulfilled,CAD,248.0,FALL15,37.2,0.0,27.4,238.2,0.0,238.2,1,1
#NW15725,2025-12-07 19:09:00,2025-12,CUST-02237,Identified,POS,Northwood Toronto,paid,fulfilled,CAD,42.0,,0.0,0.0,5.46,47.46,0.0,47.46,1,1
#NW15726,2025-12-24 16:03:00,2025-12,CUST-00455,Identified,POS,Northwood Toronto,paid,fulfilled,CAD,110.0,,0.0,0.0,14.3,124.3,0.0,124.3,2,2
#NW15727,2025-12-15 21:33:00,2025-12,CUST-01930,Identified,Online,Online Store,paid,fulfilled,CAD,264.0,FALL15,39.6,0.0,29.17,253.57,0.0,253.57,3,2
#NW15728,2025-12-16 10:31:00,2025-12,CUST-01078,Identified,Online,Online Store,paid,fulfilled,CAD,32.0,,0.0,12.0,5.72,49.72,0.0,49.72,1,1
#NW15729,2025-12-18 11:18:00,2025-12,CUST-00123,Identified,Online,Online Store,paid,fulfilled,CAD,140.0,,0.0,0.0,18.2,158.2,0.0,158.2,2,2
#NW15730,2025-12-16 10:54:00,2025-12,CUST-00133,Identified,POS,Northwood Toronto,paid,fulfilled,CAD,342.0,,0.0,0.0,44.46,386.46,0.0,386.46,4,3
#NW15731,2025-12-06 09:22:00,2025-12,CUST-01385,Identified,Online,Online Store,paid,fulfilled,CAD,98.0,,0.0,12.0,14.3,124.3,0.0,124.3,1,1
#NW15732,2025-12-19 21:13:00,2025-12,CUST-02242,Identified,Online,Online Store,paid,fulfilled,CAD,158.0,,0.0,0.0,20.54,178.54,0.0,178.54,1,1
#NW15733,2025-12-21 13:07:00,2025-12,CUST-01069,Identified,Online,Online Store,paid,fulfilled,CAD,196.0,,0.0,0.0,25.48,221.48,0.0,221.48,2,1
#NW15734,2025-12-11 10:05:00,2025-12,CUST-00822,Identified,Online,Online Store,paid,fulfilled,CAD,158.0,,0.0,0.0,20.54,178.54,0.0,178.54,1,1
#NW15735,2025-12-18 13:53:00,2025-12,CUST-01371,Identified,Online,Online Store,paid,fulfilled,CAD,256.0,,0.0,0.0,33.28,289.28,0.0,289.28,2,2
#NW15736,2025-12-30 13:53:00,2025-12,CUST-00768,Identified,Online,Online Store,paid,fulfilled,CAD,594.0,,0.0,0.0,77.22,671.22,0.0,671.22,3,2
#NW15737,2025-12-18 15:31:00,2025-12,CUST-00244,Identified,Online,Online Store,paid,fulfilled,CAD,128.0,HOLIDAY15,19.2,0.0,14.14,122.94,0.0,122.94,1,1
#NW15738,2025-12-18 12:40:00,2025-12,CUST-00571,Identified,Online,Online Store,paid,fulfilled,CAD,284.0,FALL15,42.6,0.0,31.38,272.78,0.0,272.78,3,2
#NW15739,2025-12-07 18:08:00,2025-12,CUST-00596,Identified,Online,Online Store,paid,fulfilled,CAD,58.0,,0.0,12.0,9.1,79.1,0.0,79.1,1,1
#NW15740,2025-12-18 10:33:00,2025-12,CUST-01770,Identified,Online,Online Store,partially_refunded,fulfilled,CAD,236.0,,0.0,0.0,30.68,266.68,95.62,171.06,2,1
#NW15741,2025-12-30 09:33:00,2025-12,CUST-01351,Identified,Online,Online Store,paid,fulfilled,CAD,128.0,,0.0,0.0,16.64,144.64,0.0,144.64,1,1
#NW15742,2025-12-12 20:28:00,2025-12,CUST-00256,Identified,Online,Online Store,paid,fulfilled,CAD,38.0,,0.0,12.0,6.5,56.5,0.0,56.5,1,1
#NW15743,2025-12-02 10:45:00,2025-12,CUST-00966,Identified,Online,Online Store,paid,fulfilled,CAD,428.0,,0.0,0.0,55.64,483.64,0.0,483.64,3,3
#NW15744,2025-12-08 17:55:00,2025-12,CUST-02022,Identified,Online,Online Store,paid,fulfilled,CAD,316.0,,0.0,0.0,41.08,357.08,0.0,357.08,2,1
#NW15745,2025-12-11 17:38:00,2025-12,CUST-00299,Identified,Online,Online Store,paid,fulfilled,CAD,404.0,,0.0,0.0,52.52,456.52,0.0,456.52,3,2
#NW15746,2025-12-08 13:47:00,2025-12,CUST-02310,Identified,Online,Online Store,paid,fulfilled,CAD,274.0,,0.0,0.0,35.62,309.62,0.0,309.62,3,3
#NW15747,2025-12-20 17:49:00,2025-12,CUST-00754,Identified,Online,Online Store,paid,fulfilled,CAD,88.0,,0.0,12.0,13.0,113.0,0.0,113.0,1,1
#NW15748,2025-12-16 18:45:00,2025-12,CUST-00145,Identified,Online,Online Store,paid,fulfilled,CAD,342.0,,0.0,0.0,44.46,386.46,0.0,386.46,3,2
#NW15749,2025-12-25 09:37:00,2025-12,CUST-01417,Identified,Online,Online Store,paid,fulfilled,CAD,496.0,,0.0,0.0,64.48,560.48,0.0,560.48,2,2
#NW15750,2025-12-18 10:47:00,2025-12,CUST-00290,Identified,Online,Online Store,paid,fulfilled,CAD,496.0,,0.0,0.0,64.48,560.48,0.0,560.48,2,1
#NW15751,2025-12-27 16:58:00,2025-12,CUST-00630,Identified,POS,Northwood Toronto,paid,fulfilled,CAD,292.0,,0.0,0.0,37.96,329.96,0.0,329.96,3,3
#NW15752,2025-12-09 18:24:00,2025-12,CUST-00331,Identified,POS,Northwood Toronto,paid,fulfilled,CAD,332.0,,0.0,0.0,43.16,375.16,0.0,375.16,4,3
#NW15753,2025-12-01 19:40:00,2025-12,CUST-02259,Identified,Online,Online Store,paid,fulfilled,CAD,176.0,,0.0,0.0,22.88,198.88,0.0,198.88,2,1
#NW15754,2025-12-28 17:15:00,2025-12,CUST-02073,Identified,Online,Online Store,paid,fulfilled,CAD,196.0,,0.0,0.0,25.48,221.48,0.0,221.48,2,2
#NW15755,2025-12-15 11:40:00,2025-12,CUST-01786,Identified,Online,Online Store,paid,fulfilled,CAD,304.0,,0.0,0.0,39.52,343.52,0.0,343.52,3,2
#NW15756,2025-12-12 10:14:00,2025-12,CUST-00597,Identified,Online,Online Store,paid,fulfilled,CAD,392.0,,0.0,0.0,50.96,442.96,0.0,442.96,4,3
#NW15757,2025-12-26 19:35:00,2025-12,CUST-00171,Identified,Online,Online Store,paid,fulfilled,CAD,94.0,,0.0,12.0,13.78,119.78,0.0,119.78,3,2
#NW15758,2025-12-12 20:32:00,2025-12,CUST-00427,Identified,Online,Online Store,paid,fulfilled,CAD,410.0,HOLIDAY15,61.5,0.0,45.3,393.8,0.0,393.8,4,3
#NW15759,2025-12-11 19:48:00,2025-12,CUST-00146,Identified,POS,Northwood Toronto,paid,fulfilled,CAD,552.0,,0.0,0.0,71.76,623.76,0.0,623.76,4,4
#NW15760,2025-12-04 14:27:00,2025-12,CUST-02035,Identified,Online,Online Store,paid,fulfilled,CAD,396.0,,0.0,0.0,51.48,447.48,0.0,447.48,2,2
#NW15761,2025-12-17 13:05:00,2025-12,CUST-02080,Identified,Online,Online Store,partially_refunded,fulfilled,CAD,198.0,,0.0,0.0,25.74,223.74,107.88,115.86000000000001,1,1
#NW15762,2025-12-15 16:01:00,2025-12,CUST-01737,Identified,POS,Northwood Toronto,paid,fulfilled,CAD,352.0,,0.0,0.0,45.76,397.76,0.0,397.76,4,3
#NW15763,2025-12-03 12:47:00,2025-12,CUST-00142,Identified,Online,Online Store,refunded,fulfilled,CAD,72.0,,0.0,12.0,10.92,94.92,94.92,0.0,1,1
#NW15764,2025-12-31 18:34:00,2025-12,CUST-01435,Identified,Online,Online Store,paid,fulfilled,CAD,48.0,,0.0,12.0,7.8,67.8,0.0,67.8,1,1
#NW15765,2025-12-28 16:53:00,2025-12,CUST-01768,Identified,Online,Online Store,paid,fulfilled,CAD,256.0,,0.0,0.0,33.28,289.28,0.0,289.28,2,1
#NW15766,2025-12-31 09:25:00,2025-12,CUST-01957,Identified,POS,Northwood Toronto,paid,fulfilled,CAD,72.0,,0.0,0.0,9.36,81.36,0.0,81.36,1,1
#NW15767,2025-12-22 17:04:00,2025-12,CUST-01243,Identified,Online,Online Store,paid,fulfilled,CAD,218.0,,0.0,0.0,28.34,246.34,0.0,246.34,1,1
#NW15768,2025-12-21 16:39:00,2025-12,CUST-01187,Identified,POS,Northwood Toronto,paid,fulfilled,CAD,112.0,,0.0,0.0,14.56,126.56,0.0,126.56,1,1
#NW15769,2025-12-24 11:32:00,2025-12,CUST-00933,Identified,POS,Northwood Toronto,paid,fulfilled,CAD,116.0,WELCOME10,11.6,0.0,13.57,117.97,0.0,117.97,2,2
#NW15770,2025-12-08 15:27:00,2025-12,CUST-01803,Identified,Online,Online Store,paid,fulfilled,CAD,384.0,FALL15,57.6,0.0,42.43,368.83,0.0,368.83,5,3
#NW15771,2025-12-25 15:17:00,2025-12,CUST-01061,Identified,POS,Northwood Toronto,paid,fulfilled,CAD,158.0,,0.0,0.0,20.54,178.54,0.0,178.54,1,1
#NW15772,2025-12-10 13:49:00,2025-12,CUST-00108,Identified,Online,Online Store,paid,fulfilled,CAD,88.0,,0.0,12.0,13.0,113.0,0.0,113.0,1,1
#NW15773,2025-12-04 18:40:00,2025-12,CUST-00804,Identified,POS,Northwood Toronto,paid,fulfilled,CAD,186.0,,0.0,0.0,24.18,210.18,0.0,210.18,2,2
#NW15774,2025-12-12 11:06:00,2025-12,CUST-02189,Identified,Online,Online Store,paid,fulfilled,CAD,316.0,,0.0,0.0,41.08,357.08,0.0,357.08,2,1
#NW15775,2025-12-20 12:38:00,2025-12,CUST-01554,Identified,Online,Online Store,paid,fulfilled,CAD,316.0,,0.0,0.0,41.08,357.08,0.0,357.08,2,2
#NW15776,2025-12-10 15:41:00,2025-12,CUST-01509,Identified,Online,Online Store,paid,fulfilled,CAD,494.0,,0.0,0.0,64.22,558.22,0.0,558.22,3,2
#NW15777,2025-12-31 20:32:00,2025-12,CUST-00075,Identified,POS,Northwood Toronto,paid,fulfilled,CAD,230.0,,0.0,0.0,29.9,259.9,0.0,259.9,2,2
#NW15778,2025-12-19 16:51:00,2025-12,CUST-02264,Identified,Online,Online Store,paid,fulfilled,CAD,72.0,,0.0,12.0,10.92,94.92,0.0,94.92,1,1
#NW15779,2025-12-01 11:22:00,2025-12,CUST-01975,Identified,Online,Online Store,paid,fulfilled,CAD,256.0,,0.0,0.0,33.28,289.28,0.0,289.28,2,2
#NW15780,2025-12-21 11:44:00,2025-12,CUST-00214,Identified,Online,Online Store,paid,fulfilled,CAD,414.0,,0.0,0.0,53.82,467.82,0.0,467.82,3,2
#NW15781,2025-12-24 19:55:00,2025-12,CUST-01586,Identified,Online,Online Store,paid,fulfilled,CAD,248.0,,0.0,0.0,32.24,280.24,0.0,280.24,1,1
#NW15782,2025-12-14 17:00:00,2025-12,CUST-01546,Identified,Online,Online Store,paid,fulfilled,CAD,318.0,,0.0,0.0,41.34,359.34,0.0,359.34,3,3
#NW15783,2025-12-19 19:44:00,2025-12,CUST-01406,Identified,POS,Northwood Toronto,paid,fulfilled,CAD,108.0,,0.0,0.0,14.04,122.04,0.0,122.04,1,1
#NW15784,2025-12-06 21:12:00,2025-12,CUST-00513,Identified,Online,Online Store,paid,fulfilled,CAD,364.0,,0.0,0.0,47.32,411.32,0.0,411.32,3,2
#NW15785,2025-12-15 15:55:00,2025-12,CUST-00166,Identified,Online,Online Store,paid,fulfilled,CAD,364.0,SPRING10,36.4,0.0,42.59,370.19,0.0,370.19,5,3
#NW15786,2025-12-01 12:09:00,2025-12,CUST-00587,Identified,Online,Online Store,paid,fulfilled,CAD,236.0,,0.0,0.0,30.68,266.68,0.0,266.68,2,1
#NW15787,2025-12-08 12:26:00,2025-12,CUST-01749,Identified,Online,Online Store,partially_refunded,fulfilled,CAD,80.0,,0.0,12.0,11.96,103.96,44.72,59.239999999999995,2,2
#NW15788,2025-12-24 16:33:00,2025-12,CUST-02251,Identified,Online,Online Store,paid,fulfilled,CAD,444.0,,0.0,0.0,57.72,501.72,0.0,501.72,3,2
#NW15789,2025-12-24 09:10:00,2025-12,CUST-00702,Identified,Online,Online Store,paid,fulfilled,CAD,366.0,,0.0,0.0,47.58,413.58,0.0,413.58,2,2
#NW15790,2025-12-11 12:34:00,2025-12,CUST-00474,Identified,Online,Online Store,paid,fulfilled,CAD,200.0,,0.0,0.0,26.0,226.0,0.0,226.0,2,2
#NW15791,2025-12-06 20:28:00,2025-12,CUST-01794,Identified,Online,Online Store,paid,fulfilled,CAD,266.0,,0.0,0.0,34.58,300.58,0.0,300.58,2,2
#NW15792,2025-12-16 10:58:00,2025-12,CUST-00484,Identified,Online,Online Store,paid,fulfilled,CAD,88.0,,0.0,12.0,13.0,113.0,0.0,113.0,1,1
#NW15793,2025-12-02 13:38:00,2025-12,CUST-01507,Identified,Online,Online Store,paid,fulfilled,CAD,198.0,,0.0,0.0,25.74,223.74,0.0,223.74,1,1
#NW15794,2025-12-15 18:48:00,2025-12,CUST-01441,Identified,Online,Online Store,paid,fulfilled,CAD,248.0,,0.0,0.0,32.24,280.24,0.0,280.24,1,1
#NW15795,2025-12-01 16:36:00,2025-12,CUST-00794,Identified,Online,Online Store,paid,fulfilled,CAD,112.0,WELCOME10,11.2,12.0,14.66,127.46,0.0,127.46,1,1
#NW15796,2025-12-24 16:43:00,2025-12,CUST-01406,Identified,Online,Online Store,voided,unfulfilled,CAD,128.0,FALL15,19.2,0.0,14.14,122.94,0.0,0.0,1,1
#NW15797,2025-12-02 17:31:00,2025-12,CUST-02092,Identified,Online,Online Store,paid,fulfilled,CAD,158.0,,0.0,0.0,20.54,178.54,0.0,178.54,1,1
#NW15798,2025-12-25 16:47:00,2025-12,CUST-00238,Identified,Online,Online Store,paid,fulfilled,CAD,38.0,,0.0,12.0,6.5,56.5,0.0,56.5,1,1
#NW15799,2025-12-05 13:10:00,2025-12,CUST-00976,Identified,POS,Northwood Toronto,paid,fulfilled,CAD,48.0,WELCOME10,4.8,0.0,5.62,48.82,0.0,48.82,1,1
#NW15800,2025-12-06 10:59:00,2025-12,CUST-02277,Identified,Online,Online Store,paid,fulfilled,CAD,96.0,,0.0,12.0,14.04,122.04,0.0,122.04,2,1
#NW15801,2025-12-11 11:39:00,2025-12,CUST-00377,Identified,POS,Northwood Toronto,paid,fulfilled,CAD,88.0,,0.0,0.0,11.44,99.44,0.0,99.44,1,1
#NW15802,2025-12-26 21:39:00,2025-12,CUST-01970,Identified,Online,Online Store,paid,fulfilled,CAD,80.0,SPRING10,8.0,12.0,10.92,94.92,0.0,94.92,2,2
#NW15803,2025-12-24 15:12:00,2025-12,CUST-00042,Identified,Online,Online Store,paid,fulfilled,CAD,248.0,,0.0,0.0,32.24,280.24,0.0,280.24,1,1
#NW15804,2025-12-31 19:52:00,2025-12,CUST-00931,Identified,Online,Online Store,paid,fulfilled,CAD,248.0,,0.0,0.0,32.24,280.24,0.0,280.24,1,1
#NW15805,2025-12-20 13:07:00,2025-12,CUST-01692,Identified,Online,Online Store,paid,fulfilled,CAD,532.0,,0.0,0.0,69.16,601.16,0.0,601.16,4,2
#NW15806,2025-12-06 19:08:00,2025-12,CUST-02197,Identified,Online,Online Store,paid,fulfilled,CAD,218.0,,0.0,0.0,28.34,246.34,0.0,246.34,1,1
#NW15807,2025-12-09 15:21:00,2025-12,CUST-02343,Identified,POS,Northwood Toronto,paid,fulfilled,CAD,218.0,,0.0,0.0,28.34,246.34,0.0,246.34,1,1
#NW15808,2025-12-10 16:10:00,2025-12,CUST-00757,Identified,Online,Online Store,paid,fulfilled,CAD,396.0,,0.0,0.0,51.48,447.48,0.0,447.48,2,2
#NW15809,2025-12-29 12:24:00,2025-12,CUST-01696,Identified,POS,Northwood Toronto,paid,fulfilled,CAD,48.0,,0.0,0.0,6.24,54.24,0.0,54.24,1,1
#NW15810,2025-12-13 09:00:00,2025-12,CUST-00719,Identified,Online,Online Store,paid,fulfilled,CAD,248.0,,0.0,0.0,32.24,280.24,0.0,280.24,1,1
#NW15811,2025-12-05 18:32:00,2025-12,CUST-00698,Identified,POS,Northwood Toronto,paid,fulfilled,CAD,112.0,HOLIDAY15,16.8,0.0,12.38,107.58,0.0,107.58,1,1
#NW15812,2025-12-22 11:54:00,2025-12,CUST-00594,Identified,POS,Northwood Toronto,paid,fulfilled,CAD,58.0,,0.0,0.0,7.54,65.54,0.0,65.54,1,1
#NW15813,2025-12-30 15:25:00,2025-12,CUST-01024,Identified,POS,Northwood Toronto,voided,unfulfilled,CAD,112.0,,0.0,0.0,14.56,126.56,0.0,0.0,1,1
#NW15814,2025-12-18 12:47:00,2025-12,CUST-00233,Identified,Online,Online Store,paid,fulfilled,CAD,224.0,,0.0,0.0,29.12,253.12,0.0,253.12,2,1
#NW15815,2025-12-08 09:05:00,2025-12,CUST-00314,Identified,POS,Northwood Toronto,paid,fulfilled,CAD,58.0,,0.0,0.0,7.54,65.54,0.0,65.54,1,1
#NW15816,2025-12-31 20:04:00,2025-12,CUST-00299,Identified,Online,Online Store,paid,fulfilled,CAD,290.0,,0.0,0.0,37.7,327.7,0.0,327.7,2,2
#NW15817,2025-12-28 20:47:00,2025-12,CUST-01690,Identified,Online,Online Store,paid,fulfilled,CAD,48.0,SPRING10,4.8,12.0,7.18,62.38,0.0,62.38,1,1
#NW15818,2025-12-31 12:18:00,2025-12,CUST-01797,Identified,Online,Online Store,voided,unfulfilled,CAD,572.0,,0.0,0.0,74.36,646.36,0.0,0.0,4,4
#NW15819,2025-12-13 09:20:00,2025-12,CUST-01601,Identified,POS,Northwood Toronto,paid,fulfilled,CAD,366.0,FALL15,54.9,0.0,40.44,351.54,0.0,351.54,2,2
#NW15820,2025-12-12 09:33:00,2025-12,CUST-01158,Identified,Online,Online Store,paid,fulfilled,CAD,684.0,SPRING10,68.4,0.0,80.03,695.63,0.0,695.63,3,2
#NW15821,2025-12-05 09:31:00,2025-12,CUST-00180,Identified,Online,Online Store,paid,fulfilled,CAD,198.0,,0.0,0.0,25.74,223.74,0.0,223.74,1,1
#NW15822,2025-12-10 16:51:00,2025-12,CUST-01287,Identified,Online,Online Store,paid,fulfilled,CAD,286.0,,0.0,0.0,37.18,323.18,0.0,323.18,2,2
#NW15823,2025-12-07 09:17:00,2025-12,CUST-01433,Identified,POS,Northwood Toronto,paid,fulfilled,CAD,108.0,HOLIDAY15,16.2,0.0,11.93,103.73,0.0,103.73,1,1
#NW15824,2025-12-06 21:05:00,2025-12,CUST-00518,Identified,Online,Online Store,partially_refunded,fulfilled,CAD,248.0,,0.0,0.0,32.24,280.24,100.12,180.12,1,1
#NW15825,2025-12-14 12:16:00,2025-12,CUST-02219,Identified,Online,Online Store,partially_refunded,fulfilled,CAD,218.0,,0.0,0.0,28.34,246.34,95.91,150.43,1,1
#NW15826,2025-12-31 09:18:00,2025-12,CUST-01001,Identified,Online,Online Store,paid,fulfilled,CAD,112.0,,0.0,12.0,16.12,140.12,0.0,140.12,1,1
#NW15827,2025-12-07 21:48:00,2025-12,CUST-01198,Identified,Online,Online Store,paid,fulfilled,CAD,108.0,,0.0,12.0,15.6,135.6,0.0,135.6,1,1
#NW15828,2025-12-12 16:42:00,2025-12,CUST-00532,Identified,Online,Online Store,partially_refunded,fulfilled,CAD,98.0,HOLIDAY15,14.7,12.0,12.39,107.69,56.99,50.699999999999996,1,1
#NW15829,2025-12-09 16:19:00,2025-12,CUST-01630,Identified,Online,Online Store,paid,fulfilled,CAD,248.0,,0.0,0.0,32.24,280.24,0.0,280.24,1,1
#NW15830,2025-12-29 20:53:00,2025-12,CUST-01961,Identified,Online,Online Store,paid,fulfilled,CAD,166.0,,0.0,0.0,21.58,187.58,0.0,187.58,2,2
#NW15831,2025-12-14 10:17:00,2025-12,CUST-00502,Identified,Online,Online Store,paid,fulfilled,CAD,56.0,,0.0,12.0,8.84,76.84,0.0,76.84,2,1
#NW15832,2025-12-01 17:01:00,2025-12,CUST-00062,Identified,Online,Online Store,paid,fulfilled,CAD,88.0,,0.0,12.0,13.0,113.0,0.0,113.0,1,1
#NW15833,2025-12-14 16:34:00,2025-12,CUST-00315,Identified,Online,Online Store,paid,fulfilled,CAD,88.0,,0.0,12.0,13.0,113.0,0.0,113.0,1,1
#NW15834,2025-12-26 14:55:00,2025-12,CUST-00313,Identified,Online,Online Store,paid,fulfilled,CAD,276.0,,0.0,0.0,35.88,311.88,0.0,311.88,2,2
#NW15835,2025-12-06 20:29:00,2025-12,CUST-01719,Identified,Online,Online Store,paid,fulfilled,CAD,750.0,,0.0,0.0,97.5,847.5,0.0,847.5,5,3
#NW15836,2025-12-28 10:02:00,2025-12,CUST-02227,Identified,POS,Northwood Toronto,paid,fulfilled,CAD,142.0,,0.0,0.0,18.46,160.46,0.0,160.46,3,2
#NW15837,2025-12-28 10:55:00,2025-12,CUST-00844,Identified,Online,Online Store,paid,fulfilled,CAD,176.0,WELCOME10,17.6,0.0,20.59,178.99,0.0,178.99,2,1
#NW15838,2025-12-12 12:46:00,2025-12,CUST-02028,Identified,Online,Online Store,paid,fulfilled,CAD,396.0,,0.0,0.0,51.48,447.48,0.0,447.48,2,1
#NW15839,2025-12-14 09:59:00,2025-12,CUST-01782,Identified,Online,Online Store,paid,fulfilled,CAD,392.0,,0.0,0.0,50.96,442.96,0.0,442.96,4,3
#NW15840,2025-12-27 18:27:00,2025-12,CUST-00527,Identified,Online,Online Store,paid,fulfilled,CAD,78.0,,0.0,12.0,11.7,101.7,0.0,101.7,1,1
#NW15841,2025-12-06 17:09:00,2025-12,CUST-01486,Identified,Online,Online Store,paid,fulfilled,CAD,184.0,,0.0,0.0,23.92,207.92,0.0,207.92,2,2
#NW15842,2025-12-13 10:47:00,2025-12,CUST-01138,Identified,Online,Online Store,paid,fulfilled,CAD,88.0,,0.0,12.0,13.0,113.0,0.0,113.0,1,1
#NW15843,2025-12-05 10:50:00,2025-12,,Guest / Unidentified,POS,Northwood Toronto,paid,fulfilled,CAD,112.0,,0.0,0.0,14.56,126.56,0.0,126.56,1,1
#NW15844,2025-12-21 09:36:00,2025-12,CUST-00903,Identified,Online,Online Store,paid,fulfilled,CAD,32.0,,0.0,12.0,5.72,49.72,0.0,49.72,1,1
#NW15845,2025-12-23 12:55:00,2025-12,CUST-01817,Identified,Online,Online Store,paid,fulfilled,CAD,414.0,,0.0,0.0,53.82,467.82,0.0,467.82,3,3
#NW15846,2025-12-08 13:24:00,2025-12,CUST-01867,Identified,Online,Online Store,paid,fulfilled,CAD,98.0,,0.0,12.0,14.3,124.3,0.0,124.3,1,1
#NW15847,2025-12-26 15:21:00,2025-12,CUST-01203,Identified,Online,Online Store,paid,fulfilled,CAD,644.0,,0.0,0.0,83.72,727.72,0.0,727.72,3,2
#NW15848,2025-12-07 10:08:00,2025-12,CUST-01300,Identified,Online,Online Store,paid,fulfilled,CAD,108.0,FALL15,16.2,12.0,13.49,117.29,0.0,117.29,1,1
#NW15849,2025-12-09 14:51:00,2025-12,CUST-02259,Identified,Online,Online Store,paid,fulfilled,CAD,286.0,,0.0,0.0,37.18,323.18,0.0,323.18,2,2
#NW15850,2025-12-31 21:28:00,2025-12,CUST-01199,Identified,Online,Online Store,paid,fulfilled,CAD,438.0,,0.0,0.0,56.94,494.94,0.0,494.94,3,2
#NW15851,2025-12-13 09:55:00,2025-12,CUST-01001,Identified,Online,Online Store,paid,fulfilled,CAD,158.0,,0.0,0.0,20.54,178.54,0.0,178.54,1,1
#NW15852,2025-12-19 13:23:00,2025-12,CUST-02158,Identified,Online,Online Store,paid,fulfilled,CAD,198.0,HOLIDAY15,29.7,0.0,21.88,190.18,0.0,190.18,1,1
#NW15853,2025-12-05 09:44:00,2025-12,CUST-01132,Identified,Online,Online Store,paid,fulfilled,CAD,544.0,,0.0,0.0,70.72,614.72,0.0,614.72,3,3
#NW15854,2025-12-16 17:00:00,2025-12,CUST-01096,Identified,Online,Online Store,paid,fulfilled,CAD,112.0,,0.0,12.0,16.12,140.12,0.0,140.12,1,1
#NW15855,2025-12-03 12:39:00,2025-12,CUST-01307,Identified,Online,Online Store,paid,fulfilled,CAD,218.0,,0.0,0.0,28.34,246.34,0.0,246.34,1,1
#NW15856,2025-12-05 16:30:00,2025-12,CUST-02218,Identified,Online,Online Store,paid,fulfilled,CAD,38.0,,0.0,12.0,6.5,56.5,0.0,56.5,1,1
#NW15857,2025-12-01 20:32:00,2025-12,CUST-02063,Identified,POS,Northwood Toronto,paid,fulfilled,CAD,346.0,,0.0,0.0,44.98,390.98,0.0,390.98,2,2
#NW15858,2025-12-30 14:48:00,2025-12,CUST-00428,Identified,Online,Online Store,paid,fulfilled,CAD,108.0,,0.0,12.0,15.6,135.6,0.0,135.6,1,1
#NW15859,2025-12-07 10:40:00,2025-12,CUST-00222,Identified,POS,Northwood Toronto,paid,fulfilled,CAD,42.0,,0.0,0.0,5.46,47.46,0.0,47.46,1,1
#NW15860,2025-12-24 15:18:00,2025-12,CUST-00559,Identified,Online,Online Store,paid,fulfilled,CAD,294.0,,0.0,0.0,38.22,332.22,0.0,332.22,5,4
#NW15861,2025-12-02 19:03:00,2025-12,CUST-01239,Identified,Online,Online Store,voided,unfulfilled,CAD,150.0,,0.0,0.0,19.5,169.5,0.0,0.0,2,2
#NW15862,2025-12-11 12:46:00,2025-12,CUST-01683,Identified,Online,Online Store,paid,fulfilled,CAD,118.0,,0.0,12.0,16.9,146.9,0.0,146.9,1,1
#NW15863,2025-12-12 19:03:00,2025-12,CUST-01782,Identified,Online,Online Store,paid,fulfilled,CAD,158.0,,0.0,0.0,20.54,178.54,0.0,178.54,1,1
#NW15864,2025-12-20 20:37:00,2025-12,CUST-00770,Identified,Online,Online Store,partially_refunded,fulfilled,CAD,184.0,,0.0,0.0,23.92,207.92,106.62,101.29999999999998,3,2
#NW15865,2025-12-07 19:38:00,2025-12,CUST-01992,Identified,Online,Online Store,paid,fulfilled,CAD,98.0,,0.0,12.0,14.3,124.3,0.0,124.3,1,1
#NW15866,2025-12-03 20:02:00,2025-12,CUST-01909,Identified,Online,Online Store,paid,fulfilled,CAD,198.0,,0.0,0.0,25.74,223.74,0.0,223.74,1,1
#NW15867,2025-12-19 18:48:00,2025-12,CUST-00322,Identified,Online,Online Store,paid,fulfilled,CAD,186.0,,0.0,0.0,24.18,210.18,0.0,210.18,2,2
#NW15868,2025-12-14 10:52:00,2025-12,CUST-00834,Identified,Online,Online Store,paid,fulfilled,CAD,372.0,FALL15,55.8,0.0,41.11,357.31,0.0,357.31,4,3
#NW15869,2025-12-24 14:16:00,2025-12,,Guest / Unidentified,POS,Northwood Toronto,paid,fulfilled,CAD,248.0,,0.0,0.0,32.24,280.24,0.0,280.24,1,1
#NW15870,2025-12-02 18:12:00,2025-12,CUST-01879,Identified,POS,Northwood Toronto,paid,fulfilled,CAD,446.0,HOLIDAY15,66.9,0.0,49.28,428.38,0.0,428.38,2,2
#NW15871,2025-12-12 15:17:00,2025-12,CUST-02134,Identified,Online,Online Store,paid,fulfilled,CAD,158.0,WELCOME10,15.8,0.0,18.49,160.69,0.0,160.69,1,1
#NW15872,2025-12-10 21:04:00,2025-12,CUST-01120,Identified,POS,Northwood Toronto,paid,fulfilled,CAD,276.0,,0.0,0.0,35.88,311.88,0.0,311.88,2,2
#NW15873,2025-12-18 20:15:00,2025-12,CUST-01250,Identified,POS,Northwood Toronto,paid,fulfilled,CAD,276.0,FALL15,41.4,0.0,30.5,265.1,0.0,265.1,2,2
#NW15874,2025-12-12 10:31:00,2025-12,CUST-01551,Identified,Online,Online Store,paid,fulfilled,CAD,66.0,,0.0,12.0,10.14,88.14,0.0,88.14,2,2
#NW15875,2025-12-14 17:37:00,2025-12,CUST-02265,Identified,Online,Online Store,paid,fulfilled,CAD,248.0,FALL15,37.2,0.0,27.4,238.2,0.0,238.2,1,1
#NW15876,2025-12-23 17:08:00,2025-12,CUST-00864,Identified,Online,Online Store,paid,fulfilled,CAD,42.0,,0.0,12.0,7.02,61.02,0.0,61.02,1,1
#NW15877,2025-12-15 19:56:00,2025-12,CUST-00503,Identified,Online,Online Store,paid,fulfilled,CAD,226.0,,0.0,0.0,29.38,255.38,0.0,255.38,2,2
#NW15878,2025-12-18 19:50:00,2025-12,CUST-01526,Identified,Online,Online Store,paid,fulfilled,CAD,168.0,,0.0,0.0,21.84,189.84,0.0,189.84,3,3
#NW15879,2025-12-16 12:11:00,2025-12,CUST-01505,Identified,Online,Online Store,paid,fulfilled,CAD,190.0,SPRING10,19.0,0.0,22.23,193.23,0.0,193.23,2,2
#NW15880,2025-12-24 14:15:00,2025-12,CUST-00582,Identified,Online,Online Store,paid,fulfilled,CAD,218.0,FALL15,32.7,0.0,24.09,209.39,0.0,209.39,1,1
#NW15881,2025-12-29 17:50:00,2025-12,CUST-00147,Identified,Online,Online Store,paid,fulfilled,CAD,414.0,,0.0,0.0,53.82,467.82,0.0,467.82,3,2
#NW15882,2025-12-11 18:38:00,2025-12,CUST-00963,Identified,Online,Online Store,paid,fulfilled,CAD,356.0,SPRING10,35.6,0.0,41.65,362.05,0.0,362.05,2,2
#NW15883,2025-12-25 10:09:00,2025-12,CUST-01804,Identified,Online,Online Store,paid,fulfilled,CAD,118.0,WELCOME10,11.8,12.0,15.37,133.57,0.0,133.57,1,1
#NW15884,2025-12-04 09:26:00,2025-12,CUST-01859,Identified,Online,Online Store,paid,fulfilled,CAD,158.0,,0.0,0.0,20.54,178.54,0.0,178.54,1,1
#NW15885,2025-12-27 18:12:00,2025-12,CUST-00468,Identified,POS,Northwood Toronto,paid,fulfilled,CAD,256.0,,0.0,0.0,33.28,289.28,0.0,289.28,2,1
#NW15886,2025-12-28 13:09:00,2025-12,CUST-01803,Identified,Online,Online Store,paid,fulfilled,CAD,218.0,,0.0,0.0,28.34,246.34,0.0,246.34,1,1
#NW15887,2025-12-01 19:40:00,2025-12,CUST-02044,Identified,Online,Online Store,paid,fulfilled,CAD,286.0,,0.0,0.0,37.18,323.18,0.0,323.18,2,2
#NW15888,2025-12-16 15:51:00,2025-12,CUST-00139,Identified,Online,Online Store,paid,fulfilled,CAD,196.0,,0.0,0.0,25.48,221.48,0.0,221.48,2,2
#NW15889,2025-12-01 18:35:00,2025-12,CUST-00508,Identified,Online,Online Store,paid,fulfilled,CAD,38.0,,0.0,12.0,6.5,56.5,0.0,56.5,1,1
#NW15890,2025-12-17 09:43:00,2025-12,CUST-00933,Identified,Online,Online Store,paid,fulfilled,CAD,436.0,,0.0,0.0,56.68,492.68,0.0,492.68,2,1
#NW15891,2025-12-06 13:38:00,2025-12,CUST-01574,Identified,Online,Online Store,partially_refunded,fulfilled,CAD,248.0,SPRING10,24.8,0.0,29.02,252.22,89.94,162.28,1,1
#NW15892,2025-12-12 10:19:00,2025-12,CUST-00395,Identified,Online,Online Store,paid,fulfilled,CAD,932.0,,0.0,0.0,121.16,1053.16,0.0,1053.16,4,2
#NW15893,2025-12-15 14:43:00,2025-12,CUST-02000,Identified,Online,Online Store,paid,fulfilled,CAD,78.0,,0.0,12.0,11.7,101.7,0.0,101.7,1,1
#NW15894,2025-12-11 21:56:00,2025-12,CUST-00995,Identified,Online,Online Store,partially_refunded,fulfilled,CAD,216.0,HOLIDAY15,32.4,0.0,23.87,207.47,74.05,133.42000000000002,2,1
#NW15895,2025-12-13 13:02:00,2025-12,CUST-00245,Identified,Online,Online Store,paid,fulfilled,CAD,274.0,SPRING10,27.4,0.0,32.06,278.66,0.0,278.66,5,4
#NW15896,2025-12-02 16:24:00,2025-12,CUST-01144,Identified,POS,Northwood Toronto,paid,fulfilled,CAD,32.0,,0.0,0.0,4.16,36.16,0.0,36.16,1,1
#NW15897,2025-12-25 13:11:00,2025-12,CUST-00106,Identified,POS,Northwood Toronto,paid,fulfilled,CAD,286.0,HOLIDAY15,42.9,0.0,31.6,274.7,0.0,274.7,2,2
#NW15898,2025-12-05 15:27:00,2025-12,CUST-01573,Identified,POS,Northwood Toronto,paid,fulfilled,CAD,202.0,,0.0,0.0,26.26,228.26,0.0,228.26,4,3
#NW15899,2025-12-12 14:38:00,2025-12,,Guest / Unidentified,POS,Northwood Toronto,paid,fulfilled,CAD,176.0,,0.0,0.0,22.88,198.88,0.0,198.88,2,1
#NW15900,2025-12-20 10:31:00,2025-12,CUST-00078,Identified,Online,Online Store,paid,fulfilled,CAD,534.0,,0.0,0.0,69.42,603.42,0.0,603.42,5,4
#NW15901,2025-12-11 19:12:00,2025-12,CUST-01568,Identified,Online,Online Store,paid,fulfilled,CAD,694.0,,0.0,0.0,90.22,784.22,0.0,784.22,3,2
#NW15902,2025-12-29 21:13:00,2025-12,CUST-02025,Identified,Online,Online Store,paid,fulfilled,CAD,396.0,WELCOME10,39.6,0.0,46.33,402.73,0.0,402.73,2,1
#NW15903,2025-12-27 19:42:00,2025-12,CUST-01819,Identified,Online,Online Store,paid,fulfilled,CAD,140.0,,0.0,0.0,18.2,158.2,0.0,158.2,2,2
#NW15904,2025-12-27 21:59:00,2025-12,CUST-00533,Identified,POS,Northwood Toronto,paid,fulfilled,CAD,236.0,,0.0,0.0,30.68,266.68,0.0,266.68,2,1
#NW15905,2025-12-20 11:04:00,2025-12,CUST-00920,Identified,Online,Online Store,paid,fulfilled,CAD,98.0,,0.0,12.0,14.3,124.3,0.0,124.3,1,1
#NW15906,2025-12-31 13:11:00,2025-12,CUST-00640,Identified,Online,Online Store,refunded,fulfilled,CAD,344.0,,0.0,0.0,44.72,388.72,388.72,0.0,3,2
#NW15907,2025-12-30 17:14:00,2025-12,CUST-01554,Identified,POS,Northwood Toronto,paid,fulfilled,CAD,116.0,,0.0,0.0,15.08,131.08,0.0,131.08,2,2
#NW15908,2025-12-12 15:54:00,2025-12,CUST-00756,Identified,Online,Online Store,paid,fulfilled,CAD,38.0,,0.0,12.0,6.5,56.5,0.0,56.5,1,1
#NW15909,2025-12-29 12:43:00,2025-12,CUST-01766,Identified,POS,Northwood Toronto,paid,fulfilled,CAD,454.0,HOLIDAY15,68.1,0.0,50.17,436.07,0.0,436.07,3,2
#NW15910,2025-12-06 14:15:00,2025-12,CUST-00749,Identified,POS,Northwood Toronto,paid,fulfilled,CAD,128.0,,0.0,0.0,16.64,144.64,0.0,144.64,1,1
#NW15911,2025-12-03 18:37:00,2025-12,CUST-00215,Identified,Online,Online Store,paid,fulfilled,CAD,176.0,,0.0,0.0,22.88,198.88,0.0,198.88,2,1
#NW15912,2025-12-23 14:32:00,2025-12,CUST-00953,Identified,Online,Online Store,voided,unfulfilled,CAD,316.0,,0.0,0.0,41.08,357.08,0.0,0.0,2,1
#NW15913,2025-12-03 09:27:00,2025-12,CUST-01250,Identified,Online,Online Store,paid,fulfilled,CAD,276.0,,0.0,0.0,35.88,311.88,0.0,311.88,2,2
#NW15914,2025-12-01 21:59:00,2025-12,CUST-00129,Identified,Online,Online Store,paid,fulfilled,CAD,58.0,,0.0,12.0,9.1,79.1,0.0,79.1,1,1
#NW15915,2025-12-02 20:35:00,2025-12,CUST-02219,Identified,Online,Online Store,paid,fulfilled,CAD,506.0,,0.0,0.0,65.78,571.78,0.0,571.78,4,3
#NW15916,2025-12-01 20:49:00,2025-12,CUST-01025,Identified,Online,Online Store,paid,fulfilled,CAD,334.0,,0.0,0.0,43.42,377.42,0.0,377.42,3,3
#NW15917,2025-12-20 09:20:00,2025-12,CUST-01425,Identified,Online,Online Store,paid,fulfilled,CAD,98.0,,0.0,12.0,14.3,124.3,0.0,124.3,1,1
#NW15918,2025-12-15 20:16:00,2025-12,CUST-02182,Identified,Online,Online Store,paid,fulfilled,CAD,76.0,,0.0,12.0,11.44,99.44,0.0,99.44,2,1
#NW15919,2025-12-18 13:03:00,2025-12,CUST-00652,Identified,Online,Online Store,paid,fulfilled,CAD,108.0,,0.0,12.0,15.6,135.6,0.0,135.6,1,1
#NW15920,2025-12-04 19:48:00,2025-12,,Guest / Unidentified,POS,Northwood Toronto,paid,fulfilled,CAD,158.0,,0.0,0.0,20.54,178.54,0.0,178.54,1,1
#NW15921,2025-12-13 20:31:00,2025-12,CUST-01076,Identified,Online,Online Store,paid,fulfilled,CAD,72.0,,0.0,12.0,10.92,94.92,0.0,94.92,1,1
#NW15922,2025-12-20 11:22:00,2025-12,CUST-00887,Identified,Online,Online Store,paid,fulfilled,CAD,720.0,,0.0,0.0,93.6,813.6,0.0,813.6,5,4
#NW15923,2025-12-14 18:39:00,2025-12,CUST-00891,Identified,POS,Northwood Toronto,paid,fulfilled,CAD,174.0,,0.0,0.0,22.62,196.62,0.0,196.62,3,3
#NW15924,2025-12-29 09:56:00,2025-12,CUST-00113,Identified,Online,Online Store,paid,fulfilled,CAD,252.0,,0.0,0.0,32.76,284.76,0.0,284.76,3,2
#NW15925,2025-12-22 10:13:00,2025-12,CUST-01230,Identified,Online,Online Store,partially_refunded,fulfilled,CAD,436.0,,0.0,0.0,56.68,492.68,259.76,232.92000000000002,2,1
#NW15926,2025-12-30 14:51:00,2025-12,CUST-00742,Identified,Online,Online Store,paid,fulfilled,CAD,248.0,,0.0,0.0,32.24,280.24,0.0,280.24,1,1
#NW15927,2025-12-05 11:59:00,2025-12,CUST-00175,Identified,Online,Online Store,paid,fulfilled,CAD,78.0,,0.0,12.0,11.7,101.7,0.0,101.7,1,1
#NW15928,2025-12-07 20:36:00,2025-12,CUST-01778,Identified,Online,Online Store,paid,fulfilled,CAD,128.0,,0.0,0.0,16.64,144.64,0.0,144.64,1,1
#NW15929,2025-12-19 11:49:00,2025-12,CUST-01752,Identified,Online,Online Store,paid,fulfilled,CAD,306.0,,0.0,0.0,39.78,345.78,0.0,345.78,2,2
#NW15930,2025-12-27 21:53:00,2025-12,CUST-00234,Identified,Online,Online Store,paid,fulfilled,CAD,96.0,,0.0,12.0,14.04,122.04,0.0,122.04,2,1
#NW15931,2025-12-04 16:18:00,2025-12,CUST-00448,Identified,Online,Online Store,paid,fulfilled,CAD,128.0,,0.0,0.0,16.64,144.64,0.0,144.64,1,1
#NW15932,2025-12-20 12:12:00,2025-12,CUST-02267,Identified,Online,Online Store,paid,fulfilled,CAD,220.0,,0.0,0.0,28.6,248.6,0.0,248.6,2,2
#NW15933,2025-12-30 20:04:00,2025-12,CUST-01590,Identified,POS,Northwood Toronto,paid,fulfilled,CAD,256.0,,0.0,0.0,33.28,289.28,0.0,289.28,2,1
#NW15934,2025-12-03 13:53:00,2025-12,CUST-01178,Identified,Online,Online Store,paid,fulfilled,CAD,216.0,,0.0,0.0,28.08,244.08,0.0,244.08,2,2
#NW15935,2025-12-23 10:24:00,2025-12,CUST-01847,Identified,Online,Online Store,paid,fulfilled,CAD,424.0,,0.0,0.0,55.12,479.12,0.0,479.12,3,2
#NW15936,2025-12-09 13:14:00,2025-12,CUST-00240,Identified,Online,Online Store,paid,fulfilled,CAD,376.0,,0.0,0.0,48.88,424.88,0.0,424.88,2,2
#NW15937,2025-12-17 15:23:00,2025-12,CUST-01899,Identified,Online,Online Store,voided,unfulfilled,CAD,76.0,,0.0,12.0,11.44,99.44,0.0,0.0,2,1
#NW15938,2025-12-07 10:41:00,2025-12,CUST-01737,Identified,POS,Northwood Toronto,paid,fulfilled,CAD,246.0,,0.0,0.0,31.98,277.98,0.0,277.98,2,2
#NW15939,2025-12-13 18:28:00,2025-12,CUST-02346,Identified,Online,Online Store,paid,fulfilled,CAD,404.0,,0.0,0.0,52.52,456.52,0.0,456.52,3,3
#NW15940,2025-12-23 19:49:00,2025-12,CUST-00671,Identified,Online,Online Store,paid,fulfilled,CAD,296.0,HOLIDAY15,44.4,0.0,32.71,284.31,0.0,284.31,2,2
#NW15941,2025-12-30 19:34:00,2025-12,CUST-02328,Identified,Online,Online Store,paid,fulfilled,CAD,218.0,,0.0,0.0,28.34,246.34,0.0,246.34,1,1
#NW15942,2025-12-02 20:54:00,2025-12,CUST-02126,Identified,Online,Online Store,paid,fulfilled,CAD,422.0,WELCOME10,42.2,0.0,49.37,429.17,0.0,429.17,4,3
#NW15943,2025-12-19 18:06:00,2025-12,CUST-00313,Identified,Online,Online Store,voided,unfulfilled,CAD,198.0,,0.0,0.0,25.74,223.74,0.0,0.0,1,1
#NW15944,2025-12-03 19:49:00,2025-12,CUST-00666,Identified,Online,Online Store,voided,unfulfilled,CAD,64.0,,0.0,12.0,9.88,85.88,0.0,0.0,2,1
#NW15945,2025-12-02 14:55:00,2025-12,CUST-01073,Identified,Online,Online Store,voided,unfulfilled,CAD,38.0,,0.0,12.0,6.5,56.5,0.0,0.0,1,1
#NW15946,2025-12-31 11:39:00,2025-12,CUST-00818,Identified,Online,Online Store,paid,fulfilled,CAD,126.0,,0.0,0.0,16.38,142.38,0.0,142.38,2,2
#NW15947,2025-12-14 09:21:00,2025-12,CUST-00637,Identified,Online,Online Store,paid,fulfilled,CAD,124.0,,0.0,12.0,17.68,153.68,0.0,153.68,3,2
#NW15948,2025-12-28 09:08:00,2025-12,CUST-01158,Identified,Online,Online Store,paid,fulfilled,CAD,256.0,,0.0,0.0,33.28,289.28,0.0,289.28,2,1
#NW15949,2025-12-14 11:06:00,2025-12,,Guest / Unidentified,POS,Northwood Toronto,paid,fulfilled,CAD,108.0,,0.0,0.0,14.04,122.04,0.0,122.04,1,1
#NW15950,2025-12-10 16:15:00,2025-12,,Guest / Unidentified,POS,Northwood Toronto,paid,fulfilled,CAD,100.0,,0.0,0.0,13.0,113.0,0.0,113.0,2,2
#NW15951,2025-12-17 14:18:00,2025-12,CUST-00063,Identified,POS,Northwood Toronto,paid,fulfilled,CAD,472.0,,0.0,0.0,61.36,533.36,0.0,533.36,4,4
#NW15952,2025-12-02 12:09:00,2025-12,CUST-01150,Identified,Online,Online Store,paid,fulfilled,CAD,362.0,,0.0,0.0,47.06,409.06,0.0,409.06,3,2
#NW15953,2025-12-08 19:33:00,2025-12,CUST-01124,Identified,Online,Online Store,paid,fulfilled,CAD,198.0,,0.0,0.0,25.74,223.74,0.0,223.74,1,1
#NW15954,2025-12-29 20:19:00,2025-12,CUST-00059,Identified,POS,Northwood Toronto,paid,fulfilled,CAD,28.0,,0.0,0.0,3.64,31.64,0.0,31.64,1,1
#NW15955,2025-12-05 11:24:00,2025-12,CUST-01024,Identified,Online,Online Store,paid,fulfilled,CAD,236.0,,0.0,0.0,30.68,266.68,0.0,266.68,2,2
#NW15956,2025-12-27 13:47:00,2025-12,CUST-02224,Identified,Online,Online Store,paid,fulfilled,CAD,506.0,SPRING10,50.6,0.0,59.2,514.6,0.0,514.6,4,4
#NW15957,2025-12-17 10:58:00,2025-12,CUST-02037,Identified,Online,Online Store,paid,fulfilled,CAD,496.0,,0.0,0.0,64.48,560.48,0.0,560.48,2,1
#NW15958,2025-12-26 13:19:00,2025-12,CUST-01915,Identified,Online,Online Store,paid,fulfilled,CAD,98.0,,0.0,12.0,14.3,124.3,0.0,124.3,1,1
#NW15959,2025-12-25 16:33:00,2025-12,CUST-02340,Identified,Online,Online Store,paid,fulfilled,CAD,200.0,,0.0,0.0,26.0,226.0,0.0,226.0,2,2
#NW15960,2025-12-29 20:00:00,2025-12,CUST-01617,Identified,Online,Online Store,paid,fulfilled,CAD,366.0,SPRING10,36.6,0.0,42.82,372.22,0.0,372.22,2,2
#NW15961,2025-12-15 17:02:00,2025-12,CUST-00159,Identified,Online,Online Store,partially_refunded,fulfilled,CAD,118.0,SPRING10,11.8,12.0,15.37,133.57,26.19,107.38,1,1
#NW15962,2025-12-29 21:46:00,2025-12,CUST-01124,Identified,Online,Online Store,paid,fulfilled,CAD,38.0,,0.0,12.0,6.5,56.5,0.0,56.5,1,1
#NW15963,2025-12-13 14:31:00,2025-12,CUST-01482,Identified,Online,Online Store,paid,fulfilled,CAD,38.0,,0.0,12.0,6.5,56.5,0.0,56.5,1,1
#NW15964,2025-12-18 21:43:00,2025-12,CUST-01101,Identified,Online,Online Store,paid,fulfilled,CAD,216.0,,0.0,0.0,28.08,244.08,0.0,244.08,2,2
#NW15965,2025-12-29 20:54:00,2025-12,CUST-01027,Identified,Online,Online Store,paid,fulfilled,CAD,262.0,,0.0,0.0,34.06,296.06,0.0,296.06,3,2
#NW15966,2025-12-11 09:17:00,2025-12,CUST-00051,Identified,POS,Northwood Toronto,paid,fulfilled,CAD,396.0,SPRING10,39.6,0.0,46.33,402.73,0.0,402.73,2,1
#NW15967,2025-12-26 17:52:00,2025-12,CUST-00510,Identified,Online,Online Store,paid,fulfilled,CAD,276.0,SPRING10,27.6,0.0,32.29,280.69,0.0,280.69,2,2
#NW15968,2025-12-01 11:29:00,2025-12,CUST-01258,Identified,Online,Online Store,paid,fulfilled,CAD,218.0,,0.0,0.0,28.34,246.34,0.0,246.34,1,1
#NW15969,2025-12-05 19:17:00,2025-12,CUST-02329,Identified,Online,Online Store,paid,fulfilled,CAD,32.0,,0.0,12.0,5.72,49.72,0.0,49.72,1,1
#NW15970,2025-12-20 19:41:00,2025-12,CUST-01266,Identified,Online,Online Store,paid,fulfilled,CAD,136.0,,0.0,0.0,17.68,153.68,0.0,153.68,2,1
#NW15971,2025-12-03 15:32:00,2025-12,CUST-01001,Identified,Online,Online Store,paid,fulfilled,CAD,98.0,,0.0,12.0,14.3,124.3,0.0,124.3,1,1
#NW15972,2025-12-07 11:48:00,2025-12,CUST-00094,Identified,POS,Northwood Toronto,paid,fulfilled,CAD,118.0,,0.0,0.0,15.34,133.34,0.0,133.34,1,1
#NW15973,2025-12-16 17:34:00,2025-12,CUST-01084,Identified,Online,Online Store,paid,fulfilled,CAD,374.0,,0.0,0.0,48.62,422.62,0.0,422.62,3,2
#NW15974,2025-12-25 16:50:00,2025-12,CUST-00733,Identified,Online,Online Store,paid,fulfilled,CAD,264.0,,0.0,0.0,34.32,298.32,0.0,298.32,3,3
#NW15975,2025-12-10 14:58:00,2025-12,CUST-01818,Identified,Online,Online Store,paid,fulfilled,CAD,316.0,,0.0,0.0,41.08,357.08,0.0,357.08,2,2
#NW15976,2025-12-10 17:54:00,2025-12,CUST-01896,Identified,Online,Online Store,paid,fulfilled,CAD,78.0,,0.0,12.0,11.7,101.7,0.0,101.7,1,1
#NW15977,2025-12-25 09:28:00,2025-12,CUST-00071,Identified,POS,Northwood Toronto,paid,fulfilled,CAD,530.0,,0.0,0.0,68.9,598.9,0.0,598.9,5,3
#NW15978,2025-12-11 10:53:00,2025-12,CUST-01802,Identified,Online,Online Store,refunded,fulfilled,CAD,108.0,FALL15,16.2,12.0,13.49,117.29,117.29,0.0,1,1
#NW15979,2025-12-05 21:26:00,2025-12,CUST-00315,Identified,POS,Northwood Toronto,paid,fulfilled,CAD,196.0,,0.0,0.0,25.48,221.48,0.0,221.48,2,1
#NW15980,2025-12-14 15:06:00,2025-12,CUST-00529,Identified,Online,Online Store,paid,fulfilled,CAD,128.0,,0.0,0.0,16.64,144.64,0.0,144.64,1,1
#NW15981,2025-12-10 19:08:00,2025-12,CUST-00991,Identified,Online,Online Store,paid,fulfilled,CAD,256.0,,0.0,0.0,33.28,289.28,0.0,289.28,2,1
#NW15982,2025-12-30 20:33:00,2025-12,CUST-01470,Identified,POS,Northwood Toronto,paid,fulfilled,CAD,118.0,,0.0,0.0,15.34,133.34,0.0,133.34,1,1
#NW15983,2025-12-03 17:43:00,2025-12,CUST-01371,Identified,Online,Online Store,paid,fulfilled,CAD,38.0,,0.0,12.0,6.5,56.5,0.0,56.5,1,1
#NW15984,2025-12-14 15:10:00,2025-12,CUST-02280,Identified,Online,Online Store,paid,fulfilled,CAD,188.0,,0.0,0.0,24.44,212.44,0.0,212.44,3,2
#NW15985,2025-12-09 09:56:00,2025-12,CUST-01479,Identified,Online,Online Store,paid,fulfilled,CAD,88.0,FALL15,13.2,12.0,11.28,98.08,0.0,98.08,1,1
#NW15986,2025-12-02 09:02:00,2025-12,CUST-01674,Identified,Online,Online Store,paid,fulfilled,CAD,354.0,FALL15,53.1,0.0,39.12,340.02,0.0,340.02,3,3
#NW15987,2025-12-25 18:10:00,2025-12,CUST-01027,Identified,Online,Online Store,paid,fulfilled,CAD,294.0,,0.0,0.0,38.22,332.22,0.0,332.22,3,3
#NW15988,2025-12-28 18:02:00,2025-12,CUST-00326,Identified,Online,Online Store,paid,fulfilled,CAD,68.0,,0.0,12.0,10.4,90.4,0.0,90.4,1,1
#NW15989,2025-12-15 13:26:00,2025-12,CUST-01133,Identified,Online,Online Store,paid,fulfilled,CAD,210.0,,0.0,0.0,27.3,237.3,0.0,237.3,2,2
#NW15990,2025-12-16 15:02:00,2025-12,,Guest / Unidentified,POS,Northwood Toronto,paid,fulfilled,CAD,256.0,,0.0,0.0,33.28,289.28,0.0,289.28,2,2
#NW15991,2025-12-25 15:55:00,2025-12,CUST-00641,Identified,Online,Online Store,paid,fulfilled,CAD,224.0,,0.0,0.0,29.12,253.12,0.0,253.12,3,2
#NW15992,2025-12-17 21:38:00,2025-12,CUST-00263,Identified,POS,Northwood Toronto,paid,fulfilled,CAD,248.0,,0.0,0.0,32.24,280.24,0.0,280.24,1,1
#NW15993,2025-12-07 10:09:00,2025-12,CUST-01805,Identified,Online,Online Store,paid,fulfilled,CAD,28.0,,0.0,12.0,5.2,45.2,0.0,45.2,1,1
#NW15994,2025-12-24 11:17:00,2025-12,CUST-00329,Identified,Online,Online Store,paid,fulfilled,CAD,270.0,,0.0,0.0,35.1,305.1,0.0,305.1,2,2
#NW15995,2025-12-25 21:29:00,2025-12,CUST-01057,Identified,Online,Online Store,paid,fulfilled,CAD,256.0,,0.0,0.0,33.28,289.28,0.0,289.28,2,1
#NW15996,2025-12-30 16:00:00,2025-12,CUST-02254,Identified,POS,Northwood Toronto,paid,fulfilled,CAD,88.0,,0.0,0.0,11.44,99.44,0.0,99.44,1,1
#NW15997,2025-12-26 14:11:00,2025-12,CUST-01055,Identified,Online,Online Store,paid,fulfilled,CAD,32.0,,0.0,12.0,5.72,49.72,0.0,49.72,1,1
#NW15998,2025-12-23 09:24:00,2025-12,,Guest / Unidentified,POS,Northwood Toronto,paid,fulfilled,CAD,534.0,,0.0,0.0,69.42,603.42,0.0,603.42,3,2
#NW15999,2025-12-05 12:03:00,2025-12,CUST-01887,Identified,Online,Online Store,paid,fulfilled,CAD,280.0,,0.0,0.0,36.4,316.4,0.0,316.4,2,2
#NW16000,2025-12-09 10:14:00,2025-12,CUST-02028,Identified,Online,Online Store,paid,fulfilled,CAD,158.0,FALL15,23.7,0.0,17.46,151.76,0.0,151.76,1,1
#NW16001,2025-12-16 14:33:00,2025-12,,Guest / Unidentified,POS,Northwood Toronto,paid,fulfilled,CAD,248.0,,0.0,0.0,32.24,280.24,0.0,280.24,1,1
#NW16002,2025-12-17 15:02:00,2025-12,CUST-00932,Identified,Online,Online Store,paid,fulfilled,CAD,128.0,,0.0,0.0,16.64,144.64,0.0,144.64,1,1
#NW16003,2025-12-31 12:06:00,2025-12,CUST-00844,Identified,Online,Online Store,paid,fulfilled,CAD,248.0,,0.0,0.0,32.24,280.24,0.0,280.24,1,1
#NW16004,2025-12-22 21:03:00,2025-12,CUST-00715,Identified,Online,Online Store,paid,fulfilled,CAD,198.0,,0.0,0.0,25.74,223.74,0.0,223.74,1,1
#NW16005,2025-12-14 10:22:00,2025-12,CUST-00182,Identified,Online,Online Store,paid,fulfilled,CAD,218.0,,0.0,0.0,28.34,246.34,0.0,246.34,1,1
#NW16006,2025-12-30 21:30:00,2025-12,CUST-01126,Identified,Online,Online Store,paid,fulfilled,CAD,326.0,,0.0,0.0,42.38,368.38,0.0,368.38,4,4
#NW16007,2025-12-18 12:51:00,2025-12,CUST-00204,Identified,Online,Online Store,paid,fulfilled,CAD,150.0,,0.0,0.0,19.5,169.5,0.0,169.5,2,2
#NW16008,2025-12-09 12:54:00,2025-12,CUST-00954,Identified,POS,Northwood Toronto,paid,fulfilled,CAD,136.0,,0.0,0.0,17.68,153.68,0.0,153.68,2,1
#NW16009,2025-12-18 19:13:00,2025-12,CUST-00469,Identified,POS,Northwood Toronto,paid,fulfilled,CAD,206.0,,0.0,0.0,26.78,232.78,0.0,232.78,2,2
#NW16010,2025-12-24 18:30:00,2025-12,CUST-00158,Identified,Online,Online Store,paid,fulfilled,CAD,88.0,FALL15,13.2,12.0,11.28,98.08,0.0,98.08,1,1
#NW16011,2025-12-01 12:32:00,2025-12,CUST-00755,Identified,Online,Online Store,paid,fulfilled,CAD,388.0,,0.0,0.0,50.44,438.44,0.0,438.44,5,3
#NW16012,2025-12-15 21:23:00,2025-12,CUST-02184,Identified,Online,Online Store,paid,fulfilled,CAD,216.0,,0.0,0.0,28.08,244.08,0.0,244.08,2,1
#NW16013,2025-12-16 13:52:00,2025-12,CUST-02076,Identified,Online,Online Store,paid,fulfilled,CAD,158.0,,0.0,0.0,20.54,178.54,0.0,178.54,1,1
#NW16014,2025-12-01 19:18:00,2025-12,CUST-01804,Identified,Online,Online Store,paid,fulfilled,CAD,354.0,WELCOME10,35.4,0.0,41.42,360.02,0.0,360.02,3,2
#NW16015,2025-12-13 18:11:00,2025-12,CUST-00421,Identified,POS,Northwood Toronto,paid,fulfilled,CAD,236.0,,0.0,0.0,30.68,266.68,0.0,266.68,2,1
#NW16016,2025-12-26 11:04:00,2025-12,CUST-01300,Identified,Online,Online Store,paid,fulfilled,CAD,218.0,,0.0,0.0,28.34,246.34,0.0,246.34,1,1
#NW16017,2025-12-02 20:38:00,2025-12,CUST-00791,Identified,POS,Northwood Toronto,paid,fulfilled,CAD,248.0,,0.0,0.0,32.24,280.24,0.0,280.24,1,1
#NW16018,2025-12-31 14:13:00,2025-12,CUST-02267,Identified,POS,Northwood Toronto,paid,fulfilled,CAD,496.0,,0.0,0.0,64.48,560.48,0.0,560.48,2,1
#NW16019,2025-12-23 18:43:00,2025-12,CUST-00934,Identified,Online,Online Store,paid,fulfilled,CAD,186.0,,0.0,0.0,24.18,210.18,0.0,210.18,2,2
#NW16020,2025-12-22 14:41:00,2025-12,CUST-00155,Identified,Online,Online Store,paid,fulfilled,CAD,76.0,,0.0,12.0,11.44,99.44,0.0,99.44,2,1
#NW16021,2025-12-15 14:25:00,2025-12,CUST-01062,Identified,Online,Online Store,paid,fulfilled,CAD,42.0,,0.0,12.0,7.02,61.02,0.0,61.02,1,1
#NW16022,2025-12-07 13:27:00,2025-12,CUST-01055,Identified,Online,Online Store,paid,fulfilled,CAD,108.0,,0.0,12.0,15.6,135.6,0.0,135.6,1,1
#NW16023,2025-12-19 10:31:00,2025-12,CUST-02161,Identified,Online,Online Store,paid,fulfilled,CAD,112.0,,0.0,12.0,16.12,140.12,0.0,140.12,1,1
#NW16024,2025-12-28 12:08:00,2025-12,CUST-01261,Identified,Online,Online Store,partially_refunded,fulfilled,CAD,496.0,,0.0,0.0,64.48,560.48,148.08,412.4,2,1
#NW16025,2025-12-06 16:51:00,2025-12,CUST-00667,Identified,Online,Online Store,paid,fulfilled,CAD,42.0,,0.0,12.0,7.02,61.02,0.0,61.02,1,1
#NW16026,2025-12-27 18:17:00,2025-12,CUST-01448,Identified,Online,Online Store,paid,fulfilled,CAD,198.0,,0.0,0.0,25.74,223.74,0.0,223.74,1,1
#NW16027,2025-12-25 14:25:00,2025-12,CUST-02214,Identified,Online,Online Store,paid,fulfilled,CAD,170.0,,0.0,0.0,22.1,192.1,0.0,192.1,2,2
#NW16028,2025-12-07 15:53:00,2025-12,CUST-00537,Identified,Online,Online Store,paid,fulfilled,CAD,28.0,,0.0,12.0,5.2,45.2,0.0,45.2,1,1
#NW16029,2025-12-21 16:14:00,2025-12,CUST-00184,Identified,Online,Online Store,paid,fulfilled,CAD,42.0,,0.0,12.0,7.02,61.02,0.0,61.02,1,1
#NW16030,2025-12-16 11:27:00,2025-12,CUST-00962,Identified,Online,Online Store,paid,fulfilled,CAD,292.0,,0.0,0.0,37.96,329.96,0.0,329.96,4,3
#NW16031,2025-12-16 16:38:00,2025-12,CUST-01433,Identified,Online,Online Store,paid,fulfilled,CAD,176.0,WELCOME10,17.6,0.0,20.59,178.99,0.0,178.99,2,1
#NW16032,2025-12-15 14:35:00,2025-12,CUST-00448,Identified,Online,Online Store,paid,fulfilled,CAD,38.0,,0.0,12.0,6.5,56.5,0.0,56.5,1,1
#NW16033,2025-12-01 15:13:00,2025-12,CUST-00318,Identified,Online,Online Store,paid,fulfilled,CAD,444.0,,0.0,0.0,57.72,501.72,0.0,501.72,3,3
#NW16034,2025-12-12 15:20:00,2025-12,CUST-01547,Identified,Online,Online Store,paid,fulfilled,CAD,414.0,,0.0,0.0,53.82,467.82,0.0,467.82,3,3
#NW16035,2025-12-09 11:17:00,2025-12,CUST-01818,Identified,Online,Online Store,paid,fulfilled,CAD,88.0,SPRING10,8.8,12.0,11.86,103.06,0.0,103.06,1,1
#NW16036,2025-12-22 14:08:00,2025-12,CUST-00464,Identified,Online,Online Store,paid,fulfilled,CAD,538.0,,0.0,0.0,69.94,607.94,0.0,607.94,3,2
#NW16037,2025-12-26 16:29:00,2025-12,CUST-02094,Identified,Online,Online Store,paid,fulfilled,CAD,248.0,,0.0,0.0,32.24,280.24,0.0,280.24,1,1
#NW16038,2025-12-14 14:33:00,2025-12,CUST-00318,Identified,POS,Northwood Toronto,paid,fulfilled,CAD,634.0,,0.0,0.0,82.42,716.42,0.0,716.42,3,2
#NW16039,2025-12-27 12:06:00,2025-12,CUST-00971,Identified,Online,Online Store,paid,fulfilled,CAD,88.0,,0.0,12.0,13.0,113.0,0.0,113.0,1,1
#NW16040,2025-12-06 13:31:00,2025-12,CUST-00836,Identified,Online,Online Store,paid,fulfilled,CAD,496.0,,0.0,0.0,64.48,560.48,0.0,560.48,2,1
#NW16041,2025-12-18 19:17:00,2025-12,CUST-01599,Identified,Online,Online Store,paid,fulfilled,CAD,636.0,,0.0,0.0,82.68,718.68,0.0,718.68,4,4
#NW16042,2025-12-16 21:43:00,2025-12,CUST-02337,Identified,Online,Online Store,paid,fulfilled,CAD,38.0,,0.0,12.0,6.5,56.5,0.0,56.5,1,1
#NW16043,2025-12-17 17:41:00,2025-12,CUST-01522,Identified,Online,Online Store,paid,fulfilled,CAD,136.0,FALL15,20.4,0.0,15.03,130.63,0.0,130.63,2,2
#NW16044,2025-12-15 21:22:00,2025-12,CUST-01704,Identified,Online,Online Store,paid,fulfilled,CAD,320.0,,0.0,0.0,41.6,361.6,0.0,361.6,2,2
#NW16045,2025-12-12 14:27:00,2025-12,CUST-00293,Identified,Online,Online Store,paid,fulfilled,CAD,98.0,,0.0,12.0,14.3,124.3,0.0,124.3,1,1
#NW16046,2025-12-23 16:23:00,2025-12,CUST-01747,Identified,Online,Online Store,paid,fulfilled,CAD,354.0,,0.0,0.0,46.02,400.02,0.0,400.02,3,2
#NW16047,2025-12-10 17:11:00,2025-12,CUST-01160,Identified,Online,Online Store,paid,fulfilled,CAD,246.0,,0.0,0.0,31.98,277.98,0.0,277.98,2,2
#NW16048,2025-12-22 16:59:00,2025-12,CUST-00587,Identified,Online,Online Store,paid,fulfilled,CAD,32.0,,0.0,12.0,5.72,49.72,0.0,49.72,1,1
#NW16049,2025-12-08 16:12:00,2025-12,CUST-00102,Identified,POS,Northwood Toronto,paid,fulfilled,CAD,316.0,,0.0,0.0,41.08,357.08,0.0,357.08,2,1
#NW16050,2025-12-09 17:14:00,2025-12,CUST-02060,Identified,Online,Online Store,paid,fulfilled,CAD,144.0,,0.0,0.0,18.72,162.72,0.0,162.72,2,1
#NW16051,2025-12-20 19:45:00,2025-12,CUST-01476,Identified,POS,Northwood Toronto,paid,fulfilled,CAD,316.0,SPRING10,31.6,0.0,36.97,321.37,0.0,321.37,2,2
#NW16052,2025-12-31 11:27:00,2025-12,CUST-01373,Identified,Online,Online Store,paid,fulfilled,CAD,316.0,,0.0,0.0,41.08,357.08,0.0,357.08,2,2
#NW16053,2025-12-23 18:23:00,2025-12,CUST-01672,Identified,POS,Northwood Toronto,paid,fulfilled,CAD,356.0,FALL15,53.4,0.0,39.34,341.94,0.0,341.94,2,2
#NW16054,2025-12-28 21:04:00,2025-12,CUST-01238,Identified,Online,Online Store,paid,fulfilled,CAD,216.0,,0.0,0.0,28.08,244.08,0.0,244.08,2,1
#NW16055,2025-12-09 17:33:00,2025-12,CUST-01535,Identified,POS,Northwood Toronto,paid,fulfilled,CAD,118.0,,0.0,0.0,15.34,133.34,0.0,133.34,1,1
#NW16056,2025-12-23 18:01:00,2025-12,CUST-00650,Identified,Online,Online Store,paid,fulfilled,CAD,344.0,,0.0,0.0,44.72,388.72,0.0,388.72,3,2
#NW16057,2025-12-25 17:25:00,2025-12,CUST-01205,Identified,Online,Online Store,partially_refunded,fulfilled,CAD,248.0,WELCOME10,24.8,0.0,29.02,252.22,119.96,132.26,1,1
#NW16058,2025-12-19 11:49:00,2025-12,CUST-00770,Identified,POS,Northwood Toronto,paid,fulfilled,CAD,226.0,,0.0,0.0,29.38,255.38,0.0,255.38,2,2
#NW16059,2025-12-23 16:18:00,2025-12,CUST-00128,Identified,Online,Online Store,paid,fulfilled,CAD,620.0,,0.0,0.0,80.6,700.6,0.0,700.6,5,3
#NW16060,2025-12-03 18:20:00,2025-12,CUST-00657,Identified,Online,Online Store,paid,fulfilled,CAD,98.0,,0.0,12.0,14.3,124.3,0.0,124.3,1,1
#NW16061,2025-12-12 14:19:00,2025-12,CUST-01069,Identified,Online,Online Store,paid,fulfilled,CAD,108.0,,0.0,12.0,15.6,135.6,0.0,135.6,1,1
#NW16062,2025-12-07 14:05:00,2025-12,CUST-01540,Identified,Online,Online Store,paid,fulfilled,CAD,158.0,,0.0,0.0,20.54,178.54,0.0,178.54,1,1
#NW16063,2025-12-21 14:32:00,2025-12,CUST-01192,Identified,Online,Online Store,paid,fulfilled,CAD,88.0,,0.0,12.0,13.0,113.0,0.0,113.0,1,1
#NW16064,2025-12-21 21:02:00,2025-12,CUST-00615,Identified,Online,Online Store,paid,fulfilled,CAD,66.0,,0.0,12.0,10.14,88.14,0.0,88.14,2,2
#NW16065,2025-12-26 18:49:00,2025-12,CUST-01172,Identified,POS,Northwood Toronto,paid,fulfilled,CAD,272.0,,0.0,0.0,35.36,307.36,0.0,307.36,4,2
#NW16066,2025-12-24 12:47:00,2025-12,,Guest / Unidentified,POS,Northwood Toronto,paid,fulfilled,CAD,128.0,WELCOME10,12.8,0.0,14.98,130.18,0.0,130.18,1,1
#NW16067,2025-12-20 10:06:00,2025-12,CUST-01951,Identified,Online,Online Store,paid,fulfilled,CAD,124.0,,0.0,12.0,17.68,153.68,0.0,153.68,3,2
#NW16068,2025-12-28 14:44:00,2025-12,CUST-00436,Identified,Online,Online Store,paid,fulfilled,CAD,246.0,,0.0,0.0,31.98,277.98,0.0,277.98,2,2
#NW16069,2025-12-19 17:28:00,2025-12,CUST-00867,Identified,Online,Online Store,paid,fulfilled,CAD,332.0,,0.0,0.0,43.16,375.16,0.0,375.16,4,2
#NW16070,2025-12-12 13:16:00,2025-12,CUST-01283,Identified,Online,Online Store,paid,fulfilled,CAD,434.0,,0.0,0.0,56.42,490.42,0.0,490.42,3,2
#NW16071,2025-12-25 13:38:00,2025-12,CUST-02093,Identified,Online,Online Store,paid,fulfilled,CAD,248.0,,0.0,0.0,32.24,280.24,0.0,280.24,1,1
#NW16072,2025-12-23 19:06:00,2025-12,CUST-02082,Identified,POS,Northwood Toronto,paid,fulfilled,CAD,396.0,,0.0,0.0,51.48,447.48,0.0,447.48,2,1
#NW16073,2025-12-29 09:08:00,2025-12,CUST-02087,Identified,POS,Northwood Toronto,paid,fulfilled,CAD,652.0,FALL15,97.8,0.0,72.05,626.25,0.0,626.25,4,2
#NW16074,2025-12-26 12:05:00,2025-12,CUST-01410,Identified,POS,Northwood Toronto,paid,fulfilled,CAD,128.0,HOLIDAY15,19.2,0.0,14.14,122.94,0.0,122.94,1,1
#NW16075,2025-12-31 18:15:00,2025-12,CUST-00881,Identified,Online,Online Store,paid,fulfilled,CAD,198.0,,0.0,0.0,25.74,223.74,0.0,223.74,1,1
#NW16076,2025-12-16 20:53:00,2025-12,CUST-01552,Identified,Online,Online Store,paid,fulfilled,CAD,178.0,,0.0,0.0,23.14,201.14,0.0,201.14,3,3
#NW16077,2025-12-03 16:04:00,2025-12,CUST-00134,Identified,Online,Online Store,voided,unfulfilled,CAD,68.0,,0.0,12.0,10.4,90.4,0.0,0.0,1,1
#NW16078,2025-12-07 18:18:00,2025-12,CUST-00615,Identified,Online,Online Store,paid,fulfilled,CAD,48.0,,0.0,12.0,7.8,67.8,0.0,67.8,1,1
#NW16079,2025-12-13 12:14:00,2025-12,CUST-01073,Identified,Online,Online Store,paid,fulfilled,CAD,206.0,,0.0,0.0,26.78,232.78,0.0,232.78,2,2
#NW16080,2025-12-30 21:10:00,2025-12,CUST-00322,Identified,Online,Online Store,partially_refunded,fulfilled,CAD,346.0,,0.0,0.0,44.98,390.98,200.34,190.64000000000001,2,2
#NW16081,2025-12-19 17:59:00,2025-12,CUST-00317,Identified,Online,Online Store,paid,fulfilled,CAD,178.0,,0.0,0.0,23.14,201.14,0.0,201.14,3,2
#NW16082,2025-12-16 09:05:00,2025-12,CUST-00920,Identified,POS,Northwood Toronto,paid,fulfilled,CAD,124.0,,0.0,0.0,16.12,140.12,0.0,140.12,3,2
#NW16083,2025-12-31 10:08:00,2025-12,CUST-02119,Identified,Online,Online Store,paid,fulfilled,CAD,156.0,,0.0,0.0,20.28,176.28,0.0,176.28,2,1
#NW16084,2025-12-15 20:38:00,2025-12,CUST-02063,Identified,Online,Online Store,paid,fulfilled,CAD,128.0,,0.0,0.0,16.64,144.64,0.0,144.64,1,1
#NW16085,2025-12-05 16:18:00,2025-12,CUST-02246,Identified,Online,Online Store,paid,fulfilled,CAD,514.0,,0.0,0.0,66.82,580.82,0.0,580.82,3,2
#NW16086,2025-12-21 10:40:00,2025-12,CUST-01713,Identified,Online,Online Store,paid,fulfilled,CAD,68.0,,0.0,12.0,10.4,90.4,0.0,90.4,1,1
#NW16087,2025-12-07 21:54:00,2025-12,CUST-00119,Identified,Online,Online Store,paid,fulfilled,CAD,436.0,,0.0,0.0,56.68,492.68,0.0,492.68,2,1
#NW16088,2025-12-16 20:07:00,2025-12,CUST-00882,Identified,Online,Online Store,paid,fulfilled,CAD,508.0,SPRING10,50.8,0.0,59.44,516.64,0.0,516.64,3,2
#NW16089,2025-12-09 10:09:00,2025-12,CUST-00497,Identified,Online,Online Store,paid,fulfilled,CAD,106.0,,0.0,12.0,15.34,133.34,0.0,133.34,2,2
#NW16090,2025-12-09 14:23:00,2025-12,CUST-02162,Identified,Online,Online Store,paid,fulfilled,CAD,38.0,,0.0,12.0,6.5,56.5,0.0,56.5,1,1
#NW16091,2025-12-20 14:06:00,2025-12,CUST-01176,Identified,Online,Online Store,paid,fulfilled,CAD,58.0,,0.0,12.0,9.1,79.1,0.0,79.1,1,1
#NW16092,2025-12-23 18:39:00,2025-12,CUST-00211,Identified,Online,Online Store,paid,fulfilled,CAD,232.0,,0.0,0.0,30.16,262.16,0.0,262.16,4,3
#NW16093,2025-12-27 12:24:00,2025-12,CUST-01935,Identified,Online,Online Store,paid,fulfilled,CAD,198.0,,0.0,0.0,25.74,223.74,0.0,223.74,1,1
#NW16094,2025-12-31 16:29:00,2025-12,CUST-00545,Identified,Online,Online Store,paid,fulfilled,CAD,248.0,,0.0,0.0,32.24,280.24,0.0,280.24,1,1
#NW16095,2025-12-20 18:36:00,2025-12,CUST-01815,Identified,Online,Online Store,paid,fulfilled,CAD,124.0,,0.0,12.0,17.68,153.68,0.0,153.68,3,2
#NW16096,2025-12-05 10:20:00,2025-12,CUST-02132,Identified,Online,Online Store,partially_refunded,fulfilled,CAD,276.0,,0.0,0.0,35.88,311.88,108.62,203.26,2,2
#NW16097,2025-12-01 21:12:00,2025-12,CUST-01807,Identified,Online,Online Store,paid,fulfilled,CAD,140.0,,0.0,0.0,18.2,158.2,0.0,158.2,2,2
#NW16098,2025-12-12 19:59:00,2025-12,CUST-00116,Identified,POS,Northwood Toronto,paid,fulfilled,CAD,28.0,,0.0,0.0,3.64,31.64,0.0,31.64,1,1
#NW16099,2025-12-07 19:55:00,2025-12,CUST-01103,Identified,Online,Online Store,paid,fulfilled,CAD,242.0,,0.0,0.0,31.46,273.46,0.0,273.46,3,2
#NW16100,2025-12-08 15:44:00,2025-12,CUST-00608,Identified,Online,Online Store,paid,fulfilled,CAD,366.0,,0.0,0.0,47.58,413.58,0.0,413.58,2,2
#NW16101,2025-12-30 15:54:00,2025-12,CUST-00094,Identified,Online,Online Store,paid,fulfilled,CAD,772.0,,0.0,0.0,100.36,872.36,0.0,872.36,4,3
#NW16102,2025-12-28 14:34:00,2025-12,CUST-00137,Identified,POS,Northwood Toronto,paid,fulfilled,CAD,684.0,,0.0,0.0,88.92,772.92,0.0,772.92,5,3
#NW16103,2025-12-20 13:49:00,2025-12,CUST-01201,Identified,Online,Online Store,paid,fulfilled,CAD,236.0,,0.0,0.0,30.68,266.68,0.0,266.68,2,1
#NW16104,2025-12-27 15:17:00,2025-12,CUST-01316,Identified,Online,Online Store,paid,fulfilled,CAD,198.0,WELCOME10,19.8,0.0,23.17,201.37,0.0,201.37,1,1
#NW16105,2025-12-12 18:14:00,2025-12,CUST-01000,Identified,Online,Online Store,paid,fulfilled,CAD,218.0,,0.0,0.0,28.34,246.34,0.0,246.34,1,1
#NW16106,2025-12-04 19:35:00,2025-12,CUST-02195,Identified,Online,Online Store,paid,fulfilled,CAD,158.0,SPRING10,15.8,0.0,18.49,160.69,0.0,160.69,1,1
#NW16107,2025-12-27 13:37:00,2025-12,CUST-00489,Identified,Online,Online Store,paid,fulfilled,CAD,42.0,,0.0,12.0,7.02,61.02,0.0,61.02,1,1
#NW16108,2025-12-26 09:25:00,2025-12,CUST-01483,Identified,POS,Northwood Toronto,paid,fulfilled,CAD,218.0,,0.0,0.0,28.34,246.34,0.0,246.34,1,1
#NW16109,2025-12-28 12:34:00,2025-12,CUST-01120,Identified,Online,Online Store,paid,fulfilled,CAD,118.0,HOLIDAY15,17.7,12.0,14.6,126.9,0.0,126.9,3,3
#NW16110,2025-12-04 10:11:00,2025-12,CUST-01868,Identified,Online,Online Store,paid,fulfilled,CAD,580.0,,0.0,0.0,75.4,655.4,0.0,655.4,5,3
#NW16111,2025-12-14 09:55:00,2025-12,CUST-01290,Identified,Online,Online Store,paid,fulfilled,CAD,68.0,,0.0,12.0,10.4,90.4,0.0,90.4,1,1
#NW16112,2025-12-06 21:21:00,2025-12,CUST-00473,Identified,Online,Online Store,paid,fulfilled,CAD,106.0,,0.0,12.0,15.34,133.34,0.0,133.34,2,2
#NW16113,2025-12-28 20:26:00,2025-12,CUST-00988,Identified,Online,Online Store,paid,fulfilled,CAD,474.0,,0.0,0.0,61.62,535.62,0.0,535.62,3,2
#NW16114,2025-12-17 18:51:00,2025-12,CUST-01823,Identified,Online,Online Store,paid,fulfilled,CAD,158.0,FALL15,23.7,0.0,17.46,151.76,0.0,151.76,1,1
#NW16115,2025-12-10 20:00:00,2025-12,CUST-00184,Identified,Online,Online Store,paid,fulfilled,CAD,1044.0,,0.0,0.0,135.72,1179.72,0.0,1179.72,5,4
#NW16116,2025-12-30 15:48:00,2025-12,CUST-01680,Identified,Online,Online Store,paid,fulfilled,CAD,120.0,,0.0,12.0,17.16,149.16,0.0,149.16,2,2
#NW16117,2025-12-01 09:02:00,2025-12,CUST-01483,Identified,Online,Online Store,paid,fulfilled,CAD,266.0,,0.0,0.0,34.58,300.58,0.0,300.58,2,2
#NW16118,2025-12-16 09:29:00,2025-12,CUST-01661,Identified,Online,Online Store,paid,fulfilled,CAD,216.0,,0.0,0.0,28.08,244.08,0.0,244.08,2,1
#NW16119,2025-12-10 18:35:00,2025-12,CUST-01442,Identified,Online,Online Store,paid,fulfilled,CAD,248.0,SPRING10,24.8,0.0,29.02,252.22,0.0,252.22,1,1
#NW16120,2025-12-12 10:35:00,2025-12,CUST-02261,Identified,Online,Online Store,paid,fulfilled,CAD,128.0,,0.0,0.0,16.64,144.64,0.0,144.64,1,1
#NW16121,2025-12-22 19:23:00,2025-12,CUST-02185,Identified,Online,Online Store,paid,fulfilled,CAD,58.0,,0.0,12.0,9.1,79.1,0.0,79.1,1,1
#NW16122,2025-12-18 14:05:00,2025-12,CUST-00314,Identified,Online,Online Store,paid,fulfilled,CAD,218.0,WELCOME10,21.8,0.0,25.51,221.71,0.0,221.71,1,1
#NW16123,2025-12-02 16:10:00,2025-12,CUST-02052,Identified,Online,Online Store,paid,fulfilled,CAD,128.0,,0.0,0.0,16.64,144.64,0.0,144.64,1,1
#NW16124,2025-12-20 13:03:00,2025-12,CUST-01484,Identified,Online,Online Store,paid,fulfilled,CAD,236.0,,0.0,0.0,30.68,266.68,0.0,266.68,2,2
#NW16125,2025-12-05 20:47:00,2025-12,CUST-00396,Identified,Online,Online Store,paid,fulfilled,CAD,256.0,,0.0,0.0,33.28,289.28,0.0,289.28,2,1
#NW16126,2025-12-17 16:19:00,2025-12,CUST-01984,Identified,Online,Online Store,paid,fulfilled,CAD,224.0,,0.0,0.0,29.12,253.12,0.0,253.12,2,1
#NW16127,2025-12-02 16:54:00,2025-12,CUST-01643,Identified,Online,Online Store,paid,fulfilled,CAD,692.0,SPRING10,69.2,0.0,80.96,703.76,0.0,703.76,4,3
#NW16128,2025-12-27 11:53:00,2025-12,CUST-01678,Identified,Online,Online Store,paid,fulfilled,CAD,158.0,,0.0,0.0,20.54,178.54,0.0,178.54,1,1
#NW16129,2025-12-07 17:57:00,2025-12,CUST-00057,Identified,POS,Northwood Toronto,paid,fulfilled,CAD,666.0,,0.0,0.0,86.58,752.58,0.0,752.58,4,3
#NW16130,2025-12-19 12:15:00,2025-12,CUST-01716,Identified,Online,Online Store,paid,fulfilled,CAD,1266.0,,0.0,0.0,164.58,1430.58,0.0,1430.58,7,4
#NW16131,2025-12-17 12:13:00,2025-12,CUST-00942,Identified,POS,Northwood Toronto,voided,unfulfilled,CAD,316.0,,0.0,0.0,41.08,357.08,0.0,0.0,2,1
#NW16132,2025-12-06 16:50:00,2025-12,CUST-01024,Identified,Online,Online Store,paid,fulfilled,CAD,236.0,,0.0,0.0,30.68,266.68,0.0,266.68,2,2
#NW16133,2025-12-08 20:56:00,2025-12,CUST-01489,Identified,Online,Online Store,paid,fulfilled,CAD,96.0,,0.0,12.0,14.04,122.04,0.0,122.04,2,1
#NW16134,2025-12-30 16:38:00,2025-12,CUST-00514,Identified,Online,Online Store,paid,fulfilled,CAD,58.0,,0.0,12.0,9.1,79.1,0.0,79.1,1,1
#NW16135,2025-12-08 17:31:00,2025-12,CUST-00532,Identified,POS,Northwood Toronto,paid,fulfilled,CAD,42.0,,0.0,0.0,5.46,47.46,0.0,47.46,1,1
#NW16136,2025-12-20 12:18:00,2025-12,CUST-02203,Identified,Online,Online Store,paid,fulfilled,CAD,198.0,,0.0,0.0,25.74,223.74,0.0,223.74,1,1
#NW16137,2025-12-12 20:43:00,2025-12,CUST-01004,Identified,Online,Online Store,paid,fulfilled,CAD,38.0,,0.0,12.0,6.5,56.5,0.0,56.5,1,1
#NW16138,2025-12-18 19:36:00,2025-12,CUST-01670,Identified,Online,Online Store,paid,fulfilled,CAD,336.0,,0.0,0.0,43.68,379.68,0.0,379.68,2,2
#NW16139,2025-12-05 17:40:00,2025-12,CUST-00566,Identified,Online,Online Store,paid,fulfilled,CAD,160.0,,0.0,0.0,20.8,180.8,0.0,180.8,2,2
#NW16140,2025-12-15 18:51:00,2025-12,CUST-01067,Identified,Online,Online Store,paid,fulfilled,CAD,388.0,,0.0,0.0,50.44,438.44,0.0,438.44,3,3
#NW16141,2025-12-26 14:19:00,2025-12,CUST-01176,Identified,Online,Online Store,paid,fulfilled,CAD,72.0,,0.0,12.0,10.92,94.92,0.0,94.92,1,1
#NW16142,2025-12-09 14:36:00,2025-12,CUST-01400,Identified,Online,Online Store,paid,fulfilled,CAD,316.0,,0.0,0.0,41.08,357.08,0.0,357.08,2,1
#NW16143,2025-12-29 12:32:00,2025-12,CUST-01286,Identified,Online,Online Store,paid,fulfilled,CAD,524.0,,0.0,0.0,68.12,592.12,0.0,592.12,3,2
#NW16144,2025-12-30 16:51:00,2025-12,CUST-00484,Identified,Online,Online Store,paid,fulfilled,CAD,42.0,,0.0,12.0,7.02,61.02,0.0,61.02,1,1
#NW16145,2025-12-29 11:39:00,2025-12,CUST-00334,Identified,Online,Online Store,paid,fulfilled,CAD,198.0,,0.0,0.0,25.74,223.74,0.0,223.74,1,1
#NW16146,2025-12-09 09:21:00,2025-12,CUST-01674,Identified,Online,Online Store,paid,fulfilled,CAD,128.0,,0.0,0.0,16.64,144.64,0.0,144.64,1,1
#NW16147,2025-12-02 11:51:00,2025-12,CUST-01725,Identified,Online,Online Store,paid,fulfilled,CAD,432.0,,0.0,0.0,56.16,488.16,0.0,488.16,4,3
#NW16148,2025-12-02 14:35:00,2025-12,CUST-02317,Identified,Online,Online Store,paid,fulfilled,CAD,346.0,,0.0,0.0,44.98,390.98,0.0,390.98,2,2
#NW16149,2025-12-20 20:51:00,2025-12,CUST-00608,Identified,Online,Online Store,paid,fulfilled,CAD,176.0,,0.0,0.0,22.88,198.88,0.0,198.88,2,1
#NW16150,2025-12-25 21:58:00,2025-12,CUST-02025,Identified,POS,Northwood Toronto,paid,fulfilled,CAD,78.0,,0.0,0.0,10.14,88.14,0.0,88.14,1,1
#NW16151,2025-12-12 16:49:00,2025-12,CUST-00812,Identified,Online,Online Store,paid,fulfilled,CAD,268.0,,0.0,0.0,34.84,302.84,0.0,302.84,3,2
#NW16152,2025-12-02 14:29:00,2025-12,CUST-01451,Identified,Online,Online Store,paid,fulfilled,CAD,286.0,,0.0,0.0,37.18,323.18,0.0,323.18,2,2
#NW16153,2025-12-26 21:20:00,2025-12,CUST-00737,Identified,Online,Online Store,paid,fulfilled,CAD,514.0,,0.0,0.0,66.82,580.82,0.0,580.82,3,3
#NW16154,2025-12-13 12:41:00,2025-12,CUST-00054,Identified,POS,Northwood Toronto,paid,fulfilled,CAD,28.0,,0.0,0.0,3.64,31.64,0.0,31.64,1,1
#NW16155,2025-12-26 18:02:00,2025-12,CUST-00994,Identified,Online,Online Store,paid,fulfilled,CAD,68.0,,0.0,12.0,10.4,90.4,0.0,90.4,1,1
#NW16156,2025-12-09 15:01:00,2025-12,CUST-01071,Identified,Online,Online Store,paid,fulfilled,CAD,218.0,,0.0,0.0,28.34,246.34,0.0,246.34,1,1
#NW16157,2025-12-16 12:54:00,2025-12,CUST-00684,Identified,Online,Online Store,paid,fulfilled,CAD,316.0,,0.0,0.0,41.08,357.08,0.0,357.08,2,1
#NW16158,2025-12-28 17:47:00,2025-12,CUST-00648,Identified,Online,Online Store,paid,fulfilled,CAD,516.0,,0.0,0.0,67.08,583.08,0.0,583.08,4,3
#NW16159,2025-12-07 09:16:00,2025-12,CUST-01715,Identified,Online,Online Store,paid,fulfilled,CAD,286.0,,0.0,0.0,37.18,323.18,0.0,323.18,2,2
#NW16160,2025-12-17 18:17:00,2025-12,CUST-00118,Identified,Online,Online Store,paid,fulfilled,CAD,474.0,,0.0,0.0,61.62,535.62,0.0,535.62,3,2
#NW16161,2025-12-27 18:30:00,2025-12,CUST-01449,Identified,Online,Online Store,paid,fulfilled,CAD,128.0,,0.0,0.0,16.64,144.64,0.0,144.64,1,1
#NW16162,2025-12-20 14:21:00,2025-12,CUST-02272,Identified,Online,Online Store,paid,fulfilled,CAD,158.0,HOLIDAY15,23.7,0.0,17.46,151.76,0.0,151.76,1,1
#NW16163,2025-12-31 15:39:00,2025-12,CUST-01925,Identified,Online,Online Store,paid,fulfilled,CAD,158.0,,0.0,0.0,20.54,178.54,0.0,178.54,1,1
#NW16164,2025-12-10 13:34:00,2025-12,CUST-01430,Identified,Online,Online Store,paid,fulfilled,CAD,42.0,,0.0,12.0,7.02,61.02,0.0,61.02,1,1
#NW16165,2025-12-15 14:18:00,2025-12,CUST-00414,Identified,POS,Northwood Toronto,paid,fulfilled,CAD,248.0,,0.0,0.0,32.24,280.24,0.0,280.24,1,1
#NW16166,2025-12-02 11:56:00,2025-12,CUST-00518,Identified,Online,Online Store,paid,fulfilled,CAD,594.0,,0.0,0.0,77.22,671.22,0.0,671.22,3,2
#NW16167,2025-12-08 16:13:00,2025-12,CUST-00140,Identified,Online,Online Store,paid,fulfilled,CAD,316.0,,0.0,0.0,41.08,357.08,0.0,357.08,2,1
#NW16168,2025-12-22 18:59:00,2025-12,CUST-01768,Identified,Online,Online Store,paid,fulfilled,CAD,128.0,,0.0,0.0,16.64,144.64,0.0,144.64,1,1
#NW16169,2025-12-26 17:59:00,2025-12,CUST-00099,Identified,POS,Northwood Toronto,paid,fulfilled,CAD,58.0,,0.0,0.0,7.54,65.54,0.0,65.54,1,1
#NW16170,2025-12-29 16:04:00,2025-12,CUST-00681,Identified,Online,Online Store,paid,fulfilled,CAD,218.0,,0.0,0.0,28.34,246.34,0.0,246.34,1,1
#NW16171,2025-12-25 17:25:00,2025-12,CUST-00684,Identified,Online,Online Store,paid,fulfilled,CAD,88.0,,0.0,12.0,13.0,113.0,0.0,113.0,1,1
#NW16172,2025-12-19 16:35:00,2025-12,,Guest / Unidentified,POS,Northwood Toronto,paid,fulfilled,CAD,374.0,,0.0,0.0,48.62,422.62,0.0,422.62,3,3
#NW16173,2025-12-22 15:13:00,2025-12,CUST-00796,Identified,Online,Online Store,paid,fulfilled,CAD,38.0,,0.0,12.0,6.5,56.5,0.0,56.5,1,1
#NW16174,2025-12-19 09:09:00,2025-12,CUST-01514,Identified,Online,Online Store,paid,fulfilled,CAD,150.0,WELCOME10,15.0,0.0,17.55,152.55,0.0,152.55,2,2
#NW16175,2025-12-03 12:55:00,2025-12,CUST-01524,Identified,Online,Online Store,paid,fulfilled,CAD,256.0,,0.0,0.0,33.28,289.28,0.0,289.28,2,1
#NW16176,2025-12-30 21:19:00,2025-12,CUST-02169,Identified,Online,Online Store,paid,fulfilled,CAD,56.0,WELCOME10,5.6,12.0,8.11,70.51,0.0,70.51,2,1
#NW16177,2025-12-26 14:05:00,2025-12,CUST-01590,Identified,Online,Online Store,paid,fulfilled,CAD,356.0,,0.0,0.0,46.28,402.28,0.0,402.28,2,2
#NW16178,2025-12-08 12:00:00,2025-12,CUST-01730,Identified,Online,Online Store,paid,fulfilled,CAD,72.0,,0.0,12.0,10.92,94.92,0.0,94.92,1,1
#NW16179,2025-12-28 16:13:00,2025-12,CUST-01452,Identified,Online,Online Store,paid,fulfilled,CAD,236.0,,0.0,0.0,30.68,266.68,0.0,266.68,2,2
#NW16180,2025-12-13 14:23:00,2025-12,CUST-00523,Identified,Online,Online Store,paid,fulfilled,CAD,106.0,HOLIDAY15,15.9,12.0,13.27,115.37,0.0,115.37,2,2
#NW16181,2025-12-04 21:14:00,2025-12,,Guest / Unidentified,POS,Northwood Toronto,paid,fulfilled,CAD,128.0,,0.0,0.0,16.64,144.64,0.0,144.64,1,1
#NW16182,2025-12-29 09:25:00,2025-12,CUST-02282,Identified,Online,Online Store,paid,fulfilled,CAD,28.0,,0.0,12.0,5.2,45.2,0.0,45.2,1,1
#NW16183,2025-12-23 10:13:00,2025-12,CUST-01179,Identified,Online,Online Store,paid,fulfilled,CAD,32.0,,0.0,12.0,5.72,49.72,0.0,49.72,1,1
#NW16184,2025-12-18 21:08:00,2025-12,CUST-00038,Identified,Online,Online Store,paid,fulfilled,CAD,248.0,,0.0,0.0,32.24,280.24,0.0,280.24,1,1
#NW16185,2025-12-11 14:19:00,2025-12,CUST-01202,Identified,Online,Online Store,paid,fulfilled,CAD,292.0,,0.0,0.0,37.96,329.96,0.0,329.96,4,3
#NW16186,2025-12-25 12:33:00,2025-12,CUST-00488,Identified,Online,Online Store,paid,fulfilled,CAD,128.0,,0.0,0.0,16.64,144.64,0.0,144.64,1,1
#NW16187,2025-12-06 18:08:00,2025-12,CUST-00765,Identified,Online,Online Store,paid,fulfilled,CAD,308.0,,0.0,0.0,40.04,348.04,0.0,348.04,3,2
#NW16188,2025-12-09 12:52:00,2025-12,CUST-01379,Identified,POS,Northwood Toronto,paid,fulfilled,CAD,118.0,SPRING10,11.8,0.0,13.81,120.01,0.0,120.01,3,2
#NW16189,2025-12-22 09:05:00,2025-12,CUST-00442,Identified,Online,Online Store,paid,fulfilled,CAD,156.0,,0.0,0.0,20.28,176.28,0.0,176.28,2,2
#NW16190,2025-12-07 17:48:00,2025-12,CUST-00186,Identified,Online,Online Store,paid,fulfilled,CAD,198.0,,0.0,0.0,25.74,223.74,0.0,223.74,1,1
#NW16191,2025-12-06 17:28:00,2025-12,CUST-00303,Identified,Online,Online Store,paid,fulfilled,CAD,376.0,,0.0,0.0,48.88,424.88,0.0,424.88,2,2
#NW16192,2025-12-13 21:41:00,2025-12,CUST-01454,Identified,POS,Northwood Toronto,paid,fulfilled,CAD,166.0,,0.0,0.0,21.58,187.58,0.0,187.58,2,2
#NW16193,2025-12-14 21:58:00,2025-12,CUST-01839,Identified,Online,Online Store,paid,fulfilled,CAD,32.0,,0.0,12.0,5.72,49.72,0.0,49.72,1,1
#NW16194,2025-12-19 12:33:00,2025-12,CUST-01316,Identified,Online,Online Store,paid,fulfilled,CAD,254.0,,0.0,0.0,33.02,287.02,0.0,287.02,3,2
#NW16195,2025-12-13 10:52:00,2025-12,CUST-01675,Identified,Online,Online Store,paid,fulfilled,CAD,306.0,,0.0,0.0,39.78,345.78,0.0,345.78,2,2
#NW16196,2025-12-16 19:27:00,2025-12,CUST-01843,Identified,Online,Online Store,paid,fulfilled,CAD,240.0,,0.0,0.0,31.2,271.2,0.0,271.2,2,2
#NW16197,2025-12-22 09:53:00,2025-12,CUST-02177,Identified,Online,Online Store,paid,fulfilled,CAD,48.0,,0.0,12.0,7.8,67.8,0.0,67.8,1,1
#NW16198,2025-12-16 19:50:00,2025-12,CUST-02233,Identified,Online,Online Store,paid,fulfilled,CAD,220.0,HOLIDAY15,33.0,0.0,24.31,211.31,0.0,211.31,2,2
#NW16199,2025-12-26 09:59:00,2025-12,CUST-01785,Identified,Online,Online Store,paid,fulfilled,CAD,288.0,,0.0,0.0,37.44,325.44,0.0,325.44,3,2
#NW16200,2025-12-05 20:56:00,2025-12,CUST-00954,Identified,Online,Online Store,paid,fulfilled,CAD,406.0,,0.0,0.0,52.78,458.78,0.0,458.78,2,2
#NW16201,2025-12-29 16:45:00,2025-12,CUST-01955,Identified,Online,Online Store,partially_refunded,fulfilled,CAD,248.0,,0.0,0.0,32.24,280.24,114.91,165.33,1,1
#NW16202,2025-12-15 21:55:00,2025-12,CUST-00552,Identified,Online,Online Store,paid,fulfilled,CAD,86.0,SPRING10,8.6,12.0,11.62,101.02,0.0,101.02,2,2
#NW16203,2025-12-10 15:19:00,2025-12,CUST-00752,Identified,Online,Online Store,paid,fulfilled,CAD,454.0,,0.0,0.0,59.02,513.02,0.0,513.02,3,2
#NW16204,2025-12-14 18:50:00,2025-12,CUST-02087,Identified,Online,Online Store,partially_refunded,fulfilled,CAD,136.0,,0.0,0.0,17.68,153.68,64.46,89.22000000000001,2,2
#NW16205,2025-12-06 10:30:00,2025-12,CUST-00344,Identified,Online,Online Store,paid,fulfilled,CAD,584.0,,0.0,0.0,75.92,659.92,0.0,659.92,3,2
#NW16206,2025-12-07 12:32:00,2025-12,CUST-00986,Identified,Online,Online Store,paid,fulfilled,CAD,218.0,,0.0,0.0,28.34,246.34,0.0,246.34,1,1
#NW16207,2025-12-03 19:10:00,2025-12,CUST-00032,Identified,Online,Online Store,paid,fulfilled,CAD,428.0,,0.0,0.0,55.64,483.64,0.0,483.64,5,4
#NW16208,2025-12-16 18:25:00,2025-12,CUST-01516,Identified,Online,Online Store,paid,fulfilled,CAD,606.0,,0.0,0.0,78.78,684.78,0.0,684.78,6,4
#NW16209,2025-12-11 11:53:00,2025-12,CUST-01776,Identified,POS,Northwood Toronto,paid,fulfilled,CAD,376.0,,0.0,0.0,48.88,424.88,0.0,424.88,2,2
#NW16210,2025-12-01 14:34:00,2025-12,CUST-00729,Identified,Online,Online Store,paid,fulfilled,CAD,108.0,,0.0,12.0,15.6,135.6,0.0,135.6,1,1
#NW16211,2025-12-02 18:20:00,2025-12,CUST-00081,Identified,Online,Online Store,paid,fulfilled,CAD,444.0,WELCOME10,44.4,0.0,51.95,451.55,0.0,451.55,3,3
#NW16212,2025-12-06 14:41:00,2025-12,CUST-00085,Identified,Online,Online Store,paid,fulfilled,CAD,496.0,,0.0,0.0,64.48,560.48,0.0,560.48,2,2
#NW16213,2025-12-18 10:22:00,2025-12,CUST-01313,Identified,Online,Online Store,paid,fulfilled,CAD,246.0,,0.0,0.0,31.98,277.98,0.0,277.98,2,2
#NW16214,2025-12-30 18:21:00,2025-12,CUST-01456,Identified,Online,Online Store,paid,fulfilled,CAD,570.0,,0.0,0.0,74.1,644.1,0.0,644.1,5,3
#NW16215,2025-12-24 12:33:00,2025-12,CUST-00724,Identified,Online,Online Store,paid,fulfilled,CAD,128.0,,0.0,0.0,16.64,144.64,0.0,144.64,1,1
#NW16216,2025-12-20 18:15:00,2025-12,CUST-02084,Identified,Online,Online Store,paid,fulfilled,CAD,78.0,,0.0,12.0,11.7,101.7,0.0,101.7,1,1
#NW16217,2025-12-06 12:52:00,2025-12,CUST-01457,Identified,Online,Online Store,paid,fulfilled,CAD,88.0,,0.0,12.0,13.0,113.0,0.0,113.0,1,1
#NW16218,2025-12-24 16:37:00,2025-12,CUST-01145,Identified,POS,Northwood Toronto,paid,fulfilled,CAD,236.0,,0.0,0.0,30.68,266.68,0.0,266.68,2,2
#NW16219,2025-12-13 12:52:00,2025-12,CUST-00397,Identified,Online,Online Store,paid,fulfilled,CAD,412.0,,0.0,0.0,53.56,465.56,0.0,465.56,4,4
#NW16220,2025-12-17 20:40:00,2025-12,CUST-00952,Identified,POS,Northwood Toronto,paid,fulfilled,CAD,28.0,,0.0,0.0,3.64,31.64,0.0,31.64,1,1
#NW16221,2025-12-23 17:12:00,2025-12,CUST-00122,Identified,Online,Online Store,paid,fulfilled,CAD,692.0,,0.0,0.0,89.96,781.96,0.0,781.96,4,3
#NW16222,2025-12-14 18:28:00,2025-12,CUST-01647,Identified,Online,Online Store,paid,fulfilled,CAD,218.0,,0.0,0.0,28.34,246.34,0.0,246.34,1,1
#NW16223,2025-12-16 13:49:00,2025-12,CUST-01398,Identified,Online,Online Store,paid,fulfilled,CAD,72.0,,0.0,12.0,10.92,94.92,0.0,94.92,1,1
#NW16224,2025-12-22 12:59:00,2025-12,CUST-01325,Identified,Online,Online Store,paid,fulfilled,CAD,496.0,WELCOME10,49.6,0.0,58.03,504.43,0.0,504.43,2,1
#NW16225,2025-12-03 09:47:00,2025-12,CUST-02030,Identified,Online,Online Store,paid,fulfilled,CAD,72.0,,0.0,12.0,10.92,94.92,0.0,94.92,1,1
#NW16226,2025-12-29 13:47:00,2025-12,CUST-00583,Identified,Online,Online Store,paid,fulfilled,CAD,444.0,,0.0,0.0,57.72,501.72,0.0,501.72,3,2
#NW16227,2025-12-26 11:49:00,2025-12,CUST-01238,Identified,POS,Northwood Toronto,paid,fulfilled,CAD,504.0,,0.0,0.0,65.52,569.52,0.0,569.52,3,2
#NW16228,2025-12-14 14:35:00,2025-12,CUST-01137,Identified,Online,Online Store,paid,fulfilled,CAD,38.0,,0.0,12.0,6.5,56.5,0.0,56.5,1,1
#NW16229,2025-12-22 19:11:00,2025-12,CUST-00421,Identified,POS,Northwood Toronto,paid,fulfilled,CAD,194.0,FALL15,29.1,0.0,21.44,186.34,0.0,186.34,3,3
#NW16230,2025-12-28 10:41:00,2025-12,CUST-02082,Identified,Online,Online Store,paid,fulfilled,CAD,206.0,,0.0,0.0,26.78,232.78,0.0,232.78,2,2
#NW16231,2025-12-18 11:32:00,2025-12,CUST-01748,Identified,Online,Online Store,paid,fulfilled,CAD,128.0,,0.0,0.0,16.64,144.64,0.0,144.64,1,1
#NW16232,2025-12-14 21:16:00,2025-12,CUST-01169,Identified,Online,Online Store,paid,fulfilled,CAD,216.0,WELCOME10,21.6,0.0,25.27,219.67,0.0,219.67,3,2
#NW16233,2025-12-28 17:05:00,2025-12,CUST-01323,Identified,Online,Online Store,paid,fulfilled,CAD,732.0,SPRING10,73.2,0.0,85.64,744.44,0.0,744.44,4,2
#NW16234,2025-12-25 16:20:00,2025-12,CUST-01574,Identified,Online,Online Store,paid,fulfilled,CAD,248.0,,0.0,0.0,32.24,280.24,0.0,280.24,1,1
#NW16235,2025-12-23 14:53:00,2025-12,CUST-01305,Identified,POS,Northwood Toronto,paid,fulfilled,CAD,548.0,,0.0,0.0,71.24,619.24,0.0,619.24,6,4
#NW16236,2025-12-24 15:18:00,2025-12,CUST-00731,Identified,POS,Northwood Toronto,paid,fulfilled,CAD,198.0,SPRING10,19.8,0.0,23.17,201.37,0.0,201.37,1,1
#NW16237,2025-12-05 09:04:00,2025-12,CUST-01896,Identified,Online,Online Store,paid,fulfilled,CAD,38.0,,0.0,12.0,6.5,56.5,0.0,56.5,1,1
#NW16238,2025-12-01 10:23:00,2025-12,CUST-00791,Identified,Online,Online Store,refunded,fulfilled,CAD,196.0,,0.0,0.0,25.48,221.48,221.48,0.0,2,2
#NW16239,2025-12-04 20:27:00,2025-12,CUST-00863,Identified,Online,Online Store,paid,fulfilled,CAD,544.0,,0.0,0.0,70.72,614.72,0.0,614.72,3,3
#NW16240,2025-12-01 14:07:00,2025-12,CUST-02103,Identified,Online,Online Store,paid,fulfilled,CAD,182.0,,0.0,0.0,23.66,205.66,0.0,205.66,3,3
#NW16241,2025-12-14 17:09:00,2025-12,CUST-02127,Identified,Online,Online Store,paid,fulfilled,CAD,196.0,,0.0,0.0,25.48,221.48,0.0,221.48,2,2
#NW16242,2025-12-31 17:58:00,2025-12,CUST-01140,Identified,Online,Online Store,paid,fulfilled,CAD,118.0,,0.0,12.0,16.9,146.9,0.0,146.9,1,1
#NW16243,2025-12-04 12:10:00,2025-12,CUST-01288,Identified,Online,Online Store,paid,fulfilled,CAD,126.0,,0.0,0.0,16.38,142.38,0.0,142.38,2,2
#NW16244,2025-12-08 20:12:00,2025-12,CUST-00408,Identified,Online,Online Store,paid,fulfilled,CAD,108.0,,0.0,12.0,15.6,135.6,0.0,135.6,1,1
#NW16245,2025-12-19 19:30:00,2025-12,CUST-02256,Identified,Online,Online Store,paid,fulfilled,CAD,72.0,SPRING10,7.2,12.0,9.98,86.78,0.0,86.78,1,1
#NW16246,2025-12-02 09:34:00,2025-12,CUST-01167,Identified,Online,Online Store,paid,fulfilled,CAD,274.0,,0.0,0.0,35.62,309.62,0.0,309.62,3,3
#NW16247,2025-12-13 20:05:00,2025-12,CUST-00679,Identified,POS,Northwood Toronto,paid,fulfilled,CAD,752.0,,0.0,0.0,97.76,849.76,0.0,849.76,4,2
#NW16248,2025-12-31 21:23:00,2025-12,CUST-01857,Identified,Online,Online Store,paid,fulfilled,CAD,1104.0,,0.0,0.0,143.52,1247.52,0.0,1247.52,5,3
#NW16249,2025-12-24 14:43:00,2025-12,CUST-01180,Identified,Online,Online Store,refunded,fulfilled,CAD,108.0,,0.0,12.0,15.6,135.6,135.6,0.0,1,1
#NW16250,2025-12-04 15:17:00,2025-12,CUST-01122,Identified,Online,Online Store,paid,fulfilled,CAD,256.0,WELCOME10,25.6,0.0,29.95,260.35,0.0,260.35,2,1
#NW16251,2025-12-15 21:51:00,2025-12,CUST-00935,Identified,Online,Online Store,paid,fulfilled,CAD,128.0,,0.0,0.0,16.64,144.64,0.0,144.64,1,1
#NW16252,2025-12-04 12:29:00,2025-12,CUST-01456,Identified,Online,Online Store,paid,fulfilled,CAD,326.0,,0.0,0.0,42.38,368.38,0.0,368.38,2,2
#NW16253,2025-12-04 13:01:00,2025-12,CUST-00917,Identified,Online,Online Store,paid,fulfilled,CAD,88.0,SPRING10,8.8,12.0,11.86,103.06,0.0,103.06,1,1
#NW16254,2025-12-27 19:21:00,2025-12,CUST-00694,Identified,Online,Online Store,paid,fulfilled,CAD,192.0,,0.0,0.0,24.96,216.96,0.0,216.96,3,2
#NW16255,2025-12-31 09:43:00,2025-12,CUST-00821,Identified,Online,Online Store,paid,fulfilled,CAD,72.0,,0.0,12.0,10.92,94.92,0.0,94.92,1,1
#NW16256,2025-12-14 21:14:00,2025-12,CUST-01807,Identified,Online,Online Store,paid,fulfilled,CAD,196.0,FALL15,29.4,0.0,21.66,188.26,0.0,188.26,2,1
#NW16257,2025-12-06 12:07:00,2025-12,CUST-01078,Identified,Online,Online Store,paid,fulfilled,CAD,728.0,,0.0,0.0,94.64,822.64,0.0,822.64,6,4
#NW16258,2025-12-17 19:07:00,2025-12,CUST-01063,Identified,Online,Online Store,paid,fulfilled,CAD,294.0,SPRING10,29.4,0.0,34.4,299.0,0.0,299.0,3,2
#NW16259,2025-12-14 13:01:00,2025-12,CUST-00435,Identified,POS,Northwood Toronto,paid,fulfilled,CAD,496.0,,0.0,0.0,64.48,560.48,0.0,560.48,2,1
#NW16260,2025-12-22 17:35:00,2025-12,CUST-01158,Identified,POS,Northwood Toronto,paid,fulfilled,CAD,48.0,,0.0,0.0,6.24,54.24,0.0,54.24,1,1
#NW16261,2025-12-12 13:54:00,2025-12,CUST-00949,Identified,POS,Northwood Toronto,refunded,fulfilled,CAD,436.0,,0.0,0.0,56.68,492.68,492.68,0.0,2,1
#NW16262,2025-12-03 16:38:00,2025-12,CUST-00912,Identified,Online,Online Store,paid,fulfilled,CAD,594.0,,0.0,0.0,77.22,671.22,0.0,671.22,3,2
#NW16263,2025-12-26 15:13:00,2025-12,CUST-01670,Identified,POS,Northwood Toronto,paid,fulfilled,CAD,308.0,,0.0,0.0,40.04,348.04,0.0,348.04,3,2
#NW16264,2025-12-24 09:47:00,2025-12,CUST-00578,Identified,POS,Northwood Toronto,refunded,fulfilled,CAD,218.0,WELCOME10,21.8,0.0,25.51,221.71,221.71,0.0,1,1
#NW16265,2025-12-20 16:17:00,2025-12,CUST-00394,Identified,Online,Online Store,paid,fulfilled,CAD,444.0,,0.0,0.0,57.72,501.72,0.0,501.72,3,3
#NW16266,2025-12-07 12:04:00,2025-12,CUST-00848,Identified,Online,Online Store,paid,fulfilled,CAD,216.0,,0.0,0.0,28.08,244.08,0.0,244.08,2,2
#NW16267,2025-12-22 18:12:00,2025-12,CUST-00127,Identified,Online,Online Store,paid,fulfilled,CAD,346.0,,0.0,0.0,44.98,390.98,0.0,390.98,2,2
#NW16268,2025-12-06 21:19:00,2025-12,CUST-01973,Identified,Online,Online Store,paid,fulfilled,CAD,214.0,FALL15,32.1,0.0,23.65,205.55,0.0,205.55,3,2
#NW16269,2025-12-29 11:23:00,2025-12,,Guest / Unidentified,POS,Northwood Toronto,paid,fulfilled,CAD,218.0,FALL15,32.7,0.0,24.09,209.39,0.0,209.39,1,1
#NW16270,2025-12-05 12:29:00,2025-12,CUST-01504,Identified,Online,Online Store,paid,fulfilled,CAD,218.0,,0.0,0.0,28.34,246.34,0.0,246.34,1,1
#NW16271,2025-12-05 18:58:00,2025-12,CUST-00692,Identified,Online,Online Store,paid,fulfilled,CAD,266.0,,0.0,0.0,34.58,300.58,0.0,300.58,2,2
#NW16272,2025-12-30 12:18:00,2025-12,CUST-01944,Identified,Online,Online Store,paid,fulfilled,CAD,406.0,FALL15,60.9,0.0,44.86,389.96,0.0,389.96,2,2
#NW16273,2025-12-17 09:51:00,2025-12,CUST-00786,Identified,Online,Online Store,paid,fulfilled,CAD,158.0,,0.0,0.0,20.54,178.54,0.0,178.54,1,1
#NW16274,2025-12-08 20:29:00,2025-12,CUST-02093,Identified,Online,Online Store,paid,fulfilled,CAD,326.0,,0.0,0.0,42.38,368.38,0.0,368.38,2,2
#NW16275,2025-12-12 15:18:00,2025-12,CUST-00163,Identified,Online,Online Store,paid,fulfilled,CAD,256.0,,0.0,0.0,33.28,289.28,0.0,289.28,2,2
#NW16276,2025-12-02 11:49:00,2025-12,CUST-02212,Identified,Online,Online Store,paid,fulfilled,CAD,404.0,,0.0,0.0,52.52,456.52,0.0,456.52,3,2
#NW16277,2025-12-28 20:05:00,2025-12,CUST-02204,Identified,Online,Online Store,paid,fulfilled,CAD,700.0,,0.0,0.0,91.0,791.0,0.0,791.0,5,3
#NW16278,2025-12-21 20:50:00,2025-12,CUST-00800,Identified,Online,Online Store,partially_refunded,fulfilled,CAD,156.0,,0.0,0.0,20.28,176.28,83.76,92.52,2,2
#NW16279,2025-12-06 19:20:00,2025-12,CUST-00028,Identified,Online,Online Store,paid,fulfilled,CAD,422.0,,0.0,0.0,54.86,476.86,0.0,476.86,4,3
#NW16280,2025-12-22 19:01:00,2025-12,CUST-02120,Identified,POS,Northwood Toronto,paid,fulfilled,CAD,28.0,,0.0,0.0,3.64,31.64,0.0,31.64,1,1
#NW16281,2025-12-13 21:58:00,2025-12,CUST-00444,Identified,Online,Online Store,paid,fulfilled,CAD,38.0,,0.0,12.0,6.5,56.5,0.0,56.5,1,1
#NW16282,2025-12-13 16:58:00,2025-12,CUST-00106,Identified,Online,Online Store,paid,fulfilled,CAD,248.0,,0.0,0.0,32.24,280.24,0.0,280.24,3,2
#NW16283,2025-12-30 20:20:00,2025-12,CUST-01724,Identified,POS,Northwood Toronto,partially_refunded,fulfilled,CAD,898.0,,0.0,0.0,116.74,1014.74,388.08,626.6600000000001,6,4
#NW16284,2025-12-19 14:18:00,2025-12,CUST-01658,Identified,Online,Online Store,paid,fulfilled,CAD,38.0,,0.0,12.0,6.5,56.5,0.0,56.5,1,1
#NW16285,2025-12-24 12:25:00,2025-12,CUST-01819,Identified,Online,Online Store,paid,fulfilled,CAD,788.0,,0.0,0.0,102.44,890.44,0.0,890.44,6,4
#NW16286,2025-12-31 17:32:00,2025-12,CUST-02340,Identified,Online,Online Store,paid,fulfilled,CAD,48.0,,0.0,12.0,7.8,67.8,0.0,67.8,1,1
#NW16287,2025-12-08 16:17:00,2025-12,CUST-01747,Identified,Online,Online Store,paid,fulfilled,CAD,828.0,,0.0,0.0,107.64,935.64,0.0,935.64,6,4
#NW16288,2025-12-08 15:18:00,2025-12,CUST-00406,Identified,POS,Northwood Toronto,paid,fulfilled,CAD,402.0,,0.0,0.0,52.26,454.26,0.0,454.26,5,4
#NW16289,2025-12-23 18:05:00,2025-12,CUST-01618,Identified,Online,Online Store,paid,fulfilled,CAD,248.0,SPRING10,24.8,0.0,29.02,252.22,0.0,252.22,1,1
#NW16290,2025-12-07 17:08:00,2025-12,CUST-02134,Identified,Online,Online Store,paid,fulfilled,CAD,316.0,,0.0,0.0,41.08,357.08,0.0,357.08,2,1
#NW16291,2025-12-26 12:44:00,2025-12,CUST-00517,Identified,Online,Online Store,paid,fulfilled,CAD,58.0,,0.0,12.0,9.1,79.1,0.0,79.1,1,1
#NW16292,2025-12-13 21:33:00,2025-12,CUST-01591,Identified,Online,Online Store,paid,fulfilled,CAD,236.0,,0.0,0.0,30.68,266.68,0.0,266.68,2,1
#NW16293,2025-12-28 18:21:00,2025-12,CUST-01859,Identified,Online,Online Store,paid,fulfilled,CAD,218.0,,0.0,0.0,28.34,246.34,0.0,246.34,1,1
#NW16294,2025-12-30 14:18:00,2025-12,CUST-01209,Identified,Online,Online Store,voided,unfulfilled,CAD,334.0,,0.0,0.0,43.42,377.42,0.0,0.0,3,3
#NW16295,2025-12-20 13:07:00,2025-12,CUST-01385,Identified,Online,Online Store,paid,fulfilled,CAD,554.0,,0.0,0.0,72.02,626.02,0.0,626.02,3,2
#NW16296,2025-12-19 15:56:00,2025-12,CUST-00449,Identified,Online,Online Store,partially_refunded,fulfilled,CAD,64.0,,0.0,12.0,9.88,85.88,33.65,52.23,2,1
#NW16297,2025-12-05 15:49:00,2025-12,CUST-00492,Identified,Online,Online Store,paid,fulfilled,CAD,248.0,,0.0,0.0,32.24,280.24,0.0,280.24,1,1
#NW16298,2025-12-16 12:53:00,2025-12,CUST-00074,Identified,Online,Online Store,paid,fulfilled,CAD,72.0,,0.0,12.0,10.92,94.92,0.0,94.92,1,1
#NW16299,2025-12-19 13:31:00,2025-12,CUST-01771,Identified,Online,Online Store,paid,fulfilled,CAD,176.0,WELCOME10,17.6,0.0,20.59,178.99,0.0,178.99,2,1
#NW16300,2025-12-02 16:13:00,2025-12,CUST-01647,Identified,Online,Online Store,paid,fulfilled,CAD,232.0,,0.0,0.0,30.16,262.16,0.0,262.16,4,3
