Customer ID,First Name,Last Name,Email,City,Province,Country,Created At,Marketing Accepts,Total Spent,Total Orders
CUST-00001,Noah,Martin,noah.martin1@example.com,Kitchener,ON,Canada,2024-11-15,no,0.0,0
CUST-00002,Sophia,Campbell,sophia.campbell2@example.com,Mississauga,ON,Canada,2024-03-11,yes,0.0,0
CUST-00003,Ava,Wilson,ava.wilson3@example.com,Kitchener,ON,Canada,2024-08-16,no,601.16,4
CUST-00004,Finn,Singh,finn.singh4@example.com,Kitchener,ON,Canada,2025-09-06,no,0.0,0
CUST-00005,Owen,Chen,owen.chen5@example.com,Toronto,ON,Canada,2024-10-09,yes,207.92,1
CUST-00006,Olivia,Taylor,olivia.taylor6@example.com,Mississauga,ON,Canada,2025-04-09,yes,289.28,1
CUST-00007,Grace,Green,grace.green7@example.com,Toronto,ON,Canada,2024-04-12,yes,162.27,2
CUST-00008,Finn,Taylor,finn.taylor8@example.com,Toronto,ON,Canada,2025-08-04,no,0.0,0
CUST-00009,Finn,Young,finn.young9@example.com,Mississauga,ON,Canada,2025-07-28,yes,772.92,4
CUST-00010,Ella,Hall,ella.hall10@example.com,Mississauga,ON,Canada,2024-07-21,yes,560.48,2
CUST-00011,Emma,Nguyen,emma.nguyen11@example.com,Ottawa,ON,Canada,2025-07-23,no,569.52,1
CUST-00012,Owen,Lee,owen.lee12@example.com,Hamilton,ON,Canada,2024-01-28,yes,0.0,0
CUST-00013,Ava,Taylor,ava.taylor13@example.com,Toronto,ON,Canada,2024-04-12,yes,1032.82,6
CUST-00014,Noah,Singh,noah.singh14@example.com,Mississauga,ON,Canada,2025-04-22,yes,0.0,0
CUST-00015,Noah,Anderson,noah.anderson15@example.com,Hamilton,ON,Canada,2024-12-09,yes,0.0,0
CUST-00016,Theo,Patel,theo.patel16@example.com,London,ON,Canada,2025-02-23,yes,628.5,4
CUST-00017,Ella,Baker,ella.baker17@example.com,Hamilton,ON,Canada,2025-04-08,yes,144.64,2
CUST-00018,Charlotte,Singh,charlotte.singh18@example.com,Hamilton,ON,Canada,2025-08-03,no,894.96,3
CUST-00019,Jack,Green,jack.green19@example.com,Toronto,ON,Canada,2024-08-09,yes,962.76,2
CUST-00020,Chloe,Taylor,chloe.taylor20@example.com,Ottawa,ON,Canada,2025-12-18,no,201.14,2
CUST-00021,Olivia,Chen,olivia.chen21@example.com,Toronto,ON,Canada,2024-06-05,no,2619.34,9
CUST-00022,Lucas,Thompson,lucas.thompson22@example.com,Vancouver,BC,Canada,2024-01-26,yes,1343.8,7
CUST-00023,Lucas,Wilson,lucas.wilson23@example.com,Toronto,ON,Canada,2024-06-19,yes,0.0,0
CUST-00024,Sophia,Scott,sophia.scott24@example.com,Toronto,ON,Canada,2025-10-31,no,788.18,4
CUST-00025,Leo,Nguyen,leo.nguyen25@example.com,Mississauga,ON,Canada,2024-08-02,yes,293.57,3
CUST-00026,Leo,Taylor,leo.taylor26@example.com,Hamilton,ON,Canada,2025-01-03,no,0.0,0
CUST-00027,Sophia,Singh,sophia.singh27@example.com,Mississauga,ON,Canada,2025-07-26,no,2700.93,10
CUST-00028,Ethan,Baker,ethan.baker28@example.com,Toronto,ON,Canada,2024-11-01,no,664.44,2
CUST-00029,Lucas,Nguyen,lucas.nguyen29@example.com,Toronto,ON,Canada,2025-08-17,yes,0.0,1
CUST-00030,Charlotte,Patel,charlotte.patel30@example.com,Toronto,ON,Canada,2024-03-18,no,614.72,5
CUST-00031,Finn,Campbell,finn.campbell31@example.com,London,ON,Canada,2024-03-06,no,301.94,4
CUST-00032,Amelia,Chen,amelia.chen32@example.com,Ottawa,ON,Canada,2025-06-07,yes,483.64,1
CUST-00033,Liam,Lee,liam.lee33@example.com,Ottawa,ON,Canada,2024-04-27,yes,1494.54,7
CUST-00034,Sophia,Singh,sophia.singh34@example.com,Toronto,ON,Canada,2024-12-29,yes,387.59,3
CUST-00035,Chloe,Lee,chloe.lee35@example.com,Ottawa,ON,Canada,2025-05-23,yes,2581.6,8
CUST-00036,Henry,Clark,henry.clark36@example.com,Toronto,ON,Canada,2024-06-23,no,0.0,0
CUST-00037,Ella,Brown,ella.brown37@example.com,Mississauga,ON,Canada,2024-08-08,yes,1769.58,3
CUST-00038,Ava,Campbell,ava.campbell38@example.com,Toronto,ON,Canada,2025-12-01,no,463.3,3
CUST-00039,Finn,Baker,finn.baker39@example.com,Toronto,ON,Canada,2024-03-04,yes,1032.82,6
CUST-00040,Chloe,Young,chloe.young40@example.com,Montreal,QC,Canada,2024-09-24,no,645.0,3
CUST-00041,Charlotte,Anderson,charlotte.anderson41@example.com,Mississauga,ON,Canada,2025-10-25,yes,436.75,4
CUST-00042,Ava,King,ava.king42@example.com,Toronto,ON,Canada,2025-07-11,yes,560.48,2
CUST-00043,Olivia,Chen,olivia.chen43@example.com,London,ON,Canada,2025-12-08,yes,894.96,5
CUST-00044,Ava,Nguyen,ava.nguyen44@example.com,Mississauga,ON,Canada,2025-07-29,no,325.44,2
CUST-00045,Owen,Green,owen.green45@example.com,Toronto,ON,Canada,2024-11-24,yes,1701.78,7
CUST-00046,Charlotte,Clark,charlotte.clark46@example.com,Toronto,ON,Canada,2024-11-22,no,503.98,1
CUST-00047,Ella,King,ella.king47@example.com,Ottawa,ON,Canada,2025-10-20,yes,0.0,0
CUST-00048,Finn,Martin,finn.martin48@example.com,Toronto,ON,Canada,2025-06-10,no,467.82,1
CUST-00049,Noah,Baker,noah.baker49@example.com,Hamilton,ON,Canada,2024-08-11,yes,718.0,4
CUST-00050,Amelia,Wilson,amelia.wilson50@example.com,Toronto,ON,Canada,2024-12-04,yes,0.0,0
CUST-00051,Owen,Nguyen,owen.nguyen51@example.com,London,ON,Canada,2025-09-17,yes,1772.29,6
CUST-00052,Emma,Patel,emma.patel52@example.com,Mississauga,ON,Canada,2025-04-29,no,210.18,1
CUST-00053,Ethan,King,ethan.king53@example.com,Mississauga,ON,Canada,2024-11-11,yes,983.1,4
CUST-00054,Jack,King,jack.king54@example.com,Hamilton,ON,Canada,2024-03-10,no,558.25,3
CUST-00055,Mia,Brown,mia.brown55@example.com,Toronto,ON,Canada,2025-04-19,yes,576.3,4
CUST-00056,Ethan,Baker,ethan.baker56@example.com,Toronto,ON,Canada,2025-07-28,no,792.13,5
CUST-00057,Emma,Green,emma.green57@example.com,Ottawa,ON,Canada,2024-01-31,yes,1358.26,3
CUST-00058,Henry,Martin,henry.martin58@example.com,Toronto,ON,Canada,2025-04-27,yes,216.96,2
CUST-00059,Leo,Thompson,leo.thompson59@example.com,Toronto,ON,Canada,2024-04-15,yes,809.31,9
CUST-00060,Liam,Campbell,liam.campbell60@example.com,Hamilton,ON,Canada,2025-08-02,no,719.02,6
CUST-00061,Olivia,Singh,olivia.singh61@example.com,Calgary,AB,Canada,2024-05-04,no,0.0,0
CUST-00062,Henry,Singh,henry.singh62@example.com,Hamilton,ON,Canada,2024-11-22,no,1071.24,5
CUST-00063,Ava,Brown,ava.brown63@example.com,Hamilton,ON,Canada,2024-09-10,no,533.36,1
CUST-00064,Henry,Baker,henry.baker64@example.com,Toronto,ON,Canada,2024-04-20,yes,580.82,1
CUST-00065,Sophia,King,sophia.king65@example.com,Ottawa,ON,Canada,2025-11-30,no,0.0,0
CUST-00066,Owen,Taylor,owen.taylor66@example.com,London,ON,Canada,2024-02-17,no,508.5,2
CUST-00067,Mia,Thompson,mia.thompson67@example.com,Ottawa,ON,Canada,2024-03-01,yes,289.28,2
CUST-00068,Leo,Scott,leo.scott68@example.com,Ottawa,ON,Canada,2024-11-18,no,759.7,5
CUST-00069,Ella,Wilson,ella.wilson69@example.com,Hamilton,ON,Canada,2025-11-15,yes,368.38,2
CUST-00070,Lucas,Singh,lucas.singh70@example.com,Ottawa,ON,Canada,2025-08-12,yes,0.0,0
CUST-00071,Emma,Hall,emma.hall71@example.com,Toronto,ON,Canada,2024-07-13,no,822.64,2
CUST-00072,Lucas,Hall,lucas.hall72@example.com,Ottawa,ON,Canada,2025-09-12,yes,507.82,3
CUST-00073,Emma,Singh,emma.singh73@example.com,Toronto,ON,Canada,2024-11-16,no,542.4,4
CUST-00074,Liam,Campbell,liam.campbell74@example.com,Kitchener,ON,Canada,2024-01-08,yes,481.38,3
CUST-00075,Liam,Lee,liam.lee75@example.com,Toronto,ON,Canada,2025-10-16,yes,259.9,1
CUST-00076,Grace,Campbell,grace.campbell76@example.com,Hamilton,ON,Canada,2024-08-18,yes,0.0,0
CUST-00077,Henry,Taylor,henry.taylor77@example.com,Mississauga,ON,Canada,2024-03-20,no,1111.81,5
CUST-00078,Ava,Hall,ava.hall78@example.com,Toronto,ON,Canada,2024-06-27,no,663.08,2
CUST-00079,Henry,Campbell,henry.campbell79@example.com,London,ON,Canada,2025-04-26,yes,729.08,3
CUST-00080,Owen,Taylor,owen.taylor80@example.com,London,ON,Canada,2024-08-22,yes,0.0,0
CUST-00081,Noah,Young,noah.young81@example.com,Calgary,AB,Canada,2024-03-19,yes,858.35,3
CUST-00082,Owen,Young,owen.young82@example.com,Toronto,ON,Canada,2024-06-21,yes,738.64,4
CUST-00083,Liam,Wilson,liam.wilson83@example.com,Hamilton,ON,Canada,2024-01-28,yes,0.0,0
CUST-00084,Charlotte,Lee,charlotte.lee84@example.com,Toronto,ON,Canada,2024-08-14,yes,223.74,1
CUST-00085,Lucas,Taylor,lucas.taylor85@example.com,Kitchener,ON,Canada,2025-08-28,yes,1044.46,4
CUST-00086,Finn,Scott,finn.scott86@example.com,Toronto,ON,Canada,2024-05-27,yes,0.0,0
CUST-00087,Owen,Nguyen,owen.nguyen87@example.com,Toronto,ON,Canada,2025-11-26,yes,1006.38,3
CUST-00088,Ella,Campbell,ella.campbell88@example.com,Ottawa,ON,Canada,2025-10-23,yes,1879.64,7
CUST-00089,Ella,Baker,ella.baker89@example.com,Calgary,AB,Canada,2024-07-05,yes,594.79,5
CUST-00090,Liam,Baker,liam.baker90@example.com,Toronto,ON,Canada,2025-01-24,yes,1485.72,6
CUST-00091,Olivia,Campbell,olivia.campbell91@example.com,Ottawa,ON,Canada,2024-02-02,yes,0.0,0
CUST-00092,Owen,Wright,owen.wright92@example.com,Montreal,QC,Canada,2024-04-20,yes,0.0,0
CUST-00093,Mia,Clark,mia.clark93@example.com,London,ON,Canada,2025-10-12,yes,2082.82,5
CUST-00094,Ethan,Clark,ethan.clark94@example.com,Vancouver,BC,Canada,2024-06-12,yes,1105.14,3
CUST-00095,Charlotte,Patel,charlotte.patel95@example.com,Ottawa,ON,Canada,2025-10-14,yes,67.8,1
CUST-00096,Jack,Young,jack.young96@example.com,Toronto,ON,Canada,2024-01-17,no,377.42,2
CUST-00097,Finn,Wright,finn.wright97@example.com,Mississauga,ON,Canada,2025-07-17,yes,0.0,0
CUST-00098,Mia,Thompson,mia.thompson98@example.com,Toronto,ON,Canada,2025-10-08,yes,282.39,1
CUST-00099,Liam,Hall,liam.hall99@example.com,London,ON,Canada,2024-03-09,no,813.6,4
CUST-00100,Finn,Chen,finn.chen100@example.com,Toronto,ON,Canada,2024-01-04,no,264.42,2
CUST-00101,Amelia,Chen,amelia.chen101@example.com,Toronto,ON,Canada,2025-11-14,yes,0.0,0
CUST-00102,Chloe,Wright,chloe.wright102@example.com,Toronto,ON,Canada,2024-02-19,no,1753.08,9
CUST-00103,Grace,Nguyen,grace.nguyen103@example.com,Toronto,ON,Canada,2025-08-29,yes,0.0,0
CUST-00104,Grace,Singh,grace.singh104@example.com,Toronto,ON,Canada,2024-09-25,yes,390.98,4
CUST-00105,Olivia,Green,olivia.green105@example.com,Vancouver,BC,Canada,2025-03-13,yes,0.0,0
CUST-00106,Lucas,Clark,lucas.clark106@example.com,Toronto,ON,Canada,2024-07-23,yes,808.06,3
CUST-00107,Chloe,Campbell,chloe.campbell107@example.com,London,ON,Canada,2024-08-14,no,1078.7,5
CUST-00108,Theo,Chen,theo.chen108@example.com,Montreal,QC,Canada,2024-12-30,no,194.36,2
CUST-00109,Olivia,Young,olivia.young109@example.com,Toronto,ON,Canada,2024-12-31,no,779.7,2
CUST-00110,Chloe,Hall,chloe.hall110@example.com,Toronto,ON,Canada,2024-05-07,no,1957.16,8
CUST-00111,Amelia,Patel,amelia.patel111@example.com,Toronto,ON,Canada,2024-06-16,yes,318.66,2
CUST-00112,Amelia,Campbell,amelia.campbell112@example.com,Mississauga,ON,Canada,2025-12-08,yes,861.06,3
CUST-00113,Charlotte,Brown,charlotte.brown113@example.com,Ottawa,ON,Canada,2024-03-29,no,457.65,2
CUST-00114,Jack,Scott,jack.scott114@example.com,Mississauga,ON,Canada,2025-07-13,yes,1082.54,4
CUST-00115,Olivia,Martin,olivia.martin115@example.com,Toronto,ON,Canada,2025-02-28,yes,1258.82,7
CUST-00116,Theo,Hall,theo.hall116@example.com,Kitchener,ON,Canada,2024-01-19,yes,984.0,4
CUST-00117,Olivia,Baker,olivia.baker117@example.com,London,ON,Canada,2025-06-06,yes,1228.87,5
CUST-00118,Grace,Patel,grace.patel118@example.com,Toronto,ON,Canada,2024-11-12,yes,770.66,3
CUST-00119,Leo,Singh,leo.singh119@example.com,Calgary,AB,Canada,2024-03-31,yes,714.16,2
CUST-00120,Leo,Thompson,leo.thompson120@example.com,Toronto,ON,Canada,2025-12-11,yes,2467.92,6
CUST-00121,Ella,Baker,ella.baker121@example.com,Ottawa,ON,Canada,2024-08-07,no,257.12,2
CUST-00122,Jack,Green,jack.green122@example.com,Mississauga,ON,Canada,2024-08-17,no,1123.45,5
CUST-00123,Grace,Martin,grace.martin123@example.com,Toronto,ON,Canada,2025-11-28,no,336.74,2
CUST-00124,Finn,Thompson,finn.thompson124@example.com,Calgary,AB,Canada,2024-12-30,no,567.26,2
CUST-00125,Noah,Brown,noah.brown125@example.com,Hamilton,ON,Canada,2024-01-19,yes,0.0,0
CUST-00126,Noah,Wilson,noah.wilson126@example.com,Mississauga,ON,Canada,2025-09-05,no,0.0,0
CUST-00127,Finn,Brown,finn.brown127@example.com,Toronto,ON,Canada,2024-03-18,yes,1194.41,2
CUST-00128,Jack,Green,jack.green128@example.com,Toronto,ON,Canada,2024-01-05,yes,700.6,1
CUST-00129,Amelia,Taylor,amelia.taylor129@example.com,Hamilton,ON,Canada,2025-12-06,no,223.74,2
CUST-00130,Sophia,King,sophia.king130@example.com,Calgary,AB,Canada,2025-06-22,yes,508.5,3
CUST-00131,Sophia,Chen,sophia.chen131@example.com,Ottawa,ON,Canada,2025-08-10,yes,835.41,4
CUST-00132,Owen,Patel,owen.patel132@example.com,London,ON,Canada,2025-09-10,yes,1681.44,6
CUST-00133,Emma,Lee,emma.lee133@example.com,Toronto,ON,Canada,2024-01-14,yes,442.96,2
CUST-00134,Sophia,Nguyen,sophia.nguyen134@example.com,Kitchener,ON,Canada,2024-07-01,no,250.86,5
CUST-00135,Ella,Baker,ella.baker135@example.com,Toronto,ON,Canada,2025-08-04,no,0.0,0
CUST-00136,Owen,Baker,owen.baker136@example.com,Ottawa,ON,Canada,2025-07-12,yes,370.64,2
CUST-00137,Noah,Singh,noah.singh137@example.com,Vancouver,BC,Canada,2025-03-18,no,1164.13,3
CUST-00138,Ava,Baker,ava.baker138@example.com,Hamilton,ON,Canada,2024-07-30,yes,423.98,4
CUST-00139,Leo,Hall,leo.hall139@example.com,Toronto,ON,Canada,2024-10-28,no,474.6,2
CUST-00140,Ava,Young,ava.young140@example.com,Toronto,ON,Canada,2024-03-24,yes,1979.76,6
CUST-00141,Liam,Thompson,liam.thompson141@example.com,Vancouver,BC,Canada,2025-04-20,yes,0.0,1
CUST-00142,Liam,Anderson,liam.anderson142@example.com,Ottawa,ON,Canada,2025-01-22,yes,698.69,5
CUST-00143,Lucas,Wilson,lucas.wilson143@example.com,Toronto,ON,Canada,2024-06-29,yes,822.01,6
CUST-00144,Finn,Young,finn.young144@example.com,London,ON,Canada,2025-09-05,no,0.0,0
CUST-00145,Ava,Campbell,ava.campbell145@example.com,Toronto,ON,Canada,2025-08-19,yes,386.46,1
CUST-00146,Ethan,Young,ethan.young146@example.com,Toronto,ON,Canada,2024-12-13,yes,883.66,2
CUST-00147,Ethan,Lee,ethan.lee147@example.com,Toronto,ON,Canada,2025-03-09,yes,1798.96,8
CUST-00148,Lucas,Patel,lucas.patel148@example.com,Kitchener,ON,Canada,2024-08-20,yes,0.0,0
CUST-00149,Noah,Clark,noah.clark149@example.com,Toronto,ON,Canada,2024-08-14,yes,0.0,0
CUST-00150,Henry,Campbell,henry.campbell150@example.com,Calgary,AB,Canada,2025-03-12,yes,619.24,3
CUST-00151,Ella,Anderson,ella.anderson151@example.com,Toronto,ON,Canada,2024-04-30,yes,101.7,1
CUST-00152,Lucas,Campbell,lucas.campbell152@example.com,Toronto,ON,Canada,2024-11-28,yes,1142.2,7
CUST-00153,Mia,Clark,mia.clark153@example.com,Toronto,ON,Canada,2024-03-25,yes,0.0,0
CUST-00154,Sophia,Singh,sophia.singh154@example.com,Toronto,ON,Canada,2024-05-22,yes,113.0,1
CUST-00155,Leo,King,leo.king155@example.com,Toronto,ON,Canada,2024-05-07,yes,1433.18,5
CUST-00156,Finn,Lee,finn.lee156@example.com,Hamilton,ON,Canada,2025-01-11,yes,121.02,1
CUST-00157,Noah,Patel,noah.patel157@example.com,Toronto,ON,Canada,2025-05-11,yes,189.84,2
CUST-00158,Chloe,Patel,chloe.patel158@example.com,Toronto,ON,Canada,2025-12-19,yes,98.08,1
CUST-00159,Noah,Green,noah.green159@example.com,Vancouver,BC,Canada,2025-01-03,yes,107.38,1
CUST-00160,Leo,Lee,leo.lee160@example.com,Vancouver,BC,Canada,2025-01-26,yes,336.85,2
CUST-00161,Theo,King,theo.king161@example.com,Toronto,ON,Canada,2024-02-01,yes,289.28,1
CUST-00162,Charlotte,Hall,charlotte.hall162@example.com,Toronto,ON,Canada,2024-06-15,yes,0.0,0
CUST-00163,Sophia,Chen,sophia.chen163@example.com,Hamilton,ON,Canada,2024-07-01,no,406.57,2
CUST-00164,Owen,Martin,owen.martin164@example.com,Toronto,ON,Canada,2024-07-25,no,255.38,1
CUST-00165,Finn,Taylor,finn.taylor165@example.com,Toronto,ON,Canada,2024-02-05,yes,899.93,3
CUST-00166,Owen,Singh,owen.singh166@example.com,Ottawa,ON,Canada,2025-10-14,no,1394.89,4
CUST-00167,Amelia,Green,amelia.green167@example.com,Kitchener,ON,Canada,2024-03-15,yes,1194.86,5
CUST-00168,Noah,Thompson,noah.thompson168@example.com,Toronto,ON,Canada,2024-10-21,no,1159.38,6
CUST-00169,Jack,Young,jack.young169@example.com,Toronto,ON,Canada,2025-11-06,yes,1792.75,7
CUST-00170,Charlotte,Thompson,charlotte.thompson170@example.com,Kitchener,ON,Canada,2025-08-07,no,0.0,0
CUST-00171,Ava,Taylor,ava.taylor171@example.com,Montreal,QC,Canada,2025-10-20,yes,119.78,1
CUST-00172,Charlotte,Nguyen,charlotte.nguyen172@example.com,Kitchener,ON,Canada,2025-02-26,no,397.76,2
CUST-00173,Chloe,Thompson,chloe.thompson173@example.com,Mississauga,ON,Canada,2025-07-23,yes,465.56,3
CUST-00174,Finn,Martin,finn.martin174@example.com,London,ON,Canada,2025-06-23,yes,262.16,1
CUST-00175,Jack,Taylor,jack.taylor175@example.com,Ottawa,ON,Canada,2024-04-08,yes,325.44,2
CUST-00176,Chloe,Green,chloe.green176@example.com,Ottawa,ON,Canada,2025-12-06,no,0.0,0
CUST-00177,Amelia,Scott,amelia.scott177@example.com,Ottawa,ON,Canada,2025-09-18,yes,454.03,3
CUST-00178,Ella,Taylor,ella.taylor178@example.com,Toronto,ON,Canada,2025-05-15,no,309.62,2
CUST-00179,Henry,Nguyen,henry.nguyen179@example.com,Toronto,ON,Canada,2025-04-11,no,305.33,2
CUST-00180,Olivia,Thompson,olivia.thompson180@example.com,Toronto,ON,Canada,2024-11-12,no,1252.04,7
CUST-00181,Theo,Lee,theo.lee181@example.com,Toronto,ON,Canada,2024-12-14,yes,833.94,4
CUST-00182,Lucas,Thompson,lucas.thompson182@example.com,Toronto,ON,Canada,2024-09-03,yes,1141.3,4
CUST-00183,Mia,Brown,mia.brown183@example.com,Toronto,ON,Canada,2024-09-25,yes,898.58,5
CUST-00184,Liam,Campbell,liam.campbell184@example.com,Toronto,ON,Canada,2024-11-12,yes,1935.69,5
CUST-00185,Theo,Singh,theo.singh185@example.com,Mississauga,ON,Canada,2024-10-04,yes,1039.83,4
CUST-00186,Owen,Hall,owen.hall186@example.com,Toronto,ON,Canada,2025-08-01,yes,1120.96,3
CUST-00187,Charlotte,Wright,charlotte.wright187@example.com,Calgary,AB,Canada,2025-11-23,yes,1121.87,6
CUST-00188,Lucas,Brown,lucas.brown188@example.com,Ottawa,ON,Canada,2025-07-16,no,723.2,2
CUST-00189,Emma,Wilson,emma.wilson189@example.com,Ottawa,ON,Canada,2024-08-27,yes,0.0,0
CUST-00190,Lucas,Nguyen,lucas.nguyen190@example.com,Kitchener,ON,Canada,2024-12-23,no,594.38,2
CUST-00191,Grace,Scott,grace.scott191@example.com,Kitchener,ON,Canada,2025-04-21,yes,0.0,0
CUST-00192,Finn,Campbell,finn.campbell192@example.com,Ottawa,ON,Canada,2025-07-13,yes,248.6,1
CUST-00193,Ella,Brown,ella.brown193@example.com,Toronto,ON,Canada,2025-04-07,yes,144.64,1
CUST-00194,Grace,Baker,grace.baker194@example.com,London,ON,Canada,2024-01-26,no,703.54,2
CUST-00195,Amelia,Scott,amelia.scott195@example.com,Mississauga,ON,Canada,2024-05-27,no,122.94,1
CUST-00196,Grace,Young,grace.young196@example.com,Vancouver,BC,Canada,2025-11-01,no,792.47,5
CUST-00197,Ella,Nguyen,ella.nguyen197@example.com,Hamilton,ON,Canada,2024-04-06,no,323.18,2
CUST-00198,Henry,Scott,henry.scott198@example.com,Toronto,ON,Canada,2025-03-29,yes,0.0,0
CUST-00199,Lucas,Patel,lucas.patel199@example.com,Toronto,ON,Canada,2025-06-13,no,0.0,0
CUST-00200,Henry,Campbell,henry.campbell200@example.com,Calgary,AB,Canada,2025-06-12,yes,94.92,1
CUST-00201,Ella,Singh,ella.singh201@example.com,Montreal,QC,Canada,2024-04-10,no,0.0,0
CUST-00202,Jack,Campbell,jack.campbell202@example.com,Kitchener,ON,Canada,2024-10-23,yes,365.22,2
CUST-00203,Amelia,Lee,amelia.lee203@example.com,London,ON,Canada,2025-03-09,no,0.0,0
CUST-00204,Olivia,Brown,olivia.brown204@example.com,Kitchener,ON,Canada,2025-11-10,yes,474.6,3
CUST-00205,Lucas,Clark,lucas.clark205@example.com,Toronto,ON,Canada,2025-11-21,no,1110.68,4
CUST-00206,Ava,Taylor,ava.taylor206@example.com,Hamilton,ON,Canada,2024-02-06,yes,0.0,0
CUST-00207,Owen,Young,owen.young207@example.com,Hamilton,ON,Canada,2024-03-10,yes,646.36,1
CUST-00208,Finn,Scott,finn.scott208@example.com,Toronto,ON,Canada,2024-04-04,yes,0.0,0
CUST-00209,Liam,Taylor,liam.taylor209@example.com,Hamilton,ON,Canada,2025-02-16,yes,198.38,2
CUST-00210,Charlotte,Hall,charlotte.hall210@example.com,Ottawa,ON,Canada,2025-05-10,no,0.0,0
CUST-00211,Emma,Hall,emma.hall211@example.com,London,ON,Canada,2025-01-16,yes,356.29,2
CUST-00212,Henry,Martin,henry.martin212@example.com,Kitchener,ON,Canada,2025-01-12,yes,637.32,3
CUST-00213,Jack,Clark,jack.clark213@example.com,Hamilton,ON,Canada,2024-12-25,yes,0.0,0
CUST-00214,Finn,Baker,finn.baker214@example.com,Calgary,AB,Canada,2025-09-08,no,1663.25,5
CUST-00215,Lucas,Wright,lucas.wright215@example.com,Toronto,ON,Canada,2024-03-28,yes,198.88,1
CUST-00216,Sophia,Young,sophia.young216@example.com,Toronto,ON,Canada,2024-12-22,yes,1527.31,8
CUST-00217,Emma,Clark,emma.clark217@example.com,Toronto,ON,Canada,2025-04-25,yes,816.84,4
CUST-00218,Charlotte,Nguyen,charlotte.nguyen218@example.com,London,ON,Canada,2024-06-01,yes,747.0,4
CUST-00219,Ava,Green,ava.green219@example.com,Toronto,ON,Canada,2025-05-04,no,0.0,0
CUST-00220,Emma,Clark,emma.clark220@example.com,Vancouver,BC,Canada,2025-08-19,no,0.0,0
CUST-00221,Chloe,Martin,chloe.martin221@example.com,Toronto,ON,Canada,2025-07-10,yes,289.28,1
CUST-00222,Owen,Brown,owen.brown222@example.com,Toronto,ON,Canada,2025-01-23,yes,1493.98,8
CUST-00223,Ethan,Chen,ethan.chen223@example.com,Toronto,ON,Canada,2024-08-17,yes,879.14,4
CUST-00224,Charlotte,Lee,charlotte.lee224@example.com,Toronto,ON,Canada,2024-03-03,yes,1369.9,5
CUST-00225,Ella,Lee,ella.lee225@example.com,Ottawa,ON,Canada,2025-11-14,yes,671.22,2
CUST-00226,Charlotte,Patel,charlotte.patel226@example.com,Toronto,ON,Canada,2024-04-03,yes,0.0,0
CUST-00227,Sophia,Singh,sophia.singh227@example.com,Hamilton,ON,Canada,2025-06-16,yes,1218.14,4
CUST-00228,Emma,Baker,emma.baker228@example.com,Calgary,AB,Canada,2024-09-20,yes,622.65,3
CUST-00229,Leo,Campbell,leo.campbell229@example.com,Ottawa,ON,Canada,2025-07-23,no,0.0,0
CUST-00230,Olivia,Chen,olivia.chen230@example.com,Toronto,ON,Canada,2025-04-20,yes,1209.1,3
CUST-00231,Lucas,Taylor,lucas.taylor231@example.com,Mississauga,ON,Canada,2025-12-21,yes,0.0,0
CUST-00232,Theo,Brown,theo.brown232@example.com,Montreal,QC,Canada,2024-11-05,yes,99.44,1
CUST-00233,Ava,Wright,ava.wright233@example.com,Vancouver,BC,Canada,2024-03-27,no,491.32,2
CUST-00234,Noah,Hall,noah.hall234@example.com,Mississauga,ON,Canada,2024-03-30,yes,569.52,2
CUST-00235,Ella,Patel,ella.patel235@example.com,Hamilton,ON,Canada,2024-03-30,yes,300.58,2
CUST-00236,Ethan,Green,ethan.green236@example.com,Mississauga,ON,Canada,2025-02-01,no,341.26,2
CUST-00237,Noah,Nguyen,noah.nguyen237@example.com,Ottawa,ON,Canada,2024-01-09,yes,253.12,2
CUST-00238,Noah,Hall,noah.hall238@example.com,Kitchener,ON,Canada,2024-11-10,yes,56.5,1
CUST-00239,Jack,Hall,jack.hall239@example.com,Ottawa,ON,Canada,2024-08-03,no,0.0,0
CUST-00240,Charlotte,Clark,charlotte.clark240@example.com,Ottawa,ON,Canada,2024-01-09,no,691.56,2
CUST-00241,Mia,Singh,mia.singh241@example.com,Calgary,AB,Canada,2024-08-08,no,225.77,3
CUST-00242,Lucas,Wilson,lucas.wilson242@example.com,London,ON,Canada,2025-02-01,no,198.88,1
CUST-00243,Jack,Green,jack.green243@example.com,Montreal,QC,Canada,2024-03-21,yes,180.8,2
CUST-00244,Chloe,Chen,chloe.chen244@example.com,Vancouver,BC,Canada,2025-05-14,yes,122.94,1
CUST-00245,Finn,Young,finn.young245@example.com,Kitchener,ON,Canada,2024-07-26,no,278.66,1
CUST-00246,Leo,Singh,leo.singh246@example.com,Toronto,ON,Canada,2025-04-30,no,78.87,1
CUST-00247,Amelia,Martin,amelia.martin247@example.com,Mississauga,ON,Canada,2025-12-30,yes,820.38,3
CUST-00248,Henry,Wilson,henry.wilson248@example.com,Mississauga,ON,Canada,2025-03-31,yes,535.62,2
CUST-00249,Leo,Scott,leo.scott249@example.com,Vancouver,BC,Canada,2024-03-07,no,797.78,3
CUST-00250,Ava,Young,ava.young250@example.com,Toronto,ON,Canada,2024-06-28,yes,339.0,2
CUST-00251,Grace,Patel,grace.patel251@example.com,Toronto,ON,Canada,2024-06-24,no,74.92,1
CUST-00252,Finn,Wright,finn.wright252@example.com,London,ON,Canada,2025-08-13,yes,845.24,3
CUST-00253,Owen,Hall,owen.hall253@example.com,Calgary,AB,Canada,2024-05-24,yes,0.0,0
CUST-00254,Amelia,Campbell,amelia.campbell254@example.com,Mississauga,ON,Canada,2025-10-25,yes,61.02,1
CUST-00255,Sophia,Scott,sophia.scott255@example.com,Toronto,ON,Canada,2024-01-27,yes,0.0,0
CUST-00256,Ella,Hall,ella.hall256@example.com,Toronto,ON,Canada,2025-08-21,no,2321.81,8
CUST-00257,Charlotte,Lee,charlotte.lee257@example.com,Kitchener,ON,Canada,2025-03-18,yes,0.0,0
CUST-00258,Henry,Lee,henry.lee258@example.com,Toronto,ON,Canada,2024-07-29,yes,732.24,2
CUST-00259,Henry,Taylor,henry.taylor259@example.com,Toronto,ON,Canada,2025-09-12,yes,573.93,3
CUST-00260,Sophia,Lee,sophia.lee260@example.com,Kitchener,ON,Canada,2025-12-07,yes,296.06,2
CUST-00261,Theo,Patel,theo.patel261@example.com,London,ON,Canada,2025-11-08,no,260.8,2
CUST-00262,Emma,King,emma.king262@example.com,Mississauga,ON,Canada,2025-08-21,yes,1168.88,4
CUST-00263,Olivia,Campbell,olivia.campbell263@example.com,Toronto,ON,Canada,2025-09-03,no,547.82,3
CUST-00264,Owen,Wright,owen.wright264@example.com,Toronto,ON,Canada,2024-03-24,no,510.76,2
CUST-00265,Lucas,Wright,lucas.wright265@example.com,Ottawa,ON,Canada,2024-04-01,no,1037.71,3
CUST-00266,Henry,Scott,henry.scott266@example.com,London,ON,Canada,2025-02-04,yes,1583.02,4
CUST-00267,Olivia,Thompson,olivia.thompson267@example.com,Vancouver,BC,Canada,2025-04-04,yes,424.88,2
CUST-00268,Charlotte,Campbell,charlotte.campbell268@example.com,Toronto,ON,Canada,2025-08-16,yes,440.47,2
CUST-00269,Chloe,Anderson,chloe.anderson269@example.com,Toronto,ON,Canada,2025-06-20,yes,937.9,2
CUST-00270,Finn,King,finn.king270@example.com,Toronto,ON,Canada,2024-03-13,yes,533.36,3
CUST-00271,Owen,Baker,owen.baker271@example.com,Montreal,QC,Canada,2025-06-02,yes,588.05,4
CUST-00272,Leo,Scott,leo.scott272@example.com,Hamilton,ON,Canada,2025-01-06,yes,779.93,4
CUST-00273,Jack,Patel,jack.patel273@example.com,Hamilton,ON,Canada,2024-02-09,yes,0.0,0
CUST-00274,Noah,Taylor,noah.taylor274@example.com,Toronto,ON,Canada,2024-06-08,yes,395.5,3
CUST-00275,Noah,Baker,noah.baker275@example.com,Mississauga,ON,Canada,2025-10-07,no,844.79,2
CUST-00276,Ethan,Taylor,ethan.taylor276@example.com,Toronto,ON,Canada,2024-09-27,yes,1098.25,6
CUST-00277,Henry,Patel,henry.patel277@example.com,Toronto,ON,Canada,2024-03-07,no,449.74,3
CUST-00278,Chloe,King,chloe.king278@example.com,Montreal,QC,Canada,2025-03-08,no,113.0,1
CUST-00279,Jack,Wilson,jack.wilson279@example.com,London,ON,Canada,2024-11-30,yes,706.59,3
CUST-00280,Jack,Campbell,jack.campbell280@example.com,Mississauga,ON,Canada,2025-09-29,yes,470.08,3
CUST-00281,Ethan,Thompson,ethan.thompson281@example.com,Toronto,ON,Canada,2025-02-21,yes,31.58,1
CUST-00282,Finn,Brown,finn.brown282@example.com,Calgary,AB,Canada,2025-01-30,yes,0.0,0
CUST-00283,Liam,Chen,liam.chen283@example.com,Hamilton,ON,Canada,2024-08-07,no,0.0,0
CUST-00284,Jack,Brown,jack.brown284@example.com,Mississauga,ON,Canada,2024-07-06,no,223.74,1
CUST-00285,Henry,Wilson,henry.wilson285@example.com,Calgary,AB,Canada,2025-04-18,yes,445.22,4
CUST-00286,Chloe,Thompson,chloe.thompson286@example.com,Toronto,ON,Canada,2024-12-03,yes,567.26,2
CUST-00287,Henry,Scott,henry.scott287@example.com,Toronto,ON,Canada,2025-01-06,yes,947.62,2
CUST-00288,Ethan,Chen,ethan.chen288@example.com,Ottawa,ON,Canada,2024-04-04,yes,0.0,0
CUST-00289,Henry,Wilson,henry.wilson289@example.com,Toronto,ON,Canada,2024-03-28,yes,1102.88,4
CUST-00290,Charlotte,Wright,charlotte.wright290@example.com,Toronto,ON,Canada,2024-03-09,yes,1105.37,4
CUST-00291,Chloe,Chen,chloe.chen291@example.com,Toronto,ON,Canada,2024-08-10,yes,831.68,6
CUST-00292,Ava,Hall,ava.hall292@example.com,Hamilton,ON,Canada,2024-10-19,yes,720.94,2
CUST-00293,Olivia,Campbell,olivia.campbell293@example.com,Toronto,ON,Canada,2025-04-08,yes,540.14,2
CUST-00294,Finn,Young,finn.young294@example.com,Toronto,ON,Canada,2025-09-05,no,0.0,0
CUST-00295,Theo,Green,theo.green295@example.com,Hamilton,ON,Canada,2024-06-07,yes,782.75,3
CUST-00296,Grace,Clark,grace.clark296@example.com,Toronto,ON,Canada,2025-11-02,yes,63.28,1
CUST-00297,Ella,Thompson,ella.thompson297@example.com,Toronto,ON,Canada,2024-01-27,no,0.0,0
CUST-00298,Owen,Thompson,owen.thompson298@example.com,Ottawa,ON,Canada,2024-04-17,no,483.64,1
CUST-00299,Theo,Chen,theo.chen299@example.com,Hamilton,ON,Canada,2024-06-13,no,2786.13,9
CUST-00300,Noah,Taylor,noah.taylor300@example.com,Hamilton,ON,Canada,2025-03-06,no,234.14,2
CUST-00301,Mia,Patel,mia.patel301@example.com,Mississauga,ON,Canada,2025-05-27,no,0.0,0
CUST-00302,Olivia,Nguyen,olivia.nguyen302@example.com,Mississauga,ON,Canada,2025-03-26,yes,1486.63,4
CUST-00303,Ethan,Baker,ethan.baker303@example.com,London,ON,Canada,2024-08-18,yes,655.4,3
CUST-00304,Ethan,Martin,ethan.martin304@example.com,Hamilton,ON,Canada,2024-05-23,yes,1522.67,6
CUST-00305,Ella,Green,ella.green305@example.com,Mississauga,ON,Canada,2024-11-10,yes,628.28,2
CUST-00306,Jack,Chen,jack.chen306@example.com,Toronto,ON,Canada,2025-12-03,yes,0.0,0
CUST-00307,Jack,Thompson,jack.thompson307@example.com,London,ON,Canada,2025-01-09,no,138.31,1
CUST-00308,Ella,Singh,ella.singh308@example.com,Vancouver,BC,Canada,2024-04-03,no,696.08,4
CUST-00309,Lucas,Patel,lucas.patel309@example.com,Ottawa,ON,Canada,2025-11-03,no,228.26,1
CUST-00310,Chloe,Taylor,chloe.taylor310@example.com,Ottawa,ON,Canada,2024-07-15,yes,0.0,0
CUST-00311,Noah,Baker,noah.baker311@example.com,Toronto,ON,Canada,2025-08-06,yes,0.0,0
CUST-00312,Ava,Patel,ava.patel312@example.com,Kitchener,ON,Canada,2024-10-07,yes,0.0,0
CUST-00313,Olivia,Chen,olivia.chen313@example.com,Toronto,ON,Canada,2024-12-26,yes,811.34,7
CUST-00314,Jack,Green,jack.green314@example.com,Toronto,ON,Canada,2025-09-26,no,1329.34,8
CUST-00315,Chloe,Thompson,chloe.thompson315@example.com,Toronto,ON,Canada,2025-09-06,yes,2124.4,9
CUST-00316,Noah,Scott,noah.scott316@example.com,Toronto,ON,Canada,2025-02-16,no,1001.18,6
CUST-00317,Jack,Clark,jack.clark317@example.com,Toronto,ON,Canada,2024-08-31,yes,1139.04,3
CUST-00318,Grace,Baker,grace.baker318@example.com,Toronto,ON,Canada,2024-02-18,yes,1861.79,5
CUST-00319,Ella,Singh,ella.singh319@example.com,Toronto,ON,Canada,2025-06-26,no,1561.66,4
CUST-00320,Liam,Young,liam.young320@example.com,Kitchener,ON,Canada,2025-05-30,no,142.38,2
CUST-00321,Amelia,Green,amelia.green321@example.com,Toronto,ON,Canada,2025-09-17,yes,1412.86,6
CUST-00322,Emma,Singh,emma.singh322@example.com,Toronto,ON,Canada,2024-06-23,yes,1124.02,4
CUST-00323,Chloe,Hall,chloe.hall323@example.com,Toronto,ON,Canada,2025-03-14,yes,144.64,1
CUST-00324,Sophia,Hall,sophia.hall324@example.com,Toronto,ON,Canada,2025-01-01,yes,350.3,1
CUST-00325,Ethan,Wright,ethan.wright325@example.com,Montreal,QC,Canada,2025-11-30,no,0.0,0
CUST-00326,Ella,Patel,ella.patel326@example.com,London,ON,Canada,2024-11-05,yes,524.77,4
CUST-00327,Chloe,Young,chloe.young327@example.com,Mississauga,ON,Canada,2024-08-15,no,287.59,2
CUST-00328,Henry,Singh,henry.singh328@example.com,Mississauga,ON,Canada,2025-07-03,yes,296.74,2
CUST-00329,Leo,Young,leo.young329@example.com,Mississauga,ON,Canada,2024-10-10,yes,1481.02,5
CUST-00330,Amelia,Wilson,amelia.wilson330@example.com,Toronto,ON,Canada,2025-05-07,yes,833.94,5
CUST-00331,Amelia,Young,amelia.young331@example.com,Ottawa,ON,Canada,2024-06-01,no,1308.54,4
CUST-00332,Henry,Thompson,henry.thompson332@example.com,Toronto,ON,Canada,2025-06-03,no,0.0,0
CUST-00333,Charlotte,Baker,charlotte.baker333@example.com,Kitchener,ON,Canada,2024-05-01,yes,1062.2,3
CUST-00334,Ella,Singh,ella.singh334@example.com,Montreal,QC,Canada,2025-11-30,yes,987.62,4
CUST-00335,Sophia,Lee,sophia.lee335@example.com,Kitchener,ON,Canada,2025-02-09,yes,209.29,2
CUST-00336,Charlotte,King,charlotte.king336@example.com,Montreal,QC,Canada,2025-04-20,yes,289.28,2
CUST-00337,Finn,Scott,finn.scott337@example.com,Ottawa,ON,Canada,2024-04-13,yes,382.62,2
CUST-00338,Liam,Taylor,liam.taylor338@example.com,Toronto,ON,Canada,2024-08-27,no,440.47,2
CUST-00339,Leo,Green,leo.green339@example.com,London,ON,Canada,2024-02-28,yes,658.34,3
CUST-00340,Ella,Chen,ella.chen340@example.com,Ottawa,ON,Canada,2024-12-16,yes,305.1,2
CUST-00341,Sophia,Baker,sophia.baker341@example.com,Toronto,ON,Canada,2024-12-08,yes,1028.3,5
CUST-00342,Jack,Scott,jack.scott342@example.com,Toronto,ON,Canada,2024-06-27,no,1445.04,4
CUST-00343,Henry,Wilson,henry.wilson343@example.com,Toronto,ON,Canada,2025-10-24,yes,800.04,2
CUST-00344,Theo,Campbell,theo.campbell344@example.com,Toronto,ON,Canada,2024-05-20,no,1898.74,6
CUST-00345,Ethan,Thompson,ethan.thompson345@example.com,Ottawa,ON,Canada,2024-08-01,no,390.98,2
CUST-00346,Emma,Baker,emma.baker346@example.com,Hamilton,ON,Canada,2025-06-11,yes,2162.82,8
CUST-00347,Olivia,Campbell,olivia.campbell347@example.com,Toronto,ON,Canada,2024-12-26,yes,1064.46,2
CUST-00348,Ella,Wilson,ella.wilson348@example.com,Toronto,ON,Canada,2025-09-05,no,1683.02,9
CUST-00349,Ava,Wright,ava.wright349@example.com,Mississauga,ON,Canada,2025-09-07,no,533.36,1
CUST-00350,Jack,King,jack.king350@example.com,Mississauga,ON,Canada,2024-10-23,no,226.0,1
CUST-00351,Sophia,Young,sophia.young351@example.com,London,ON,Canada,2025-05-04,yes,282.5,1
CUST-00352,Henry,Campbell,henry.campbell352@example.com,Toronto,ON,Canada,2025-06-13,yes,411.32,1
CUST-00353,Finn,Brown,finn.brown353@example.com,Ottawa,ON,Canada,2024-09-24,yes,558.45,4
CUST-00354,Mia,Green,mia.green354@example.com,Toronto,ON,Canada,2025-11-10,no,912.81,4
CUST-00355,Ava,Singh,ava.singh355@example.com,Ottawa,ON,Canada,2025-09-08,yes,186.68,2
CUST-00356,Owen,Lee,owen.lee356@example.com,London,ON,Canada,2025-05-18,no,0.0,0
CUST-00357,Sophia,Martin,sophia.martin357@example.com,Ottawa,ON,Canada,2025-09-13,yes,425.02,2
CUST-00358,Jack,Hall,jack.hall358@example.com,Calgary,AB,Canada,2024-08-10,no,1007.96,5
CUST-00359,Henry,Brown,henry.brown359@example.com,Vancouver,BC,Canada,2025-03-04,yes,210.18,1
CUST-00360,Finn,Wright,finn.wright360@example.com,Toronto,ON,Canada,2025-03-01,yes,244.08,2
CUST-00361,Amelia,Baker,amelia.baker361@example.com,Ottawa,ON,Canada,2024-12-30,no,130.18,1
CUST-00362,Charlotte,Scott,charlotte.scott362@example.com,Toronto,ON,Canada,2024-01-17,yes,0.0,0
CUST-00363,Mia,Campbell,mia.campbell363@example.com,Calgary,AB,Canada,2024-10-17,no,524.32,1
CUST-00364,Charlotte,Campbell,charlotte.campbell364@example.com,Mississauga,ON,Canada,2024-10-12,yes,0.0,0
CUST-00365,Liam,Lee,liam.lee365@example.com,Toronto,ON,Canada,2024-05-09,no,549.63,4
CUST-00366,Henry,Clark,henry.clark366@example.com,Toronto,ON,Canada,2024-07-08,yes,1551.74,8
CUST-00367,Ava,Wright,ava.wright367@example.com,Calgary,AB,Canada,2024-01-19,yes,551.44,2
CUST-00368,Ava,King,ava.king368@example.com,Ottawa,ON,Canada,2024-11-02,no,219.56,3
CUST-00369,Amelia,Wilson,amelia.wilson369@example.com,Hamilton,ON,Canada,2024-08-12,yes,343.52,2
CUST-00370,Noah,King,noah.king370@example.com,Toronto,ON,Canada,2024-10-30,yes,644.09,4
CUST-00371,Emma,Brown,emma.brown371@example.com,Mississauga,ON,Canada,2024-07-21,yes,400.02,3
CUST-00372,Ava,Singh,ava.singh372@example.com,Mississauga,ON,Canada,2025-06-04,yes,1498.61,7
CUST-00373,Sophia,Lee,sophia.lee373@example.com,Mississauga,ON,Canada,2025-12-17,no,673.71,2
CUST-00374,Charlotte,Singh,charlotte.singh374@example.com,Ottawa,ON,Canada,2025-12-19,yes,81.36,1
CUST-00375,Finn,Clark,finn.clark375@example.com,Calgary,AB,Canada,2025-07-09,yes,0.0,0
CUST-00376,Henry,Baker,henry.baker376@example.com,London,ON,Canada,2024-07-26,yes,949.2,2
CUST-00377,Theo,Singh,theo.singh377@example.com,London,ON,Canada,2025-12-04,yes,346.68,3
CUST-00378,Jack,Campbell,jack.campbell378@example.com,Vancouver,BC,Canada,2024-02-24,no,54.24,1
CUST-00379,Olivia,Young,olivia.young379@example.com,London,ON,Canada,2024-03-24,yes,174.92,1
CUST-00380,Noah,Scott,noah.scott380@example.com,Ottawa,ON,Canada,2025-04-19,yes,264.42,2
CUST-00381,Jack,Martin,jack.martin381@example.com,Mississauga,ON,Canada,2025-02-07,yes,648.62,3
CUST-00382,Amelia,Chen,amelia.chen382@example.com,Montreal,QC,Canada,2024-03-19,yes,210.18,2
CUST-00383,Leo,Anderson,leo.anderson383@example.com,Toronto,ON,Canada,2025-12-19,yes,707.38,4
CUST-00384,Ava,Campbell,ava.campbell384@example.com,London,ON,Canada,2025-12-09,no,928.86,4
CUST-00385,Owen,Hall,owen.hall385@example.com,Toronto,ON,Canada,2025-07-01,no,289.28,1
CUST-00386,Ethan,Nguyen,ethan.nguyen386@example.com,Toronto,ON,Canada,2024-08-05,yes,289.28,1
CUST-00387,Olivia,Green,olivia.green387@example.com,London,ON,Canada,2024-01-30,yes,1017.0,2
CUST-00388,Theo,Campbell,theo.campbell388@example.com,Ottawa,ON,Canada,2025-09-30,yes,699.02,3
CUST-00389,Chloe,Brown,chloe.brown389@example.com,Ottawa,ON,Canada,2025-12-20,yes,1385.38,2
CUST-00390,Ella,Patel,ella.patel390@example.com,Montreal,QC,Canada,2024-06-25,yes,0.0,1
CUST-00391,Sophia,Martin,sophia.martin391@example.com,Kitchener,ON,Canada,2024-10-27,yes,124.28,2
CUST-00392,Jack,Baker,jack.baker392@example.com,Toronto,ON,Canada,2024-06-11,yes,1729.8,6
CUST-00393,Olivia,Scott,olivia.scott393@example.com,Kitchener,ON,Canada,2025-02-09,yes,528.84,4
CUST-00394,Chloe,Thompson,chloe.thompson394@example.com,Calgary,AB,Canada,2024-11-20,no,1048.64,5
CUST-00395,Owen,Patel,owen.patel395@example.com,Toronto,ON,Canada,2025-08-23,yes,1841.9,4
CUST-00396,Jack,Taylor,jack.taylor396@example.com,Toronto,ON,Canada,2025-11-26,yes,711.9,3
CUST-00397,Henry,Wilson,henry.wilson397@example.com,Toronto,ON,Canada,2024-02-05,yes,821.86,4
CUST-00398,Charlotte,Hall,charlotte.hall398@example.com,Mississauga,ON,Canada,2025-07-10,yes,0.0,0
CUST-00399,Chloe,Thompson,chloe.thompson399@example.com,London,ON,Canada,2025-06-04,no,1069.66,4
CUST-00400,Jack,Martin,jack.martin400@example.com,Vancouver,BC,Canada,2025-06-24,no,339.0,2
CUST-00401,Charlotte,Patel,charlotte.patel401@example.com,Kitchener,ON,Canada,2025-06-23,yes,593.48,4
CUST-00402,Chloe,Chen,chloe.chen402@example.com,Toronto,ON,Canada,2025-10-24,no,688.85,3
CUST-00403,Henry,Thompson,henry.thompson403@example.com,Mississauga,ON,Canada,2024-06-20,yes,178.54,1
CUST-00404,Theo,Anderson,theo.anderson404@example.com,Vancouver,BC,Canada,2024-11-19,yes,0.0,0
CUST-00405,Mia,Green,mia.green405@example.com,Ottawa,ON,Canada,2024-01-04,yes,316.4,2
CUST-00406,Ava,Wilson,ava.wilson406@example.com,Mississauga,ON,Canada,2025-01-22,no,745.8,3
CUST-00407,Liam,Thompson,liam.thompson407@example.com,Toronto,ON,Canada,2024-01-22,yes,555.96,3
CUST-00408,Liam,Hall,liam.hall408@example.com,Vancouver,BC,Canada,2025-03-21,yes,366.12,3
CUST-00409,Ava,Singh,ava.singh409@example.com,Toronto,ON,Canada,2025-05-05,yes,0.0,0
CUST-00410,Amelia,Young,amelia.young410@example.com,Vancouver,BC,Canada,2025-01-17,yes,555.96,2
CUST-00411,Mia,Brown,mia.brown411@example.com,Vancouver,BC,Canada,2024-09-11,no,922.08,4
CUST-00412,Leo,King,leo.king412@example.com,Toronto,ON,Canada,2025-06-02,no,519.8,2
CUST-00413,Sophia,Nguyen,sophia.nguyen413@example.com,Toronto,ON,Canada,2025-03-06,yes,481.33,3
CUST-00414,Henry,Thompson,henry.thompson414@example.com,Toronto,ON,Canada,2025-02-05,no,1111.92,4
CUST-00415,Amelia,Wilson,amelia.wilson415@example.com,Toronto,ON,Canada,2025-10-09,yes,257.64,2
CUST-00416,Olivia,Brown,olivia.brown416@example.com,Toronto,ON,Canada,2025-05-07,yes,63.28,1
CUST-00417,Charlotte,Baker,charlotte.baker417@example.com,Mississauga,ON,Canada,2024-09-06,yes,992.14,2
CUST-00418,Olivia,Clark,olivia.clark418@example.com,Kitchener,ON,Canada,2025-01-24,yes,436.18,3
CUST-00419,Sophia,Baker,sophia.baker419@example.com,Toronto,ON,Canada,2025-12-30,yes,54.24,1
CUST-00420,Ella,Anderson,ella.anderson420@example.com,Toronto,ON,Canada,2025-01-24,no,235.04,2
CUST-00421,Sophia,Hall,sophia.hall421@example.com,Hamilton,ON,Canada,2024-04-09,yes,1239.16,5
CUST-00422,Leo,Wilson,leo.wilson422@example.com,Montreal,QC,Canada,2025-09-16,no,415.84,1
CUST-00423,Lucas,Wright,lucas.wright423@example.com,Hamilton,ON,Canada,2025-05-26,yes,198.88,1
CUST-00424,Theo,Baker,theo.baker424@example.com,Toronto,ON,Canada,2024-12-27,yes,2684.88,9
CUST-00425,Theo,Campbell,theo.campbell425@example.com,Ottawa,ON,Canada,2025-10-30,no,0.0,1
CUST-00426,Olivia,Scott,olivia.scott426@example.com,Toronto,ON,Canada,2024-03-16,no,196.62,2
CUST-00427,Jack,Young,jack.young427@example.com,Toronto,ON,Canada,2024-09-23,yes,884.22,3
CUST-00428,Ava,Chen,ava.chen428@example.com,Toronto,ON,Canada,2025-02-09,yes,755.86,3
CUST-00429,Jack,Wright,jack.wright429@example.com,Ottawa,ON,Canada,2024-01-13,yes,144.64,1
CUST-00430,Noah,Campbell,noah.campbell430@example.com,Mississauga,ON,Canada,2025-10-04,no,0.0,0
CUST-00431,Ava,Clark,ava.clark431@example.com,Toronto,ON,Canada,2024-09-07,yes,765.24,4
CUST-00432,Leo,Baker,leo.baker432@example.com,Montreal,QC,Canada,2025-12-03,yes,553.7,2
CUST-00433,Chloe,Brown,chloe.brown433@example.com,Hamilton,ON,Canada,2025-07-02,yes,348.04,2
CUST-00434,Noah,Wright,noah.wright434@example.com,Toronto,ON,Canada,2024-09-10,no,977.69,3
CUST-00435,Owen,Patel,owen.patel435@example.com,Toronto,ON,Canada,2025-10-16,yes,967.28,4
CUST-00436,Leo,Taylor,leo.taylor436@example.com,Toronto,ON,Canada,2025-10-12,yes,2174.0,10
CUST-00437,Ella,Campbell,ella.campbell437@example.com,Ottawa,ON,Canada,2025-10-25,yes,705.12,4
CUST-00438,Noah,Anderson,noah.anderson438@example.com,London,ON,Canada,2024-06-06,no,1239.16,4
CUST-00439,Leo,Chen,leo.chen439@example.com,Mississauga,ON,Canada,2025-03-07,yes,630.88,3
CUST-00440,Sophia,Taylor,sophia.taylor440@example.com,Toronto,ON,Canada,2025-09-15,yes,1625.84,5
CUST-00441,Ella,Singh,ella.singh441@example.com,Toronto,ON,Canada,2024-06-25,no,0.0,0
CUST-00442,Mia,Green,mia.green442@example.com,Toronto,ON,Canada,2024-09-10,yes,447.48,3
CUST-00443,Liam,Lee,liam.lee443@example.com,Toronto,ON,Canada,2025-09-30,yes,1254.75,5
CUST-00444,Ava,Hall,ava.hall444@example.com,Hamilton,ON,Canada,2024-07-01,yes,848.18,3
CUST-00445,Olivia,Baker,olivia.baker445@example.com,London,ON,Canada,2025-08-01,yes,2170.06,6
CUST-00446,Chloe,Taylor,chloe.taylor446@example.com,Ottawa,ON,Canada,2025-09-20,yes,122.04,1
CUST-00447,Amelia,Brown,amelia.brown447@example.com,Montreal,QC,Canada,2024-12-13,no,81.36,1
CUST-00448,Emma,Patel,emma.patel448@example.com,Mississauga,ON,Canada,2024-07-05,yes,831.69,6
CUST-00449,Ava,Baker,ava.baker449@example.com,Calgary,AB,Canada,2025-08-17,yes,52.23,1
CUST-00450,Ethan,Wilson,ethan.wilson450@example.com,London,ON,Canada,2024-12-09,no,244.08,2
CUST-00451,Emma,Brown,emma.brown451@example.com,Hamilton,ON,Canada,2024-05-15,yes,232.81,2
CUST-00452,Leo,Campbell,leo.campbell452@example.com,Toronto,ON,Canada,2024-11-07,no,1169.78,7
CUST-00453,Amelia,Martin,amelia.martin453@example.com,Montreal,QC,Canada,2025-04-21,yes,0.0,0
CUST-00454,Sophia,Chen,sophia.chen454@example.com,Ottawa,ON,Canada,2025-11-13,yes,673.26,5
CUST-00455,Owen,King,owen.king455@example.com,Toronto,ON,Canada,2024-11-12,yes,1157.12,5
CUST-00456,Olivia,Wright,olivia.wright456@example.com,Montreal,QC,Canada,2025-06-23,yes,549.41,1
CUST-00457,Leo,King,leo.king457@example.com,Toronto,ON,Canada,2024-03-16,no,1742.46,5
CUST-00458,Noah,Scott,noah.scott458@example.com,Toronto,ON,Canada,2025-02-21,no,0.0,0
CUST-00459,Lucas,Green,lucas.green459@example.com,Ottawa,ON,Canada,2024-02-17,yes,1046.61,6
CUST-00460,Grace,Thompson,grace.thompson460@example.com,Ottawa,ON,Canada,2025-07-30,yes,0.0,0
CUST-00461,Emma,Chen,emma.chen461@example.com,Toronto,ON,Canada,2024-08-16,yes,1371.82,4
CUST-00462,Charlotte,Young,charlotte.young462@example.com,Toronto,ON,Canada,2025-04-08,no,424.54,1
CUST-00463,Noah,Wright,noah.wright463@example.com,Toronto,ON,Canada,2024-10-07,no,94.92,1
CUST-00464,Ella,Singh,ella.singh464@example.com,Mississauga,ON,Canada,2024-11-23,yes,689.3,2
CUST-00465,Amelia,Green,amelia.green465@example.com,Toronto,ON,Canada,2024-05-31,yes,221.48,1
CUST-00466,Olivia,Brown,olivia.brown466@example.com,Toronto,ON,Canada,2024-06-17,yes,1062.2,3
CUST-00467,Theo,Hall,theo.hall467@example.com,Toronto,ON,Canada,2024-10-31,no,121.02,1
CUST-00468,Amelia,Clark,amelia.clark468@example.com,Toronto,ON,Canada,2024-10-29,no,635.06,3
CUST-00469,Grace,Thompson,grace.thompson469@example.com,Toronto,ON,Canada,2025-09-21,yes,1164.8,6
CUST-00470,Grace,Green,grace.green470@example.com,Ottawa,ON,Canada,2024-07-19,yes,157.97,2
CUST-00471,Noah,Wilson,noah.wilson471@example.com,Toronto,ON,Canada,2024-12-23,no,0.0,0
CUST-00472,Finn,Taylor,finn.taylor472@example.com,Ottawa,ON,Canada,2025-02-06,yes,244.08,1
CUST-00473,Ella,Campbell,ella.campbell473@example.com,Kitchener,ON,Canada,2025-07-23,yes,133.34,1
CUST-00474,Amelia,Scott,amelia.scott474@example.com,Toronto,ON,Canada,2024-06-16,yes,357.08,2
CUST-00475,Owen,Wilson,owen.wilson475@example.com,Toronto,ON,Canada,2024-08-23,yes,0.0,0
CUST-00476,Owen,Lee,owen.lee476@example.com,Ottawa,ON,Canada,2025-09-22,no,1521.43,8
CUST-00477,Sophia,Anderson,sophia.anderson477@example.com,Toronto,ON,Canada,2025-05-13,yes,0.0,0
CUST-00478,Henry,Singh,henry.singh478@example.com,Toronto,ON,Canada,2024-06-29,yes,819.48,5
CUST-00479,Olivia,Singh,olivia.singh479@example.com,Toronto,ON,Canada,2025-11-10,yes,62.38,1
CUST-00480,Noah,Anderson,noah.anderson480@example.com,Ottawa,ON,Canada,2025-09-22,yes,0.0,0
CUST-00481,Finn,Chen,finn.chen481@example.com,Toronto,ON,Canada,2025-06-03,no,793.26,5
CUST-00482,Finn,Baker,finn.baker482@example.com,Toronto,ON,Canada,2024-08-20,yes,1629.46,5
CUST-00483,Noah,Young,noah.young483@example.com,Calgary,AB,Canada,2024-04-10,yes,0.0,0
CUST-00484,Owen,Chen,owen.chen484@example.com,Toronto,ON,Canada,2025-11-12,yes,463.3,4
CUST-00485,Theo,Thompson,theo.thompson485@example.com,Toronto,ON,Canada,2024-05-17,yes,723.2,3
CUST-00486,Noah,Hall,noah.hall486@example.com,Toronto,ON,Canada,2025-05-30,no,746.48,4
CUST-00487,Mia,Brown,mia.brown487@example.com,Toronto,ON,Canada,2025-03-28,no,323.18,2
CUST-00488,Henry,Campbell,henry.campbell488@example.com,Hamilton,ON,Canada,2024-06-17,yes,620.14,4
CUST-00489,Leo,Baker,leo.baker489@example.com,Kitchener,ON,Canada,2025-03-06,yes,743.54,4
CUST-00490,Noah,Patel,noah.patel490@example.com,Toronto,ON,Canada,2024-07-23,no,210.18,1
CUST-00491,Lucas,Young,lucas.young491@example.com,Hamilton,ON,Canada,2025-09-14,no,0.0,0
CUST-00492,Theo,Green,theo.green492@example.com,Toronto,ON,Canada,2025-10-16,no,323.18,2
CUST-00493,Finn,Martin,finn.martin493@example.com,Vancouver,BC,Canada,2025-07-18,no,217.86,2
CUST-00494,Sophia,Martin,sophia.martin494@example.com,Toronto,ON,Canada,2024-06-30,yes,1111.69,4
CUST-00495,Sophia,Thompson,sophia.thompson495@example.com,Ottawa,ON,Canada,2025-11-01,yes,1030.1,5
CUST-00496,Leo,Martin,leo.martin496@example.com,Hamilton,ON,Canada,2025-10-25,yes,501.72,3
CUST-00497,Ava,Hall,ava.hall497@example.com,Toronto,ON,Canada,2025-12-19,no,133.34,1
CUST-00498,Charlotte,Singh,charlotte.singh498@example.com,Kitchener,ON,Canada,2024-04-18,yes,915.3,2
CUST-00499,Emma,Singh,emma.singh499@example.com,Kitchener,ON,Canada,2024-08-20,no,1508.32,4
CUST-00500,Grace,Taylor,grace.taylor500@example.com,Hamilton,ON,Canada,2024-08-04,yes,793.26,4
CUST-00501,Owen,Scott,owen.scott501@example.com,Toronto,ON,Canada,2024-06-06,yes,958.24,4
CUST-00502,Ethan,Anderson,ethan.anderson502@example.com,Toronto,ON,Canada,2025-08-23,yes,485.11,3
CUST-00503,Amelia,Hall,amelia.hall503@example.com,Toronto,ON,Canada,2024-02-27,no,2198.98,7
CUST-00504,Olivia,Chen,olivia.chen504@example.com,Toronto,ON,Canada,2024-10-06,yes,1109.66,4
CUST-00505,Ethan,Green,ethan.green505@example.com,Toronto,ON,Canada,2024-01-14,yes,415.84,2
CUST-00506,Olivia,Patel,olivia.patel506@example.com,London,ON,Canada,2025-09-09,yes,436.18,2
CUST-00507,Owen,Wright,owen.wright507@example.com,London,ON,Canada,2025-05-31,no,94.92,1
CUST-00508,Ella,Young,ella.young508@example.com,Toronto,ON,Canada,2024-03-31,yes,1532.51,7
CUST-00509,Mia,King,mia.king509@example.com,Hamilton,ON,Canada,2025-10-11,yes,828.06,5
CUST-00510,Leo,Young,leo.young510@example.com,Toronto,ON,Canada,2025-07-20,yes,393.69,2
CUST-00511,Jack,Hall,jack.hall511@example.com,Mississauga,ON,Canada,2024-04-14,yes,1394.87,6
CUST-00512,Grace,Thompson,grace.thompson512@example.com,Toronto,ON,Canada,2025-08-02,yes,0.0,1
CUST-00513,Lucas,Clark,lucas.clark513@example.com,Montreal,QC,Canada,2025-01-05,no,800.04,3
CUST-00514,Liam,Martin,liam.martin514@example.com,Toronto,ON,Canada,2025-11-05,yes,79.1,1
CUST-00515,Jack,Taylor,jack.taylor515@example.com,Montreal,QC,Canada,2024-01-13,yes,151.42,2
CUST-00516,Sophia,Thompson,sophia.thompson516@example.com,Hamilton,ON,Canada,2024-10-10,yes,1139.04,1
CUST-00517,Noah,Martin,noah.martin517@example.com,Vancouver,BC,Canada,2024-04-02,yes,371.54,4
CUST-00518,Owen,Nguyen,owen.nguyen518@example.com,Vancouver,BC,Canada,2024-10-29,yes,1712.4,6
CUST-00519,Charlotte,Baker,charlotte.baker519@example.com,Mississauga,ON,Canada,2025-01-26,no,834.62,4
CUST-00520,Lucas,King,lucas.king520@example.com,Toronto,ON,Canada,2025-06-10,no,726.37,3
CUST-00521,Leo,Singh,leo.singh521@example.com,Hamilton,ON,Canada,2024-02-06,yes,27.9,1
CUST-00522,Liam,Young,liam.young522@example.com,Toronto,ON,Canada,2024-09-07,yes,859.7,3
CUST-00523,Ella,Singh,ella.singh523@example.com,Kitchener,ON,Canada,2025-04-29,yes,524.43,4
CUST-00524,Chloe,Young,chloe.young524@example.com,Toronto,ON,Canada,2024-02-07,no,397.76,3
CUST-00525,Charlotte,Young,charlotte.young525@example.com,Toronto,ON,Canada,2025-03-10,yes,0.0,0
CUST-00526,Noah,Clark,noah.clark526@example.com,Vancouver,BC,Canada,2025-09-04,yes,583.08,4
CUST-00527,Amelia,Nguyen,amelia.nguyen527@example.com,Hamilton,ON,Canada,2024-07-04,no,210.18,2
CUST-00528,Ella,Anderson,ella.anderson528@example.com,Hamilton,ON,Canada,2025-01-18,yes,144.64,1
CUST-00529,Owen,Wilson,owen.wilson529@example.com,Mississauga,ON,Canada,2024-10-16,yes,981.29,4
CUST-00530,Owen,Hall,owen.hall530@example.com,London,ON,Canada,2025-07-11,yes,277.98,1
CUST-00531,Grace,Singh,grace.singh531@example.com,London,ON,Canada,2025-02-17,yes,151.42,2
CUST-00532,Jack,Lee,jack.lee532@example.com,Montreal,QC,Canada,2024-04-19,yes,98.16,2
CUST-00533,Amelia,Nguyen,amelia.nguyen533@example.com,Ottawa,ON,Canada,2024-11-02,yes,1922.58,7
CUST-00534,Grace,Wilson,grace.wilson534@example.com,Toronto,ON,Canada,2024-01-26,no,227.36,2
CUST-00535,Grace,Taylor,grace.taylor535@example.com,Ottawa,ON,Canada,2025-08-04,yes,487.7,5
CUST-00536,Leo,Brown,leo.brown536@example.com,Toronto,ON,Canada,2025-11-16,yes,535.62,1
CUST-00537,Noah,Brown,noah.brown537@example.com,Vancouver,BC,Canada,2024-03-09,yes,863.32,3
CUST-00538,Mia,Nguyen,mia.nguyen538@example.com,Toronto,ON,Canada,2024-04-26,no,422.61,3
CUST-00539,Ava,Singh,ava.singh539@example.com,Toronto,ON,Canada,2025-05-13,yes,40.45,1
CUST-00540,Henry,Scott,henry.scott540@example.com,Montreal,QC,Canada,2024-07-12,no,0.0,0
CUST-00541,Chloe,Scott,chloe.scott541@example.com,Toronto,ON,Canada,2024-05-10,no,1778.17,4
CUST-00542,Chloe,Green,chloe.green542@example.com,Vancouver,BC,Canada,2025-12-18,yes,555.96,2
CUST-00543,Amelia,Brown,amelia.brown543@example.com,Toronto,ON,Canada,2025-10-28,yes,924.34,4
CUST-00544,Olivia,Wright,olivia.wright544@example.com,Ottawa,ON,Canada,2025-10-04,yes,726.82,4
CUST-00545,Jack,Patel,jack.patel545@example.com,Vancouver,BC,Canada,2025-06-19,no,537.88,3
CUST-00546,Liam,Anderson,liam.anderson546@example.com,Toronto,ON,Canada,2024-10-28,no,815.86,4
CUST-00547,Olivia,Thompson,olivia.thompson547@example.com,London,ON,Canada,2025-01-12,yes,832.28,5
CUST-00548,Ella,Chen,ella.chen548@example.com,London,ON,Canada,2025-01-24,yes,1289.78,5
CUST-00549,Leo,Thompson,leo.thompson549@example.com,Hamilton,ON,Canada,2025-07-25,yes,0.0,0
CUST-00550,Olivia,Green,olivia.green550@example.com,Toronto,ON,Canada,2025-07-22,no,490.42,2
CUST-00551,Grace,Clark,grace.clark551@example.com,Vancouver,BC,Canada,2025-10-21,yes,390.98,3
CUST-00552,Chloe,Baker,chloe.baker552@example.com,Kitchener,ON,Canada,2025-01-02,no,1378.4,4
CUST-00553,Liam,Scott,liam.scott553@example.com,Toronto,ON,Canada,2024-03-13,no,0.0,0
CUST-00554,Mia,Lee,mia.lee554@example.com,London,ON,Canada,2024-11-28,no,357.08,1
CUST-00555,Henry,King,henry.king555@example.com,Montreal,QC,Canada,2024-01-17,yes,983.1,4
CUST-00556,Liam,Scott,liam.scott556@example.com,Toronto,ON,Canada,2025-08-10,yes,138.31,1
CUST-00557,Amelia,Singh,amelia.singh557@example.com,Vancouver,BC,Canada,2025-06-09,no,831.68,5
CUST-00558,Ethan,Chen,ethan.chen558@example.com,Toronto,ON,Canada,2025-04-02,yes,113.0,1
CUST-00559,Ella,Scott,ella.scott559@example.com,Hamilton,ON,Canada,2024-08-20,no,1496.12,4
CUST-00560,Grace,Green,grace.green560@example.com,Hamilton,ON,Canada,2024-10-07,yes,499.46,3
CUST-00561,Leo,Anderson,leo.anderson561@example.com,Hamilton,ON,Canada,2024-10-25,yes,0.0,0
CUST-00562,Charlotte,Young,charlotte.young562@example.com,Calgary,AB,Canada,2025-01-03,yes,0.0,0
CUST-00563,Theo,Chen,theo.chen563@example.com,Toronto,ON,Canada,2024-12-07,no,282.5,2
CUST-00564,Amelia,Singh,amelia.singh564@example.com,Toronto,ON,Canada,2024-09-21,yes,396.74,3
CUST-00565,Noah,Baker,noah.baker565@example.com,Toronto,ON,Canada,2024-10-14,no,1349.9,6
CUST-00566,Charlotte,Thompson,charlotte.thompson566@example.com,Toronto,ON,Canada,2024-08-12,yes,228.26,2
CUST-00567,Theo,Brown,theo.brown567@example.com,Toronto,ON,Canada,2025-05-14,yes,892.7,3
CUST-00568,Olivia,Hall,olivia.hall568@example.com,Montreal,QC,Canada,2025-06-14,no,420.34,3
CUST-00569,Ava,Anderson,ava.anderson569@example.com,Toronto,ON,Canada,2024-06-26,yes,280.69,2
CUST-00570,Charlotte,Brown,charlotte.brown570@example.com,London,ON,Canada,2025-03-02,no,533.36,2
CUST-00571,Olivia,Thompson,olivia.thompson571@example.com,Toronto,ON,Canada,2025-10-05,no,1147.85,4
CUST-00572,Charlotte,Lee,charlotte.lee572@example.com,Toronto,ON,Canada,2025-12-13,yes,234.7,3
CUST-00573,Grace,Singh,grace.singh573@example.com,Ottawa,ON,Canada,2024-05-15,no,829.87,4
CUST-00574,Owen,King,owen.king574@example.com,Ottawa,ON,Canada,2024-11-27,yes,410.98,2
CUST-00575,Emma,Anderson,emma.anderson575@example.com,Toronto,ON,Canada,2024-07-08,yes,0.0,0
CUST-00576,Ethan,Taylor,ethan.taylor576@example.com,Ottawa,ON,Canada,2024-03-06,yes,659.23,6
CUST-00577,Henry,Taylor,henry.taylor577@example.com,Mississauga,ON,Canada,2025-12-01,yes,187.58,1
CUST-00578,Ava,Brown,ava.brown578@example.com,Ottawa,ON,Canada,2025-10-07,yes,0.0,1
CUST-00579,Jack,Wilson,jack.wilson579@example.com,Toronto,ON,Canada,2024-03-21,no,827.16,3
CUST-00580,Finn,King,finn.king580@example.com,Toronto,ON,Canada,2024-08-16,yes,2135.7,6
CUST-00581,Amelia,Green,amelia.green581@example.com,Vancouver,BC,Canada,2025-07-12,yes,404.54,3
CUST-00582,Theo,Clark,theo.clark582@example.com,Calgary,AB,Canada,2024-03-17,yes,209.39,1
CUST-00583,Ethan,Nguyen,ethan.nguyen583@example.com,Montreal,QC,Canada,2025-12-19,no,775.63,3
CUST-00584,Theo,Nguyen,theo.nguyen584@example.com,Montreal,QC,Canada,2025-03-05,no,181.48,2
CUST-00585,Ella,Chen,ella.chen585@example.com,Toronto,ON,Canada,2024-02-22,yes,366.12,3
CUST-00586,Leo,Campbell,leo.campbell586@example.com,Toronto,ON,Canada,2024-06-11,yes,0.0,0
CUST-00587,Theo,Thompson,theo.thompson587@example.com,Toronto,ON,Canada,2025-02-07,no,829.42,5
CUST-00588,Ella,Campbell,ella.campbell588@example.com,Kitchener,ON,Canada,2025-06-26,no,354.14,2
CUST-00589,Lucas,Thompson,lucas.thompson589@example.com,Hamilton,ON,Canada,2025-03-26,yes,485.9,4
CUST-00590,Mia,Anderson,mia.anderson590@example.com,Toronto,ON,Canada,2024-02-29,no,56.5,1
CUST-00591,Chloe,Scott,chloe.scott591@example.com,Toronto,ON,Canada,2024-07-03,yes,300.58,2
CUST-00592,Jack,Clark,jack.clark592@example.com,Vancouver,BC,Canada,2024-09-30,no,643.2,3
CUST-00593,Grace,Young,grace.young593@example.com,London,ON,Canada,2025-03-02,yes,354.82,2
CUST-00594,Mia,Green,mia.green594@example.com,Toronto,ON,Canada,2025-09-10,yes,133.34,2
CUST-00595,Sophia,Chen,sophia.chen595@example.com,Toronto,ON,Canada,2024-09-28,no,1461.32,6
CUST-00596,Henry,Anderson,henry.anderson596@example.com,London,ON,Canada,2024-01-23,no,846.59,5
CUST-00597,Noah,King,noah.king597@example.com,Toronto,ON,Canada,2025-07-17,yes,1024.68,3
CUST-00598,Jack,Singh,jack.singh598@example.com,Calgary,AB,Canada,2024-10-25,yes,0.0,0
CUST-00599,Sophia,Scott,sophia.scott599@example.com,Vancouver,BC,Canada,2024-03-29,no,601.39,4
CUST-00600,Ava,Young,ava.young600@example.com,Toronto,ON,Canada,2024-10-07,yes,866.94,4
CUST-00601,Lucas,Scott,lucas.scott601@example.com,Kitchener,ON,Canada,2024-07-12,yes,1235.54,3
CUST-00602,Emma,Young,emma.young602@example.com,Toronto,ON,Canada,2025-04-20,yes,194.36,1
CUST-00603,Charlotte,King,charlotte.king603@example.com,Ottawa,ON,Canada,2024-10-28,yes,0.0,1
CUST-00604,Lucas,Clark,lucas.clark604@example.com,Toronto,ON,Canada,2025-10-03,yes,917.45,5
CUST-00605,Leo,Campbell,leo.campbell605@example.com,Vancouver,BC,Canada,2025-06-02,yes,283.18,2
CUST-00606,Amelia,Wilson,amelia.wilson606@example.com,Vancouver,BC,Canada,2025-06-29,no,2267.91,7
CUST-00607,Amelia,Brown,amelia.brown607@example.com,Ottawa,ON,Canada,2024-09-04,yes,1496.12,7
CUST-00608,Liam,Thompson,liam.thompson608@example.com,Toronto,ON,Canada,2024-08-31,yes,837.22,3
CUST-00609,Ava,Wright,ava.wright609@example.com,Toronto,ON,Canada,2024-06-27,yes,108.48,1
CUST-00610,Theo,Martin,theo.martin610@example.com,Calgary,AB,Canada,2024-02-24,yes,2377.96,9
CUST-00611,Emma,Patel,emma.patel611@example.com,London,ON,Canada,2025-10-10,yes,858.8,6
CUST-00612,Ava,Baker,ava.baker612@example.com,Ottawa,ON,Canada,2024-07-25,no,336.73,3
CUST-00613,Theo,King,theo.king613@example.com,Ottawa,ON,Canada,2024-12-24,yes,0.0,0
CUST-00614,Noah,Thompson,noah.thompson614@example.com,Ottawa,ON,Canada,2025-08-25,yes,0.0,0
CUST-00615,Jack,Wilson,jack.wilson615@example.com,Toronto,ON,Canada,2024-11-13,yes,155.94,2
CUST-00616,Lucas,Young,lucas.young616@example.com,Toronto,ON,Canada,2024-05-13,no,144.64,1
CUST-00617,Theo,Scott,theo.scott617@example.com,Ottawa,ON,Canada,2025-11-26,yes,870.1,4
CUST-00618,Noah,Wright,noah.wright618@example.com,Montreal,QC,Canada,2024-04-17,no,0.0,0
CUST-00619,Finn,Martin,finn.martin619@example.com,Hamilton,ON,Canada,2024-04-29,no,1214.14,4
CUST-00620,Grace,Hall,grace.hall620@example.com,Toronto,ON,Canada,2024-04-30,yes,1136.44,6
CUST-00621,Ava,Thompson,ava.thompson621@example.com,Toronto,ON,Canada,2024-07-03,yes,522.06,4
CUST-00622,Emma,Green,emma.green622@example.com,Toronto,ON,Canada,2024-04-24,yes,56.06,1
CUST-00623,Lucas,Hall,lucas.hall623@example.com,Toronto,ON,Canada,2025-10-31,yes,0.0,0
CUST-00624,Ethan,Singh,ethan.singh624@example.com,Hamilton,ON,Canada,2024-02-22,no,0.0,0
CUST-00625,Leo,Singh,leo.singh625@example.com,Toronto,ON,Canada,2024-12-05,no,685.11,4
CUST-00626,Finn,King,finn.king626@example.com,Ottawa,ON,Canada,2025-04-27,no,1373.18,4
CUST-00627,Finn,Martin,finn.martin627@example.com,Montreal,QC,Canada,2024-05-16,yes,293.91,1
CUST-00628,Henry,Chen,henry.chen628@example.com,Kitchener,ON,Canada,2025-08-19,no,653.14,2
CUST-00629,Charlotte,Anderson,charlotte.anderson629@example.com,Ottawa,ON,Canada,2025-06-25,yes,1028.75,5
CUST-00630,Emma,Anderson,emma.anderson630@example.com,Toronto,ON,Canada,2025-08-27,yes,1362.78,6
CUST-00631,Leo,Campbell,leo.campbell631@example.com,Toronto,ON,Canada,2025-11-03,no,445.22,2
CUST-00632,Noah,Hall,noah.hall632@example.com,Toronto,ON,Canada,2025-11-11,no,1098.36,6
CUST-00633,Amelia,Brown,amelia.brown633@example.com,Kitchener,ON,Canada,2024-09-06,yes,194.36,1
CUST-00634,Leo,Baker,leo.baker634@example.com,Mississauga,ON,Canada,2024-02-09,yes,497.2,3
CUST-00635,Ethan,Scott,ethan.scott635@example.com,Kitchener,ON,Canada,2025-07-02,no,0.0,0
CUST-00636,Henry,Nguyen,henry.nguyen636@example.com,Toronto,ON,Canada,2024-06-02,yes,962.28,4
CUST-00637,Olivia,Scott,olivia.scott637@example.com,Ottawa,ON,Canada,2025-11-05,yes,607.94,4
CUST-00638,Jack,Taylor,jack.taylor638@example.com,Mississauga,ON,Canada,2025-07-04,yes,752.7,4
CUST-00639,Mia,Chen,mia.chen639@example.com,Montreal,QC,Canada,2024-01-02,yes,108.48,2
CUST-00640,Jack,King,jack.king640@example.com,Toronto,ON,Canada,2025-10-03,yes,788.74,7
CUST-00641,Finn,Wright,finn.wright641@example.com,Ottawa,ON,Canada,2024-02-15,yes,1734.55,5
CUST-00642,Liam,Taylor,liam.taylor642@example.com,Toronto,ON,Canada,2024-11-12,yes,0.0,0
CUST-00643,Leo,Chen,leo.chen643@example.com,Mississauga,ON,Canada,2024-04-21,no,711.9,5
CUST-00644,Amelia,Patel,amelia.patel644@example.com,Toronto,ON,Canada,2024-04-21,yes,141.48,2
CUST-00645,Leo,Young,leo.young645@example.com,Toronto,ON,Canada,2025-11-03,yes,0.0,0
CUST-00646,Ella,Clark,ella.clark646@example.com,London,ON,Canada,2025-06-09,yes,0.0,0
CUST-00647,Ethan,Wright,ethan.wright647@example.com,Mississauga,ON,Canada,2024-12-02,no,2022.7,6
CUST-00648,Henry,Anderson,henry.anderson648@example.com,Hamilton,ON,Canada,2024-02-23,no,583.07,3
CUST-00649,Sophia,Singh,sophia.singh649@example.com,Montreal,QC,Canada,2024-12-11,no,759.36,3
CUST-00650,Owen,Singh,owen.singh650@example.com,Toronto,ON,Canada,2025-02-09,yes,684.78,2
CUST-00651,Theo,Nguyen,theo.nguyen651@example.com,Mississauga,ON,Canada,2024-05-09,no,126.56,1
CUST-00652,Jack,Lee,jack.lee652@example.com,Kitchener,ON,Canada,2025-03-02,yes,696.08,2
CUST-00653,Olivia,Lee,olivia.lee653@example.com,Ottawa,ON,Canada,2024-01-30,no,639.58,4
CUST-00654,Jack,Thompson,jack.thompson654@example.com,Vancouver,BC,Canada,2025-06-28,yes,0.0,0
CUST-00655,Theo,Young,theo.young655@example.com,Montreal,QC,Canada,2025-07-01,yes,1337.47,6
CUST-00656,Ella,Anderson,ella.anderson656@example.com,Ottawa,ON,Canada,2025-07-02,yes,0.0,0
CUST-00657,Liam,Anderson,liam.anderson657@example.com,Toronto,ON,Canada,2025-04-26,no,2342.04,7
CUST-00658,Owen,Patel,owen.patel658@example.com,Calgary,AB,Canada,2025-06-05,no,325.44,2
CUST-00659,Liam,Singh,liam.singh659@example.com,London,ON,Canada,2024-09-24,no,691.56,4
CUST-00660,Charlotte,Anderson,charlotte.anderson660@example.com,Toronto,ON,Canada,2025-10-14,no,415.84,2
CUST-00661,Ethan,Martin,ethan.martin661@example.com,Mississauga,ON,Canada,2025-02-14,yes,1391.71,5
CUST-00662,Theo,Scott,theo.scott662@example.com,Ottawa,ON,Canada,2025-06-13,yes,1124.35,3
CUST-00663,Ava,Singh,ava.singh663@example.com,Toronto,ON,Canada,2025-10-24,yes,1105.14,3
CUST-00664,Leo,Anderson,leo.anderson664@example.com,Mississauga,ON,Canada,2024-10-20,yes,101.7,1
CUST-00665,Chloe,Chen,chloe.chen665@example.com,Toronto,ON,Canada,2024-09-06,no,0.0,0
CUST-00666,Ava,Scott,ava.scott666@example.com,Ottawa,ON,Canada,2024-07-07,yes,533.36,3
CUST-00667,Leo,Scott,leo.scott667@example.com,Toronto,ON,Canada,2024-04-01,yes,1132.26,3
CUST-00668,Chloe,Brown,chloe.brown668@example.com,Mississauga,ON,Canada,2024-04-05,no,2061.12,6
CUST-00669,Leo,Clark,leo.clark669@example.com,Mississauga,ON,Canada,2025-04-23,yes,189.84,2
CUST-00670,Sophia,Campbell,sophia.campbell670@example.com,Toronto,ON,Canada,2025-10-09,yes,144.64,1
CUST-00671,Emma,Nguyen,emma.nguyen671@example.com,Toronto,ON,Canada,2024-08-26,yes,462.85,2
CUST-00672,Grace,Clark,grace.clark672@example.com,London,ON,Canada,2025-11-17,no,135.6,1
CUST-00673,Noah,Patel,noah.patel673@example.com,Toronto,ON,Canada,2025-09-20,yes,379.68,2
CUST-00674,Ella,Taylor,ella.taylor674@example.com,Mississauga,ON,Canada,2024-05-05,no,1163.0,5
CUST-00675,Jack,Wright,jack.wright675@example.com,Toronto,ON,Canada,2024-04-04,yes,221.48,2
CUST-00676,Noah,Brown,noah.brown676@example.com,Toronto,ON,Canada,2024-07-23,yes,123.4,1
CUST-00677,Ella,Nguyen,ella.nguyen677@example.com,Mississauga,ON,Canada,2024-07-25,no,1032.82,2
CUST-00678,Ella,Singh,ella.singh678@example.com,Calgary,AB,Canada,2025-06-25,no,0.0,0
CUST-00679,Amelia,Anderson,amelia.anderson679@example.com,Hamilton,ON,Canada,2024-05-27,no,1080.28,2
CUST-00680,Olivia,Baker,olivia.baker680@example.com,Mississauga,ON,Canada,2025-07-15,no,0.0,0
CUST-00681,Jack,Thompson,jack.thompson681@example.com,Hamilton,ON,Canada,2025-11-26,yes,526.58,2
CUST-00682,Ethan,Anderson,ethan.anderson682@example.com,Toronto,ON,Canada,2024-08-12,no,411.32,2
CUST-00683,Lucas,Wilson,lucas.wilson683@example.com,Toronto,ON,Canada,2025-04-01,yes,244.08,1
CUST-00684,Ava,Campbell,ava.campbell684@example.com,Montreal,QC,Canada,2025-01-14,yes,470.08,2
CUST-00685,Emma,Anderson,emma.anderson685@example.com,Mississauga,ON,Canada,2024-10-18,no,898.12,3
CUST-00686,Chloe,Anderson,chloe.anderson686@example.com,Toronto,ON,Canada,2025-01-28,yes,2695.39,9
CUST-00687,Finn,Brown,finn.brown687@example.com,Vancouver,BC,Canada,2024-10-19,no,404.85,3
CUST-00688,Olivia,Singh,olivia.singh688@example.com,Hamilton,ON,Canada,2024-09-21,yes,485.9,4
CUST-00689,Charlotte,Wright,charlotte.wright689@example.com,Calgary,AB,Canada,2024-11-20,no,1015.75,6
CUST-00690,Owen,Young,owen.young690@example.com,Vancouver,BC,Canada,2024-08-27,no,926.94,3
CUST-00691,Olivia,Brown,olivia.brown691@example.com,Hamilton,ON,Canada,2024-08-23,yes,0.0,0
CUST-00692,Olivia,Scott,olivia.scott692@example.com,Ottawa,ON,Canada,2024-11-19,yes,665.8,3
CUST-00693,Grace,Anderson,grace.anderson693@example.com,Toronto,ON,Canada,2025-04-06,yes,1100.28,4
CUST-00694,Finn,Hall,finn.hall694@example.com,Toronto,ON,Canada,2024-10-21,yes,574.04,2
CUST-00695,Ava,Young,ava.young695@example.com,Calgary,AB,Canada,2025-10-28,no,151.42,1
CUST-00696,Liam,Wilson,liam.wilson696@example.com,Kitchener,ON,Canada,2025-11-14,no,833.94,3
CUST-00697,Ava,Thompson,ava.thompson697@example.com,London,ON,Canada,2025-12-15,yes,858.8,2
CUST-00698,Ethan,Lee,ethan.lee698@example.com,London,ON,Canada,2024-06-19,no,704.33,4
CUST-00699,Lucas,Anderson,lucas.anderson699@example.com,Ottawa,ON,Canada,2025-07-10,no,788.74,2
CUST-00700,Jack,Singh,jack.singh700@example.com,Ottawa,ON,Canada,2025-05-25,yes,786.48,3
CUST-00701,Mia,Baker,mia.baker701@example.com,Mississauga,ON,Canada,2024-06-24,yes,873.37,3
CUST-00702,Ava,Thompson,ava.thompson702@example.com,Toronto,ON,Canada,2024-08-10,no,976.09,3
CUST-00703,Finn,Singh,finn.singh703@example.com,Hamilton,ON,Canada,2024-07-07,no,675.4,3
CUST-00704,Ethan,Hall,ethan.hall704@example.com,Toronto,ON,Canada,2024-07-28,no,434.15,3
CUST-00705,Ava,Nguyen,ava.nguyen705@example.com,Kitchener,ON,Canada,2024-06-08,no,0.0,0
CUST-00706,Theo,Green,theo.green706@example.com,Vancouver,BC,Canada,2025-02-20,yes,1263.34,4
CUST-00707,Chloe,Chen,chloe.chen707@example.com,Toronto,ON,Canada,2024-05-02,yes,198.88,2
CUST-00708,Olivia,Chen,olivia.chen708@example.com,Toronto,ON,Canada,2024-11-27,no,0.0,0
CUST-00709,Chloe,Patel,chloe.patel709@example.com,Kitchener,ON,Canada,2025-08-05,no,0.0,0
CUST-00710,Mia,Hall,mia.hall710@example.com,Toronto,ON,Canada,2025-05-25,yes,750.32,2
CUST-00711,Theo,Martin,theo.martin711@example.com,Toronto,ON,Canada,2025-07-19,yes,2536.62,7
CUST-00712,Finn,Thompson,finn.thompson712@example.com,Toronto,ON,Canada,2024-11-24,no,849.76,2
CUST-00713,Jack,Wright,jack.wright713@example.com,Toronto,ON,Canada,2025-12-29,yes,698.12,2
CUST-00714,Charlotte,Thompson,charlotte.thompson714@example.com,Toronto,ON,Canada,2024-01-20,yes,1068.98,4
CUST-00715,Olivia,Chen,olivia.chen715@example.com,Hamilton,ON,Canada,2024-11-04,yes,924.34,5
CUST-00716,Ella,Young,ella.young716@example.com,Calgary,AB,Canada,2024-07-30,yes,330.41,1
CUST-00717,Ella,Taylor,ella.taylor717@example.com,Toronto,ON,Canada,2025-12-16,yes,366.12,3
CUST-00718,Theo,Brown,theo.brown718@example.com,Toronto,ON,Canada,2025-03-05,yes,1218.93,5
CUST-00719,Amelia,Anderson,amelia.anderson719@example.com,Toronto,ON,Canada,2025-07-31,yes,2839.46,7
CUST-00720,Ava,Anderson,ava.anderson720@example.com,Vancouver,BC,Canada,2024-06-12,no,131.08,1
CUST-00721,Finn,Wilson,finn.wilson721@example.com,Toronto,ON,Canada,2025-04-29,yes,847.5,3
CUST-00722,Lucas,Scott,lucas.scott722@example.com,Kitchener,ON,Canada,2025-02-24,yes,323.18,2
CUST-00723,Sophia,Scott,sophia.scott723@example.com,Toronto,ON,Canada,2024-05-08,yes,894.51,5
CUST-00724,Ava,Wilson,ava.wilson724@example.com,Hamilton,ON,Canada,2024-06-26,yes,1945.86,7
CUST-00725,Jack,Clark,jack.clark725@example.com,Mississauga,ON,Canada,2024-12-31,no,1500.64,5
CUST-00726,Owen,Campbell,owen.campbell726@example.com,Mississauga,ON,Canada,2024-01-01,yes,225.55,3
CUST-00727,Amelia,Hall,amelia.hall727@example.com,Montreal,QC,Canada,2025-12-25,no,0.0,0
CUST-00728,Amelia,Taylor,amelia.taylor728@example.com,Ottawa,ON,Canada,2024-03-18,yes,401.26,2
CUST-00729,Henry,King,henry.king729@example.com,London,ON,Canada,2024-03-10,yes,192.1,2
CUST-00730,Henry,Thompson,henry.thompson730@example.com,Montreal,QC,Canada,2024-08-21,yes,815.98,3
CUST-00731,Emma,Singh,emma.singh731@example.com,Ottawa,ON,Canada,2024-08-20,yes,314.37,2
CUST-00732,Grace,Scott,grace.scott732@example.com,Toronto,ON,Canada,2024-06-02,yes,303.52,1
CUST-00733,Mia,Hall,mia.hall733@example.com,Mississauga,ON,Canada,2024-02-07,yes,338.81,2
CUST-00734,Liam,Chen,liam.chen734@example.com,Toronto,ON,Canada,2024-08-24,yes,176.28,1
CUST-00735,Henry,Green,henry.green735@example.com,Kitchener,ON,Canada,2025-07-28,no,1307.27,5
CUST-00736,Henry,Thompson,henry.thompson736@example.com,Kitchener,ON,Canada,2025-11-14,no,446.25,2
CUST-00737,Emma,Wilson,emma.wilson737@example.com,Toronto,ON,Canada,2024-10-31,yes,942.42,3
CUST-00738,Ava,Patel,ava.patel738@example.com,London,ON,Canada,2025-06-05,no,431.66,2
CUST-00739,Leo,Clark,leo.clark739@example.com,Ottawa,ON,Canada,2025-08-08,yes,1153.05,5
CUST-00740,Liam,Clark,liam.clark740@example.com,Vancouver,BC,Canada,2024-07-14,yes,863.32,4
CUST-00741,Chloe,Baker,chloe.baker741@example.com,Vancouver,BC,Canada,2024-04-15,yes,1444.14,7
CUST-00742,Leo,Baker,leo.baker742@example.com,Toronto,ON,Canada,2024-08-25,yes,623.76,2
CUST-00743,Olivia,Clark,olivia.clark743@example.com,Ottawa,ON,Canada,2024-04-22,no,867.84,2
CUST-00744,Ella,Baker,ella.baker744@example.com,Toronto,ON,Canada,2025-01-07,yes,0.0,0
CUST-00745,Theo,Green,theo.green745@example.com,Toronto,ON,Canada,2024-02-08,yes,0.0,0
CUST-00746,Ava,Wilson,ava.wilson746@example.com,Ottawa,ON,Canada,2025-09-13,yes,429.4,4
CUST-00747,Leo,Lee,leo.lee747@example.com,Toronto,ON,Canada,2025-07-19,no,628.61,3
CUST-00748,Leo,Brown,leo.brown748@example.com,Mississauga,ON,Canada,2025-06-29,yes,716.42,3
CUST-00749,Theo,King,theo.king749@example.com,Toronto,ON,Canada,2025-08-23,yes,1341.32,5
CUST-00750,Grace,Chen,grace.chen750@example.com,Toronto,ON,Canada,2024-02-17,yes,45.2,1
CUST-00751,Liam,Brown,liam.brown751@example.com,Kitchener,ON,Canada,2025-09-20,no,244.08,2
CUST-00752,Amelia,Wright,amelia.wright752@example.com,Ottawa,ON,Canada,2024-11-27,no,813.6,4
CUST-00753,Ella,Brown,ella.brown753@example.com,Toronto,ON,Canada,2025-08-21,no,818.35,3
CUST-00754,Grace,Brown,grace.brown754@example.com,Toronto,ON,Canada,2025-02-02,yes,472.23,2
CUST-00755,Theo,Lee,theo.lee755@example.com,Toronto,ON,Canada,2025-06-22,yes,962.99,4
CUST-00756,Charlotte,Green,charlotte.green756@example.com,London,ON,Canada,2024-05-27,no,456.52,2
CUST-00757,Jack,Hall,jack.hall757@example.com,London,ON,Canada,2025-01-03,yes,1294.98,5
CUST-00758,Grace,King,grace.king758@example.com,Ottawa,ON,Canada,2024-08-13,no,280.24,2
CUST-00759,Henry,Hall,henry.hall759@example.com,Toronto,ON,Canada,2024-09-25,yes,836.88,3
CUST-00760,Henry,Martin,henry.martin760@example.com,Toronto,ON,Canada,2025-04-18,yes,578.56,1
CUST-00761,Amelia,Wilson,amelia.wilson761@example.com,Toronto,ON,Canada,2025-07-02,yes,0.0,0
CUST-00762,Chloe,Thompson,chloe.thompson762@example.com,Toronto,ON,Canada,2024-09-03,no,1224.92,4
CUST-00763,Emma,Green,emma.green763@example.com,Toronto,ON,Canada,2024-05-08,yes,277.98,1
CUST-00764,Sophia,Hall,sophia.hall764@example.com,Kitchener,ON,Canada,2024-02-14,no,233.12,2
CUST-00765,Lucas,Chen,lucas.chen765@example.com,Montreal,QC,Canada,2024-10-17,no,1701.78,4
CUST-00766,Henry,Nguyen,henry.nguyen766@example.com,Toronto,ON,Canada,2025-12-22,no,488.16,1
CUST-00767,Theo,Clark,theo.clark767@example.com,Ottawa,ON,Canada,2025-04-22,yes,170.4,2
CUST-00768,Lucas,Chen,lucas.chen768@example.com,Toronto,ON,Canada,2024-05-14,no,784.22,2
CUST-00769,Noah,Taylor,noah.taylor769@example.com,Montreal,QC,Canada,2025-09-30,yes,210.18,1
CUST-00770,Ella,Lee,ella.lee770@example.com,Vancouver,BC,Canada,2024-11-27,yes,1140.9,6
CUST-00771,Ava,Young,ava.young771@example.com,Toronto,ON,Canada,2024-05-20,no,668.06,3
CUST-00772,Mia,Young,mia.young772@example.com,Mississauga,ON,Canada,2025-11-22,no,1534.54,5
CUST-00773,Theo,Wright,theo.wright773@example.com,London,ON,Canada,2024-07-30,no,705.12,1
CUST-00774,Liam,Brown,liam.brown774@example.com,Hamilton,ON,Canada,2025-06-28,no,56.5,1
CUST-00775,Mia,Baker,mia.baker775@example.com,Kitchener,ON,Canada,2025-02-06,yes,67.91,1
CUST-00776,Henry,King,henry.king776@example.com,Mississauga,ON,Canada,2024-12-04,yes,135.6,1
CUST-00777,Amelia,Nguyen,amelia.nguyen777@example.com,Toronto,ON,Canada,2024-01-20,yes,1209.1,7
CUST-00778,Finn,Lee,finn.lee778@example.com,Hamilton,ON,Canada,2024-09-28,no,0.0,0
CUST-00779,Leo,Patel,leo.patel779@example.com,Toronto,ON,Canada,2024-12-20,no,243.18,2
CUST-00780,Henry,Taylor,henry.taylor780@example.com,Toronto,ON,Canada,2024-07-07,yes,560.48,1
CUST-00781,Sophia,Baker,sophia.baker781@example.com,Kitchener,ON,Canada,2025-07-07,yes,2330.06,7
CUST-00782,Lucas,Thompson,lucas.thompson782@example.com,Hamilton,ON,Canada,2024-04-25,yes,178.54,2
CUST-00783,Mia,Wright,mia.wright783@example.com,Toronto,ON,Canada,2024-10-08,yes,345.78,2
CUST-00784,Henry,Anderson,henry.anderson784@example.com,Ottawa,ON,Canada,2024-04-28,no,0.0,0
CUST-00785,Sophia,Thompson,sophia.thompson785@example.com,Hamilton,ON,Canada,2024-08-17,yes,560.48,1
CUST-00786,Chloe,Baker,chloe.baker786@example.com,Mississauga,ON,Canada,2025-09-08,yes,522.54,4
CUST-00787,Charlotte,Anderson,charlotte.anderson787@example.com,Toronto,ON,Canada,2024-02-18,yes,458.78,2
CUST-00788,Jack,Chen,jack.chen788@example.com,Toronto,ON,Canada,2025-03-12,yes,813.6,3
CUST-00789,Olivia,Anderson,olivia.anderson789@example.com,Mississauga,ON,Canada,2025-10-14,yes,143.28,2
CUST-00790,Sophia,Wright,sophia.wright790@example.com,Toronto,ON,Canada,2025-09-05,yes,347.14,3
CUST-00791,Mia,Baker,mia.baker791@example.com,Ottawa,ON,Canada,2025-10-11,yes,1299.5,6
CUST-00792,Finn,Patel,finn.patel792@example.com,Ottawa,ON,Canada,2025-09-05,yes,0.0,0
CUST-00793,Noah,Green,noah.green793@example.com,Toronto,ON,Canada,2025-11-13,no,0.0,0
CUST-00794,Chloe,Campbell,chloe.campbell794@example.com,Toronto,ON,Canada,2024-12-12,yes,1119.6,5
CUST-00795,Liam,King,liam.king795@example.com,Toronto,ON,Canada,2025-03-03,yes,135.6,1
CUST-00796,Lucas,Chen,lucas.chen796@example.com,Mississauga,ON,Canada,2024-01-20,yes,370.64,2
CUST-00797,Owen,Lee,owen.lee797@example.com,Toronto,ON,Canada,2024-06-05,no,246.34,1
CUST-00798,Henry,Wilson,henry.wilson798@example.com,Toronto,ON,Canada,2024-03-17,no,307.36,4
CUST-00799,Ava,Martin,ava.martin799@example.com,Toronto,ON,Canada,2024-11-04,no,1589.68,4
CUST-00800,Ethan,Young,ethan.young800@example.com,Toronto,ON,Canada,2025-04-20,no,1136.64,7
CUST-00801,Henry,Wright,henry.wright801@example.com,Toronto,ON,Canada,2025-09-20,no,678.0,3
CUST-00802,Mia,Thompson,mia.thompson802@example.com,Toronto,ON,Canada,2024-06-27,yes,309.85,3
CUST-00803,Jack,Chen,jack.chen803@example.com,Toronto,ON,Canada,2024-02-10,yes,824.11,3
CUST-00804,Chloe,Campbell,chloe.campbell804@example.com,Toronto,ON,Canada,2025-11-09,no,210.18,1
CUST-00805,Liam,Nguyen,liam.nguyen805@example.com,Toronto,ON,Canada,2025-03-21,yes,0.0,0
CUST-00806,Ethan,Chen,ethan.chen806@example.com,Vancouver,BC,Canada,2024-01-24,yes,693.82,4
CUST-00807,Henry,Nguyen,henry.nguyen807@example.com,Toronto,ON,Canada,2025-11-09,no,56.5,1
CUST-00808,Jack,Chen,jack.chen808@example.com,Toronto,ON,Canada,2024-02-07,yes,94.92,1
CUST-00809,Jack,Hall,jack.hall809@example.com,Hamilton,ON,Canada,2024-03-25,no,897.22,4
CUST-00810,Noah,Lee,noah.lee810@example.com,Toronto,ON,Canada,2024-05-25,yes,381.94,2
CUST-00811,Ella,Baker,ella.baker811@example.com,London,ON,Canada,2025-09-14,no,365.89,3
CUST-00812,Henry,Brown,henry.brown812@example.com,Kitchener,ON,Canada,2025-05-20,no,348.04,2
CUST-00813,Ella,Patel,ella.patel813@example.com,Montreal,QC,Canada,2025-01-19,yes,375.61,3
CUST-00814,Noah,Lee,noah.lee814@example.com,Toronto,ON,Canada,2024-06-02,yes,524.32,2
CUST-00815,Ella,Patel,ella.patel815@example.com,Toronto,ON,Canada,2024-10-19,no,0.0,0
CUST-00816,Ethan,Martin,ethan.martin816@example.com,Calgary,AB,Canada,2024-03-04,no,430.64,3
CUST-00817,Amelia,Thompson,amelia.thompson817@example.com,Kitchener,ON,Canada,2025-02-25,no,411.91,3
CUST-00818,Mia,Nguyen,mia.nguyen818@example.com,Toronto,ON,Canada,2025-08-07,no,2041.01,7
CUST-00819,Charlotte,Young,charlotte.young819@example.com,Ottawa,ON,Canada,2025-12-15,no,946.94,2
CUST-00820,Amelia,Singh,amelia.singh820@example.com,Ottawa,ON,Canada,2024-07-30,yes,994.85,5
CUST-00821,Noah,Nguyen,noah.nguyen821@example.com,Toronto,ON,Canada,2025-12-09,yes,2577.42,8
CUST-00822,Henry,Lee,henry.lee822@example.com,Toronto,ON,Canada,2025-08-03,yes,1845.06,8
CUST-00823,Emma,Patel,emma.patel823@example.com,Toronto,ON,Canada,2025-03-02,yes,266.68,1
CUST-00824,Lucas,Scott,lucas.scott824@example.com,Toronto,ON,Canada,2024-06-07,yes,56.5,1
CUST-00825,Amelia,Thompson,amelia.thompson825@example.com,Toronto,ON,Canada,2024-05-21,no,189.84,2
CUST-00826,Chloe,Martin,chloe.martin826@example.com,Vancouver,BC,Canada,2024-01-23,yes,0.0,0
CUST-00827,Leo,Campbell,leo.campbell827@example.com,Toronto,ON,Canada,2025-03-06,yes,1378.6,3
CUST-00828,Noah,Scott,noah.scott828@example.com,Toronto,ON,Canada,2024-11-16,yes,819.14,4
CUST-00829,Ethan,Clark,ethan.clark829@example.com,Mississauga,ON,Canada,2024-11-11,no,235.04,3
CUST-00830,Grace,Thompson,grace.thompson830@example.com,Calgary,AB,Canada,2025-08-08,no,63.39,1
CUST-00831,Noah,Thompson,noah.thompson831@example.com,Toronto,ON,Canada,2025-11-11,yes,1367.75,7
CUST-00832,Theo,Campbell,theo.campbell832@example.com,Toronto,ON,Canada,2024-07-16,yes,725.46,5
CUST-00833,Ava,Wright,ava.wright833@example.com,Hamilton,ON,Canada,2024-11-25,yes,694.5,3
CUST-00834,Ella,Green,ella.green834@example.com,Ottawa,ON,Canada,2024-07-31,yes,3069.99,7
CUST-00835,Owen,Baker,owen.baker835@example.com,Hamilton,ON,Canada,2025-04-25,yes,255.38,1
CUST-00836,Finn,Taylor,finn.taylor836@example.com,Toronto,ON,Canada,2025-12-09,yes,560.48,1
CUST-00837,Theo,Singh,theo.singh837@example.com,Toronto,ON,Canada,2024-09-09,no,797.78,4
CUST-00838,Ella,King,ella.king838@example.com,Toronto,ON,Canada,2024-08-11,no,0.0,0
CUST-00839,Leo,Singh,leo.singh839@example.com,London,ON,Canada,2024-05-01,no,507.82,3
CUST-00840,Noah,Chen,noah.chen840@example.com,Toronto,ON,Canada,2025-09-22,no,409.06,1
CUST-00841,Grace,Taylor,grace.taylor841@example.com,Hamilton,ON,Canada,2024-06-05,no,544.66,2
CUST-00842,Finn,Brown,finn.brown842@example.com,London,ON,Canada,2025-01-23,yes,0.0,0
CUST-00843,Amelia,King,amelia.king843@example.com,Kitchener,ON,Canada,2024-07-06,yes,144.64,1
CUST-00844,Noah,Taylor,noah.taylor844@example.com,Calgary,AB,Canada,2024-05-12,no,1220.85,5
CUST-00845,Chloe,Wright,chloe.wright845@example.com,Mississauga,ON,Canada,2025-03-12,yes,2427.24,9
CUST-00846,Grace,Scott,grace.scott846@example.com,Toronto,ON,Canada,2025-04-24,yes,0.0,0
CUST-00847,Ella,Brown,ella.brown847@example.com,Toronto,ON,Canada,2025-11-21,no,0.0,0
CUST-00848,Owen,Scott,owen.scott848@example.com,Calgary,AB,Canada,2025-11-03,no,244.08,1
CUST-00849,Liam,Baker,liam.baker849@example.com,Toronto,ON,Canada,2025-02-26,yes,560.48,4
CUST-00850,Jack,Martin,jack.martin850@example.com,Toronto,ON,Canada,2025-11-14,yes,42.04,1
CUST-00851,Sophia,Martin,sophia.martin851@example.com,Hamilton,ON,Canada,2025-05-11,no,0.0,0
CUST-00852,Mia,Hall,mia.hall852@example.com,Toronto,ON,Canada,2024-09-01,yes,501.72,3
CUST-00853,Liam,Young,liam.young853@example.com,Vancouver,BC,Canada,2025-06-26,yes,1087.51,6
CUST-00854,Olivia,Baker,olivia.baker854@example.com,Ottawa,ON,Canada,2024-05-28,yes,0.0,0
CUST-00855,Olivia,Wright,olivia.wright855@example.com,Toronto,ON,Canada,2024-12-06,yes,474.49,1
CUST-00856,Jack,Young,jack.young856@example.com,London,ON,Canada,2025-11-14,yes,0.0,0
CUST-00857,Ava,Young,ava.young857@example.com,Vancouver,BC,Canada,2024-08-29,yes,402.28,2
CUST-00858,Charlotte,Scott,charlotte.scott858@example.com,Toronto,ON,Canada,2025-09-13,yes,98.99,1
CUST-00859,Charlotte,Singh,charlotte.singh859@example.com,Toronto,ON,Canada,2025-02-16,no,1375.25,6
CUST-00860,Finn,Brown,finn.brown860@example.com,Toronto,ON,Canada,2024-11-13,no,1681.44,6
CUST-00861,Leo,Wilson,leo.wilson861@example.com,Ottawa,ON,Canada,2025-07-19,yes,442.17,2
CUST-00862,Finn,Clark,finn.clark862@example.com,Ottawa,ON,Canada,2024-06-24,no,506.92,3
CUST-00863,Ava,Campbell,ava.campbell863@example.com,Montreal,QC,Canada,2025-12-05,yes,766.14,2
CUST-00864,Emma,Thompson,emma.thompson864@example.com,Vancouver,BC,Canada,2025-09-13,yes,1080.28,4
CUST-00865,Finn,Young,finn.young865@example.com,Hamilton,ON,Canada,2024-05-16,no,264.42,1
CUST-00866,Charlotte,Campbell,charlotte.campbell866@example.com,Vancouver,BC,Canada,2025-02-27,yes,298.32,2
CUST-00867,Ella,Anderson,ella.anderson867@example.com,Toronto,ON,Canada,2024-09-30,yes,551.44,3
CUST-00868,Sophia,Taylor,sophia.taylor868@example.com,Kitchener,ON,Canada,2025-01-03,no,992.14,3
CUST-00869,Noah,Chen,noah.chen869@example.com,Hamilton,ON,Canada,2024-12-17,no,370.64,2
CUST-00870,Owen,Green,owen.green870@example.com,Montreal,QC,Canada,2025-06-16,yes,666.7,4
CUST-00871,Lucas,Taylor,lucas.taylor871@example.com,Toronto,ON,Canada,2025-03-19,yes,178.54,1
CUST-00872,Noah,Green,noah.green872@example.com,Toronto,ON,Canada,2024-04-03,yes,113.0,1
CUST-00873,Ella,Green,ella.green873@example.com,Toronto,ON,Canada,2024-10-31,no,336.74,2
CUST-00874,Liam,Campbell,liam.campbell874@example.com,Kitchener,ON,Canada,2024-06-10,no,427.14,1
CUST-00875,Liam,Clark,liam.clark875@example.com,Toronto,ON,Canada,2025-09-03,yes,348.04,1
CUST-00876,Lucas,Baker,lucas.baker876@example.com,Toronto,ON,Canada,2025-06-17,yes,628.28,5
CUST-00877,Liam,Brown,liam.brown877@example.com,Toronto,ON,Canada,2025-09-30,no,678.0,4
CUST-00878,Jack,Campbell,jack.campbell878@example.com,Ottawa,ON,Canada,2025-01-04,no,974.06,4
CUST-00879,Chloe,Lee,chloe.lee879@example.com,Mississauga,ON,Canada,2024-12-04,no,0.0,0
CUST-00880,Theo,Lee,theo.lee880@example.com,Toronto,ON,Canada,2025-04-02,yes,0.0,0
CUST-00881,Jack,Brown,jack.brown881@example.com,Toronto,ON,Canada,2025-05-02,no,223.74,1
CUST-00882,Grace,Campbell,grace.campbell882@example.com,Hamilton,ON,Canada,2024-04-09,yes,1786.76,4
CUST-00883,Jack,Patel,jack.patel883@example.com,Ottawa,ON,Canada,2024-01-30,yes,128.82,1
CUST-00884,Finn,Hall,finn.hall884@example.com,Ottawa,ON,Canada,2025-11-10,no,1227.86,5
CUST-00885,Ethan,Young,ethan.young885@example.com,Toronto,ON,Canada,2024-06-05,no,124.3,1
CUST-00886,Henry,Chen,henry.chen886@example.com,Toronto,ON,Canada,2024-12-25,yes,562.74,3
CUST-00887,Charlotte,King,charlotte.king887@example.com,Toronto,ON,Canada,2024-09-08,yes,1785.4,3
CUST-00888,Owen,Young,owen.young888@example.com,Calgary,AB,Canada,2024-05-25,yes,113.0,1
CUST-00889,Jack,Clark,jack.clark889@example.com,Kitchener,ON,Canada,2024-10-22,yes,1374.08,7
CUST-00890,Finn,Wright,finn.wright890@example.com,Montreal,QC,Canada,2024-06-27,yes,244.08,1
CUST-00891,Lucas,Thompson,lucas.thompson891@example.com,Mississauga,ON,Canada,2024-02-28,no,507.48,4
CUST-00892,Ava,Scott,ava.scott892@example.com,Vancouver,BC,Canada,2025-10-07,yes,0.0,0
CUST-00893,Finn,Young,finn.young893@example.com,Toronto,ON,Canada,2025-04-07,yes,951.01,5
CUST-00894,Finn,King,finn.king894@example.com,Ottawa,ON,Canada,2024-09-23,yes,264.42,1
CUST-00895,Charlotte,Campbell,charlotte.campbell895@example.com,Ottawa,ON,Canada,2024-01-27,yes,0.0,0
CUST-00896,Mia,Lee,mia.lee896@example.com,Montreal,QC,Canada,2024-12-15,no,379.68,1
CUST-00897,Olivia,Scott,olivia.scott897@example.com,Toronto,ON,Canada,2025-11-30,yes,1233.51,4
CUST-00898,Olivia,Baker,olivia.baker898@example.com,Mississauga,ON,Canada,2025-02-01,no,0.0,0
CUST-00899,Mia,Chen,mia.chen899@example.com,Calgary,AB,Canada,2024-08-08,yes,1694.1,7
CUST-00900,Charlotte,Green,charlotte.green900@example.com,Toronto,ON,Canada,2024-08-15,no,1629.46,5
CUST-00901,Liam,Singh,liam.singh901@example.com,Kitchener,ON,Canada,2025-11-14,yes,848.18,4
CUST-00902,Chloe,Baker,chloe.baker902@example.com,Toronto,ON,Canada,2024-07-25,yes,0.0,0
CUST-00903,Henry,Taylor,henry.taylor903@example.com,Kitchener,ON,Canada,2024-02-13,yes,2049.34,10
CUST-00904,Jack,Martin,jack.martin904@example.com,Toronto,ON,Canada,2025-06-11,yes,144.64,1
CUST-00905,Mia,Wilson,mia.wilson905@example.com,Calgary,AB,Canada,2025-01-25,no,0.0,0
CUST-00906,Henry,Campbell,henry.campbell906@example.com,Hamilton,ON,Canada,2025-05-31,no,88.48,1
CUST-00907,Theo,Taylor,theo.taylor907@example.com,Ottawa,ON,Canada,2024-10-16,yes,0.0,0
CUST-00908,Lucas,Baker,lucas.baker908@example.com,Toronto,ON,Canada,2024-05-05,yes,0.0,0
CUST-00909,Jack,Clark,jack.clark909@example.com,Toronto,ON,Canada,2025-12-08,yes,657.66,2
CUST-00910,Finn,Anderson,finn.anderson910@example.com,Toronto,ON,Canada,2025-01-09,yes,689.3,3
CUST-00911,Sophia,Anderson,sophia.anderson911@example.com,Montreal,QC,Canada,2024-07-27,no,1293.96,7
CUST-00912,Henry,Scott,henry.scott912@example.com,Toronto,ON,Canada,2025-05-06,yes,1444.14,5
CUST-00913,Henry,Lee,henry.lee913@example.com,Mississauga,ON,Canada,2025-09-25,yes,0.0,0
CUST-00914,Leo,Lee,leo.lee914@example.com,Kitchener,ON,Canada,2024-04-02,yes,465.11,3
CUST-00915,Liam,Hall,liam.hall915@example.com,Kitchener,ON,Canada,2025-12-13,yes,0.0,0
CUST-00916,Ava,Martin,ava.martin916@example.com,Calgary,AB,Canada,2025-04-02,yes,0.0,0
CUST-00917,Finn,Hall,finn.hall917@example.com,Kitchener,ON,Canada,2024-04-02,no,207.02,2
CUST-00918,Owen,Thompson,owen.thompson918@example.com,Hamilton,ON,Canada,2024-10-10,yes,2492.78,6
CUST-00919,Mia,Lee,mia.lee919@example.com,Vancouver,BC,Canada,2025-01-31,yes,474.94,2
CUST-00920,Charlotte,Hall,charlotte.hall920@example.com,Montreal,QC,Canada,2024-11-15,yes,818.35,6
CUST-00921,Henry,Baker,henry.baker921@example.com,Ottawa,ON,Canada,2025-05-29,no,0.0,0
CUST-00922,Amelia,Patel,amelia.patel922@example.com,Ottawa,ON,Canada,2025-09-21,yes,0.0,0
CUST-00923,Henry,Scott,henry.scott923@example.com,Toronto,ON,Canada,2024-10-09,yes,0.0,0
CUST-00924,Leo,Nguyen,leo.nguyen924@example.com,Toronto,ON,Canada,2024-03-24,yes,847.16,3
CUST-00925,Finn,Wright,finn.wright925@example.com,Toronto,ON,Canada,2024-03-06,yes,458.78,2
CUST-00926,Finn,Chen,finn.chen926@example.com,London,ON,Canada,2025-06-12,no,144.64,1
CUST-00927,Liam,Singh,liam.singh927@example.com,Calgary,AB,Canada,2024-11-21,no,935.64,3
CUST-00928,Liam,Martin,liam.martin928@example.com,Hamilton,ON,Canada,2024-03-04,yes,246.34,1
CUST-00929,Ava,Campbell,ava.campbell929@example.com,Toronto,ON,Canada,2024-01-26,yes,803.66,5
CUST-00930,Ava,Martin,ava.martin930@example.com,Toronto,ON,Canada,2024-07-25,yes,0.0,0
CUST-00931,Grace,Scott,grace.scott931@example.com,Toronto,ON,Canada,2025-12-13,yes,280.24,1
CUST-00932,Liam,Green,liam.green932@example.com,Ottawa,ON,Canada,2025-04-29,no,499.46,2
CUST-00933,Theo,Wright,theo.wright933@example.com,Montreal,QC,Canada,2025-11-14,no,1311.25,5
CUST-00934,Henry,Martin,henry.martin934@example.com,Toronto,ON,Canada,2025-02-14,yes,210.18,1
CUST-00935,Finn,Baker,finn.baker935@example.com,Toronto,ON,Canada,2024-02-05,yes,255.38,3
CUST-00936,Emma,Martin,emma.martin936@example.com,Toronto,ON,Canada,2024-04-18,no,135.6,1
CUST-00937,Sophia,Baker,sophia.baker937@example.com,Hamilton,ON,Canada,2024-05-22,yes,610.2,2
CUST-00938,Emma,King,emma.king938@example.com,Calgary,AB,Canada,2024-07-09,no,547.15,1
CUST-00939,Owen,Nguyen,owen.nguyen939@example.com,Mississauga,ON,Canada,2025-01-27,yes,725.46,2
CUST-00940,Noah,King,noah.king940@example.com,Toronto,ON,Canada,2025-01-05,yes,0.0,0
CUST-00941,Lucas,Taylor,lucas.taylor941@example.com,Hamilton,ON,Canada,2025-08-07,no,0.0,0
CUST-00942,Grace,Patel,grace.patel942@example.com,Vancouver,BC,Canada,2025-04-01,yes,0.0,1
CUST-00943,Sophia,Clark,sophia.clark943@example.com,Toronto,ON,Canada,2025-11-23,yes,198.88,1
CUST-00944,Leo,Clark,leo.clark944@example.com,Toronto,ON,Canada,2024-12-10,yes,59.66,1
CUST-00945,Chloe,Campbell,chloe.campbell945@example.com,Ottawa,ON,Canada,2024-06-13,no,122.04,1
CUST-00946,Lucas,Thompson,lucas.thompson946@example.com,Calgary,AB,Canada,2025-09-12,no,305.1,2
CUST-00947,Olivia,Chen,olivia.chen947@example.com,London,ON,Canada,2024-10-03,yes,0.0,0
CUST-00948,Charlotte,Clark,charlotte.clark948@example.com,Hamilton,ON,Canada,2024-11-04,yes,320.92,1
CUST-00949,Finn,Wright,finn.wright949@example.com,Toronto,ON,Canada,2024-05-13,yes,467.82,4
CUST-00950,Emma,Nguyen,emma.nguyen950@example.com,Mississauga,ON,Canada,2024-05-07,yes,565.0,2
CUST-00951,Henry,Young,henry.young951@example.com,Ottawa,ON,Canada,2025-05-06,no,0.0,0
CUST-00952,Amelia,Hall,amelia.hall952@example.com,Toronto,ON,Canada,2025-07-14,yes,31.64,1
CUST-00953,Grace,Chen,grace.chen953@example.com,Toronto,ON,Canada,2025-06-10,yes,598.9,5
CUST-00954,Mia,Hall,mia.hall954@example.com,Calgary,AB,Canada,2025-07-11,yes,859.14,4
CUST-00955,Sophia,Chen,sophia.chen955@example.com,Toronto,ON,Canada,2024-05-17,yes,745.69,4
CUST-00956,Sophia,Baker,sophia.baker956@example.com,Ottawa,ON,Canada,2025-01-22,no,0.0,0
CUST-00957,Liam,Nguyen,liam.nguyen957@example.com,Ottawa,ON,Canada,2025-01-14,yes,653.25,2
CUST-00958,Emma,Taylor,emma.taylor958@example.com,Ottawa,ON,Canada,2024-07-21,no,698.79,6
CUST-00959,Ava,Clark,ava.clark959@example.com,Ottawa,ON,Canada,2025-12-27,yes,0.0,0
CUST-00960,Jack,Nguyen,jack.nguyen960@example.com,Ottawa,ON,Canada,2025-11-03,no,67.8,1
CUST-00961,Lucas,Hall,lucas.hall961@example.com,Toronto,ON,Canada,2024-11-03,yes,88.14,1
CUST-00962,Finn,Lee,finn.lee962@example.com,Hamilton,ON,Canada,2024-06-24,yes,953.53,4
CUST-00963,Ava,Singh,ava.singh963@example.com,Mississauga,ON,Canada,2024-06-15,no,662.63,2
CUST-00964,Leo,Chen,leo.chen964@example.com,Toronto,ON,Canada,2025-03-12,yes,1354.0,5
CUST-00965,Owen,Campbell,owen.campbell965@example.com,Ottawa,ON,Canada,2025-12-17,yes,890.44,2
CUST-00966,Amelia,Green,amelia.green966@example.com,Vancouver,BC,Canada,2024-07-25,no,1048.64,4
CUST-00967,Theo,Clark,theo.clark967@example.com,Toronto,ON,Canada,2024-12-13,yes,353.23,3
CUST-00968,Emma,Patel,emma.patel968@example.com,Kitchener,ON,Canada,2025-06-09,yes,1188.21,6
CUST-00969,Henry,Campbell,henry.campbell969@example.com,London,ON,Canada,2025-04-18,yes,1334.57,7
CUST-00970,Finn,Clark,finn.clark970@example.com,Toronto,ON,Canada,2024-11-28,yes,770.66,2
CUST-00971,Ethan,Hall,ethan.hall971@example.com,Vancouver,BC,Canada,2025-04-10,no,113.0,1
CUST-00972,Charlotte,Singh,charlotte.singh972@example.com,Mississauga,ON,Canada,2024-08-08,no,1479.85,4
CUST-00973,Jack,Campbell,jack.campbell973@example.com,Mississauga,ON,Canada,2024-09-10,no,0.0,0
CUST-00974,Olivia,Singh,olivia.singh974@example.com,Mississauga,ON,Canada,2025-11-09,yes,0.0,0
CUST-00975,Ava,Clark,ava.clark975@example.com,Toronto,ON,Canada,2025-12-02,no,1882.58,7
CUST-00976,Ava,Clark,ava.clark976@example.com,Toronto,ON,Canada,2025-04-04,yes,1067.4,6
CUST-00977,Leo,Wilson,leo.wilson977@example.com,Ottawa,ON,Canada,2025-08-15,yes,969.99,4
CUST-00978,Emma,Thompson,emma.thompson978@example.com,London,ON,Canada,2024-12-23,yes,1191.02,5
CUST-00979,Leo,Patel,leo.patel979@example.com,Toronto,ON,Canada,2024-12-01,yes,0.0,0
CUST-00980,Ava,Singh,ava.singh980@example.com,London,ON,Canada,2024-09-12,yes,1026.28,3
CUST-00981,Owen,Scott,owen.scott981@example.com,Toronto,ON,Canada,2024-04-05,no,0.0,0
CUST-00982,Finn,King,finn.king982@example.com,Mississauga,ON,Canada,2024-03-23,yes,1690.71,7
CUST-00983,Noah,Martin,noah.martin983@example.com,Vancouver,BC,Canada,2025-06-29,yes,0.0,0
CUST-00984,Leo,Baker,leo.baker984@example.com,Toronto,ON,Canada,2025-02-15,yes,1266.5,5
CUST-00985,Theo,Green,theo.green985@example.com,Montreal,QC,Canada,2024-03-21,yes,492.68,2
CUST-00986,Charlotte,Martin,charlotte.martin986@example.com,Toronto,ON,Canada,2024-07-25,yes,1125.71,5
CUST-00987,Owen,Clark,owen.clark987@example.com,Toronto,ON,Canada,2024-05-24,yes,0.0,1
CUST-00988,Finn,Campbell,finn.campbell988@example.com,Ottawa,ON,Canada,2024-05-18,no,535.62,1
CUST-00989,Grace,Nguyen,grace.nguyen989@example.com,London,ON,Canada,2025-10-06,no,926.6,2
CUST-00990,Charlotte,Nguyen,charlotte.nguyen990@example.com,Mississauga,ON,Canada,2025-09-02,yes,86.78,1
CUST-00991,Sophia,Thompson,sophia.thompson991@example.com,Toronto,ON,Canada,2024-05-07,yes,1982.81,6
CUST-00992,Henry,Brown,henry.brown992@example.com,Ottawa,ON,Canada,2025-08-08,yes,0.0,0
CUST-00993,Ethan,Young,ethan.young993@example.com,Toronto,ON,Canada,2024-04-17,yes,666.7,2
CUST-00994,Owen,Thompson,owen.thompson994@example.com,Toronto,ON,Canada,2024-10-06,yes,375.16,5
CUST-00995,Olivia,Anderson,olivia.anderson995@example.com,Hamilton,ON,Canada,2024-04-02,yes,1168.84,6
CUST-00996,Lucas,Wright,lucas.wright996@example.com,Mississauga,ON,Canada,2024-04-18,no,0.0,0
CUST-00997,Theo,Taylor,theo.taylor997@example.com,Ottawa,ON,Canada,2024-02-21,yes,0.0,0
CUST-00998,Noah,Brown,noah.brown998@example.com,London,ON,Canada,2025-02-28,yes,506.24,3
CUST-00999,Emma,Clark,emma.clark999@example.com,Kitchener,ON,Canada,2025-06-30,yes,81.36,1
CUST-01000,Theo,Clark,theo.clark1000@example.com,Ottawa,ON,Canada,2024-11-16,yes,246.34,1
CUST-01001,Ella,Lee,ella.lee1001@example.com,Toronto,ON,Canada,2025-08-22,yes,866.94,5
CUST-01002,Theo,Brown,theo.brown1002@example.com,Toronto,ON,Canada,2024-05-12,yes,52.21,1
CUST-01003,Amelia,Green,amelia.green1003@example.com,Ottawa,ON,Canada,2024-05-08,no,863.32,3
CUST-01004,Mia,Wright,mia.wright1004@example.com,Toronto,ON,Canada,2025-06-08,yes,1198.48,4
CUST-01005,Ethan,Clark,ethan.clark1005@example.com,London,ON,Canada,2024-06-24,yes,1093.84,4
CUST-01006,Jack,Wright,jack.wright1006@example.com,Toronto,ON,Canada,2024-05-13,no,198.84,2
CUST-01007,Lucas,Lee,lucas.lee1007@example.com,Toronto,ON,Canada,2024-07-18,yes,0.0,0
CUST-01008,Sophia,Clark,sophia.clark1008@example.com,Ottawa,ON,Canada,2025-05-26,yes,323.18,2
CUST-01009,Noah,Hall,noah.hall1009@example.com,Toronto,ON,Canada,2024-08-09,yes,271.2,2
CUST-01010,Chloe,Baker,chloe.baker1010@example.com,Toronto,ON,Canada,2025-01-28,yes,42.94,2
CUST-01011,Finn,Martin,finn.martin1011@example.com,Calgary,AB,Canada,2025-07-11,no,1228.85,4
CUST-01012,Ella,Taylor,ella.taylor1012@example.com,Ottawa,ON,Canada,2025-04-03,yes,456.52,2
CUST-01013,Jack,Singh,jack.singh1013@example.com,Vancouver,BC,Canada,2025-04-14,yes,1543.58,6
CUST-01014,Henry,Brown,henry.brown1014@example.com,Montreal,QC,Canada,2024-12-10,no,558.22,4
CUST-01015,Jack,Campbell,jack.campbell1015@example.com,Vancouver,BC,Canada,2025-03-23,yes,0.0,0
CUST-01016,Ava,Young,ava.young1016@example.com,Calgary,AB,Canada,2025-01-03,yes,0.0,0
CUST-01017,Olivia,Scott,olivia.scott1017@example.com,Ottawa,ON,Canada,2025-07-31,no,0.0,0
CUST-01018,Henry,Hall,henry.hall1018@example.com,Toronto,ON,Canada,2025-06-02,yes,191.2,2
CUST-01019,Finn,King,finn.king1019@example.com,Ottawa,ON,Canada,2024-01-12,no,589.63,4
CUST-01020,Owen,Baker,owen.baker1020@example.com,Ottawa,ON,Canada,2024-12-25,yes,822.64,3
CUST-01021,Leo,Baker,leo.baker1021@example.com,Hamilton,ON,Canada,2024-10-24,no,320.92,2
CUST-01022,Olivia,Wilson,olivia.wilson1022@example.com,Hamilton,ON,Canada,2025-04-14,yes,176.28,1
CUST-01023,Leo,Nguyen,leo.nguyen1023@example.com,Toronto,ON,Canada,2025-09-02,no,0.0,0
CUST-01024,Theo,Chen,theo.chen1024@example.com,Toronto,ON,Canada,2024-05-23,no,772.92,5
CUST-01025,Charlotte,Lee,charlotte.lee1025@example.com,Kitchener,ON,Canada,2025-08-01,yes,937.61,3
CUST-01026,Noah,Martin,noah.martin1026@example.com,Montreal,QC,Canada,2025-05-02,yes,962.76,4
CUST-01027,Sophia,Campbell,sophia.campbell1027@example.com,Vancouver,BC,Canada,2025-09-29,no,1209.1,4
CUST-01028,Grace,Baker,grace.baker1028@example.com,Toronto,ON,Canada,2024-04-03,no,359.34,2
CUST-01029,Chloe,Campbell,chloe.campbell1029@example.com,Toronto,ON,Canada,2024-10-20,yes,0.0,0
CUST-01030,Leo,Clark,leo.clark1030@example.com,Hamilton,ON,Canada,2025-04-04,yes,293.8,1
CUST-01031,Chloe,King,chloe.king1031@example.com,Toronto,ON,Canada,2025-11-16,yes,0.0,0
CUST-01032,Leo,Martin,leo.martin1032@example.com,Hamilton,ON,Canada,2025-03-24,yes,1017.0,5
CUST-01033,Noah,Thompson,noah.thompson1033@example.com,Toronto,ON,Canada,2024-08-04,yes,1200.06,5
CUST-01034,Olivia,Wilson,olivia.wilson1034@example.com,Toronto,ON,Canada,2025-06-29,no,806.82,1
CUST-01035,Ava,Anderson,ava.anderson1035@example.com,Calgary,AB,Canada,2024-02-12,yes,144.64,1
CUST-01036,Amelia,Scott,amelia.scott1036@example.com,Toronto,ON,Canada,2024-02-13,yes,518.22,5
CUST-01037,Grace,Wright,grace.wright1037@example.com,Mississauga,ON,Canada,2025-08-31,yes,661.39,4
CUST-01038,Henry,Wilson,henry.wilson1038@example.com,Toronto,ON,Canada,2025-06-24,yes,997.56,3
CUST-01039,Ella,Lee,ella.lee1039@example.com,Kitchener,ON,Canada,2024-05-08,yes,113.0,1
CUST-01040,Jack,Chen,jack.chen1040@example.com,Toronto,ON,Canada,2025-11-03,no,0.0,0
CUST-01041,Noah,Martin,noah.martin1041@example.com,Toronto,ON,Canada,2025-10-28,yes,0.0,0
CUST-01042,Noah,Nguyen,noah.nguyen1042@example.com,Mississauga,ON,Canada,2025-12-30,no,760.26,2
CUST-01043,Lucas,King,lucas.king1043@example.com,Toronto,ON,Canada,2025-08-17,yes,644.1,2
CUST-01044,Finn,Nguyen,finn.nguyen1044@example.com,Toronto,ON,Canada,2024-09-06,yes,0.0,0
CUST-01045,Finn,Young,finn.young1045@example.com,Toronto,ON,Canada,2025-12-05,yes,624.44,1
CUST-01046,Lucas,Clark,lucas.clark1046@example.com,Toronto,ON,Canada,2025-12-20,no,377.42,2
CUST-01047,Ethan,Nguyen,ethan.nguyen1047@example.com,Toronto,ON,Canada,2024-11-11,no,94.92,1
CUST-01048,Owen,Clark,owen.clark1048@example.com,London,ON,Canada,2025-03-20,yes,0.0,0
CUST-01049,Theo,Taylor,theo.taylor1049@example.com,Toronto,ON,Canada,2025-07-17,yes,146.9,1
CUST-01050,Chloe,Young,chloe.young1050@example.com,Kitchener,ON,Canada,2025-09-05,yes,700.6,3
CUST-01051,Emma,Taylor,emma.taylor1051@example.com,Toronto,ON,Canada,2024-06-04,yes,948.52,3
CUST-01052,Sophia,Singh,sophia.singh1052@example.com,Hamilton,ON,Canada,2024-09-22,no,113.0,1
CUST-01053,Noah,Baker,noah.baker1053@example.com,Toronto,ON,Canada,2025-12-26,yes,852.02,4
CUST-01054,Leo,Lee,leo.lee1054@example.com,Toronto,ON,Canada,2025-10-17,yes,266.68,1
CUST-01055,Ella,Wilson,ella.wilson1055@example.com,Kitchener,ON,Canada,2025-01-13,yes,461.04,3
CUST-01056,Henry,King,henry.king1056@example.com,Toronto,ON,Canada,2024-04-12,no,0.0,0
CUST-01057,Amelia,Green,amelia.green1057@example.com,London,ON,Canada,2024-10-15,yes,1879.19,8
CUST-01058,Theo,Clark,theo.clark1058@example.com,Toronto,ON,Canada,2024-06-21,no,0.0,0
CUST-01059,Noah,Anderson,noah.anderson1059@example.com,Toronto,ON,Canada,2024-05-17,yes,56.5,1
CUST-01060,Ella,Green,ella.green1060.new@example.com,Toronto,ON,Canada,2024-11-13,yes,341.26,1
CUST-01061,Jack,Green,jack.green1061@example.com,Vancouver,BC,Canada,2024-12-15,no,370.64,3
CUST-01062,Olivia,Brown,olivia.brown1062@example.com,Mississauga,ON,Canada,2025-06-23,yes,811.34,5
CUST-01063,Noah,Campbell,noah.campbell1063@example.com,Montreal,QC,Canada,2025-05-18,yes,2021.12,5
CUST-01064,Noah,Nguyen,noah.nguyen1064@example.com,Toronto,ON,Canada,2025-04-21,yes,970.9,4
CUST-01065,Ava,King,ava.king1065@example.com,Calgary,AB,Canada,2024-10-21,yes,483.64,2
CUST-01066,Owen,Green,owen.green1066@example.com,Toronto,ON,Canada,2025-12-25,yes,133.34,1
CUST-01067,Chloe,Clark,chloe.clark1067@example.com,London,ON,Canada,2025-06-16,yes,1569.13,8
CUST-01068,Ethan,Wright,ethan.wright1068@example.com,Toronto,ON,Canada,2024-10-29,no,183.03,2
CUST-01069,Finn,Nguyen,finn.nguyen1069@example.com,Toronto,ON,Canada,2024-12-07,no,1039.6,6
CUST-01070,Ethan,Wright,ethan.wright1070@example.com,Toronto,ON,Canada,2024-10-21,yes,617.22,3
CUST-01071,Ava,Nguyen,ava.nguyen1071@example.com,Toronto,ON,Canada,2024-12-04,yes,1457.7,7
CUST-01072,Ella,Green,ella.green1072@example.com,Kitchener,ON,Canada,2024-06-03,yes,440.7,2
CUST-01073,Leo,Martin,leo.martin1073@example.com,Kitchener,ON,Canada,2025-10-24,yes,849.76,5
CUST-01074,Ava,Taylor,ava.taylor1074@example.com,Toronto,ON,Canada,2025-03-14,yes,354.82,2
CUST-01075,Finn,King,finn.king1075@example.com,Toronto,ON,Canada,2024-07-19,no,0.0,0
CUST-01076,Henry,Young,henry.young1076@example.com,Toronto,ON,Canada,2024-01-18,no,1507.42,5
CUST-01077,Henry,Young,henry.young1077@example.com,Toronto,ON,Canada,2025-11-19,no,535.62,1
CUST-01078,Ella,Wright,ella.wright1078@example.com,Toronto,ON,Canada,2024-10-21,yes,872.36,2
CUST-01079,Olivia,Hall,olivia.hall1079@example.com,Toronto,ON,Canada,2025-09-10,yes,467.82,2
CUST-01080,Lucas,Thompson,lucas.thompson1080@example.com,Toronto,ON,Canada,2024-03-03,yes,980.84,2
CUST-01081,Sophia,Campbell,sophia.campbell1081@example.com,Mississauga,ON,Canada,2024-04-28,no,1353.4,4
CUST-01082,Jack,Nguyen,jack.nguyen1082@example.com,London,ON,Canada,2024-04-27,yes,122.94,1
CUST-01083,Chloe,Wright,chloe.wright1083@example.com,Calgary,AB,Canada,2024-06-02,no,0.0,0
CUST-01084,Grace,Wilson,grace.wilson1084@example.com,Vancouver,BC,Canada,2024-06-30,no,1125.48,2
CUST-01085,Noah,Patel,noah.patel1085@example.com,Toronto,ON,Canada,2025-09-11,no,687.83,2
CUST-01086,Leo,Baker,leo.baker1086@example.com,Toronto,ON,Canada,2025-09-18,yes,76.84,2
CUST-01087,Ella,Baker,ella.baker1087@example.com,Toronto,ON,Canada,2025-09-25,yes,88.14,1
CUST-01088,Owen,Wilson,owen.wilson1088@example.com,Hamilton,ON,Canada,2025-01-27,no,112.1,3
CUST-01089,Lucas,Thompson,lucas.thompson1089@example.com,Toronto,ON,Canada,2025-07-08,yes,603.42,3
CUST-01090,Ella,Patel,ella.patel1090@example.com,London,ON,Canada,2024-04-26,yes,1735.68,3
CUST-01091,Olivia,Scott,olivia.scott1091@example.com,London,ON,Canada,2025-11-16,yes,657.66,3
CUST-01092,Lucas,Taylor,lucas.taylor1092@example.com,Ottawa,ON,Canada,2024-02-11,no,729.08,5
CUST-01093,Chloe,Anderson,chloe.anderson1093@example.com,Ottawa,ON,Canada,2025-10-01,no,876.88,4
CUST-01094,Theo,Young,theo.young1094@example.com,London,ON,Canada,2024-02-03,yes,1290.46,4
CUST-01095,Theo,Brown,theo.brown1095@example.com,London,ON,Canada,2025-08-21,yes,0.0,0
CUST-01096,Mia,Chen,mia.chen1096@example.com,Toronto,ON,Canada,2024-11-05,no,695.51,4
CUST-01097,Leo,Baker,leo.baker1097@example.com,Toronto,ON,Canada,2024-03-27,yes,449.74,2
CUST-01098,Theo,Baker,theo.baker1098@example.com,Ottawa,ON,Canada,2025-05-05,yes,530.2,4
CUST-01099,Amelia,Thompson,amelia.thompson1099@example.com,Hamilton,ON,Canada,2025-01-03,yes,476.86,1
CUST-01100,Chloe,Patel,chloe.patel1100@example.com,Toronto,ON,Canada,2025-08-30,no,1674.66,5
CUST-01101,Noah,Brown,noah.brown1101@example.com,Calgary,AB,Canada,2025-07-28,yes,244.08,1
CUST-01102,Liam,Patel,liam.patel1102@example.com,Toronto,ON,Canada,2025-07-19,no,274.82,3
CUST-01103,Ava,Brown,ava.brown1103@example.com,Mississauga,ON,Canada,2025-06-21,yes,1459.96,5
CUST-01104,Ava,Lee,ava.lee1104@example.com,Ottawa,ON,Canada,2025-08-04,yes,489.63,3
CUST-01105,Charlotte,Wright,charlotte.wright1105@example.com,Kitchener,ON,Canada,2024-05-17,yes,746.03,3
CUST-01106,Chloe,Patel,chloe.patel1106@example.com,Montreal,QC,Canada,2024-01-06,no,1312.04,6
CUST-01107,Owen,Clark,owen.clark1107@example.com,Calgary,AB,Canada,2025-06-10,yes,113.23,1
CUST-01108,Olivia,Singh,olivia.singh1108@example.com,Montreal,QC,Canada,2024-10-13,yes,1561.66,4
CUST-01109,Grace,Patel,grace.patel1109@example.com,Mississauga,ON,Canada,2024-09-13,no,0.0,0
CUST-01110,Leo,Scott,leo.scott1110@example.com,Ottawa,ON,Canada,2024-02-21,yes,725.46,2
CUST-01111,Amelia,Hall,amelia.hall1111@example.com,Toronto,ON,Canada,2025-12-21,yes,178.54,1
CUST-01112,Olivia,Scott,olivia.scott1112@example.com,Toronto,ON,Canada,2025-03-25,no,0.0,0
CUST-01113,Leo,Singh,leo.singh1113@example.com,Toronto,ON,Canada,2025-10-01,no,259.9,2
CUST-01114,Charlotte,Taylor,charlotte.taylor1114@example.com,London,ON,Canada,2025-03-14,yes,56.5,1
CUST-01115,Mia,Wright,mia.wright1115@example.com,Montreal,QC,Canada,2024-10-06,yes,0.0,0
CUST-01116,Amelia,Thompson,amelia.thompson1116@example.com,Vancouver,BC,Canada,2025-07-23,yes,0.0,0
CUST-01117,Finn,Hall,finn.hall1117@example.com,London,ON,Canada,2024-08-07,yes,1658.84,3
CUST-01118,Chloe,Wright,chloe.wright1118@example.com,Toronto,ON,Canada,2024-06-20,yes,187.58,1
CUST-01119,Liam,Chen,liam.chen1119@example.com,Mississauga,ON,Canada,2025-03-18,yes,925.24,5
CUST-01120,Ella,Martin,ella.martin1120@example.com,Kitchener,ON,Canada,2025-11-23,yes,1281.76,7
CUST-01121,Ethan,Scott,ethan.scott1121@example.com,Toronto,ON,Canada,2024-01-18,yes,833.49,4
CUST-01122,Emma,Young,emma.young1122@example.com,Mississauga,ON,Canada,2024-08-21,yes,2317.85,8
CUST-01123,Ava,Thompson,ava.thompson1123@example.com,Ottawa,ON,Canada,2025-02-15,yes,135.6,2
CUST-01124,Sophia,Singh,sophia.singh1124@example.com,Toronto,ON,Canada,2024-11-26,no,684.78,3
CUST-01125,Leo,Patel,leo.patel1125@example.com,Vancouver,BC,Canada,2024-09-11,yes,1343.34,5
CUST-01126,Leo,Nguyen,leo.nguyen1126@example.com,Toronto,ON,Canada,2025-09-06,yes,904.0,2
CUST-01127,Charlotte,Thompson,charlotte.thompson1127@example.com,Calgary,AB,Canada,2024-10-16,no,763.31,3
CUST-01128,Lucas,Young,lucas.young1128@example.com,Toronto,ON,Canada,2024-09-19,no,1471.26,4
CUST-01129,Olivia,Wilson,olivia.wilson1129@example.com,Toronto,ON,Canada,2025-07-01,yes,334.93,2
CUST-01130,Mia,Wright,mia.wright1130@example.com,Vancouver,BC,Canada,2024-06-12,yes,253.12,1
CUST-01131,Ava,Hall,ava.hall1131@example.com,Vancouver,BC,Canada,2025-06-28,yes,926.6,4
CUST-01132,Grace,Scott,grace.scott1132@example.com,Toronto,ON,Canada,2025-02-03,yes,838.46,2
CUST-01133,Emma,Lee,emma.lee1133@example.com,London,ON,Canada,2025-01-22,yes,524.32,3
CUST-01134,Owen,Brown,owen.brown1134@example.com,Toronto,ON,Canada,2025-08-03,yes,0.0,0
CUST-01135,Olivia,Campbell,olivia.campbell1135@example.com,Toronto,ON,Canada,2024-06-17,yes,0.0,0
CUST-01136,Olivia,Wilson,olivia.wilson1136@example.com,Montreal,QC,Canada,2024-11-19,yes,644.1,3
CUST-01137,Amelia,Anderson,amelia.anderson1137@example.com,Mississauga,ON,Canada,2025-06-02,yes,1405.72,5
CUST-01138,Ava,Clark,ava.clark1138@example.com,London,ON,Canada,2025-11-08,yes,678.0,4
CUST-01139,Ava,Singh,ava.singh1139@example.com,Ottawa,ON,Canada,2025-01-23,no,1760.88,9
CUST-01140,Chloe,Martin,chloe.martin1140@example.com,Ottawa,ON,Canada,2024-02-14,no,146.9,1
CUST-01141,Ethan,Scott,ethan.scott1141@example.com,Toronto,ON,Canada,2025-04-12,yes,1430.58,7
CUST-01142,Mia,Brown,mia.brown1142@example.com,Vancouver,BC,Canada,2025-09-03,yes,0.0,0
CUST-01143,Theo,Scott,theo.scott1143@example.com,Toronto,ON,Canada,2025-08-15,yes,305.1,2
CUST-01144,Olivia,Wilson,olivia.wilson1144@example.com,Hamilton,ON,Canada,2024-04-03,yes,515.28,2
CUST-01145,Noah,Hall,noah.hall1145@example.com,Montreal,QC,Canada,2024-04-12,no,366.12,2
CUST-01146,Charlotte,Anderson,charlotte.anderson1146@example.com,Calgary,AB,Canada,2025-05-09,yes,901.74,3
CUST-01147,Amelia,Brown,amelia.brown1147@example.com,Toronto,ON,Canada,2025-11-03,yes,0.0,0
CUST-01148,Sophia,Singh,sophia.singh1148@example.com,Toronto,ON,Canada,2024-07-31,yes,255.38,1
CUST-01149,Finn,Green,finn.green1149@example.com,Toronto,ON,Canada,2024-06-03,no,786.71,4
CUST-01150,Theo,Thompson,theo.thompson1150@example.com,Toronto,ON,Canada,2024-10-04,no,1197.8,5
CUST-01151,Emma,Thompson,emma.thompson1151@example.com,Montreal,QC,Canada,2024-02-22,yes,1156.44,6
CUST-01152,Grace,Green,grace.green1152@example.com,Toronto,ON,Canada,2024-01-22,no,870.1,4
CUST-01153,Mia,Clark,mia.clark1153@example.com,Kitchener,ON,Canada,2024-04-06,yes,363.86,1
CUST-01154,Liam,Campbell,liam.campbell1154@example.com,Hamilton,ON,Canada,2024-03-03,yes,0.0,0
CUST-01155,Charlotte,Wilson,charlotte.wilson1155@example.com,Mississauga,ON,Canada,2025-07-19,yes,603.42,6
CUST-01156,Henry,Green,henry.green1156@example.com,Vancouver,BC,Canada,2024-08-12,yes,702.41,4
CUST-01157,Grace,Martin,grace.martin1157@example.com,Ottawa,ON,Canada,2025-04-11,yes,782.41,4
CUST-01158,Amelia,Brown,amelia.brown1158@example.com,Mississauga,ON,Canada,2024-10-29,yes,1039.15,3
CUST-01159,Chloe,Young,chloe.young1159@example.com,Toronto,ON,Canada,2024-11-22,yes,243.06,3
CUST-01160,Finn,Nguyen,finn.nguyen1160@example.com,Ottawa,ON,Canada,2024-02-19,yes,793.26,4
CUST-01161,Olivia,Martin,olivia.martin1161@example.com,Kitchener,ON,Canada,2024-05-03,no,1794.44,6
CUST-01162,Olivia,Martin,olivia.martin1162@example.com,Toronto,ON,Canada,2024-11-04,yes,1066.72,3
CUST-01163,Mia,Chen,mia.chen1163@example.com,Toronto,ON,Canada,2024-04-22,yes,856.54,5
CUST-01164,Charlotte,King,charlotte.king1164@example.com,Kitchener,ON,Canada,2025-05-18,yes,334.48,3
CUST-01165,Grace,Young,grace.young1165@example.com,Mississauga,ON,Canada,2024-08-29,yes,271.2,2
CUST-01166,Charlotte,Singh,charlotte.singh1166@example.com,Vancouver,BC,Canada,2025-10-05,no,359.34,2
CUST-01167,Finn,Baker,finn.baker1167@example.com,London,ON,Canada,2024-02-26,no,309.62,1
CUST-01168,Ava,Patel,ava.patel1168@example.com,Toronto,ON,Canada,2025-07-03,yes,696.53,4
CUST-01169,Jack,Singh,jack.singh1169@example.com,Mississauga,ON,Canada,2024-06-07,no,749.41,3
CUST-01170,Mia,Brown,mia.brown1170@example.com,Calgary,AB,Canada,2024-03-22,no,0.0,0
CUST-01171,Amelia,Clark,amelia.clark1171@example.com,Hamilton,ON,Canada,2024-08-03,no,241.82,1
CUST-01172,Olivia,Thompson,olivia.thompson1172@example.com,Toronto,ON,Canada,2024-09-04,no,698.34,2
CUST-01173,Owen,Campbell,owen.campbell1173@example.com,Mississauga,ON,Canada,2025-02-08,yes,0.0,0
CUST-01174,Lucas,Singh,lucas.singh1174@example.com,Hamilton,ON,Canada,2024-04-23,yes,0.0,0
CUST-01175,Noah,Scott,noah.scott1175@example.com,Toronto,ON,Canada,2025-03-31,no,1446.49,7
CUST-01176,Theo,Chen,theo.chen1176@example.com,Mississauga,ON,Canada,2025-03-26,yes,323.18,3
CUST-01177,Ethan,Wilson,ethan.wilson1177@example.com,Mississauga,ON,Canada,2025-05-07,yes,0.0,0
CUST-01178,Ava,Martin,ava.martin1178@example.com,Toronto,ON,Canada,2025-07-02,yes,244.08,1
CUST-01179,Henry,Anderson,henry.anderson1179@example.com,Toronto,ON,Canada,2024-11-22,no,289.28,2
CUST-01180,Grace,Patel,grace.patel1180@example.com,Toronto,ON,Canada,2025-12-28,yes,913.04,6
CUST-01181,Leo,Brown,leo.brown1181@example.com,Ottawa,ON,Canada,2024-06-11,no,501.72,2
CUST-01182,Sophia,Wilson,sophia.wilson1182@example.com,London,ON,Canada,2025-07-16,yes,1251.14,5
CUST-01183,Amelia,Young,amelia.young1183@example.com,Kitchener,ON,Canada,2024-06-22,yes,251.09,2
CUST-01184,Grace,Singh,grace.singh1184@example.com,Hamilton,ON,Canada,2024-01-28,yes,0.0,0
CUST-01185,Chloe,Singh,chloe.singh1185@example.com,Ottawa,ON,Canada,2025-07-09,yes,178.54,1
CUST-01186,Ella,King,ella.king1186@example.com,Ottawa,ON,Canada,2024-03-01,yes,604.01,5
CUST-01187,Liam,Wright,liam.wright1187@example.com,Calgary,AB,Canada,2025-03-28,no,369.4,4
CUST-01188,Ethan,Anderson,ethan.anderson1188@example.com,Ottawa,ON,Canada,2025-12-01,yes,2407.35,7
CUST-01189,Sophia,Wilson,sophia.wilson1189@example.com,Hamilton,ON,Canada,2025-01-20,no,553.7,3
CUST-01190,Noah,Campbell,noah.campbell1190@example.com,London,ON,Canada,2024-03-28,no,0.0,0
CUST-01191,Grace,Martin,grace.martin1191@example.com,Ottawa,ON,Canada,2024-02-22,yes,463.3,4
CUST-01192,Emma,Campbell,emma.campbell1192@example.com,Ottawa,ON,Canada,2025-01-10,yes,359.34,2
CUST-01193,Henry,Anderson,henry.anderson1193@example.com,Ottawa,ON,Canada,2025-11-03,yes,230.52,3
CUST-01194,Ava,Nguyen,ava.nguyen1194@example.com,Ottawa,ON,Canada,2025-12-07,yes,0.0,0
CUST-01195,Finn,Young,finn.young1195@example.com,Ottawa,ON,Canada,2025-12-03,yes,714.16,5
CUST-01196,Amelia,Campbell,amelia.campbell1196@example.com,Toronto,ON,Canada,2024-11-06,yes,1791.28,6
CUST-01197,Amelia,Patel,amelia.patel1197@example.com,Toronto,ON,Canada,2024-06-07,yes,476.86,2
CUST-01198,Chloe,Anderson,chloe.anderson1198@example.com,Toronto,ON,Canada,2025-04-16,yes,578.56,4
CUST-01199,Grace,Chen,grace.chen1199@example.com,London,ON,Canada,2024-11-11,yes,494.94,1
CUST-01200,Lucas,King,lucas.king1200@example.com,London,ON,Canada,2025-06-01,yes,0.0,0
CUST-01201,Charlotte,Singh,charlotte.singh1201@example.com,Hamilton,ON,Canada,2024-01-24,yes,1050.0,4
CUST-01202,Jack,Thompson,jack.thompson1202@example.com,Toronto,ON,Canada,2024-03-18,yes,797.78,2
CUST-01203,Olivia,Baker,olivia.baker1203@example.com,Toronto,ON,Canada,2025-11-17,yes,1527.76,4
CUST-01204,Emma,Anderson,emma.anderson1204@example.com,Mississauga,ON,Canada,2024-05-22,yes,0.0,0
CUST-01205,Jack,Hall,jack.hall1205@example.com,Mississauga,ON,Canada,2024-08-26,yes,993.32,4
CUST-01206,Theo,Campbell,theo.campbell1206@example.com,Toronto,ON,Canada,2024-07-30,yes,369.28,2
CUST-01207,Leo,Hall,leo.hall1207@example.com,Toronto,ON,Canada,2025-07-08,yes,585.34,3
CUST-01208,Mia,Baker,mia.baker1208@example.com,Calgary,AB,Canada,2025-11-20,yes,2275.37,4
CUST-01209,Ava,Martin,ava.martin1209@example.com,London,ON,Canada,2024-12-31,yes,1305.26,6
CUST-01210,Emma,Campbell,emma.campbell1210@example.com,Kitchener,ON,Canada,2024-09-19,no,0.0,0
CUST-01211,Leo,Martin,leo.martin1211@example.com,Toronto,ON,Canada,2025-12-30,yes,1656.24,6
CUST-01212,Emma,Clark,emma.clark1212@example.com,Toronto,ON,Canada,2024-09-12,no,388.72,3
CUST-01213,Jack,Wilson,jack.wilson1213@example.com,Toronto,ON,Canada,2024-07-01,yes,0.0,0
CUST-01214,Grace,Campbell,grace.campbell1214@example.com,Hamilton,ON,Canada,2025-07-02,yes,711.9,1
CUST-01215,Henry,Chen,henry.chen1215@example.com,Montreal,QC,Canada,2025-12-26,yes,447.48,1
CUST-01216,Sophia,Singh,sophia.singh1216@example.com,Ottawa,ON,Canada,2024-09-05,yes,88.48,1
CUST-01217,Lucas,King,lucas.king1217@example.com,Vancouver,BC,Canada,2025-04-11,yes,587.6,2
CUST-01218,Leo,Scott,leo.scott1218@example.com,Calgary,AB,Canada,2024-08-23,no,445.22,4
CUST-01219,Olivia,Hall,olivia.hall1219@example.com,Ottawa,ON,Canada,2024-05-28,yes,375.16,3
CUST-01220,Grace,Brown,grace.brown1220@example.com,Kitchener,ON,Canada,2024-06-13,no,424.88,2
CUST-01221,Charlotte,Singh,charlotte.singh1221@example.com,Ottawa,ON,Canada,2024-08-09,no,1224.92,4
CUST-01222,Chloe,Chen,chloe.chen1222@example.com,Montreal,QC,Canada,2024-11-23,yes,158.2,1
CUST-01223,Ava,Campbell,ava.campbell1223@example.com,Calgary,AB,Canada,2025-12-20,yes,287.02,5
CUST-01224,Sophia,Lee,sophia.lee1224@example.com,Kitchener,ON,Canada,2025-12-02,yes,447.48,1
CUST-01225,Amelia,Lee,amelia.lee1225@example.com,Toronto,ON,Canada,2024-07-15,yes,1091.58,5
CUST-01226,Sophia,Campbell,sophia.campbell1226@example.com,Hamilton,ON,Canada,2024-02-28,yes,329.96,2
CUST-01227,Mia,Brown,mia.brown1227@example.com,Ottawa,ON,Canada,2025-02-13,no,781.51,3
CUST-01228,Noah,Brown,noah.brown1228@example.com,Mississauga,ON,Canada,2024-10-28,yes,0.0,0
CUST-01229,Ethan,Scott,ethan.scott1229@example.com,London,ON,Canada,2024-10-25,yes,744.04,2
CUST-01230,Amelia,Young,amelia.young1230@example.com,Toronto,ON,Canada,2024-11-05,yes,1080.42,2
CUST-01231,Finn,Anderson,finn.anderson1231@example.com,Toronto,ON,Canada,2024-08-29,yes,56.5,1
CUST-01232,Ella,Thompson,ella.thompson1232@example.com,Toronto,ON,Canada,2025-01-23,yes,223.74,2
CUST-01233,Sophia,Wilson,sophia.wilson1233@example.com,Ottawa,ON,Canada,2025-09-12,yes,341.26,2
CUST-01234,Ethan,Thompson,ethan.thompson1234@example.com,Toronto,ON,Canada,2024-03-17,no,1395.32,6
CUST-01235,Theo,Chen,theo.chen1235@example.com,Hamilton,ON,Canada,2025-07-08,yes,919.82,5
CUST-01236,Amelia,Brown,amelia.brown1236@example.com,Toronto,ON,Canada,2025-12-13,yes,1787.0,6
CUST-01237,Lucas,Anderson,lucas.anderson1237@example.com,Toronto,ON,Canada,2024-08-18,yes,643.93,4
CUST-01238,Grace,Chen,grace.chen1238@example.com,Mississauga,ON,Canada,2025-10-13,no,858.8,3
CUST-01239,Jack,Patel,jack.patel1239@example.com,Toronto,ON,Canada,2024-07-19,yes,94.92,2
CUST-01240,Emma,Clark,emma.clark1240@example.com,Toronto,ON,Canada,2025-11-04,yes,840.72,3
CUST-01241,Finn,Baker,finn.baker1241@example.com,Toronto,ON,Canada,2025-02-28,yes,2637.42,8
CUST-01242,Noah,Scott,noah.scott1242@example.com,Kitchener,ON,Canada,2024-03-15,yes,255.38,2
CUST-01243,Ava,Wilson,ava.wilson1243@example.com,Hamilton,ON,Canada,2024-04-23,yes,1313.06,6
CUST-01244,Liam,Campbell,liam.campbell1244@example.com,Ottawa,ON,Canada,2025-05-07,yes,1218.59,6
CUST-01245,Mia,Clark,mia.clark1245@example.com,Toronto,ON,Canada,2024-11-19,yes,445.22,1
CUST-01246,Olivia,Hall,olivia.hall1246@example.com,Kitchener,ON,Canada,2025-04-02,no,1428.32,6
CUST-01247,Sophia,Singh,sophia.singh1247@example.com,Toronto,ON,Canada,2025-10-13,yes,480.93,4
CUST-01248,Olivia,Taylor,olivia.taylor1248@example.com,Toronto,ON,Canada,2025-03-09,no,768.17,4
CUST-01249,Ella,Brown,ella.brown1249@example.com,Hamilton,ON,Canada,2025-10-21,yes,729.3,6
CUST-01250,Amelia,Wilson,amelia.wilson1250@example.com,Toronto,ON,Canada,2025-10-17,yes,736.42,4
CUST-01251,Ella,Chen,ella.chen1251@example.com,Mississauga,ON,Canada,2024-05-28,yes,555.96,2
CUST-01252,Chloe,Young,chloe.young1252@example.com,London,ON,Canada,2024-05-23,no,1479.85,4
CUST-01253,Charlotte,Wright,charlotte.wright1253@example.com,Montreal,QC,Canada,2025-03-13,yes,284.76,2
CUST-01254,Charlotte,Young,charlotte.young1254@example.com,Ottawa,ON,Canada,2025-02-12,yes,0.0,1
CUST-01255,Leo,Taylor,leo.taylor1255@example.com,Ottawa,ON,Canada,2024-08-07,yes,0.0,0
CUST-01256,Sophia,Patel,sophia.patel1256@example.com,Toronto,ON,Canada,2025-06-24,yes,1035.76,5
CUST-01257,Ava,Chen,ava.chen1257@example.com,Toronto,ON,Canada,2024-06-12,no,0.0,0
CUST-01258,Theo,Green,theo.green1258@example.com,Toronto,ON,Canada,2024-12-17,yes,246.34,1
CUST-01259,Jack,Wright,jack.wright1259@example.com,Toronto,ON,Canada,2025-06-03,yes,517.38,4
CUST-01260,Finn,Wright,finn.wright1260@example.com,Ottawa,ON,Canada,2025-01-31,yes,61.02,1
CUST-01261,Olivia,Patel,olivia.patel1261@example.com,Hamilton,ON,Canada,2025-04-15,yes,726.54,2
CUST-01262,Ava,Young,ava.young1262@example.com,London,ON,Canada,2025-01-16,yes,1186.5,2
CUST-01263,Grace,Campbell,grace.campbell1263@example.com,Mississauga,ON,Canada,2025-08-14,no,541.72,3
CUST-01264,Finn,Martin,finn.martin1264@example.com,Toronto,ON,Canada,2025-09-23,yes,0.0,0
CUST-01265,Leo,Wright,leo.wright1265@example.com,Hamilton,ON,Canada,2024-12-12,no,0.0,0
CUST-01266,Henry,Anderson,henry.anderson1266@example.com,Toronto,ON,Canada,2024-05-10,no,484.32,3
CUST-01267,Grace,Lee,grace.lee1267@example.com,Toronto,ON,Canada,2024-02-01,yes,325.44,2
CUST-01268,Sophia,Nguyen,sophia.nguyen1268@example.com,Ottawa,ON,Canada,2024-04-28,yes,368.38,1
CUST-01269,Amelia,Green,amelia.green1269@example.com,Toronto,ON,Canada,2024-10-29,yes,0.0,0
CUST-01270,Emma,Patel,emma.patel1270@example.com,Kitchener,ON,Canada,2025-02-18,yes,0.0,0
CUST-01271,Henry,King,henry.king1271@example.com,Toronto,ON,Canada,2025-11-06,yes,605.68,4
CUST-01272,Chloe,Campbell,chloe.campbell1272@example.com,Calgary,AB,Canada,2025-01-23,yes,140.12,1
CUST-01273,Noah,Campbell,noah.campbell1273@example.com,Calgary,AB,Canada,2024-01-14,no,0.0,0
CUST-01274,Lucas,Patel,lucas.patel1274@example.com,Montreal,QC,Canada,2025-01-06,no,732.24,1
CUST-01275,Liam,Campbell,liam.campbell1275@example.com,London,ON,Canada,2024-01-09,no,176.28,1
CUST-01276,Charlotte,Anderson,charlotte.anderson1276@example.com,Montreal,QC,Canada,2024-05-23,yes,343.52,1
CUST-01277,Ethan,Campbell,ethan.campbell1277@example.com,Montreal,QC,Canada,2025-10-23,no,1365.04,3
CUST-01278,Amelia,Anderson,amelia.anderson1278@example.com,Hamilton,ON,Canada,2025-07-30,no,641.84,1
CUST-01279,Emma,Anderson,emma.anderson1279@example.com,Kitchener,ON,Canada,2024-02-27,no,402.28,1
CUST-01280,Chloe,Brown,chloe.brown1280@example.com,Hamilton,ON,Canada,2025-11-15,no,919.82,3
CUST-01281,Mia,Wright,mia.wright1281@example.com,Toronto,ON,Canada,2025-03-24,no,176.28,1
CUST-01282,Jack,Nguyen,jack.nguyen1282@example.com,Hamilton,ON,Canada,2025-01-01,yes,289.28,1
CUST-01283,Liam,Singh,liam.singh1283@example.com,London,ON,Canada,2024-04-22,yes,1869.02,5
CUST-01284,Lucas,Green,lucas.green1284@example.com,Toronto,ON,Canada,2025-05-28,yes,936.55,6
CUST-01285,Emma,King,emma.king1285@example.com,Kitchener,ON,Canada,2025-06-16,yes,740.63,2
CUST-01286,Emma,Lee,emma.lee1286@example.com,Ottawa,ON,Canada,2025-06-11,no,994.65,5
CUST-01287,Mia,Brown,mia.brown1287@example.com,Toronto,ON,Canada,2025-01-07,yes,323.18,1
CUST-01288,Ethan,Lee,ethan.lee1288@example.com,Montreal,QC,Canada,2024-04-05,yes,142.38,2
CUST-01289,Emma,Brown,emma.brown1289@example.com,Toronto,ON,Canada,2025-06-19,no,978.58,3
CUST-01290,Ava,Wilson,ava.wilson1290@example.com,Toronto,ON,Canada,2024-10-02,no,571.78,3
CUST-01291,Leo,Singh,leo.singh1291@example.com,Ottawa,ON,Canada,2024-06-09,yes,0.0,0
CUST-01292,Charlotte,Hall,charlotte.hall1292@example.com,Calgary,AB,Canada,2025-01-15,yes,366.12,2
CUST-01293,Amelia,Thompson,amelia.thompson1293@example.com,Toronto,ON,Canada,2025-06-19,yes,302.84,1
CUST-01294,Ava,Nguyen,ava.nguyen1294@example.com,Vancouver,BC,Canada,2025-04-24,no,759.36,4
CUST-01295,Owen,Wright,owen.wright1295@example.com,Vancouver,BC,Canada,2024-10-03,no,0.0,0
CUST-01296,Amelia,Nguyen,amelia.nguyen1296@example.com,Toronto,ON,Canada,2025-03-06,no,1688.11,8
CUST-01297,Finn,Green,finn.green1297@example.com,Calgary,AB,Canada,2025-03-27,yes,1271.93,6
CUST-01298,Lucas,Hall,lucas.hall1298@example.com,Toronto,ON,Canada,2024-03-10,yes,0.0,0
CUST-01299,Charlotte,Thompson,charlotte.thompson1299@example.com,Montreal,QC,Canada,2025-05-20,no,0.0,0
CUST-01300,Jack,Brown,jack.brown1300@example.com,Toronto,ON,Canada,2024-11-25,yes,813.6,7
CUST-01301,Emma,Hall,emma.hall1301@example.com,Mississauga,ON,Canada,2024-03-05,yes,110.75,3
CUST-01302,Chloe,Chen,chloe.chen1302@example.com,Toronto,ON,Canada,2024-08-14,yes,241.82,1
CUST-01303,Theo,Lee,theo.lee1303@example.com,Ottawa,ON,Canada,2024-02-22,no,1205.04,5
CUST-01304,Lucas,Hall,lucas.hall1304@example.com,London,ON,Canada,2024-04-12,yes,763.88,2
CUST-01305,Henry,Brown,henry.brown1305@example.com,Toronto,ON,Canada,2024-07-27,yes,619.24,1
CUST-01306,Olivia,Campbell,olivia.campbell1306@example.com,Kitchener,ON,Canada,2025-06-17,yes,56.5,1
CUST-01307,Amelia,Nguyen,amelia.nguyen1307@example.com,Kitchener,ON,Canada,2025-01-14,no,246.34,1
CUST-01308,Olivia,Lee,olivia.lee1308@example.com,Ottawa,ON,Canada,2025-08-07,yes,1025.02,3
CUST-01309,Emma,Patel,emma.patel1309@example.com,Mississauga,ON,Canada,2025-11-26,yes,0.0,0
CUST-01310,Lucas,Singh,lucas.singh1310@example.com,Toronto,ON,Canada,2024-09-14,yes,113.0,1
CUST-01311,Sophia,Wilson,sophia.wilson1311@example.com,Ottawa,ON,Canada,2025-10-08,no,406.8,2
CUST-01312,Emma,Chen,emma.chen1312@example.com,Toronto,ON,Canada,2024-07-16,yes,1479.51,7
CUST-01313,Ella,Young,ella.young1313@example.com,Mississauga,ON,Canada,2024-04-21,yes,746.7,5
CUST-01314,Owen,Wright,owen.wright1314@example.com,Toronto,ON,Canada,2025-01-30,yes,0.0,0
CUST-01315,Leo,Baker,leo.baker1315@example.com,Toronto,ON,Canada,2024-07-28,yes,0.0,0
CUST-01316,Noah,Wright,noah.wright1316@example.com,Ottawa,ON,Canada,2025-05-18,no,783.32,3
CUST-01317,Lucas,Nguyen,lucas.nguyen1317@example.com,Ottawa,ON,Canada,2024-10-29,yes,0.0,0
CUST-01318,Olivia,Chen,olivia.chen1318@example.com,Toronto,ON,Canada,2024-11-06,yes,1504.39,7
CUST-01319,Emma,Lee,emma.lee1319@example.com,Hamilton,ON,Canada,2024-01-24,yes,0.0,0
CUST-01320,Noah,Singh,noah.singh1320@example.com,Toronto,ON,Canada,2024-08-27,yes,406.8,1
CUST-01321,Ethan,Clark,ethan.clark1321@example.com,Toronto,ON,Canada,2025-04-20,yes,90.4,1
CUST-01322,Olivia,Baker,olivia.baker1322@example.com,Toronto,ON,Canada,2024-11-26,yes,2138.41,7
CUST-01323,Amelia,Green,amelia.green1323@example.com,Ottawa,ON,Canada,2024-06-30,no,1537.7,3
CUST-01324,Henry,Martin,henry.martin1324@example.com,Toronto,ON,Canada,2025-07-12,yes,0.0,0
CUST-01325,Ethan,Green,ethan.green1325@example.com,Toronto,ON,Canada,2025-08-14,yes,1300.18,7
CUST-01326,Ethan,Chen,ethan.chen1326@example.com,Ottawa,ON,Canada,2024-05-29,yes,300.58,2
CUST-01327,Amelia,Taylor,amelia.taylor1327@example.com,Toronto,ON,Canada,2025-03-09,yes,0.0,0
CUST-01328,Owen,Baker,owen.baker1328@example.com,Ottawa,ON,Canada,2025-07-06,no,497.2,3
CUST-01329,Finn,Patel,finn.patel1329@example.com,Toronto,ON,Canada,2024-09-08,no,289.28,1
CUST-01330,Jack,Thompson,jack.thompson1330@example.com,Toronto,ON,Canada,2024-03-11,yes,0.0,0
CUST-01331,Noah,Chen,noah.chen1331@example.com,Calgary,AB,Canada,2025-07-25,yes,76.7,2
CUST-01332,Chloe,Baker,chloe.baker1332@example.com,Toronto,ON,Canada,2025-12-16,yes,0.0,0
CUST-01333,Ava,Chen,ava.chen1333@example.com,London,ON,Canada,2025-03-15,yes,110.74,1
CUST-01334,Emma,Young,emma.young1334@example.com,Toronto,ON,Canada,2025-07-15,yes,510.76,2
CUST-01335,Jack,Green,jack.green1335@example.com,Mississauga,ON,Canada,2025-07-28,yes,702.86,3
CUST-01336,Mia,Wilson,mia.wilson1336@example.com,Calgary,AB,Canada,2025-12-18,yes,1835.12,8
CUST-01337,Mia,Nguyen,mia.nguyen1337@example.com,Toronto,ON,Canada,2025-12-17,no,736.65,3
CUST-01338,Jack,Singh,jack.singh1338@example.com,Ottawa,ON,Canada,2025-12-01,yes,124.3,1
CUST-01339,Noah,Thompson,noah.thompson1339@example.com,Toronto,ON,Canada,2025-02-03,yes,1041.86,3
CUST-01340,Henry,Wright,henry.wright1340@example.com,Toronto,ON,Canada,2024-03-08,no,699.81,5
CUST-01341,Sophia,Singh,sophia.singh1341@example.com,Toronto,ON,Canada,2025-12-21,no,0.0,0
CUST-01342,Finn,Clark,finn.clark1342@example.com,Ottawa,ON,Canada,2024-03-16,yes,436.18,3
CUST-01343,Leo,Clark,leo.clark1343@example.com,Toronto,ON,Canada,2025-09-07,yes,0.0,0
CUST-01344,Ethan,Scott,ethan.scott1344@example.com,Ottawa,ON,Canada,2024-04-20,yes,207.92,1
CUST-01345,Sophia,Scott,sophia.scott1345@example.com,Ottawa,ON,Canada,2025-12-14,yes,126.9,1
CUST-01346,Sophia,Campbell,sophia.campbell1346@example.com,Toronto,ON,Canada,2024-05-31,yes,418.1,2
CUST-01347,Chloe,Chen,chloe.chen1347@example.com,Calgary,AB,Canada,2024-02-07,yes,1102.88,4
CUST-01348,Noah,Singh,noah.singh1348@example.com,Toronto,ON,Canada,2025-07-29,no,467.82,1
CUST-01349,Leo,Baker,leo.baker1349@example.com,Toronto,ON,Canada,2025-01-02,yes,94.92,1
CUST-01350,Chloe,Campbell,chloe.campbell1350@example.com,Toronto,ON,Canada,2024-01-07,no,928.86,3
CUST-01351,Liam,Clark,liam.clark1351@example.com,Ottawa,ON,Canada,2025-11-09,no,1537.7,6
CUST-01352,Owen,Baker,owen.baker1352@example.com,Montreal,QC,Canada,2025-12-11,no,0.0,0
CUST-01353,Henry,Hall,henry.hall1353@example.com,Ottawa,ON,Canada,2024-07-07,yes,67.8,1
CUST-01354,Henry,Thompson,henry.thompson1354@example.com,Vancouver,BC,Canada,2024-04-29,yes,0.0,0
CUST-01355,Charlotte,Chen,charlotte.chen1355@example.com,Toronto,ON,Canada,2024-11-23,no,0.0,0
CUST-01356,Chloe,King,chloe.king1356@example.com,Vancouver,BC,Canada,2025-09-21,no,0.0,0
CUST-01357,Theo,Brown,theo.brown1357@example.com,Ottawa,ON,Canada,2024-10-11,yes,1447.08,7
CUST-01358,Ella,Nguyen,ella.nguyen1358@example.com,Montreal,QC,Canada,2024-06-14,yes,470.08,3
CUST-01359,Mia,Taylor,mia.taylor1359@example.com,Toronto,ON,Canada,2024-05-16,yes,144.64,1
CUST-01360,Liam,Young,liam.young1360@example.com,Toronto,ON,Canada,2024-10-21,yes,0.0,0
CUST-01361,Owen,Taylor,owen.taylor1361@example.com,Toronto,ON,Canada,2024-10-13,no,0.0,0
CUST-01362,Ava,Green,ava.green1362@example.com,Mississauga,ON,Canada,2024-12-03,yes,0.0,0
CUST-01363,Amelia,Singh,amelia.singh1363@example.com,Mississauga,ON,Canada,2024-05-12,yes,596.64,3
CUST-01364,Charlotte,Baker,charlotte.baker1364@example.com,Toronto,ON,Canada,2025-01-04,yes,293.8,3
CUST-01365,Finn,Lee,finn.lee1365@example.com,Toronto,ON,Canada,2024-09-16,yes,277.98,2
CUST-01366,Grace,Scott,grace.scott1366@example.com,Mississauga,ON,Canada,2024-12-01,yes,950.79,3
CUST-01367,Theo,Hall,theo.hall1367@example.com,Toronto,ON,Canada,2024-12-06,no,1246.16,8
CUST-01368,Owen,Wilson,owen.wilson1368@example.com,Vancouver,BC,Canada,2024-02-10,yes,641.84,4
CUST-01369,Ava,Brown,ava.brown1369@example.com,Toronto,ON,Canada,2025-02-21,no,90.4,1
CUST-01370,Chloe,Hall,chloe.hall1370@example.com,Calgary,AB,Canada,2024-11-09,yes,1223.98,6
CUST-01371,Noah,Hall,noah.hall1371@example.com,Toronto,ON,Canada,2024-09-07,yes,689.3,4
CUST-01372,Jack,Baker,jack.baker1372@example.com,Ottawa,ON,Canada,2025-02-08,yes,329.05,4
CUST-01373,Owen,Patel,owen.patel1373@example.com,Toronto,ON,Canada,2024-03-31,yes,1366.4,7
CUST-01374,Henry,Hall,henry.hall1374@example.com,London,ON,Canada,2024-09-08,no,532.91,1
CUST-01375,Henry,Chen,henry.chen1375@example.com,Kitchener,ON,Canada,2024-04-05,yes,1501.64,7
CUST-01376,Sophia,Clark,sophia.clark1376@example.com,Calgary,AB,Canada,2024-06-14,yes,756.73,4
CUST-01377,Theo,Green,theo.green1377@example.com,Mississauga,ON,Canada,2025-03-18,no,0.0,0
CUST-01378,Charlotte,Chen,charlotte.chen1378@example.com,Mississauga,ON,Canada,2025-05-15,yes,162.72,1
CUST-01379,Amelia,Campbell,amelia.campbell1379@example.com,Toronto,ON,Canada,2025-12-25,yes,318.89,2
CUST-01380,Henry,Patel,henry.patel1380@example.com,Toronto,ON,Canada,2024-03-22,yes,656.98,2
CUST-01381,Emma,Lee,emma.lee1381@example.com,Ottawa,ON,Canada,2025-01-13,yes,411.32,2
CUST-01382,Jack,Patel,jack.patel1382@example.com,Toronto,ON,Canada,2024-11-24,yes,801.4,5
CUST-01383,Noah,Campbell,noah.campbell1383@example.com,Toronto,ON,Canada,2025-03-23,yes,42.94,1
CUST-01384,Jack,Scott,jack.scott1384@example.com,Calgary,AB,Canada,2025-03-17,yes,1618.16,5
CUST-01385,Sophia,Young,sophia.young1385@example.com,Toronto,ON,Canada,2024-07-12,no,750.32,2
CUST-01386,Olivia,Taylor,olivia.taylor1386@example.com,Toronto,ON,Canada,2025-07-08,yes,255.38,1
CUST-01387,Mia,Young,mia.young1387@example.com,Toronto,ON,Canada,2024-06-24,no,1267.74,5
CUST-01388,Henry,King,henry.king1388@example.com,Toronto,ON,Canada,2024-09-14,yes,415.84,3
CUST-01389,Liam,King,liam.king1389@example.com,Toronto,ON,Canada,2024-07-22,yes,985.81,7
CUST-01390,Olivia,Thompson,olivia.thompson1390@example.com,Toronto,ON,Canada,2024-11-01,no,1364.25,5
CUST-01391,Grace,Clark,grace.clark1391@example.com,Toronto,ON,Canada,2024-10-08,yes,426.91,3
CUST-01392,Grace,Hall,grace.hall1392@example.com,Toronto,ON,Canada,2024-08-26,yes,441.6,2
CUST-01393,Ethan,Taylor,ethan.taylor1393@example.com,Toronto,ON,Canada,2024-03-06,yes,705.12,1
CUST-01394,Liam,Campbell,liam.campbell1394@example.com,Toronto,ON,Canada,2024-07-31,yes,1373.72,4
CUST-01395,Ella,Chen,ella.chen1395@example.com,Montreal,QC,Canada,2025-07-06,yes,122.94,1
CUST-01396,Mia,Patel,mia.patel1396@example.com,Calgary,AB,Canada,2024-02-02,yes,298.32,3
CUST-01397,Ella,King,ella.king1397@example.com,Ottawa,ON,Canada,2025-01-03,yes,0.0,0
CUST-01398,Noah,Martin,noah.martin1398@example.com,Toronto,ON,Canada,2024-01-25,yes,987.62,3
CUST-01399,Leo,Wright,leo.wright1399@example.com,London,ON,Canada,2025-07-18,no,1080.28,4
CUST-01400,Ella,Nguyen,ella.nguyen1400@example.com,Kitchener,ON,Canada,2024-12-15,yes,894.96,3
CUST-01401,Chloe,Baker,chloe.baker1401@example.com,Ottawa,ON,Canada,2025-10-15,yes,0.0,0
CUST-01402,Leo,Nguyen,leo.nguyen1402@example.com,London,ON,Canada,2025-06-05,yes,549.18,3
CUST-01403,Olivia,Thompson,olivia.thompson1403@example.com,Toronto,ON,Canada,2025-08-11,yes,0.0,0
CUST-01404,Charlotte,Chen,charlotte.chen1404@example.com,Calgary,AB,Canada,2024-12-25,yes,76.84,1
CUST-01405,Chloe,Taylor,chloe.taylor1405@example.com,Montreal,QC,Canada,2024-03-09,yes,777.44,4
CUST-01406,Lucas,Taylor,lucas.taylor1406@example.com,London,ON,Canada,2024-01-27,yes,311.88,4
CUST-01407,Owen,King,owen.king1407@example.com,Mississauga,ON,Canada,2024-03-09,yes,0.0,0
CUST-01408,Emma,Wright,emma.wright1408@example.com,Toronto,ON,Canada,2025-05-03,yes,316.4,3
CUST-01409,Ethan,Green,ethan.green1409@example.com,Kitchener,ON,Canada,2025-07-16,yes,705.12,4
CUST-01410,Lucas,Patel,lucas.patel1410@example.com,Hamilton,ON,Canada,2025-01-14,no,814.05,4
CUST-01411,Jack,Patel,jack.patel1411@example.com,Toronto,ON,Canada,2025-09-17,yes,153.68,1
CUST-01412,Charlotte,Anderson,charlotte.anderson1412@example.com,Toronto,ON,Canada,2025-12-15,yes,0.0,0
CUST-01413,Sophia,Taylor,sophia.taylor1413@example.com,Toronto,ON,Canada,2024-10-29,yes,623.53,2
CUST-01414,Jack,King,jack.king1414@example.com,Ottawa,ON,Canada,2024-12-03,no,662.97,3
CUST-01415,Charlotte,Hall,charlotte.hall1415@example.com,Toronto,ON,Canada,2024-07-12,yes,266.45,1
CUST-01416,Emma,King,emma.king1416@example.com,Toronto,ON,Canada,2024-02-05,no,0.0,0
CUST-01417,Leo,Baker,leo.baker1417@example.com,Toronto,ON,Canada,2025-10-03,no,953.72,2
CUST-01418,Theo,Green,theo.green1418@example.com,Vancouver,BC,Canada,2025-10-31,yes,0.0,0
CUST-01419,Jack,Wilson,jack.wilson1419@example.com,Toronto,ON,Canada,2024-11-06,yes,0.0,0
CUST-01420,Olivia,Lee,olivia.lee1420@example.com,Ottawa,ON,Canada,2024-02-07,yes,0.0,1
CUST-01421,Amelia,Patel,amelia.patel1421@example.com,Toronto,ON,Canada,2024-10-31,yes,1296.11,6
CUST-01422,Jack,Taylor,jack.taylor1422@example.com,Ottawa,ON,Canada,2024-02-06,yes,113.0,1
CUST-01423,Grace,Campbell,grace.campbell1423@example.com,Toronto,ON,Canada,2024-04-20,yes,867.84,4
CUST-01424,Theo,Clark,theo.clark1424@example.com,Hamilton,ON,Canada,2025-02-06,no,492.68,1
CUST-01425,Amelia,Brown,amelia.brown1425@example.com,Kitchener,ON,Canada,2024-10-28,no,1652.06,6
CUST-01426,Emma,Wright,emma.wright1426@example.com,Toronto,ON,Canada,2025-05-03,yes,323.18,1
CUST-01427,Sophia,Young,sophia.young1427@example.com,London,ON,Canada,2025-12-08,yes,900.16,3
CUST-01428,Charlotte,Chen,charlotte.chen1428@example.com,Montreal,QC,Canada,2025-02-26,no,402.28,2
CUST-01429,Chloe,Taylor,chloe.taylor1429@example.com,Toronto,ON,Canada,2025-09-03,yes,164.98,1
CUST-01430,Lucas,Baker,lucas.baker1430@example.com,Ottawa,ON,Canada,2025-02-11,no,707.38,4
CUST-01431,Henry,Anderson,henry.anderson1431@example.com,Kitchener,ON,Canada,2024-05-04,no,300.58,2
CUST-01432,Jack,Nguyen,jack.nguyen1432@example.com,Hamilton,ON,Canada,2024-08-19,no,535.62,2
CUST-01433,Finn,Nguyen,finn.nguyen1433@example.com,Calgary,AB,Canada,2024-07-11,yes,730.2,3
CUST-01434,Noah,Wright,noah.wright1434@example.com,Toronto,ON,Canada,2024-09-14,yes,0.0,0
CUST-01435,Sophia,Baker,sophia.baker1435@example.com,London,ON,Canada,2025-02-15,yes,777.44,3
CUST-01436,Amelia,Singh,amelia.singh1436@example.com,Toronto,ON,Canada,2024-09-02,yes,0.0,0
CUST-01437,Leo,Campbell,leo.campbell1437@example.com,Kitchener,ON,Canada,2025-03-12,no,241.37,2
CUST-01438,Jack,Young,jack.young1438@example.com,Toronto,ON,Canada,2025-01-06,yes,0.0,0
CUST-01439,Leo,Patel,leo.patel1439@example.com,Toronto,ON,Canada,2025-01-08,no,0.0,0
CUST-01440,Jack,Scott,jack.scott1440@example.com,Mississauga,ON,Canada,2024-10-03,yes,1319.39,5
CUST-01441,Henry,Chen,henry.chen1441@example.com,Calgary,AB,Canada,2024-03-27,no,1142.66,5
CUST-01442,Chloe,Hall,chloe.hall1442@example.com,Vancouver,BC,Canada,2024-07-07,no,942.42,4
CUST-01443,Olivia,Wright,olivia.wright1443@example.com,Toronto,ON,Canada,2024-05-15,yes,1228.08,7
CUST-01444,Grace,Wilson,grace.wilson1444@example.com,Hamilton,ON,Canada,2024-08-31,no,0.0,0
CUST-01445,Charlotte,King,charlotte.king1445@example.com,Ottawa,ON,Canada,2025-06-08,yes,357.08,1
CUST-01446,Owen,Chen,owen.chen1446@example.com,Toronto,ON,Canada,2025-06-04,yes,1296.33,6
CUST-01447,Ava,Taylor,ava.taylor1447@example.com,Montreal,QC,Canada,2024-03-17,yes,465.56,3
CUST-01448,Owen,Hall,owen.hall1448@example.com,Ottawa,ON,Canada,2024-08-17,yes,277.64,2
CUST-01449,Ava,Lee,ava.lee1449@example.com,Ottawa,ON,Canada,2025-09-28,no,501.72,2
CUST-01450,Ethan,Singh,ethan.singh1450@example.com,Calgary,AB,Canada,2025-11-03,yes,320.92,1
CUST-01451,Amelia,Nguyen,amelia.nguyen1451@example.com,Toronto,ON,Canada,2024-03-05,yes,323.18,2
CUST-01452,Liam,Martin,liam.martin1452@example.com,Calgary,AB,Canada,2025-04-23,yes,589.86,2
CUST-01453,Sophia,Taylor,sophia.taylor1453@example.com,Toronto,ON,Canada,2025-11-22,yes,994.4,3
CUST-01454,Chloe,Nguyen,chloe.nguyen1454@example.com,Toronto,ON,Canada,2025-05-13,yes,187.58,1
CUST-01455,Olivia,Brown,olivia.brown1455@example.com,Toronto,ON,Canada,2024-11-26,no,0.0,0
CUST-01456,Owen,Young,owen.young1456@example.com,Toronto,ON,Canada,2025-02-06,yes,2119.88,9
CUST-01457,Owen,Wright,owen.wright1457@example.com,Toronto,ON,Canada,2025-10-17,yes,811.34,5
CUST-01458,Emma,Chen,emma.chen1458@example.com,Mississauga,ON,Canada,2025-03-23,no,434.15,1
CUST-01459,Mia,Anderson,mia.anderson1459@example.com,Toronto,ON,Canada,2024-02-19,yes,722.3,4
CUST-01460,Amelia,King,amelia.king1460@example.com,Mississauga,ON,Canada,2024-03-15,yes,0.0,0
CUST-01461,Emma,Martin,emma.martin1461@example.com,Mississauga,ON,Canada,2024-09-04,no,235.04,2
CUST-01462,Lucas,Campbell,lucas.campbell1462@example.com,Toronto,ON,Canada,2025-08-06,no,0.0,0
CUST-01463,Leo,Thompson,leo.thompson1463@example.com,London,ON,Canada,2025-11-24,yes,312.56,2
CUST-01464,Noah,Clark,noah.clark1464@example.com,Vancouver,BC,Canada,2024-12-22,no,1114.54,4
CUST-01465,Chloe,Thompson,chloe.thompson1465@example.com,Toronto,ON,Canada,2024-04-09,yes,468.72,1
CUST-01466,Olivia,Chen,olivia.chen1466@example.com,Toronto,ON,Canada,2025-09-26,yes,1493.86,5
CUST-01467,Jack,Scott,jack.scott1467@example.com,Toronto,ON,Canada,2025-01-27,no,363.86,3
CUST-01468,Grace,Green,grace.green1468@example.com,Toronto,ON,Canada,2024-12-08,no,0.0,0
CUST-01469,Amelia,Young,amelia.young1469@example.com,Toronto,ON,Canada,2024-09-26,no,888.18,3
CUST-01470,Ava,Lee,ava.lee1470@example.com,Toronto,ON,Canada,2024-05-17,yes,456.52,3
CUST-01471,Leo,Taylor,leo.taylor1471@example.com,Toronto,ON,Canada,2024-05-23,yes,836.2,3
CUST-01472,Charlotte,Martin,charlotte.martin1472@example.com,Mississauga,ON,Canada,2024-08-28,yes,992.14,3
CUST-01473,Lucas,Brown,lucas.brown1473@example.com,Toronto,ON,Canada,2024-10-10,yes,946.94,2
CUST-01474,Emma,Hall,emma.hall1474@example.com,Ottawa,ON,Canada,2025-12-29,no,0.0,0
CUST-01475,Ethan,Wilson,ethan.wilson1475@example.com,Toronto,ON,Canada,2025-07-17,yes,390.98,2
CUST-01476,Liam,Clark,liam.clark1476@example.com,Hamilton,ON,Canada,2024-07-12,no,1001.52,5
CUST-01477,Sophia,Baker,sophia.baker1477@example.com,Ottawa,ON,Canada,2025-12-06,no,90.4,3
CUST-01478,Liam,Green,liam.green1478@example.com,Calgary,AB,Canada,2025-10-27,yes,227.81,1
CUST-01479,Noah,Martin,noah.martin1479@example.com,Toronto,ON,Canada,2025-08-02,yes,517.54,4
CUST-01480,Noah,Young,noah.young1480@example.com,Toronto,ON,Canada,2025-12-23,yes,1939.31,4
CUST-01481,Charlotte,Wilson,charlotte.wilson1481@example.com,Montreal,QC,Canada,2025-05-24,no,1482.56,4
CUST-01482,Sophia,Wright,sophia.wright1482@example.com,Ottawa,ON,Canada,2024-01-14,no,1263.36,7
CUST-01483,Ava,Taylor,ava.taylor1483@example.com,Hamilton,ON,Canada,2024-03-08,no,1395.32,7
CUST-01484,Emma,Thompson,emma.thompson1484@example.com,Toronto,ON,Canada,2025-05-29,yes,266.68,1
CUST-01485,Noah,King,noah.king1485@example.com,Ottawa,ON,Canada,2025-07-02,yes,479.12,2
CUST-01486,Theo,Green,theo.green1486@example.com,London,ON,Canada,2025-08-31,no,768.06,3
CUST-01487,Ava,Young,ava.young1487@example.com,Mississauga,ON,Canada,2025-09-26,yes,1139.04,4
CUST-01488,Grace,Green,grace.green1488@example.com,Hamilton,ON,Canada,2024-11-21,yes,0.0,0
CUST-01489,Jack,Wilson,jack.wilson1489@example.com,Kitchener,ON,Canada,2025-07-04,yes,1369.56,3
CUST-01490,Henry,Taylor,henry.taylor1490@example.com,Vancouver,BC,Canada,2024-02-02,no,616.98,3
CUST-01491,Mia,Patel,mia.patel1491@example.com,Hamilton,ON,Canada,2024-01-27,no,323.18,1
CUST-01492,Mia,Anderson,mia.anderson1492@example.com,Toronto,ON,Canada,2024-04-23,no,280.24,1
CUST-01493,Owen,Thompson,owen.thompson1493@example.com,Mississauga,ON,Canada,2025-09-20,yes,814.5,5
CUST-01494,Liam,Baker,liam.baker1494@example.com,Toronto,ON,Canada,2024-01-15,yes,0.0,0
CUST-01495,Mia,Wright,mia.wright1495@example.com,Toronto,ON,Canada,2024-05-17,yes,1308.54,2
CUST-01496,Lucas,Martin,lucas.martin1496@example.com,Mississauga,ON,Canada,2024-08-13,yes,0.0,0
CUST-01497,Olivia,Wilson,olivia.wilson1497@example.com,Toronto,ON,Canada,2024-05-29,no,774.24,4
CUST-01498,Henry,Brown,henry.brown1498@example.com,Vancouver,BC,Canada,2025-06-03,yes,568.62,3
CUST-01499,Grace,Singh,grace.singh1499@example.com,Toronto,ON,Canada,2025-07-11,no,0.0,0
CUST-01500,Noah,Patel,noah.patel1500@example.com,Toronto,ON,Canada,2024-05-21,no,0.0,0
CUST-01501,Lucas,Scott,lucas.scott1501@example.com,Mississauga,ON,Canada,2025-12-10,yes,852.02,4
CUST-01502,Sophia,Scott,sophia.scott1502@example.com,Hamilton,ON,Canada,2024-06-05,yes,908.52,2
CUST-01503,Noah,Nguyen,noah.nguyen1503@example.com,Toronto,ON,Canada,2024-08-12,yes,513.42,2
CUST-01504,Jack,Anderson,jack.anderson1504@example.com,Toronto,ON,Canada,2024-02-23,no,357.08,2
CUST-01505,Amelia,Young,amelia.young1505@example.com,Toronto,ON,Canada,2025-06-15,no,471.21,3
CUST-01506,Noah,Wilson,noah.wilson1506@example.com,Toronto,ON,Canada,2025-11-28,yes,1634.21,5
CUST-01507,Emma,Brown,emma.brown1507@example.com,Calgary,AB,Canada,2025-06-16,no,1028.3,5
CUST-01508,Ethan,Lee,ethan.lee1508@example.com,London,ON,Canada,2024-06-02,yes,135.6,1
CUST-01509,Ella,Green,ella.green1509.new@example.com,Ottawa,ON,Canada,2024-12-10,yes,754.84,3
CUST-01510,Olivia,Anderson,olivia.anderson1510@example.com,Ottawa,ON,Canada,2024-03-08,yes,0.0,0
CUST-01511,Ethan,Wilson,ethan.wilson1511@example.com,Ottawa,ON,Canada,2024-08-24,yes,574.04,3
CUST-01512,Charlotte,Scott,charlotte.scott1512@example.com,Ottawa,ON,Canada,2024-08-01,yes,605.79,4
CUST-01513,Charlotte,Wright,charlotte.wright1513@example.com,Vancouver,BC,Canada,2025-03-12,yes,659.92,2
CUST-01514,Ethan,Wilson,ethan.wilson1514@example.com,Montreal,QC,Canada,2025-08-26,yes,292.67,2
CUST-01515,Liam,Nguyen,liam.nguyen1515@example.com,Toronto,ON,Canada,2024-02-27,yes,2332.11,8
CUST-01516,Owen,Hall,owen.hall1516@example.com,Toronto,ON,Canada,2025-07-10,yes,1464.48,3
CUST-01517,Chloe,Scott,chloe.scott1517@example.com,Toronto,ON,Canada,2024-09-14,yes,291.54,2
CUST-01518,Theo,Clark,theo.clark1518@example.com,Toronto,ON,Canada,2024-03-14,yes,531.1,2
CUST-01519,Theo,Martin,theo.martin1519@example.com,Ottawa,ON,Canada,2025-07-11,no,99.44,1
CUST-01520,Ava,Wright,ava.wright1520@example.com,Calgary,AB,Canada,2025-09-07,yes,209.39,1
CUST-01521,Noah,Young,noah.young1521@example.com,Toronto,ON,Canada,2024-01-24,yes,0.0,0
CUST-01522,Liam,Singh,liam.singh1522@example.com,Toronto,ON,Canada,2025-06-28,yes,674.84,3
CUST-01523,Amelia,Martin,amelia.martin1523@example.com,Toronto,ON,Canada,2024-02-28,no,280.24,2
CUST-01524,Grace,Hall,grace.hall1524@example.com,Montreal,QC,Canada,2024-08-29,no,368.15,2
CUST-01525,Chloe,Campbell,chloe.campbell1525@example.com,Toronto,ON,Canada,2024-06-01,no,101.7,1
CUST-01526,Amelia,King,amelia.king1526@example.com,Hamilton,ON,Canada,2024-11-02,no,685.02,4
CUST-01527,Theo,Wilson,theo.wilson1527@example.com,Hamilton,ON,Canada,2024-12-29,yes,0.0,0
CUST-01528,Lucas,Wright,lucas.wright1528@example.com,Toronto,ON,Canada,2024-08-16,yes,475.5,3
CUST-01529,Charlotte,Brown,charlotte.brown1529@example.com,Toronto,ON,Canada,2025-08-26,no,910.78,3
CUST-01530,Theo,Chen,theo.chen1530@example.com,Toronto,ON,Canada,2024-03-10,yes,560.48,2
CUST-01531,Ethan,King,ethan.king1531@example.com,Vancouver,BC,Canada,2025-05-18,yes,293.91,1
CUST-01532,Henry,Nguyen,henry.nguyen1532@example.com,Toronto,ON,Canada,2025-02-09,yes,329.06,2
CUST-01533,Henry,Lee,henry.lee1533@example.com,Toronto,ON,Canada,2025-02-18,yes,639.58,3
CUST-01534,Amelia,Patel,amelia.patel1534@example.com,Toronto,ON,Canada,2025-05-24,yes,862.42,4
CUST-01535,Grace,Campbell,grace.campbell1535@example.com,London,ON,Canada,2024-02-20,no,1132.26,6
CUST-01536,Charlotte,Clark,charlotte.clark1536@example.com,Toronto,ON,Canada,2024-01-06,yes,0.0,0
CUST-01537,Olivia,Scott,olivia.scott1537@example.com,Toronto,ON,Canada,2025-06-12,yes,0.0,0
CUST-01538,Chloe,Scott,chloe.scott1538@example.com,Vancouver,BC,Canada,2025-05-31,yes,410.87,3
CUST-01539,Henry,Scott,henry.scott1539@example.com,Toronto,ON,Canada,2025-09-01,yes,567.26,2
CUST-01540,Noah,Wright,noah.wright1540@example.com,Toronto,ON,Canada,2025-10-10,no,1776.36,9
CUST-01541,Emma,Wilson,emma.wilson1541@example.com,Vancouver,BC,Canada,2024-02-11,yes,679.8,4
CUST-01542,Owen,Chen,owen.chen1542@example.com,Toronto,ON,Canada,2024-12-09,no,620.6,3
CUST-01543,Finn,Martin,finn.martin1543@example.com,Toronto,ON,Canada,2025-02-04,yes,519.8,2
CUST-01544,Theo,Green,theo.green1544@example.com,Kitchener,ON,Canada,2025-10-09,no,0.0,0
CUST-01545,Jack,King,jack.king1545@example.com,Ottawa,ON,Canada,2024-12-22,no,479.12,4
CUST-01546,Mia,Scott,mia.scott1546@example.com,Montreal,QC,Canada,2024-10-19,yes,1053.16,5
CUST-01547,Leo,Chen,leo.chen1547@example.com,Kitchener,ON,Canada,2024-04-19,yes,1468.43,5
CUST-01548,Ella,Lee,ella.lee1548@example.com,Toronto,ON,Canada,2024-07-31,no,1312.83,6
CUST-01549,Theo,Green,theo.green1549@example.com,Vancouver,BC,Canada,2024-12-14,yes,138.31,1
CUST-01550,Leo,Scott,leo.scott1550@example.com,Mississauga,ON,Canada,2025-11-01,yes,327.7,2
CUST-01551,Noah,Campbell,noah.campbell1551@example.com,Toronto,ON,Canada,2025-05-15,yes,223.74,2
CUST-01552,Amelia,Anderson,amelia.anderson1552@example.com,Toronto,ON,Canada,2024-02-14,no,201.14,1
CUST-01553,Jack,Baker,jack.baker1553@example.com,Ottawa,ON,Canada,2024-09-24,no,237.17,2
CUST-01554,Leo,Wilson,leo.wilson1554@example.com,Ottawa,ON,Canada,2024-11-08,yes,488.16,2
CUST-01555,Ethan,Wright,ethan.wright1555@example.com,Toronto,ON,Canada,2024-08-26,yes,246.34,1
CUST-01556,Owen,Wilson,owen.wilson1556@example.com,Toronto,ON,Canada,2025-09-23,yes,0.0,0
CUST-01557,Theo,Taylor,theo.taylor1557@example.com,Toronto,ON,Canada,2024-09-23,yes,0.0,0
CUST-01558,Noah,Clark,noah.clark1558@example.com,Vancouver,BC,Canada,2024-06-03,yes,264.19,3
CUST-01559,Ella,Taylor,ella.taylor1559@example.com,Toronto,ON,Canada,2025-03-15,no,486.35,3
CUST-01560,Amelia,Wilson,amelia.wilson1560@example.com,Mississauga,ON,Canada,2025-12-07,yes,0.0,0
CUST-01561,Liam,Hall,liam.hall1561@example.com,Toronto,ON,Canada,2025-09-10,yes,971.34,3
CUST-01562,Ella,Scott,ella.scott1562@example.com,Toronto,ON,Canada,2025-02-20,no,115.72,1
CUST-01563,Chloe,King,chloe.king1563@example.com,Toronto,ON,Canada,2024-01-07,yes,873.26,5
CUST-01564,Henry,Martin,henry.martin1564@example.com,London,ON,Canada,2024-05-09,no,1478.27,5
CUST-01565,Liam,Baker,liam.baker1565@example.com,Toronto,ON,Canada,2025-12-21,yes,1591.78,5
CUST-01566,Chloe,Wright,chloe.wright1566@example.com,London,ON,Canada,2024-03-18,no,127.46,1
CUST-01567,Ethan,Hall,ethan.hall1567@example.com,Hamilton,ON,Canada,2024-02-22,yes,976.43,4
CUST-01568,Ava,Wilson,ava.wilson1568@example.com,London,ON,Canada,2025-09-08,yes,1384.86,5
CUST-01569,Theo,Green,theo.green1569@example.com,Toronto,ON,Canada,2024-09-19,yes,843.21,4
CUST-01570,Grace,Clark,grace.clark1570@example.com,Hamilton,ON,Canada,2024-05-23,yes,479.46,3
CUST-01571,Theo,Campbell,theo.campbell1571@example.com,Toronto,ON,Canada,2025-12-24,yes,447.48,3
CUST-01572,Charlotte,Lee,charlotte.lee1572@example.com,Toronto,ON,Canada,2025-01-02,yes,1001.52,4
CUST-01573,Ella,Brown,ella.brown1573@example.com,Hamilton,ON,Canada,2024-03-31,yes,601.16,4
CUST-01574,Owen,Green,owen.green1574@example.com,Hamilton,ON,Canada,2024-06-10,no,915.2,4
CUST-01575,Grace,Thompson,grace.thompson1575@example.com,London,ON,Canada,2025-08-01,no,1218.59,5
CUST-01576,Finn,Lee,finn.lee1576@example.com,Vancouver,BC,Canada,2024-10-11,no,613.66,4
CUST-01577,Finn,Taylor,finn.taylor1577@example.com,Toronto,ON,Canada,2025-08-11,yes,625.45,5
CUST-01578,Mia,Green,mia.green1578.new@example.com,Hamilton,ON,Canada,2025-06-28,no,845.24,3
CUST-01579,Jack,Anderson,jack.anderson1579@example.com,Toronto,ON,Canada,2024-08-05,no,804.56,1
CUST-01580,Ava,Nguyen,ava.nguyen1580@example.com,Calgary,AB,Canada,2025-01-28,no,223.74,1
CUST-01581,Finn,Lee,finn.lee1581@example.com,Montreal,QC,Canada,2025-05-12,no,291.54,3
CUST-01582,Noah,Anderson,noah.anderson1582@example.com,Toronto,ON,Canada,2024-05-23,no,411.32,3
CUST-01583,Henry,Hall,henry.hall1583@example.com,Ottawa,ON,Canada,2025-01-27,no,153.68,1
CUST-01584,Owen,Baker,owen.baker1584@example.com,Toronto,ON,Canada,2024-10-11,yes,0.0,0
CUST-01585,Owen,Martin,owen.martin1585@example.com,Ottawa,ON,Canada,2024-06-21,no,0.0,0
CUST-01586,Noah,Martin,noah.martin1586@example.com,Toronto,ON,Canada,2025-09-13,yes,280.24,1
CUST-01587,Ava,Chen,ava.chen1587@example.com,Toronto,ON,Canada,2025-11-10,no,281.6,2
CUST-01588,Liam,Taylor,liam.taylor1588@example.com,Toronto,ON,Canada,2025-07-02,yes,375.16,1
CUST-01589,Ethan,Thompson,ethan.thompson1589@example.com,Toronto,ON,Canada,2025-07-12,no,0.0,0
CUST-01590,Sophia,Brown,sophia.brown1590@example.com,Calgary,AB,Canada,2025-11-08,yes,1081.86,6
CUST-01591,Jack,Taylor,jack.taylor1591@example.com,Toronto,ON,Canada,2025-06-13,no,379.68,2
CUST-01592,Liam,Anderson,liam.anderson1592@example.com,Mississauga,ON,Canada,2025-09-09,yes,2260.45,8
CUST-01593,Noah,Green,noah.green1593@example.com,London,ON,Canada,2025-04-06,no,1848.68,4
CUST-01594,Finn,Campbell,finn.campbell1594@example.com,Kitchener,ON,Canada,2025-10-13,no,221.48,1
CUST-01595,Finn,Clark,finn.clark1595@example.com,Hamilton,ON,Canada,2025-06-08,yes,130.63,1
CUST-01596,Grace,Thompson,grace.thompson1596@example.com,Toronto,ON,Canada,2025-11-03,no,214.7,2
CUST-01597,Liam,Clark,liam.clark1597@example.com,Montreal,QC,Canada,2025-05-24,yes,0.0,0
CUST-01598,Owen,Lee,owen.lee1598@example.com,Hamilton,ON,Canada,2024-05-19,no,1247.35,7
CUST-01599,Liam,Martin,liam.martin1599@example.com,Ottawa,ON,Canada,2025-04-29,no,1049.88,4
CUST-01600,Sophia,Taylor,sophia.taylor1600@example.com,London,ON,Canada,2024-10-04,no,1199.91,6
CUST-01601,Ella,Campbell,ella.campbell1601@example.com,Toronto,ON,Canada,2025-12-29,no,2173.78,8
CUST-01602,Leo,Hall,leo.hall1602@example.com,Toronto,ON,Canada,2025-05-19,no,705.57,4
CUST-01603,Theo,Taylor,theo.taylor1603@example.com,Ottawa,ON,Canada,2025-01-28,no,867.84,5
CUST-01604,Mia,Thompson,mia.thompson1604@example.com,Hamilton,ON,Canada,2024-02-12,yes,0.0,1
CUST-01605,Ethan,Singh,ethan.singh1605@example.com,Toronto,ON,Canada,2024-02-05,yes,646.36,2
CUST-01606,Ethan,King,ethan.king1606@example.com,Hamilton,ON,Canada,2025-07-06,yes,169.5,3
CUST-01607,Charlotte,Chen,charlotte.chen1607@example.com,Mississauga,ON,Canada,2025-03-03,yes,113.0,1
CUST-01608,Sophia,Baker,sophia.baker1608@example.com,London,ON,Canada,2024-05-18,yes,0.0,0
CUST-01609,Ava,Nguyen,ava.nguyen1609@example.com,Kitchener,ON,Canada,2025-04-13,no,1082.54,6
CUST-01610,Sophia,Martin,sophia.martin1610@example.com,Mississauga,ON,Canada,2025-11-22,yes,524.99,4
CUST-01611,Ella,Brown,ella.brown1611@example.com,Hamilton,ON,Canada,2025-01-27,yes,0.0,0
CUST-01612,Ava,Lee,ava.lee1612@example.com,Toronto,ON,Canada,2024-03-17,no,269.17,2
CUST-01613,Liam,Green,liam.green1613@example.com,Ottawa,ON,Canada,2024-07-18,no,770.66,3
CUST-01614,Jack,Wright,jack.wright1614@example.com,Vancouver,BC,Canada,2025-02-09,no,0.0,0
CUST-01615,Finn,Anderson,finn.anderson1615@example.com,Toronto,ON,Canada,2025-05-10,yes,827.05,3
CUST-01616,Amelia,King,amelia.king1616@example.com,Hamilton,ON,Canada,2024-05-13,yes,1367.3,4
CUST-01617,Ethan,King,ethan.king1617@example.com,London,ON,Canada,2024-06-10,yes,912.36,3
CUST-01618,Grace,Nguyen,grace.nguyen1618@example.com,Kitchener,ON,Canada,2024-10-04,yes,555.06,3
CUST-01619,Finn,Baker,finn.baker1619@example.com,Hamilton,ON,Canada,2025-03-09,yes,707.38,2
CUST-01620,Olivia,Anderson,olivia.anderson1620@example.com,Toronto,ON,Canada,2025-06-14,yes,195.04,2
CUST-01621,Mia,Lee,mia.lee1621@example.com,Vancouver,BC,Canada,2024-11-21,yes,0.0,0
CUST-01622,Leo,Thompson,leo.thompson1622@example.com,London,ON,Canada,2024-09-27,yes,61.02,1
CUST-01623,Theo,King,theo.king1623@example.com,Toronto,ON,Canada,2025-01-14,yes,183.06,1
CUST-01624,Finn,Martin,finn.martin1624@example.com,Toronto,ON,Canada,2025-07-25,yes,793.26,4
CUST-01625,Leo,Scott,leo.scott1625@example.com,Toronto,ON,Canada,2024-04-14,yes,384.2,2
CUST-01626,Theo,Green,theo.green1626@example.com,Toronto,ON,Canada,2025-11-01,yes,311.86,2
CUST-01627,Liam,Lee,liam.lee1627@example.com,Ottawa,ON,Canada,2025-11-20,yes,0.0,0
CUST-01628,Noah,Clark,noah.clark1628@example.com,Toronto,ON,Canada,2025-11-20,yes,0.0,0
CUST-01629,Finn,Thompson,finn.thompson1629@example.com,Toronto,ON,Canada,2024-03-18,yes,1258.82,6
CUST-01630,Grace,Anderson,grace.anderson1630@example.com,Kitchener,ON,Canada,2025-09-16,no,280.24,1
CUST-01631,Grace,Scott,grace.scott1631@example.com,London,ON,Canada,2024-10-06,yes,348.04,2
CUST-01632,Liam,Thompson,liam.thompson1632@example.com,Kitchener,ON,Canada,2025-02-22,no,0.0,0
CUST-01633,Mia,Lee,mia.lee1633@example.com,Hamilton,ON,Canada,2024-03-21,no,754.84,3
CUST-01634,Olivia,Wilson,olivia.wilson1634@example.com,Montreal,QC,Canada,2024-05-16,yes,2146.32,6
CUST-01635,Finn,Baker,finn.baker1635@example.com,Toronto,ON,Canada,2024-10-20,yes,0.0,0
CUST-01636,Olivia,Taylor,olivia.taylor1636@example.com,Calgary,AB,Canada,2025-11-11,no,846.6,4
CUST-01637,Mia,Young,mia.young1637@example.com,Ottawa,ON,Canada,2025-10-07,yes,0.0,0
CUST-01638,Mia,Baker,mia.baker1638@example.com,Hamilton,ON,Canada,2025-04-13,no,1034.4,3
CUST-01639,Owen,Singh,owen.singh1639@example.com,Kitchener,ON,Canada,2024-06-03,no,0.0,0
CUST-01640,Ava,Martin,ava.martin1640@example.com,Ottawa,ON,Canada,2024-05-24,yes,1265.6,6
CUST-01641,Amelia,Chen,amelia.chen1641@example.com,Mississauga,ON,Canada,2024-01-25,yes,517.54,3
CUST-01642,Olivia,Chen,olivia.chen1642@example.com,Montreal,QC,Canada,2024-12-29,yes,189.84,3
CUST-01643,Sophia,Baker,sophia.baker1643.new@example.com,Toronto,ON,Canada,2025-08-28,yes,1655.22,4
CUST-01644,Chloe,Campbell,chloe.campbell1644@example.com,Toronto,ON,Canada,2025-03-13,yes,42.04,1
CUST-01645,Owen,Clark,owen.clark1645@example.com,Calgary,AB,Canada,2025-11-17,yes,0.0,0
CUST-01646,Charlotte,Young,charlotte.young1646@example.com,Ottawa,ON,Canada,2025-07-23,yes,540.48,5
CUST-01647,Emma,Clark,emma.clark1647@example.com,Ottawa,ON,Canada,2025-04-13,no,748.96,5
CUST-01648,Noah,Baker,noah.baker1648@example.com,Toronto,ON,Canada,2025-09-28,yes,745.8,3
CUST-01649,Theo,Singh,theo.singh1649@example.com,Toronto,ON,Canada,2024-03-28,no,675.74,3
CUST-01650,Chloe,Chen,chloe.chen1650@example.com,Toronto,ON,Canada,2024-08-19,no,589.18,3
CUST-01651,Olivia,Anderson,olivia.anderson1651@example.com,Toronto,ON,Canada,2025-09-02,no,0.0,0
CUST-01652,Noah,Thompson,noah.thompson1652@example.com,Toronto,ON,Canada,2025-10-29,no,94.92,2
CUST-01653,Jack,Green,jack.green1653@example.com,Toronto,ON,Canada,2025-02-04,yes,140.12,1
CUST-01654,Jack,Scott,jack.scott1654@example.com,Toronto,ON,Canada,2024-10-17,yes,207.92,1
CUST-01655,Charlotte,Martin,charlotte.martin1655@example.com,Toronto,ON,Canada,2025-02-15,yes,1981.36,7
CUST-01656,Ethan,Baker,ethan.baker1656@example.com,Mississauga,ON,Canada,2024-08-01,yes,490.42,1
CUST-01657,Ava,Clark,ava.clark1657@example.com,Toronto,ON,Canada,2025-10-27,no,352.56,1
CUST-01658,Jack,Brown,jack.brown1658@example.com,Calgary,AB,Canada,2024-02-06,yes,1534.99,5
CUST-01659,Leo,Martin,leo.martin1659@example.com,Kitchener,ON,Canada,2025-10-20,no,0.0,0
CUST-01660,Finn,Brown,finn.brown1660@example.com,Mississauga,ON,Canada,2025-01-27,yes,544.21,3
CUST-01661,Liam,Martin,liam.martin1661@example.com,Mississauga,ON,Canada,2025-03-28,no,795.29,6
CUST-01662,Theo,Clark,theo.clark1662@example.com,Mississauga,ON,Canada,2025-01-19,no,155.32,2
CUST-01663,Finn,Singh,finn.singh1663@example.com,Montreal,QC,Canada,2024-01-13,yes,1019.26,3
CUST-01664,Mia,Anderson,mia.anderson1664@example.com,Hamilton,ON,Canada,2024-05-07,yes,0.0,0
CUST-01665,Owen,King,owen.king1665@example.com,Toronto,ON,Canada,2025-07-24,yes,151.42,2
CUST-01666,Ethan,Nguyen,ethan.nguyen1666@example.com,Toronto,ON,Canada,2025-08-12,yes,135.6,1
CUST-01667,Theo,Patel,theo.patel1667@example.com,Ottawa,ON,Canada,2025-01-07,yes,377.42,2
CUST-01668,Noah,Nguyen,noah.nguyen1668@example.com,Ottawa,ON,Canada,2025-01-14,no,345.78,1
CUST-01669,Chloe,Chen,chloe.chen1669@example.com,Toronto,ON,Canada,2024-09-04,no,715.4,4
CUST-01670,Ella,Baker,ella.baker1670@example.com,Ottawa,ON,Canada,2025-10-09,yes,2109.48,7
CUST-01671,Jack,Singh,jack.singh1671@example.com,Montreal,QC,Canada,2024-09-30,yes,0.0,0
CUST-01672,Noah,Taylor,noah.taylor1672@example.com,Toronto,ON,Canada,2025-03-25,no,445.9,2
CUST-01673,Chloe,Wright,chloe.wright1673@example.com,Toronto,ON,Canada,2024-08-21,yes,890.44,4
CUST-01674,Leo,Brown,leo.brown1674@example.com,Hamilton,ON,Canada,2024-06-25,no,1084.8,5
CUST-01675,Lucas,Wilson,lucas.wilson1675@example.com,Mississauga,ON,Canada,2024-12-30,yes,1204.35,4
CUST-01676,Theo,Singh,theo.singh1676@example.com,Montreal,QC,Canada,2024-08-25,yes,275.72,1
CUST-01677,Amelia,Wright,amelia.wright1677@example.com,Mississauga,ON,Canada,2024-07-27,yes,0.0,0
CUST-01678,Amelia,Green,amelia.green1678@example.com,Toronto,ON,Canada,2024-06-22,no,792.36,5
CUST-01679,Jack,Hall,jack.hall1679@example.com,Ottawa,ON,Canada,2024-07-10,yes,246.34,1
CUST-01680,Chloe,Hall,chloe.hall1680@example.com,Toronto,ON,Canada,2025-08-18,yes,506.24,2
CUST-01681,Amelia,Young,amelia.young1681@example.com,Mississauga,ON,Canada,2025-03-26,yes,709.64,3
CUST-01682,Emma,Lee,emma.lee1682@example.com,London,ON,Canada,2024-06-30,yes,0.0,0
CUST-01683,Lucas,Young,lucas.young1683@example.com,Hamilton,ON,Canada,2025-01-12,yes,741.28,3
CUST-01684,Leo,Brown,leo.brown1684@example.com,Toronto,ON,Canada,2024-12-13,no,0.0,0
CUST-01685,Amelia,Wright,amelia.wright1685@example.com,Toronto,ON,Canada,2024-01-31,yes,587.6,2
CUST-01686,Ella,Anderson,ella.anderson1686@example.com,Mississauga,ON,Canada,2024-02-28,yes,740.49,3
CUST-01687,Henry,Baker,henry.baker1687@example.com,Toronto,ON,Canada,2025-12-27,yes,628.05,3
CUST-01688,Ethan,Green,ethan.green1688@example.com,Hamilton,ON,Canada,2025-04-12,yes,1545.62,7
CUST-01689,Sophia,Brown,sophia.brown1689@example.com,Kitchener,ON,Canada,2025-07-02,no,0.0,0
CUST-01690,Mia,Patel,mia.patel1690@example.com,Hamilton,ON,Canada,2024-04-25,no,1201.42,4
CUST-01691,Olivia,Singh,olivia.singh1691@example.com,Mississauga,ON,Canada,2025-03-28,yes,0.0,0
CUST-01692,Grace,Martin,grace.martin1692@example.com,Vancouver,BC,Canada,2025-11-09,no,1379.05,6
CUST-01693,Chloe,Clark,chloe.clark1693@example.com,Calgary,AB,Canada,2024-03-30,no,897.22,4
CUST-01694,Mia,Chen,mia.chen1694@example.com,Toronto,ON,Canada,2024-07-28,no,0.0,0
CUST-01695,Sophia,Baker,sophia.baker1695@example.com,Toronto,ON,Canada,2025-09-02,no,0.0,0
CUST-01696,Henry,Brown,henry.brown1696@example.com,Toronto,ON,Canada,2024-09-14,yes,223.74,3
CUST-01697,Charlotte,Campbell,charlotte.campbell1697@example.com,Ottawa,ON,Canada,2024-01-03,no,247.03,3
CUST-01698,Jack,Brown,jack.brown1698@example.com,Toronto,ON,Canada,2024-05-29,yes,594.38,4
CUST-01699,Grace,King,grace.king1699@example.com,Ottawa,ON,Canada,2024-05-01,yes,723.09,2
CUST-01700,Charlotte,Anderson,charlotte.anderson1700@example.com,Toronto,ON,Canada,2025-09-15,no,212.88,2
CUST-01701,Emma,Campbell,emma.campbell1701@example.com,Vancouver,BC,Canada,2025-07-14,no,637.43,3
CUST-01702,Ethan,King,ethan.king1702@example.com,Mississauga,ON,Canada,2025-09-22,yes,0.0,0
CUST-01703,Ella,Nguyen,ella.nguyen1703@example.com,Toronto,ON,Canada,2024-03-31,yes,2110.84,4
CUST-01704,Chloe,Hall,chloe.hall1704@example.com,Calgary,AB,Canada,2024-12-28,no,1102.88,4
CUST-01705,Ava,Wright,ava.wright1705@example.com,Toronto,ON,Canada,2024-03-05,yes,0.0,0
CUST-01706,Liam,Campbell,liam.campbell1706.new@example.com,Calgary,AB,Canada,2025-02-18,yes,551.44,4
CUST-01707,Lucas,Singh,lucas.singh1707@example.com,Toronto,ON,Canada,2025-11-24,yes,0.0,0
CUST-01708,Leo,Campbell,leo.campbell1708@example.com,Mississauga,ON,Canada,2025-01-16,yes,1028.3,4
CUST-01709,Mia,King,mia.king1709@example.com,London,ON,Canada,2024-11-29,yes,67.8,1
CUST-01710,Charlotte,Wright,charlotte.wright1710@example.com,Toronto,ON,Canada,2024-03-15,yes,305.1,2
CUST-01711,Liam,Chen,liam.chen1711@example.com,Hamilton,ON,Canada,2024-04-15,no,0.0,0
CUST-01712,Amelia,Wilson,amelia.wilson1712@example.com,Toronto,ON,Canada,2025-07-28,no,282.5,2
CUST-01713,Grace,Patel,grace.patel1713@example.com,Toronto,ON,Canada,2025-05-01,no,561.2,3
CUST-01714,Sophia,Hall,sophia.hall1714@example.com,Vancouver,BC,Canada,2025-11-03,no,971.91,5
CUST-01715,Chloe,Nguyen,chloe.nguyen1715@example.com,Ottawa,ON,Canada,2025-08-21,yes,323.18,1
CUST-01716,Charlotte,Anderson,charlotte.anderson1716@example.com,London,ON,Canada,2024-03-03,no,2011.4,2
CUST-01717,Olivia,King,olivia.king1717@example.com,Ottawa,ON,Canada,2024-07-16,yes,1591.27,6
CUST-01718,Charlotte,Campbell,charlotte.campbell1718@example.com,Toronto,ON,Canada,2024-10-01,no,0.0,0
CUST-01719,Charlotte,Anderson,charlotte.anderson1719@example.com,Kitchener,ON,Canada,2025-09-20,yes,1907.44,4
CUST-01720,Henry,Wright,henry.wright1720@example.com,Calgary,AB,Canada,2024-09-13,no,1478.04,3
CUST-01721,Emma,King,emma.king1721@example.com,Montreal,QC,Canada,2025-10-02,yes,741.68,6
CUST-01722,Ella,Nguyen,ella.nguyen1722@example.com,Toronto,ON,Canada,2025-03-02,yes,259.9,2
CUST-01723,Olivia,King,olivia.king1723@example.com,Hamilton,ON,Canada,2025-11-11,no,99.44,1
CUST-01724,Sophia,Taylor,sophia.taylor1724@example.com,Toronto,ON,Canada,2025-06-05,yes,1325.0,3
CUST-01725,Ethan,Nguyen,ethan.nguyen1725@example.com,Toronto,ON,Canada,2025-02-13,yes,2226.42,8
CUST-01726,Theo,Wilson,theo.wilson1726@example.com,Toronto,ON,Canada,2025-05-03,no,634.95,3
CUST-01727,Lucas,Young,lucas.young1727@example.com,Toronto,ON,Canada,2024-06-25,yes,0.0,0
CUST-01728,Noah,Wright,noah.wright1728@example.com,Ottawa,ON,Canada,2025-08-31,no,541.04,5
CUST-01729,Henry,Wright,henry.wright1729@example.com,Mississauga,ON,Canada,2025-10-10,yes,899.72,5
CUST-01730,Chloe,Nguyen,chloe.nguyen1730@example.com,Ottawa,ON,Canada,2024-05-14,no,94.92,1
CUST-01731,Owen,Martin,owen.martin1731@example.com,Ottawa,ON,Canada,2024-11-08,yes,1926.88,7
CUST-01732,Liam,Brown,liam.brown1732@example.com,Toronto,ON,Canada,2024-07-01,no,422.62,3
CUST-01733,Chloe,Nguyen,chloe.nguyen1733@example.com,Toronto,ON,Canada,2025-08-23,yes,1471.26,5
CUST-01734,Grace,Chen,grace.chen1734@example.com,Mississauga,ON,Canada,2025-08-26,no,140.23,2
CUST-01735,Ava,Chen,ava.chen1735@example.com,Hamilton,ON,Canada,2025-07-08,yes,609.41,2
CUST-01736,Sophia,Nguyen,sophia.nguyen1736@example.com,Vancouver,BC,Canada,2024-07-12,no,847.5,5
CUST-01737,Charlotte,Green,charlotte.green1737@example.com,Vancouver,BC,Canada,2024-07-31,no,1695.0,6
CUST-01738,Emma,Thompson,emma.thompson1738@example.com,London,ON,Canada,2025-11-04,yes,0.0,0
CUST-01739,Mia,Scott,mia.scott1739@example.com,Mississauga,ON,Canada,2025-08-06,no,0.0,0
CUST-01740,Henry,Wright,henry.wright1740@example.com,Kitchener,ON,Canada,2024-02-18,yes,1331.14,4
CUST-01741,Lucas,Young,lucas.young1741@example.com,Toronto,ON,Canada,2025-12-25,no,1085.54,5
CUST-01742,Ava,Hall,ava.hall1742@example.com,Kitchener,ON,Canada,2024-10-14,yes,475.86,2
CUST-01743,Theo,King,theo.king1743@example.com,Ottawa,ON,Canada,2025-06-27,yes,0.0,0
CUST-01744,Ethan,Lee,ethan.lee1744@example.com,Calgary,AB,Canada,2024-06-01,yes,90.4,2
CUST-01745,Theo,Hall,theo.hall1745@example.com,Hamilton,ON,Canada,2024-10-14,yes,1228.31,7
CUST-01746,Lucas,Clark,lucas.clark1746@example.com,Toronto,ON,Canada,2025-07-10,yes,555.51,3
CUST-01747,Ava,Wilson,ava.wilson1747@example.com,Kitchener,ON,Canada,2024-06-13,yes,2183.27,4
CUST-01748,Mia,King,mia.king1748@example.com,Toronto,ON,Canada,2025-10-28,no,144.64,1
CUST-01749,Owen,Brown,owen.brown1749@example.com,Toronto,ON,Canada,2024-10-14,no,127.04,2
CUST-01750,Noah,Nguyen,noah.nguyen1750@example.com,Ottawa,ON,Canada,2025-02-15,yes,786.48,2
CUST-01751,Theo,Green,theo.green1751@example.com,Vancouver,BC,Canada,2025-08-11,yes,340.81,2
CUST-01752,Finn,King,finn.king1752@example.com,Toronto,ON,Canada,2025-06-23,yes,969.54,4
CUST-01753,Olivia,Wright,olivia.wright1753@example.com,Ottawa,ON,Canada,2025-02-23,no,998.92,4
CUST-01754,Ava,Green,ava.green1754@example.com,Hamilton,ON,Canada,2025-02-17,no,144.64,2
CUST-01755,Emma,Young,emma.young1755@example.com,Toronto,ON,Canada,2024-11-22,no,0.0,0
CUST-01756,Owen,Anderson,owen.anderson1756@example.com,Ottawa,ON,Canada,2024-08-13,yes,567.26,2
CUST-01757,Grace,Young,grace.young1757@example.com,Ottawa,ON,Canada,2025-02-28,yes,1016.21,5
CUST-01758,Henry,Clark,henry.clark1758@example.com,Ottawa,ON,Canada,2025-07-26,yes,323.18,2
CUST-01759,Chloe,Hall,chloe.hall1759@example.com,London,ON,Canada,2025-08-20,yes,765.24,2
CUST-01760,Owen,Brown,owen.brown1760@example.com,Toronto,ON,Canada,2025-04-22,yes,1575.22,3
CUST-01761,Henry,Campbell,henry.campbell1761@example.com,Vancouver,BC,Canada,2025-08-07,yes,0.0,0
CUST-01762,Jack,Green,jack.green1762@example.com,Toronto,ON,Canada,2024-03-04,no,366.12,2
CUST-01763,Owen,Patel,owen.patel1763@example.com,Toronto,ON,Canada,2025-03-01,yes,101.7,1
CUST-01764,Emma,Martin,emma.martin1764@example.com,London,ON,Canada,2024-09-19,no,0.0,0
CUST-01765,Grace,Wilson,grace.wilson1765@example.com,Mississauga,ON,Canada,2024-06-23,no,2643.3,7
CUST-01766,Emma,Clark,emma.clark1766@example.com,Toronto,ON,Canada,2024-12-20,no,641.73,2
CUST-01767,Mia,Lee,mia.lee1767@example.com,Calgary,AB,Canada,2025-01-08,yes,1085.25,4
CUST-01768,Leo,Wilson,leo.wilson1768@example.com,Toronto,ON,Canada,2024-02-14,yes,433.92,2
CUST-01769,Owen,Hall,owen.hall1769@example.com,Montreal,QC,Canada,2025-10-01,yes,1336.11,3
CUST-01770,Sophia,Baker,sophia.baker1770@example.com,Vancouver,BC,Canada,2024-05-10,yes,464.86,4
CUST-01771,Chloe,Anderson,chloe.anderson1771@example.com,Kitchener,ON,Canada,2024-05-01,no,359.79,3
CUST-01772,Sophia,Clark,sophia.clark1772@example.com,Toronto,ON,Canada,2025-11-19,yes,180.8,2
CUST-01773,Owen,Baker,owen.baker1773@example.com,Vancouver,BC,Canada,2024-10-14,no,0.0,0
CUST-01774,Henry,Nguyen,henry.nguyen1774@example.com,Mississauga,ON,Canada,2025-05-06,yes,720.94,3
CUST-01775,Finn,Baker,finn.baker1775@example.com,Toronto,ON,Canada,2025-01-23,yes,815.86,1
CUST-01776,Sophia,Thompson,sophia.thompson1776@example.com,Kitchener,ON,Canada,2025-02-12,no,633.7,3
CUST-01777,Leo,Clark,leo.clark1777@example.com,Ottawa,ON,Canada,2025-06-01,no,1647.43,5
CUST-01778,Ava,Wilson,ava.wilson1778@example.com,Vancouver,BC,Canada,2024-08-15,no,400.02,3
CUST-01779,Lucas,Scott,lucas.scott1779@example.com,Toronto,ON,Canada,2024-06-16,no,687.2,5
CUST-01780,Ethan,Wilson,ethan.wilson1780@example.com,Mississauga,ON,Canada,2025-08-07,yes,214.7,1
CUST-01781,Grace,Clark,grace.clark1781@example.com,Toronto,ON,Canada,2025-12-10,yes,984.91,5
CUST-01782,Finn,Green,finn.green1782@example.com,Toronto,ON,Canada,2025-08-26,no,894.96,3
CUST-01783,Liam,Nguyen,liam.nguyen1783@example.com,Vancouver,BC,Canada,2024-04-11,yes,472.34,2
CUST-01784,Emma,Singh,emma.singh1784@example.com,Toronto,ON,Canada,2024-08-30,yes,0.0,0
CUST-01785,Henry,Green,henry.green1785@example.com,Montreal,QC,Canada,2025-01-02,yes,727.72,5
CUST-01786,Olivia,Singh,olivia.singh1786@example.com,Toronto,ON,Canada,2024-11-04,yes,910.78,3
CUST-01787,Lucas,Anderson,lucas.anderson1787@example.com,Ottawa,ON,Canada,2025-02-10,yes,1480.73,9
CUST-01788,Theo,Chen,theo.chen1788@example.com,Kitchener,ON,Canada,2024-07-02,no,113.0,1
CUST-01789,Charlotte,Clark,charlotte.clark1789@example.com,Toronto,ON,Canada,2024-09-16,no,0.0,0
CUST-01790,Grace,Thompson,grace.thompson1790@example.com,Toronto,ON,Canada,2024-07-04,no,815.86,3
CUST-01791,Theo,Chen,theo.chen1791@example.com,London,ON,Canada,2025-06-24,yes,585.34,2
CUST-01792,Henry,Scott,henry.scott1792@example.com,Toronto,ON,Canada,2024-04-26,yes,1188.99,5
CUST-01793,Mia,King,mia.king1793@example.com,Vancouver,BC,Canada,2024-10-14,yes,352.56,2
CUST-01794,Mia,Chen,mia.chen1794@example.com,Toronto,ON,Canada,2025-05-31,no,947.39,5
CUST-01795,Grace,King,grace.king1795@example.com,Hamilton,ON,Canada,2024-08-06,no,113.0,1
CUST-01796,Lucas,Green,lucas.green1796@example.com,Toronto,ON,Canada,2025-02-07,yes,0.0,0
CUST-01797,Liam,Anderson,liam.anderson1797@example.com,Ottawa,ON,Canada,2024-07-17,yes,402.28,4
CUST-01798,Emma,Nguyen,emma.nguyen1798@example.com,Toronto,ON,Canada,2024-02-11,yes,630.54,2
CUST-01799,Sophia,Clark,sophia.clark1799@example.com,Mississauga,ON,Canada,2025-01-21,yes,404.54,1
CUST-01800,Charlotte,Clark,charlotte.clark1800@example.com,Hamilton,ON,Canada,2025-12-23,no,280.24,1
CUST-01801,Mia,King,mia.king1801@example.com,Kitchener,ON,Canada,2024-03-08,yes,1123.22,2
CUST-01802,Olivia,Singh,olivia.singh1802@example.com,Toronto,ON,Canada,2024-06-04,no,0.0,1
CUST-01803,Jack,Baker,jack.baker1803@example.com,Toronto,ON,Canada,2025-07-12,no,1812.17,9
CUST-01804,Leo,Anderson,leo.anderson1804@example.com,London,ON,Canada,2024-05-09,yes,880.05,3
CUST-01805,Lucas,Green,lucas.green1805@example.com,Toronto,ON,Canada,2024-05-30,yes,338.21,4
CUST-01806,Ella,Clark,ella.clark1806@example.com,Ottawa,ON,Canada,2025-12-23,no,592.12,3
CUST-01807,Emma,Patel,emma.patel1807@example.com,Toronto,ON,Canada,2024-01-25,yes,346.46,2
CUST-01808,Owen,King,owen.king1808@example.com,London,ON,Canada,2025-01-23,yes,303.52,1
CUST-01809,Finn,Singh,finn.singh1809@example.com,Toronto,ON,Canada,2025-09-03,no,537.88,2
CUST-01810,Jack,Lee,jack.lee1810@example.com,Vancouver,BC,Canada,2024-10-23,yes,155.94,2
CUST-01811,Grace,Patel,grace.patel1811@example.com,Vancouver,BC,Canada,2025-08-05,no,1123.06,7
CUST-01812,Chloe,Patel,chloe.patel1812@example.com,Mississauga,ON,Canada,2025-01-18,no,442.96,2
CUST-01813,Ella,Clark,ella.clark1813@example.com,Ottawa,ON,Canada,2025-05-07,no,1374.08,5
CUST-01814,Henry,Campbell,henry.campbell1814@example.com,Mississauga,ON,Canada,2025-07-02,yes,0.0,0
CUST-01815,Ella,Scott,ella.scott1815@example.com,Toronto,ON,Canada,2025-11-01,no,248.6,2
CUST-01816,Emma,Wright,emma.wright1816@example.com,Toronto,ON,Canada,2024-01-20,yes,0.0,0
CUST-01817,Sophia,Singh,sophia.singh1817@example.com,Calgary,AB,Canada,2024-02-22,yes,1082.54,2
CUST-01818,Lucas,Campbell,lucas.campbell1818@example.com,Ottawa,ON,Canada,2024-03-05,yes,1596.92,6
CUST-01819,Owen,Anderson,owen.anderson1819@example.com,Kitchener,ON,Canada,2025-05-08,no,1389.31,5
CUST-01820,Finn,Martin,finn.martin1820@example.com,Montreal,QC,Canada,2024-07-26,no,1245.26,6
CUST-01821,Sophia,Campbell,sophia.campbell1821@example.com,Kitchener,ON,Canada,2024-04-28,yes,137.86,3
CUST-01822,Olivia,Clark,olivia.clark1822@example.com,Vancouver,BC,Canada,2024-04-22,no,390.98,5
CUST-01823,Amelia,Singh,amelia.singh1823@example.com,London,ON,Canada,2024-02-05,no,208.26,2
CUST-01824,Ethan,Wright,ethan.wright1824@example.com,Toronto,ON,Canada,2025-04-23,yes,1141.0,5
CUST-01825,Leo,Taylor,leo.taylor1825@example.com,Ottawa,ON,Canada,2025-04-18,no,751.68,3
CUST-01826,Sophia,Nguyen,sophia.nguyen1826@example.com,Toronto,ON,Canada,2025-01-20,no,1068.98,2
CUST-01827,Mia,Wright,mia.wright1827@example.com,Toronto,ON,Canada,2024-04-08,no,1656.58,7
CUST-01828,Mia,Campbell,mia.campbell1828@example.com,Toronto,ON,Canada,2024-03-08,no,802.07,4
CUST-01829,Lucas,Patel,lucas.patel1829@example.com,Toronto,ON,Canada,2025-04-10,yes,101.7,1
CUST-01830,Lucas,Taylor,lucas.taylor1830@example.com,Toronto,ON,Canada,2025-07-10,yes,1436.46,4
CUST-01831,Theo,Anderson,theo.anderson1831@example.com,Mississauga,ON,Canada,2025-05-20,yes,0.0,0
CUST-01832,Noah,Wilson,noah.wilson1832@example.com,Ottawa,ON,Canada,2025-02-26,yes,924.34,2
CUST-01833,Henry,Green,henry.green1833@example.com,Toronto,ON,Canada,2025-11-13,yes,94.92,1
CUST-01834,Finn,Chen,finn.chen1834@example.com,Kitchener,ON,Canada,2025-06-01,yes,0.0,0
CUST-01835,Leo,Green,leo.green1835@example.com,London,ON,Canada,2024-02-24,yes,0.0,0
CUST-01836,Henry,Hall,henry.hall1836@example.com,Montreal,QC,Canada,2025-08-12,yes,0.0,0
CUST-01837,Henry,Nguyen,henry.nguyen1837@example.com,Hamilton,ON,Canada,2025-09-10,no,1070.45,5
CUST-01838,Sophia,Clark,sophia.clark1838@example.com,Mississauga,ON,Canada,2025-09-12,yes,718.23,2
CUST-01839,Chloe,Brown,chloe.brown1839@example.com,Mississauga,ON,Canada,2024-09-14,yes,538.34,5
CUST-01840,Grace,Young,grace.young1840@example.com,London,ON,Canada,2024-09-02,yes,0.0,0
CUST-01841,Finn,Chen,finn.chen1841@example.com,Ottawa,ON,Canada,2025-12-29,no,761.62,3
CUST-01842,Leo,Clark,leo.clark1842@example.com,Toronto,ON,Canada,2024-11-25,no,0.0,0
CUST-01843,Ethan,Scott,ethan.scott1843@example.com,Toronto,ON,Canada,2025-03-10,yes,504.21,3
CUST-01844,Grace,Scott,grace.scott1844@example.com,Toronto,ON,Canada,2025-04-12,yes,576.3,3
CUST-01845,Emma,Martin,emma.martin1845@example.com,London,ON,Canada,2024-08-28,no,351.66,2
CUST-01846,Mia,Clark,mia.clark1846@example.com,Toronto,ON,Canada,2025-10-21,no,0.0,0
CUST-01847,Noah,Lee,noah.lee1847@example.com,Toronto,ON,Canada,2024-04-30,yes,768.4,2
CUST-01848,Theo,Patel,theo.patel1848@example.com,Vancouver,BC,Canada,2024-05-31,yes,516.64,3
CUST-01849,Finn,Patel,finn.patel1849@example.com,Toronto,ON,Canada,2025-05-21,yes,0.0,0
CUST-01850,Sophia,Wright,sophia.wright1850@example.com,Toronto,ON,Canada,2024-12-13,no,1058.13,4
CUST-01851,Amelia,Anderson,amelia.anderson1851@example.com,Toronto,ON,Canada,2025-02-11,yes,0.0,0
CUST-01852,Henry,Young,henry.young1852@example.com,Hamilton,ON,Canada,2024-07-04,yes,1100.62,4
CUST-01853,Owen,Anderson,owen.anderson1853@example.com,Calgary,AB,Canada,2024-11-13,yes,592.12,3
CUST-01854,Charlotte,Patel,charlotte.patel1854@example.com,Toronto,ON,Canada,2025-05-07,yes,280.24,1
CUST-01855,Ethan,Hall,ethan.hall1855@example.com,Toronto,ON,Canada,2025-05-10,yes,178.54,1
CUST-01856,Chloe,Campbell,chloe.campbell1856@example.com,Montreal,QC,Canada,2025-12-12,yes,349.62,2
CUST-01857,Sophia,Campbell,sophia.campbell1857@example.com,London,ON,Canada,2025-12-16,no,3078.12,7
CUST-01858,Owen,Clark,owen.clark1858@example.com,Ottawa,ON,Canada,2024-06-27,yes,1141.41,5
CUST-01859,Ava,Brown,ava.brown1859@example.com,Kitchener,ON,Canada,2024-06-09,yes,1484.82,6
CUST-01860,Emma,Nguyen,emma.nguyen1860@example.com,London,ON,Canada,2024-04-04,yes,2510.86,8
CUST-01861,Henry,Brown,henry.brown1861@example.com,Ottawa,ON,Canada,2024-06-11,no,590.76,4
CUST-01862,Grace,Baker,grace.baker1862@example.com,Ottawa,ON,Canada,2024-05-27,no,696.08,2
CUST-01863,Amelia,Wright,amelia.wright1863@example.com,Mississauga,ON,Canada,2025-08-26,yes,553.7,3
CUST-01864,Sophia,Baker,sophia.baker1864@example.com,Mississauga,ON,Canada,2025-11-26,no,3178.57,10
CUST-01865,Liam,Clark,liam.clark1865@example.com,Toronto,ON,Canada,2025-04-19,yes,0.0,0
CUST-01866,Ethan,Chen,ethan.chen1866@example.com,Toronto,ON,Canada,2025-03-22,yes,922.98,4
CUST-01867,Sophia,Wright,sophia.wright1867@example.com,London,ON,Canada,2024-02-03,no,995.08,3
CUST-01868,Noah,Scott,noah.scott1868@example.com,Ottawa,ON,Canada,2025-02-01,no,831.68,2
CUST-01869,Amelia,Patel,amelia.patel1869@example.com,Toronto,ON,Canada,2024-11-15,yes,228.26,1
CUST-01870,Leo,Baker,leo.baker1870@example.com,Toronto,ON,Canada,2024-09-27,no,0.0,0
CUST-01871,Sophia,Anderson,sophia.anderson1871@example.com,Toronto,ON,Canada,2025-03-05,yes,0.0,0
CUST-01872,Owen,Wilson,owen.wilson1872@example.com,Toronto,ON,Canada,2024-02-25,yes,1060.15,5
CUST-01873,Theo,Taylor,theo.taylor1873@example.com,Toronto,ON,Canada,2025-07-14,no,216.96,2
CUST-01874,Chloe,Baker,chloe.baker1874@example.com,Toronto,ON,Canada,2024-07-21,yes,0.0,0
CUST-01875,Jack,Anderson,jack.anderson1875@example.com,Kitchener,ON,Canada,2024-11-10,yes,734.95,3
CUST-01876,Grace,Wright,grace.wright1876@example.com,Toronto,ON,Canada,2025-01-26,no,1306.89,6
CUST-01877,Ella,Singh,ella.singh1877@example.com,Calgary,AB,Canada,2025-07-07,yes,519.35,3
CUST-01878,Theo,Thompson,theo.thompson1878@example.com,Mississauga,ON,Canada,2025-11-29,yes,1386.74,5
CUST-01879,Ava,Nguyen,ava.nguyen1879@example.com,London,ON,Canada,2024-11-11,no,1245.37,4
CUST-01880,Amelia,Young,amelia.young1880@example.com,Ottawa,ON,Canada,2025-12-16,no,1421.54,6
CUST-01881,Theo,Hall,theo.hall1881@example.com,Ottawa,ON,Canada,2024-10-29,yes,226.68,1
CUST-01882,Olivia,Singh,olivia.singh1882@example.com,Toronto,ON,Canada,2025-01-17,yes,1095.2,6
CUST-01883,Amelia,Campbell,amelia.campbell1883@example.com,Toronto,ON,Canada,2024-03-17,yes,806.82,3
CUST-01884,Amelia,Thompson,amelia.thompson1884@example.com,Toronto,ON,Canada,2025-09-07,no,366.12,2
CUST-01885,Sophia,Green,sophia.green1885@example.com,Hamilton,ON,Canada,2024-10-26,no,185.32,1
CUST-01886,Charlotte,Patel,charlotte.patel1886@example.com,Calgary,AB,Canada,2024-06-12,yes,327.49,3
CUST-01887,Leo,Hall,leo.hall1887@example.com,Mississauga,ON,Canada,2024-01-27,no,706.02,4
CUST-01888,Ella,Young,ella.young1888@example.com,Ottawa,ON,Canada,2024-01-13,yes,1043.22,5
CUST-01889,Ethan,Martin,ethan.martin1889@example.com,Toronto,ON,Canada,2024-01-15,yes,1746.31,5
CUST-01890,Lucas,Patel,lucas.patel1890@example.com,Toronto,ON,Canada,2025-10-04,no,1276.9,5
CUST-01891,Olivia,Taylor,olivia.taylor1891@example.com,Toronto,ON,Canada,2024-06-07,yes,0.0,0
CUST-01892,Charlotte,Wilson,charlotte.wilson1892@example.com,Toronto,ON,Canada,2024-08-29,yes,253.12,2
CUST-01893,Olivia,Wright,olivia.wright1893@example.com,Toronto,ON,Canada,2025-01-21,no,447.48,1
CUST-01894,Liam,Martin,liam.martin1894@example.com,Toronto,ON,Canada,2024-05-22,yes,879.37,4
CUST-01895,Grace,Singh,grace.singh1895@example.com,Hamilton,ON,Canada,2024-03-09,yes,0.0,0
CUST-01896,Sophia,Green,sophia.green1896@example.com,Toronto,ON,Canada,2024-12-08,yes,1936.82,10
CUST-01897,Olivia,Clark,olivia.clark1897@example.com,Toronto,ON,Canada,2025-02-04,yes,1030.56,2
CUST-01898,Lucas,Campbell,lucas.campbell1898@example.com,Toronto,ON,Canada,2024-12-25,no,0.0,0
CUST-01899,Jack,Scott,jack.scott1899@example.com,Toronto,ON,Canada,2025-11-18,no,447.18,5
CUST-01900,Ava,Brown,ava.brown1900@example.com,Toronto,ON,Canada,2024-05-21,no,933.38,3
CUST-01901,Ethan,Martin,ethan.martin1901@example.com,Montreal,QC,Canada,2024-04-16,yes,1392.16,3
CUST-01902,Leo,Lee,leo.lee1902@example.com,Hamilton,ON,Canada,2025-04-16,yes,1604.6,7
CUST-01903,Ella,Baker,ella.baker1903@example.com,Montreal,QC,Canada,2025-03-21,yes,0.0,0
CUST-01904,Finn,Scott,finn.scott1904@example.com,Toronto,ON,Canada,2024-10-13,yes,241.82,2
CUST-01905,Finn,Nguyen,finn.nguyen1905@example.com,Toronto,ON,Canada,2025-12-12,no,63.28,1
CUST-01906,Theo,Scott,theo.scott1906@example.com,Mississauga,ON,Canada,2025-02-14,no,298.32,1
CUST-01907,Chloe,Young,chloe.young1907@example.com,Toronto,ON,Canada,2024-11-02,no,1180.17,5
CUST-01908,Finn,Thompson,finn.thompson1908@example.com,Calgary,AB,Canada,2024-08-12,yes,0.0,0
CUST-01909,Henry,Baker,henry.baker1909@example.com,Montreal,QC,Canada,2024-04-18,yes,1312.95,5
CUST-01910,Olivia,Scott,olivia.scott1910@example.com,Toronto,ON,Canada,2025-05-01,yes,0.0,0
CUST-01911,Leo,Young,leo.young1911@example.com,Montreal,QC,Canada,2025-04-18,yes,829.19,2
CUST-01912,Ava,Thompson,ava.thompson1912@example.com,Toronto,ON,Canada,2024-10-24,yes,586.7,3
CUST-01913,Emma,King,emma.king1913@example.com,Hamilton,ON,Canada,2025-11-04,yes,113.0,1
CUST-01914,Leo,Thompson,leo.thompson1914@example.com,Mississauga,ON,Canada,2025-09-28,yes,519.8,3
CUST-01915,Finn,Martin,finn.martin1915@example.com,Ottawa,ON,Canada,2024-04-18,no,619.24,2
CUST-01916,Henry,Wright,henry.wright1916@example.com,Mississauga,ON,Canada,2024-03-27,yes,176.28,1
CUST-01917,Emma,Young,emma.young1917@example.com,Toronto,ON,Canada,2024-11-29,yes,0.0,0
CUST-01918,Theo,Campbell,theo.campbell1918@example.com,Toronto,ON,Canada,2024-07-05,yes,384.5,3
CUST-01919,Finn,Anderson,finn.anderson1919@example.com,Toronto,ON,Canada,2025-09-15,yes,452.0,1
CUST-01920,Owen,Baker,owen.baker1920@example.com,Mississauga,ON,Canada,2025-07-22,yes,0.0,0
CUST-01921,Charlotte,Campbell,charlotte.campbell1921@example.com,Toronto,ON,Canada,2025-12-30,yes,1610.48,8
CUST-01922,Charlotte,Clark,charlotte.clark1922@example.com,Toronto,ON,Canada,2024-03-29,yes,0.0,0
CUST-01923,Sophia,Singh,sophia.singh1923@example.com,Toronto,ON,Canada,2025-05-07,yes,76.83,3
CUST-01924,Lucas,King,lucas.king1924@example.com,Hamilton,ON,Canada,2024-07-05,no,447.48,2
CUST-01925,Sophia,Thompson,sophia.thompson1925@example.com,Hamilton,ON,Canada,2025-05-14,no,743.54,4
CUST-01926,Finn,Patel,finn.patel1926@example.com,Toronto,ON,Canada,2024-09-06,yes,559.01,1
CUST-01927,Mia,Singh,mia.singh1927@example.com,Hamilton,ON,Canada,2025-05-24,yes,0.0,0
CUST-01928,Ava,Thompson,ava.thompson1928@example.com,Toronto,ON,Canada,2025-10-28,yes,808.63,3
CUST-01929,Ella,Green,ella.green1929@example.com,Vancouver,BC,Canada,2025-02-15,yes,0.0,0
CUST-01930,Sophia,Green,sophia.green1930@example.com,Mississauga,ON,Canada,2025-07-28,yes,1177.91,5
CUST-01931,Mia,Lee,mia.lee1931@example.com,Toronto,ON,Canada,2024-12-10,yes,0.0,0
CUST-01932,Ava,Chen,ava.chen1932@example.com,Toronto,ON,Canada,2025-10-29,no,0.0,0
CUST-01933,Emma,Nguyen,emma.nguyen1933@example.com,Toronto,ON,Canada,2024-06-27,yes,85.88,1
CUST-01934,Jack,Patel,jack.patel1934@example.com,Montreal,QC,Canada,2025-08-31,yes,0.0,0
CUST-01935,Ella,Martin,ella.martin1935@example.com,Kitchener,ON,Canada,2024-06-11,yes,332.22,2
CUST-01936,Olivia,Brown,olivia.brown1936@example.com,Toronto,ON,Canada,2025-04-29,yes,998.92,4
CUST-01937,Henry,Taylor,henry.taylor1937@example.com,Toronto,ON,Canada,2024-07-26,yes,0.0,0
CUST-01938,Owen,Thompson,owen.thompson1938@example.com,Toronto,ON,Canada,2025-01-28,yes,0.0,0
CUST-01939,Leo,Scott,leo.scott1939@example.com,Montreal,QC,Canada,2025-08-05,no,2331.4,10
CUST-01940,Liam,Lee,liam.lee1940@example.com,Vancouver,BC,Canada,2025-11-09,yes,2928.96,8
CUST-01941,Ava,Chen,ava.chen1941@example.com,London,ON,Canada,2024-04-22,yes,1889.36,8
CUST-01942,Charlotte,Singh,charlotte.singh1942@example.com,Toronto,ON,Canada,2024-12-08,no,1200.06,6
CUST-01943,Henry,Nguyen,henry.nguyen1943@example.com,Ottawa,ON,Canada,2025-10-28,yes,0.0,0
CUST-01944,Sophia,Clark,sophia.clark1944@example.com,Toronto,ON,Canada,2025-05-17,yes,1754.54,9
CUST-01945,Noah,Campbell,noah.campbell1945@example.com,Toronto,ON,Canada,2024-04-24,yes,587.6,2
CUST-01946,Ella,Campbell,ella.campbell1946@example.com,Toronto,ON,Canada,2025-05-12,no,264.42,1
CUST-01947,Liam,Taylor,liam.taylor1947@example.com,Kitchener,ON,Canada,2025-10-29,yes,323.18,2
CUST-01948,Noah,King,noah.king1948@example.com,Montreal,QC,Canada,2025-10-27,no,0.0,0
CUST-01949,Mia,Wright,mia.wright1949@example.com,Hamilton,ON,Canada,2024-03-14,yes,268.94,2
CUST-01950,Jack,Lee,jack.lee1950@example.com,Toronto,ON,Canada,2025-11-07,yes,874.62,4
CUST-01951,Liam,Baker,liam.baker1951@example.com,Toronto,ON,Canada,2025-01-31,no,2271.08,8
CUST-01952,Noah,Patel,noah.patel1952@example.com,Toronto,ON,Canada,2024-04-25,yes,1481.43,5
CUST-01953,Jack,Taylor,jack.taylor1953@example.com,Toronto,ON,Canada,2025-02-22,yes,209.39,1
CUST-01954,Liam,Taylor,liam.taylor1954@example.com,Ottawa,ON,Canada,2024-05-25,yes,388.72,2
CUST-01955,Lucas,Young,lucas.young1955@example.com,Toronto,ON,Canada,2025-04-20,yes,921.98,4
CUST-01956,Emma,Nguyen,emma.nguyen1956@example.com,Calgary,AB,Canada,2025-11-13,yes,209.39,1
CUST-01957,Chloe,Wilson,chloe.wilson1957@example.com,Kitchener,ON,Canada,2025-01-04,yes,772.92,4
CUST-01958,Lucas,Martin,lucas.martin1958@example.com,Mississauga,ON,Canada,2025-05-11,yes,702.86,2
CUST-01959,Chloe,Wright,chloe.wright1959@example.com,Mississauga,ON,Canada,2025-06-02,no,596.87,2
CUST-01960,Theo,Brown,theo.brown1960@example.com,Vancouver,BC,Canada,2024-05-07,yes,2655.05,9
CUST-01961,Olivia,Campbell,olivia.campbell1961@example.com,Toronto,ON,Canada,2025-03-23,yes,187.58,1
CUST-01962,Henry,Singh,henry.singh1962@example.com,Toronto,ON,Canada,2025-06-08,no,552.8,3
CUST-01963,Theo,Lee,theo.lee1963@example.com,Toronto,ON,Canada,2025-03-18,no,355.27,2
CUST-01964,Liam,Chen,liam.chen1964@example.com,Toronto,ON,Canada,2024-12-29,yes,1222.66,4
CUST-01965,Ava,Baker,ava.baker1965@example.com,Hamilton,ON,Canada,2024-02-14,yes,1276.9,4
CUST-01966,Ava,Wright,ava.wright1966@example.com,Toronto,ON,Canada,2024-05-30,yes,1367.3,3
CUST-01967,Amelia,Baker,amelia.baker1967@example.com,Kitchener,ON,Canada,2025-03-21,no,0.0,1
CUST-01968,Leo,Scott,leo.scott1968@example.com,Kitchener,ON,Canada,2024-04-12,no,274.36,2
CUST-01969,Mia,Martin,mia.martin1969@example.com,Hamilton,ON,Canada,2024-08-13,no,223.74,1
CUST-01970,Charlotte,Anderson,charlotte.anderson1970@example.com,Hamilton,ON,Canada,2024-02-06,no,1177.46,4
CUST-01971,Ava,Patel,ava.patel1971@example.com,Mississauga,ON,Canada,2024-12-11,yes,1770.08,4
CUST-01972,Henry,Scott,henry.scott1972@example.com,Toronto,ON,Canada,2025-09-15,no,501.72,2
CUST-01973,Jack,Baker,jack.baker1973@example.com,Toronto,ON,Canada,2025-12-15,no,1383.01,4
CUST-01974,Henry,Taylor,henry.taylor1974@example.com,Kitchener,ON,Canada,2025-04-12,no,0.0,0
CUST-01975,Ethan,Baker,ethan.baker1975@example.com,Toronto,ON,Canada,2025-03-09,yes,1187.4,6
CUST-01976,Amelia,Scott,amelia.scott1976@example.com,London,ON,Canada,2024-02-20,yes,0.0,0
CUST-01977,Theo,Baker,theo.baker1977@example.com,London,ON,Canada,2024-03-02,yes,187.58,1
CUST-01978,Olivia,King,olivia.king1978@example.com,Hamilton,ON,Canada,2025-01-24,yes,278.21,3
CUST-01979,Ella,Thompson,ella.thompson1979@example.com,Toronto,ON,Canada,2024-03-21,yes,0.0,0
CUST-01980,Finn,Anderson,finn.anderson1980@example.com,London,ON,Canada,2024-07-07,yes,1172.6,3
CUST-01981,Emma,King,emma.king1981@example.com,Vancouver,BC,Canada,2024-08-01,yes,0.0,0
CUST-01982,Ethan,Martin,ethan.martin1982@example.com,London,ON,Canada,2024-11-23,no,303.29,2
CUST-01983,Leo,Green,leo.green1983@example.com,Toronto,ON,Canada,2025-05-24,yes,32.32,1
CUST-01984,Amelia,Singh,amelia.singh1984@example.com,Mississauga,ON,Canada,2025-07-15,no,1250.68,5
CUST-01985,Finn,Clark,finn.clark1985@example.com,Toronto,ON,Canada,2025-11-23,yes,1597.82,4
CUST-01986,Grace,Wright,grace.wright1986@example.com,Toronto,ON,Canada,2024-11-14,no,1340.18,5
CUST-01987,Ava,Green,ava.green1987@example.com,Toronto,ON,Canada,2024-06-20,yes,702.41,4
CUST-01988,Amelia,Young,amelia.young1988@example.com,London,ON,Canada,2025-03-08,no,908.52,5
CUST-01989,Amelia,Wilson,amelia.wilson1989@example.com,Hamilton,ON,Canada,2024-12-12,yes,221.48,1
CUST-01990,Grace,Singh,grace.singh1990@example.com,Toronto,ON,Canada,2024-10-29,yes,0.0,0
CUST-01991,Ava,Nguyen,ava.nguyen1991@example.com,Toronto,ON,Canada,2024-04-13,yes,189.84,3
CUST-01992,Mia,Wilson,mia.wilson1992@example.com,Vancouver,BC,Canada,2024-01-04,yes,1135.61,5
CUST-01993,Mia,Wilson,mia.wilson1993@example.com,Toronto,ON,Canada,2025-03-15,yes,1794.44,6
CUST-01994,Chloe,Clark,chloe.clark1994@example.com,London,ON,Canada,2024-10-02,no,1193.51,2
CUST-01995,Henry,King,henry.king1995@example.com,Toronto,ON,Canada,2024-02-17,no,418.1,3
CUST-01996,Chloe,Patel,chloe.patel1996@example.com,Toronto,ON,Canada,2024-04-19,yes,0.0,0
CUST-01997,Leo,Campbell,leo.campbell1997@example.com,Mississauga,ON,Canada,2025-12-20,no,178.54,1
CUST-01998,Olivia,Martin,olivia.martin1998@example.com,Hamilton,ON,Canada,2025-10-27,yes,357.08,1
CUST-01999,Henry,Singh,henry.singh1999@example.com,Toronto,ON,Canada,2024-01-04,yes,1197.8,4
CUST-02000,Liam,Anderson,liam.anderson2000@example.com,Mississauga,ON,Canada,2025-10-17,no,214.7,2
CUST-02001,Owen,Anderson,owen.anderson2001@example.com,Calgary,AB,Canada,2024-10-04,no,357.08,1
CUST-02002,Liam,Green,liam.green2002@example.com,London,ON,Canada,2024-11-20,yes,923.78,3
CUST-02003,Grace,Chen,grace.chen2003@example.com,London,ON,Canada,2024-11-22,no,37.03,2
CUST-02004,Olivia,Thompson,olivia.thompson2004@example.com,Montreal,QC,Canada,2024-05-08,yes,1403.01,4
CUST-02005,Mia,King,mia.king2005@example.com,Mississauga,ON,Canada,2024-12-02,yes,819.48,3
CUST-02006,Noah,Campbell,noah.campbell2006@example.com,Calgary,AB,Canada,2025-07-30,no,2742.74,6
CUST-02007,Charlotte,Taylor,charlotte.taylor2007@example.com,Vancouver,BC,Canada,2024-06-30,yes,0.0,0
CUST-02008,Grace,Campbell,grace.campbell2008@example.com,Toronto,ON,Canada,2025-08-25,no,0.0,0
CUST-02009,Ethan,Baker,ethan.baker2009@example.com,London,ON,Canada,2025-04-18,no,314.14,3
CUST-02010,Finn,Young,finn.young2010@example.com,Hamilton,ON,Canada,2025-09-23,no,729.98,5
CUST-02011,Noah,Hall,noah.hall2011@example.com,Hamilton,ON,Canada,2024-12-27,yes,56.5,1
CUST-02012,Ella,Young,ella.young2012@example.com,Toronto,ON,Canada,2025-09-07,yes,320.92,2
CUST-02013,Ethan,Nguyen,ethan.nguyen2013@example.com,Toronto,ON,Canada,2024-06-06,no,347.14,2
CUST-02014,Charlotte,King,charlotte.king2014@example.com,Hamilton,ON,Canada,2025-08-08,yes,960.5,5
CUST-02015,Ethan,Baker,ethan.baker2015@example.com,Toronto,ON,Canada,2024-11-18,no,1105.48,5
CUST-02016,Ella,Anderson,ella.anderson2016@example.com,Vancouver,BC,Canada,2024-08-21,yes,828.06,6
CUST-02017,Finn,Lee,finn.lee2017@example.com,Ottawa,ON,Canada,2024-09-29,yes,580.82,2
CUST-02018,Owen,Young,owen.young2018@example.com,Toronto,ON,Canada,2025-04-20,no,289.28,1
CUST-02019,Amelia,Green,amelia.green2019.new@example.com,London,ON,Canada,2024-05-12,yes,45.46,1
CUST-02020,Chloe,Baker,chloe.baker2020@example.com,Ottawa,ON,Canada,2024-08-19,yes,1037.34,5
CUST-02021,Charlotte,Baker,charlotte.baker2021@example.com,Montreal,QC,Canada,2024-01-12,no,131.08,1
CUST-02022,Sophia,Anderson,sophia.anderson2022@example.com,Kitchener,ON,Canada,2025-01-28,yes,1211.36,2
CUST-02023,Ella,Clark,ella.clark2023@example.com,Vancouver,BC,Canada,2025-06-12,yes,0.0,0
CUST-02024,Liam,Thompson,liam.thompson2024@example.com,Calgary,AB,Canada,2025-04-25,no,494.94,2
CUST-02025,Emma,King,emma.king2025@example.com,Hamilton,ON,Canada,2024-09-03,yes,1887.55,6
CUST-02026,Jack,Martin,jack.martin2026@example.com,Hamilton,ON,Canada,2025-07-18,yes,0.0,0
CUST-02027,Lucas,Taylor,lucas.taylor2027@example.com,Toronto,ON,Canada,2024-07-14,yes,971.8,3
CUST-02028,Emma,Patel,emma.patel2028@example.com,Toronto,ON,Canada,2024-07-01,no,1009.77,6
CUST-02029,Grace,Baker,grace.baker2029@example.com,London,ON,Canada,2025-04-26,no,537.88,3
CUST-02030,Chloe,Brown,chloe.brown2030@example.com,London,ON,Canada,2025-01-28,yes,868.29,4
CUST-02031,Liam,Scott,liam.scott2031@example.com,Toronto,ON,Canada,2024-08-18,yes,798.46,3
CUST-02032,Ava,Brown,ava.brown2032@example.com,Ottawa,ON,Canada,2025-06-28,yes,393.24,2
CUST-02033,Leo,Hall,leo.hall2033@example.com,Calgary,AB,Canada,2025-02-03,yes,1441.88,5
CUST-02034,Lucas,Patel,lucas.patel2034@example.com,Vancouver,BC,Canada,2024-05-03,yes,221.48,1
CUST-02035,Olivia,Hall,olivia.hall2035@example.com,Vancouver,BC,Canada,2025-10-30,yes,447.48,1
CUST-02036,Chloe,Taylor,chloe.taylor2036@example.com,Montreal,QC,Canada,2024-04-04,no,623.76,3
CUST-02037,Olivia,Lee,olivia.lee2037@example.com,Toronto,ON,Canada,2024-12-05,yes,1310.8,3
CUST-02038,Ethan,Wright,ethan.wright2038@example.com,Toronto,ON,Canada,2024-08-22,no,555.25,3
CUST-02039,Chloe,Wilson,chloe.wilson2039@example.com,Toronto,ON,Canada,2024-10-11,no,345.78,3
CUST-02040,Jack,Chen,jack.chen2040@example.com,Toronto,ON,Canada,2025-11-16,no,431.66,4
CUST-02041,Chloe,Clark,chloe.clark2041@example.com,Toronto,ON,Canada,2025-11-26,yes,1555.9,4
CUST-02042,Liam,Lee,liam.lee2042@example.com,Montreal,QC,Canada,2025-05-30,yes,380.36,1
CUST-02043,Owen,Young,owen.young2043@example.com,Mississauga,ON,Canada,2025-07-09,yes,1577.48,4
CUST-02044,Lucas,Green,lucas.green2044@example.com,Mississauga,ON,Canada,2025-02-27,yes,424.88,2
CUST-02045,Charlotte,Chen,charlotte.chen2045@example.com,Mississauga,ON,Canada,2024-08-29,yes,1149.78,6
CUST-02046,Grace,Chen,grace.chen2046@example.com,Toronto,ON,Canada,2024-01-18,yes,1579.74,6
CUST-02047,Finn,Hall,finn.hall2047@example.com,Toronto,ON,Canada,2025-11-15,yes,264.42,2
CUST-02048,Amelia,King,amelia.king2048@example.com,Toronto,ON,Canada,2024-10-01,no,476.86,2
CUST-02049,Lucas,Brown,lucas.brown2049@example.com,Mississauga,ON,Canada,2025-06-03,yes,603.42,3
CUST-02050,Charlotte,Scott,charlotte.scott2050@example.com,Ottawa,ON,Canada,2024-12-12,no,626.7,2
CUST-02051,Chloe,King,chloe.king2051@example.com,Toronto,ON,Canada,2025-04-06,yes,1359.73,5
CUST-02052,Lucas,Young,lucas.young2052.new@example.com,Mississauga,ON,Canada,2025-08-15,yes,454.26,2
CUST-02053,Charlotte,Brown,charlotte.brown2053@example.com,Toronto,ON,Canada,2024-07-16,yes,0.0,0
CUST-02054,Amelia,Singh,amelia.singh2054@example.com,Toronto,ON,Canada,2025-11-01,yes,0.0,0
CUST-02055,Chloe,Chen,chloe.chen2055@example.com,Toronto,ON,Canada,2024-08-30,no,0.0,0
CUST-02056,Charlotte,Patel,charlotte.patel2056@example.com,Ottawa,ON,Canada,2024-02-15,yes,264.42,3
CUST-02057,Charlotte,King,charlotte.king2057@example.com,Toronto,ON,Canada,2024-05-19,yes,1293.17,5
CUST-02058,Ava,Brown,ava.brown2058@example.com,Hamilton,ON,Canada,2024-07-03,yes,865.58,4
CUST-02059,Finn,Taylor,finn.taylor2059@example.com,Mississauga,ON,Canada,2024-04-04,yes,651.11,5
CUST-02060,Charlotte,Hall,charlotte.hall2060@example.com,Calgary,AB,Canada,2024-03-31,yes,800.04,2
CUST-02061,Finn,Green,finn.green2061@example.com,Calgary,AB,Canada,2024-11-07,no,0.0,0
CUST-02062,Grace,Campbell,grace.campbell2062@example.com,Toronto,ON,Canada,2025-05-20,yes,660.15,3
CUST-02063,Olivia,Patel,olivia.patel2063@example.com,London,ON,Canada,2024-02-01,yes,1753.76,7
CUST-02064,Amelia,Hall,amelia.hall2064@example.com,London,ON,Canada,2025-02-20,yes,1022.42,5
CUST-02065,Noah,Young,noah.young2065@example.com,Toronto,ON,Canada,2025-09-07,yes,0.0,0
CUST-02066,Leo,Anderson,leo.anderson2066@example.com,London,ON,Canada,2024-01-29,yes,824.0,4
CUST-02067,Amelia,Anderson,amelia.anderson2067@example.com,Toronto,ON,Canada,2024-10-01,no,239.56,2
CUST-02068,Emma,Thompson,emma.thompson2068@example.com,Toronto,ON,Canada,2024-12-06,yes,447.48,1
CUST-02069,Leo,Green,leo.green2069@example.com,Toronto,ON,Canada,2025-12-28,yes,0.0,0
CUST-02070,Theo,Brown,theo.brown2070@example.com,Kitchener,ON,Canada,2024-10-23,yes,0.0,0
CUST-02071,Liam,Campbell,liam.campbell2071@example.com,London,ON,Canada,2025-04-11,yes,0.0,0
CUST-02072,Leo,Brown,leo.brown2072@example.com,Mississauga,ON,Canada,2024-04-17,no,617.43,3
CUST-02073,Olivia,Wilson,olivia.wilson2073@example.com,Toronto,ON,Canada,2025-09-18,no,1505.84,5
CUST-02074,Liam,Campbell,liam.campbell2074@example.com,Toronto,ON,Canada,2024-04-30,no,0.0,0
CUST-02075,Ava,Thompson,ava.thompson2075@example.com,Toronto,ON,Canada,2025-03-12,yes,0.0,0
CUST-02076,Amelia,Wilson,amelia.wilson2076@example.com,Toronto,ON,Canada,2024-10-16,yes,178.54,1
CUST-02077,Ella,Wright,ella.wright2077@example.com,Toronto,ON,Canada,2024-05-15,yes,524.32,1
CUST-02078,Amelia,Taylor,amelia.taylor2078@example.com,Toronto,ON,Canada,2025-09-14,no,67.8,1
CUST-02079,Finn,Taylor,finn.taylor2079@example.com,Calgary,AB,Canada,2024-02-11,yes,1105.14,5
CUST-02080,Finn,King,finn.king2080@example.com,Toronto,ON,Canada,2025-07-20,yes,1182.58,3
CUST-02081,Finn,Wright,finn.wright2081@example.com,Montreal,QC,Canada,2025-12-18,no,745.8,2
CUST-02082,Ava,Martin,ava.martin2082@example.com,Toronto,ON,Canada,2024-02-09,yes,680.26,2
CUST-02083,Chloe,King,chloe.king2083@example.com,Hamilton,ON,Canada,2025-06-05,yes,0.0,0
CUST-02084,Sophia,Nguyen,sophia.nguyen2084@example.com,Mississauga,ON,Canada,2024-06-18,yes,569.52,5
CUST-02085,Jack,Taylor,jack.taylor2085@example.com,Toronto,ON,Canada,2024-03-11,no,0.0,0
CUST-02086,Theo,Patel,theo.patel2086@example.com,Toronto,ON,Canada,2025-08-08,yes,0.0,0
CUST-02087,Ella,Martin,ella.martin2087@example.com,Montreal,QC,Canada,2025-03-17,yes,810.39,3
CUST-02088,Charlotte,Patel,charlotte.patel2088@example.com,Mississauga,ON,Canada,2024-05-06,no,1019.49,4
CUST-02089,Leo,Wilson,leo.wilson2089@example.com,Montreal,QC,Canada,2025-06-02,yes,0.0,0
CUST-02090,Jack,Clark,jack.clark2090@example.com,Mississauga,ON,Canada,2024-09-06,yes,0.0,0
CUST-02091,Charlotte,King,charlotte.king2091@example.com,Vancouver,BC,Canada,2024-01-30,no,0.0,0
CUST-02092,Noah,Lee,noah.lee2092@example.com,Toronto,ON,Canada,2025-05-24,yes,501.46,4
CUST-02093,Theo,Baker,theo.baker2093@example.com,Ottawa,ON,Canada,2024-01-04,yes,1329.19,4
CUST-02094,Ethan,Taylor,ethan.taylor2094@example.com,Calgary,AB,Canada,2025-07-08,no,280.24,2
CUST-02095,Ella,Baker,ella.baker2095@example.com,Ottawa,ON,Canada,2024-07-06,no,648.62,4
CUST-02096,Emma,Chen,emma.chen2096@example.com,Toronto,ON,Canada,2024-01-20,yes,2115.59,7
CUST-02097,Grace,Thompson,grace.thompson2097@example.com,Toronto,ON,Canada,2024-02-12,yes,1107.4,2
CUST-02098,Henry,Clark,henry.clark2098@example.com,London,ON,Canada,2024-04-16,no,0.0,1
CUST-02099,Ethan,Martin,ethan.martin2099@example.com,Toronto,ON,Canada,2025-09-22,yes,271.2,1
CUST-02100,Leo,Anderson,leo.anderson2100@example.com,Toronto,ON,Canada,2024-07-31,no,628.28,3
CUST-02101,Jack,Campbell,jack.campbell2101@example.com,Toronto,ON,Canada,2024-05-22,no,144.64,1
CUST-02102,Sophia,Chen,sophia.chen2102@example.com,Hamilton,ON,Canada,2024-12-21,no,370.41,2
CUST-02103,Sophia,Clark,sophia.clark2103@example.com,Mississauga,ON,Canada,2025-05-25,yes,1923.26,5
CUST-02104,Finn,Patel,finn.patel2104@example.com,Toronto,ON,Canada,2024-07-06,yes,728.96,4
CUST-02105,Ava,Lee,ava.lee2105@example.com,Toronto,ON,Canada,2025-02-09,yes,0.0,0
CUST-02106,Ava,Singh,ava.singh2106@example.com,Toronto,ON,Canada,2025-02-19,no,0.0,0
CUST-02107,Charlotte,King,charlotte.king2107@example.com,London,ON,Canada,2025-11-11,no,655.4,3
CUST-02108,Theo,Campbell,theo.campbell2108@example.com,Calgary,AB,Canada,2025-08-16,yes,0.0,0
CUST-02109,Lucas,Hall,lucas.hall2109@example.com,Mississauga,ON,Canada,2025-10-31,yes,0.0,0
CUST-02110,Owen,Thompson,owen.thompson2110@example.com,Calgary,AB,Canada,2025-09-11,no,575.66,4
CUST-02111,Amelia,Scott,amelia.scott2111@example.com,Toronto,ON,Canada,2024-10-31,no,0.0,1
CUST-02112,Ava,Taylor,ava.taylor2112@example.com,Toronto,ON,Canada,2024-06-03,no,1692.17,6
CUST-02113,Ava,Hall,ava.hall2113@example.com,Toronto,ON,Canada,2024-03-20,no,0.0,0
CUST-02114,Mia,Brown,mia.brown2114@example.com,Toronto,ON,Canada,2024-05-07,yes,0.0,0
CUST-02115,Grace,Brown,grace.brown2115@example.com,Kitchener,ON,Canada,2025-05-26,yes,526.58,3
CUST-02116,Ava,Hall,ava.hall2116@example.com,Hamilton,ON,Canada,2025-05-06,yes,420.36,2
CUST-02117,Amelia,Singh,amelia.singh2117@example.com,London,ON,Canada,2024-04-16,no,0.0,0
CUST-02118,Finn,Wilson,finn.wilson2118@example.com,Toronto,ON,Canada,2025-03-21,yes,0.0,0
CUST-02119,Amelia,Brown,amelia.brown2119@example.com,Toronto,ON,Canada,2024-01-10,no,789.42,4
CUST-02120,Emma,Lee,emma.lee2120@example.com,Toronto,ON,Canada,2025-09-02,yes,943.32,5
CUST-02121,Owen,Thompson,owen.thompson2121@example.com,Kitchener,ON,Canada,2024-07-19,yes,763.88,3
CUST-02122,Sophia,Brown,sophia.brown2122@example.com,London,ON,Canada,2024-07-29,yes,1116.44,2
CUST-02123,Noah,Brown,noah.brown2123@example.com,Toronto,ON,Canada,2025-05-22,yes,1154.86,3
CUST-02124,Emma,Green,emma.green2124@example.com,Kitchener,ON,Canada,2025-12-17,no,1055.42,3
CUST-02125,Sophia,Green,sophia.green2125@example.com,Toronto,ON,Canada,2025-05-09,no,784.22,1
CUST-02126,Theo,Campbell,theo.campbell2126@example.com,Mississauga,ON,Canada,2024-09-09,no,1118.47,5
CUST-02127,Lucas,Campbell,lucas.campbell2127@example.com,Ottawa,ON,Canada,2024-12-18,no,221.48,1
CUST-02128,Emma,Anderson,emma.anderson2128@example.com,Toronto,ON,Canada,2024-04-06,yes,610.2,3
CUST-02129,Henry,Brown,henry.brown2129@example.com,Toronto,ON,Canada,2025-01-13,no,838.12,3
CUST-02130,Theo,Wright,theo.wright2130@example.com,Toronto,ON,Canada,2024-01-12,no,320.92,2
CUST-02131,Leo,Nguyen,leo.nguyen2131@example.com,Montreal,QC,Canada,2024-04-06,yes,956.32,4
CUST-02132,Henry,Wright,henry.wright2132@example.com,Toronto,ON,Canada,2024-06-26,yes,203.26,1
CUST-02133,Ethan,Taylor,ethan.taylor2133@example.com,Toronto,ON,Canada,2024-09-16,yes,359.34,2
CUST-02134,Liam,Young,liam.young2134@example.com,Vancouver,BC,Canada,2025-11-21,yes,725.69,4
CUST-02135,Sophia,Young,sophia.young2135@example.com,Calgary,AB,Canada,2025-02-14,yes,0.0,0
CUST-02136,Mia,Taylor,mia.taylor2136@example.com,Toronto,ON,Canada,2024-04-06,yes,271.2,2
CUST-02137,Ethan,Scott,ethan.scott2137@example.com,Hamilton,ON,Canada,2024-03-24,no,0.0,0
CUST-02138,Henry,Lee,henry.lee2138@example.com,Toronto,ON,Canada,2024-07-24,yes,2337.67,9
CUST-02139,Lucas,Young,lucas.young2139@example.com,Vancouver,BC,Canada,2025-08-08,yes,0.0,0
CUST-02140,Liam,Green,liam.green2140@example.com,Ottawa,ON,Canada,2024-03-29,no,207.92,2
CUST-02141,Charlotte,Lee,charlotte.lee2141@example.com,Hamilton,ON,Canada,2025-12-10,yes,251.08,4
CUST-02142,Theo,Hall,theo.hall2142@example.com,Toronto,ON,Canada,2025-11-23,no,852.36,3
CUST-02143,Finn,King,finn.king2143@example.com,Toronto,ON,Canada,2024-12-22,no,1273.96,5
CUST-02144,Liam,King,liam.king2144@example.com,Kitchener,ON,Canada,2024-03-05,yes,357.08,1
CUST-02145,Ella,Scott,ella.scott2145@example.com,Toronto,ON,Canada,2024-03-15,yes,221.71,1
CUST-02146,Lucas,King,lucas.king2146@example.com,Hamilton,ON,Canada,2024-05-22,no,0.0,0
CUST-02147,Charlotte,Chen,charlotte.chen2147@example.com,Toronto,ON,Canada,2024-02-01,no,0.0,0
CUST-02148,Charlotte,King,charlotte.king2148@example.com,Mississauga,ON,Canada,2024-08-05,no,0.0,1
CUST-02149,Liam,Taylor,liam.taylor2149@example.com,Ottawa,ON,Canada,2024-02-22,yes,0.0,0
CUST-02150,Ella,Clark,ella.clark2150@example.com,Toronto,ON,Canada,2024-02-16,yes,262.16,2
CUST-02151,Jack,Scott,jack.scott2151@example.com,Toronto,ON,Canada,2024-06-15,yes,1271.75,5
CUST-02152,Owen,Thompson,owen.thompson2152@example.com,London,ON,Canada,2024-09-08,no,1252.04,5
CUST-02153,Liam,King,liam.king2153@example.com,Toronto,ON,Canada,2025-11-25,yes,592.12,3
CUST-02154,Ella,Scott,ella.scott2154@example.com,Montreal,QC,Canada,2024-08-16,yes,735.4,5
CUST-02155,Grace,Wilson,grace.wilson2155@example.com,Mississauga,ON,Canada,2025-03-10,yes,332.22,3
CUST-02156,Chloe,Baker,chloe.baker2156@example.com,Mississauga,ON,Canada,2025-02-19,yes,0.0,0
CUST-02157,Charlotte,Young,charlotte.young2157@example.com,Kitchener,ON,Canada,2025-05-29,yes,294.26,2
CUST-02158,Ella,Martin,ella.martin2158@example.com,Ottawa,ON,Canada,2024-10-30,yes,372.34,3
CUST-02159,Ella,Hall,ella.hall2159@example.com,Toronto,ON,Canada,2025-01-24,no,811.68,2
CUST-02160,Mia,Scott,mia.scott2160@example.com,Toronto,ON,Canada,2025-04-08,yes,1008.07,4
CUST-02161,Sophia,Lee,sophia.lee2161@example.com,Toronto,ON,Canada,2025-04-30,no,2761.27,8
CUST-02162,Ethan,Wilson,ethan.wilson2162@example.com,Toronto,ON,Canada,2024-03-15,yes,973.61,4
CUST-02163,Noah,Scott,noah.scott2163@example.com,Toronto,ON,Canada,2024-03-09,no,124.3,1
CUST-02164,Leo,Singh,leo.singh2164@example.com,Mississauga,ON,Canada,2024-01-23,no,259.0,4
CUST-02165,Charlotte,King,charlotte.king2165@example.com,Toronto,ON,Canada,2025-04-03,no,246.34,1
CUST-02166,Ethan,Clark,ethan.clark2166@example.com,Toronto,ON,Canada,2024-04-06,no,0.0,0
CUST-02167,Charlotte,Chen,charlotte.chen2167@example.com,Toronto,ON,Canada,2024-11-12,yes,1165.71,5
CUST-02168,Amelia,Hall,amelia.hall2168@example.com,London,ON,Canada,2025-06-15,no,293.8,1
CUST-02169,Ava,Nguyen,ava.nguyen2169@example.com,Ottawa,ON,Canada,2025-02-26,yes,70.51,1
CUST-02170,Ethan,Chen,ethan.chen2170@example.com,Ottawa,ON,Canada,2024-01-08,yes,565.0,2
CUST-02171,Jack,Thompson,jack.thompson2171@example.com,London,ON,Canada,2025-12-06,no,0.0,0
CUST-02172,Ella,Thompson,ella.thompson2172@example.com,Ottawa,ON,Canada,2025-09-21,no,1559.4,7
CUST-02173,Ethan,Wilson,ethan.wilson2173@example.com,Toronto,ON,Canada,2024-12-15,yes,1354.64,5
CUST-02174,Mia,Martin,mia.martin2174@example.com,Calgary,AB,Canada,2024-12-12,no,88.48,1
CUST-02175,Sophia,Martin,sophia.martin2175@example.com,Toronto,ON,Canada,2024-08-20,yes,2408.3,6
CUST-02176,Henry,Wright,henry.wright2176@example.com,Montreal,QC,Canada,2024-03-02,no,1326.62,3
CUST-02177,Emma,Green,emma.green2177@example.com,Toronto,ON,Canada,2025-06-08,yes,510.76,3
CUST-02178,Lucas,Taylor,lucas.taylor2178@example.com,Toronto,ON,Canada,2024-05-30,no,248.6,2
CUST-02179,Henry,Scott,henry.scott2179@example.com,Hamilton,ON,Canada,2024-01-19,yes,1009.54,4
CUST-02180,Ella,Singh,ella.singh2180@example.com,Toronto,ON,Canada,2024-03-25,no,331.32,3
CUST-02181,Theo,Martin,theo.martin2181@example.com,Calgary,AB,Canada,2025-11-12,yes,668.96,3
CUST-02182,Finn,Patel,finn.patel2182@example.com,Hamilton,ON,Canada,2025-07-27,no,894.42,4
CUST-02183,Finn,Taylor,finn.taylor2183@example.com,Toronto,ON,Canada,2025-03-26,yes,1405.72,5
CUST-02184,Ethan,Brown,ethan.brown2184@example.com,Toronto,ON,Canada,2024-05-20,yes,431.66,2
CUST-02185,Leo,Chen,leo.chen2185@example.com,Toronto,ON,Canada,2025-06-22,yes,293.8,2
CUST-02186,Liam,Hall,liam.hall2186@example.com,Toronto,ON,Canada,2025-07-31,no,158.2,2
CUST-02187,Jack,Lee,jack.lee2187@example.com,Toronto,ON,Canada,2024-08-15,yes,287.02,1
CUST-02188,Liam,Wilson,liam.wilson2188@example.com,Ottawa,ON,Canada,2025-08-05,yes,911.12,4
CUST-02189,Ethan,Nguyen,ethan.nguyen2189@example.com,Kitchener,ON,Canada,2025-05-31,no,1566.18,6
CUST-02190,Jack,Green,jack.green2190@example.com,Hamilton,ON,Canada,2024-05-26,no,653.37,6
CUST-02191,Theo,Hall,theo.hall2191@example.com,Toronto,ON,Canada,2025-09-10,no,126.56,1
CUST-02192,Ethan,Scott,ethan.scott2192@example.com,Kitchener,ON,Canada,2025-10-09,no,1580.08,9
CUST-02193,Chloe,Anderson,chloe.anderson2193@example.com,Toronto,ON,Canada,2025-01-04,yes,302.84,3
CUST-02194,Olivia,Thompson,olivia.thompson2194@example.com,Calgary,AB,Canada,2024-12-18,yes,833.04,2
CUST-02195,Leo,Clark,leo.clark2195@example.com,Toronto,ON,Canada,2024-07-19,yes,1292.95,5
CUST-02196,Owen,Baker,owen.baker2196@example.com,Toronto,ON,Canada,2024-11-24,yes,621.5,2
CUST-02197,Jack,Wright,jack.wright2197@example.com,Toronto,ON,Canada,2024-09-24,yes,573.14,3
CUST-02198,Noah,Patel,noah.patel2198@example.com,Ottawa,ON,Canada,2025-02-14,yes,1484.82,2
CUST-02199,Grace,Young,grace.young2199@example.com,Toronto,ON,Canada,2025-10-06,no,0.0,0
CUST-02200,Mia,Taylor,mia.taylor2200@example.com,Ottawa,ON,Canada,2024-05-17,no,0.0,0
CUST-02201,Liam,Wilson,liam.wilson2201@example.com,Kitchener,ON,Canada,2024-09-05,no,653.14,2
CUST-02202,Grace,Singh,grace.singh2202@example.com,Toronto,ON,Canada,2024-05-20,yes,1762.8,7
CUST-02203,Theo,Thompson,theo.thompson2203.new@example.com,Ottawa,ON,Canada,2024-03-16,yes,545.96,4
CUST-02204,Theo,Lee,theo.lee2204@example.com,Mississauga,ON,Canada,2025-08-27,yes,791.0,1
CUST-02205,Grace,Hall,grace.hall2205@example.com,Hamilton,ON,Canada,2025-08-03,no,569.52,2
CUST-02206,Leo,Brown,leo.brown2206@example.com,London,ON,Canada,2024-08-28,no,772.92,3
CUST-02207,Chloe,Wright,chloe.wright2207@example.com,Toronto,ON,Canada,2024-10-13,no,185.32,2
CUST-02208,Henry,Wright,henry.wright2208@example.com,Toronto,ON,Canada,2025-10-15,yes,341.26,1
CUST-02209,Theo,Campbell,theo.campbell2209@example.com,Toronto,ON,Canada,2024-01-29,no,149.84,1
CUST-02210,Jack,Taylor,jack.taylor2210@example.com,Ottawa,ON,Canada,2024-08-06,yes,504.43,1
CUST-02211,Noah,Martin,noah.martin2211@example.com,Hamilton,ON,Canada,2024-09-17,yes,589.86,2
CUST-02212,Noah,Taylor,noah.taylor2212@example.com,Ottawa,ON,Canada,2025-02-15,no,510.76,3
CUST-02213,Owen,Young,owen.young2213@example.com,Mississauga,ON,Canada,2025-05-09,yes,0.0,0
CUST-02214,Amelia,Anderson,amelia.anderson2214@example.com,Toronto,ON,Canada,2024-05-10,no,295.16,2
CUST-02215,Mia,Martin,mia.martin2215@example.com,Hamilton,ON,Canada,2024-09-09,no,836.2,4
CUST-02216,Mia,Thompson,mia.thompson2216@example.com,Hamilton,ON,Canada,2024-04-01,yes,453.13,2
CUST-02217,Olivia,Thompson,olivia.thompson2217@example.com,Toronto,ON,Canada,2024-08-17,yes,0.0,0
CUST-02218,Grace,Baker,grace.baker2218@example.com,Mississauga,ON,Canada,2024-08-28,yes,425.33,2
CUST-02219,Emma,Wilson,emma.wilson2219@example.com,Toronto,ON,Canada,2025-04-17,no,835.21,4
CUST-02220,Amelia,Lee,amelia.lee2220@example.com,Ottawa,ON,Canada,2024-01-02,yes,318.09,3
CUST-02221,Chloe,Green,chloe.green2221@example.com,Toronto,ON,Canada,2025-10-13,yes,0.0,0
CUST-02222,Ethan,Taylor,ethan.taylor2222@example.com,Vancouver,BC,Canada,2024-01-09,yes,1291.82,5
CUST-02223,Amelia,Wright,amelia.wright2223@example.com,Ottawa,ON,Canada,2024-04-29,yes,0.0,0
CUST-02224,Liam,Brown,liam.brown2224@example.com,Toronto,ON,Canada,2025-03-22,yes,1047.96,2
CUST-02225,Ava,Scott,ava.scott2225@example.com,Calgary,AB,Canada,2024-01-08,no,0.0,0
CUST-02226,Amelia,Scott,amelia.scott2226@example.com,Ottawa,ON,Canada,2024-08-04,yes,0.0,0
CUST-02227,Liam,King,liam.king2227@example.com,Toronto,ON,Canada,2025-11-27,yes,795.52,3
CUST-02228,Chloe,Lee,chloe.lee2228@example.com,Vancouver,BC,Canada,2024-12-18,no,520.48,2
CUST-02229,Finn,Martin,finn.martin2229@example.com,Hamilton,ON,Canada,2025-11-04,yes,0.0,0
CUST-02230,Chloe,Lee,chloe.lee2230@example.com,Toronto,ON,Canada,2025-02-14,yes,0.0,0
CUST-02231,Olivia,Brown,olivia.brown2231@example.com,Hamilton,ON,Canada,2025-05-15,yes,341.26,1
CUST-02232,Emma,Lee,emma.lee2232@example.com,Calgary,AB,Canada,2025-01-16,yes,352.56,3
CUST-02233,Finn,Nguyen,finn.nguyen2233@example.com,Toronto,ON,Canada,2024-11-16,no,389.85,2
CUST-02234,Theo,Clark,theo.clark2234@example.com,Toronto,ON,Canada,2024-10-16,yes,0.0,0
CUST-02235,Theo,Wilson,theo.wilson2235@example.com,Montreal,QC,Canada,2025-05-25,yes,0.0,0
CUST-02236,Amelia,Chen,amelia.chen2236@example.com,Toronto,ON,Canada,2024-06-29,yes,1769.58,4
CUST-02237,Owen,Singh,owen.singh2237@example.com,Calgary,AB,Canada,2025-06-24,yes,858.8,5
CUST-02238,Lucas,Anderson,lucas.anderson2238@example.com,Toronto,ON,Canada,2025-06-16,yes,1462.22,3
CUST-02239,Jack,Taylor,jack.taylor2239@example.com,Mississauga,ON,Canada,2024-03-21,no,1216.11,5
CUST-02240,Jack,Nguyen,jack.nguyen2240@example.com,Mississauga,ON,Canada,2025-09-13,yes,1347.1,5
CUST-02241,Leo,Chen,leo.chen2241@example.com,Kitchener,ON,Canada,2024-02-20,yes,0.0,0
CUST-02242,Olivia,Scott,olivia.scott2242@example.com,Ottawa,ON,Canada,2024-12-29,no,558.22,3
CUST-02243,Emma,Wright,emma.wright2243@example.com,Vancouver,BC,Canada,2025-10-24,no,103.06,1
CUST-02244,Ava,Taylor,ava.taylor2244@example.com,Kitchener,ON,Canada,2024-10-27,yes,789.53,2
CUST-02245,Henry,King,henry.king2245@example.com,Toronto,ON,Canada,2025-01-11,yes,61.02,1
CUST-02246,Amelia,Brown,amelia.brown2246@example.com,Ottawa,ON,Canada,2025-06-12,yes,580.82,1
CUST-02247,Grace,Brown,grace.brown2247@example.com,Mississauga,ON,Canada,2024-03-14,yes,504.1,4
CUST-02248,Liam,Scott,liam.scott2248@example.com,Toronto,ON,Canada,2025-01-29,yes,0.0,0
CUST-02249,Grace,Wilson,grace.wilson2249@example.com,Toronto,ON,Canada,2025-01-08,yes,441.94,2
CUST-02250,Jack,Chen,jack.chen2250@example.com,Toronto,ON,Canada,2025-03-26,no,207.92,2
CUST-02251,Theo,Singh,theo.singh2251@example.com,Mississauga,ON,Canada,2024-06-18,yes,501.72,1
CUST-02252,Ella,Chen,ella.chen2252@example.com,London,ON,Canada,2025-06-06,yes,0.0,0
CUST-02253,Grace,Thompson,grace.thompson2253@example.com,Vancouver,BC,Canada,2024-02-11,yes,1145.82,2
CUST-02254,Chloe,Thompson,chloe.thompson2254@example.com,Vancouver,BC,Canada,2024-12-30,no,476.86,2
CUST-02255,Mia,Lee,mia.lee2255@example.com,Mississauga,ON,Canada,2024-09-06,yes,176.28,2
CUST-02256,Mia,Thompson,mia.thompson2256@example.com,Toronto,ON,Canada,2024-09-09,yes,537.59,3
CUST-02257,Finn,Lee,finn.lee2257@example.com,Ottawa,ON,Canada,2024-04-22,yes,1691.75,5
CUST-02258,Noah,Patel,noah.patel2258@example.com,Toronto,ON,Canada,2025-09-28,yes,821.74,2
CUST-02259,Ethan,Patel,ethan.patel2259@example.com,Calgary,AB,Canada,2025-10-03,yes,2257.74,5
CUST-02260,Emma,Green,emma.green2260@example.com,Kitchener,ON,Canada,2025-06-14,no,420.81,2
CUST-02261,Grace,Wilson,grace.wilson2261@example.com,Hamilton,ON,Canada,2025-02-14,yes,519.8,4
CUST-02262,Finn,Anderson,finn.anderson2262@example.com,Montreal,QC,Canada,2024-11-23,no,381.94,2
CUST-02263,Amelia,Patel,amelia.patel2263@example.com,Toronto,ON,Canada,2024-06-29,yes,0.0,0
CUST-02264,Jack,Hall,jack.hall2264@example.com,Hamilton,ON,Canada,2025-12-23,yes,346.12,3
CUST-02265,Ethan,Singh,ethan.singh2265@example.com,Toronto,ON,Canada,2024-08-28,yes,2093.66,8
CUST-02266,Theo,Lee,theo.lee2266@example.com,Toronto,ON,Canada,2025-03-10,no,698.34,3
CUST-02267,Ella,Chen,ella.chen2267@example.com,Toronto,ON,Canada,2025-03-11,yes,1130.0,4
CUST-02268,Emma,Wright,emma.wright2268@example.com,Toronto,ON,Canada,2024-02-04,no,540.37,3
CUST-02269,Liam,Wilson,liam.wilson2269@example.com,Toronto,ON,Canada,2024-01-30,yes,958.69,3
CUST-02270,Liam,Singh,liam.singh2270@example.com,Vancouver,BC,Canada,2024-04-18,yes,0.0,0
CUST-02271,Charlotte,Nguyen,charlotte.nguyen2271@example.com,Mississauga,ON,Canada,2024-09-02,no,235.04,2
CUST-02272,Theo,Hall,theo.hall2272@example.com,London,ON,Canada,2024-07-11,no,151.76,1
CUST-02273,Ella,Green,ella.green2273@example.com,Kitchener,ON,Canada,2024-08-27,yes,337.08,3
CUST-02274,Jack,Lee,jack.lee2274@example.com,Mississauga,ON,Canada,2025-08-16,yes,352.56,1
CUST-02275,Finn,Singh,finn.singh2275@example.com,Toronto,ON,Canada,2025-02-12,yes,0.0,0
CUST-02276,Chloe,Brown,chloe.brown2276@example.com,Toronto,ON,Canada,2024-04-26,yes,0.0,0
CUST-02277,Ella,Wilson,ella.wilson2277@example.com,London,ON,Canada,2025-12-24,yes,1365.04,5
CUST-02278,Jack,Scott,jack.scott2278@example.com,Calgary,AB,Canada,2024-05-25,yes,0.0,0
CUST-02279,Lucas,Campbell,lucas.campbell2279@example.com,Toronto,ON,Canada,2025-10-20,yes,0.0,0
CUST-02280,Theo,Patel,theo.patel2280@example.com,Kitchener,ON,Canada,2024-07-06,yes,1297.24,4
CUST-02281,Charlotte,Nguyen,charlotte.nguyen2281@example.com,London,ON,Canada,2024-11-25,no,130.63,1
CUST-02282,Amelia,Lee,amelia.lee2282@example.com,Toronto,ON,Canada,2024-10-09,yes,677.1,4
CUST-02283,Henry,Martin,henry.martin2283@example.com,London,ON,Canada,2024-07-29,yes,0.0,0
CUST-02284,Henry,Wilson,henry.wilson2284@example.com,Kitchener,ON,Canada,2024-02-21,yes,0.0,0
CUST-02285,Henry,Scott,henry.scott2285@example.com,Toronto,ON,Canada,2025-03-28,yes,0.0,0
CUST-02286,Jack,Anderson,jack.anderson2286@example.com,Toronto,ON,Canada,2025-08-02,no,0.0,0
CUST-02287,Chloe,Brown,chloe.brown2287@example.com,Ottawa,ON,Canada,2025-12-06,no,1048.64,2
CUST-02288,Noah,Clark,noah.clark2288@example.com,Ottawa,ON,Canada,2025-08-02,no,1691.61,5
CUST-02289,Noah,Lee,noah.lee2289@example.com,Toronto,ON,Canada,2025-02-07,no,463.53,4
CUST-02290,Olivia,Thompson,olivia.thompson2290@example.com,Hamilton,ON,Canada,2025-05-17,no,192.1,3
CUST-02291,Ella,Clark,ella.clark2291@example.com,Kitchener,ON,Canada,2024-11-11,no,1419.73,5
CUST-02292,Owen,Campbell,owen.campbell2292@example.com,Calgary,AB,Canada,2024-05-06,no,379.68,2
CUST-02293,Lucas,Baker,lucas.baker2293@example.com,Hamilton,ON,Canada,2025-11-11,yes,0.0,0
CUST-02294,Henry,Clark,henry.clark2294@example.com,Ottawa,ON,Canada,2024-09-05,yes,0.0,0
CUST-02295,Amelia,Taylor,amelia.taylor2295@example.com,Kitchener,ON,Canada,2025-05-29,no,0.0,0
CUST-02296,Chloe,Young,chloe.young2296@example.com,Hamilton,ON,Canada,2025-02-03,yes,366.12,1
CUST-02297,Chloe,Lee,chloe.lee2297@example.com,London,ON,Canada,2025-05-25,no,854.53,5
CUST-02298,Lucas,Nguyen,lucas.nguyen2298@example.com,Mississauga,ON,Canada,2024-08-11,no,1129.66,8
CUST-02299,Olivia,Hall,olivia.hall2299@example.com,Toronto,ON,Canada,2025-06-28,yes,501.72,1
CUST-02300,Noah,Hall,noah.hall2300@example.com,Ottawa,ON,Canada,2024-08-02,no,0.0,0
CUST-02301,Ella,Lee,ella.lee2301@example.com,Toronto,ON,Canada,2025-03-05,no,99.44,1
CUST-02302,Noah,Scott,noah.scott2302@example.com,Vancouver,BC,Canada,2025-01-21,yes,445.22,2
CUST-02303,Jack,Clark,jack.clark2303@example.com,Toronto,ON,Canada,2025-03-21,yes,1028.3,5
CUST-02304,Theo,Wilson,theo.wilson2304@example.com,Kitchener,ON,Canada,2024-06-17,no,438.44,3
CUST-02305,Theo,Clark,theo.clark2305@example.com,London,ON,Canada,2025-06-07,yes,0.0,0
CUST-02306,Henry,Chen,henry.chen2306@example.com,Toronto,ON,Canada,2024-10-30,yes,144.64,1
CUST-02307,Mia,Brown,mia.brown2307@example.com,Toronto,ON,Canada,2025-09-15,no,270.52,1
CUST-02308,Emma,Brown,emma.brown2308@example.com,Hamilton,ON,Canada,2024-10-08,no,0.0,0
CUST-02309,Ava,Scott,ava.scott2309@example.com,Mississauga,ON,Canada,2024-01-01,no,1280.41,6
CUST-02310,Jack,Clark,jack.clark2310@example.com,Mississauga,ON,Canada,2024-01-22,no,309.62,2
CUST-02311,Chloe,Scott,chloe.scott2311@example.com,Ottawa,ON,Canada,2025-02-17,yes,0.0,0
CUST-02312,Mia,Lee,mia.lee2312@example.com,Kitchener,ON,Canada,2025-03-22,yes,45.2,1
CUST-02313,Chloe,Thompson,chloe.thompson2313@example.com,Toronto,ON,Canada,2025-05-12,yes,0.0,0
CUST-02314,Leo,Singh,leo.singh2314@example.com,Montreal,QC,Canada,2025-03-15,no,576.98,2
CUST-02315,Emma,Green,emma.green2315@example.com,Montreal,QC,Canada,2025-05-31,no,0.0,0
CUST-02316,Charlotte,Brown,charlotte.brown2316@example.com,Montreal,QC,Canada,2024-11-21,yes,203.4,3
CUST-02317,Liam,Anderson,liam.anderson2317@example.com,London,ON,Canada,2025-11-01,no,1341.76,5
CUST-02318,Liam,Martin,liam.martin2318@example.com,Hamilton,ON,Canada,2025-09-11,no,329.96,1
CUST-02319,Finn,Anderson,finn.anderson2319@example.com,Hamilton,ON,Canada,2024-05-05,yes,1063.1,4
CUST-02320,Jack,Martin,jack.martin2320@example.com,London,ON,Canada,2025-01-20,yes,246.34,2
CUST-02321,Owen,Hall,owen.hall2321@example.com,Vancouver,BC,Canada,2025-01-15,yes,0.0,0
CUST-02322,Amelia,Clark,amelia.clark2322@example.com,Toronto,ON,Canada,2025-03-10,yes,542.17,2
CUST-02323,Charlotte,Young,charlotte.young2323@example.com,Ottawa,ON,Canada,2024-10-05,no,203.4,2
CUST-02324,Mia,Nguyen,mia.nguyen2324@example.com,Ottawa,ON,Canada,2025-05-10,yes,1262.44,5
CUST-02325,Ava,Taylor,ava.taylor2325@example.com,Toronto,ON,Canada,2024-03-20,no,332.22,2
CUST-02326,Charlotte,Anderson,charlotte.anderson2326@example.com,Kitchener,ON,Canada,2025-12-07,yes,0.0,0
CUST-02327,Ava,Thompson,ava.thompson2327@example.com,Toronto,ON,Canada,2024-12-19,no,1362.78,4
CUST-02328,Ava,Brown,ava.brown2328@example.com,Toronto,ON,Canada,2024-01-20,yes,436.18,4
CUST-02329,Olivia,Martin,olivia.martin2329@example.com,Toronto,ON,Canada,2024-12-11,yes,911.68,6
CUST-02330,Henry,Young,henry.young2330@example.com,Mississauga,ON,Canada,2024-08-05,yes,766.14,5
CUST-02331,Olivia,Brown,olivia.brown2331@example.com,Toronto,ON,Canada,2025-08-03,no,1463.8,4
CUST-02332,Owen,Scott,owen.scott2332@example.com,Hamilton,ON,Canada,2025-08-15,no,1739.3,5
CUST-02333,Theo,Young,theo.young2333@example.com,Toronto,ON,Canada,2024-04-22,no,580.82,3
CUST-02334,Ethan,Scott,ethan.scott2334@example.com,Vancouver,BC,Canada,2025-06-18,no,88.14,1
CUST-02335,Owen,Baker,owen.baker2335@example.com,Vancouver,BC,Canada,2025-02-01,yes,0.0,0
CUST-02336,Charlotte,Anderson,charlotte.anderson2336@example.com,Toronto,ON,Canada,2024-04-09,yes,1155.09,5
CUST-02337,Ethan,Young,ethan.young2337@example.com,Ottawa,ON,Canada,2024-08-28,no,1245.26,7
CUST-02338,Emma,Hall,emma.hall2338@example.com,Ottawa,ON,Canada,2025-12-12,yes,146.9,1
CUST-02339,Lucas,King,lucas.king2339@example.com,Toronto,ON,Canada,2025-12-29,yes,0.0,0
CUST-02340,Owen,Baker,owen.baker2340@example.com,Vancouver,BC,Canada,2024-12-01,no,293.8,2
CUST-02341,Leo,Chen,leo.chen2341@example.com,Hamilton,ON,Canada,2025-09-22,yes,723.2,4
CUST-02342,Chloe,Wright,chloe.wright2342@example.com,Toronto,ON,Canada,2024-04-17,no,243.06,2
CUST-02343,Leo,Wilson,leo.wilson2343@example.com,Toronto,ON,Canada,2025-01-14,no,727.72,4
CUST-02344,Henry,Singh,henry.singh2344@example.com,Kitchener,ON,Canada,2025-11-16,yes,379.68,1
CUST-02345,Grace,Patel,grace.patel2345@example.com,Calgary,AB,Canada,2024-12-29,yes,490.42,2
CUST-02346,Grace,Singh,grace.singh2346@example.com,Mississauga,ON,Canada,2024-11-08,no,1188.76,3
CUST-02347,Theo,Singh,theo.singh2347@example.com,Mississauga,ON,Canada,2025-01-10,yes,231.8,2
CUST-02348,Henry,Singh,henry.singh2348@example.com,Ottawa,ON,Canada,2024-02-25,no,180.8,1
CUST-02349,Finn,Hall,finn.hall2349@example.com,Toronto,ON,Canada,2025-10-22,yes,0.0,0
CUST-02350,Theo,Chen,theo.chen2350@example.com,Montreal,QC,Canada,2024-08-22,yes,1078.02,3
